{"data": [{"location": "San Francisco, CA", "name": "Madison Kanna", "verified": false, "public_metrics": {"followers_count": 77137, "following_count": 373, "tweet_count": 13982, "listed_count": 550, "like_count": 79573, "media_count": 547}, "created_at": "2019-01-23T06:19:28.000Z", "id": "1087957969915006976", "description": "learning out loud. eng @basetenco. https://t.co/QvyzkO9V29", "username": "Madisonkanna"}, {"location": "S\u00e3o Paulo, Brasil", "name": "Daniel Delattre", "verified": false, "public_metrics": {"followers_count": 7, "following_count": 21, "tweet_count": 26, "listed_count": 0, "like_count": 3, "media_count": 5}, "created_at": "2016-11-29T21:10:14.000Z", "id": "803707666241646592", "description": "https://t.co/6WbCtel7ME\nhttps://t.co/UZxP0ghBgH\nhttps://t.co/mR9ntkPdta", "username": "danedelattre"}, {"location": "Palo Alto", "name": "Molly Cantillon", "verified": false, "public_metrics": {"followers_count": 9106, "following_count": 489, "tweet_count": 1188, "listed_count": 79, "like_count": 2208, "media_count": 68}, "created_at": "2014-01-12T23:19:04.000Z", "id": "2277883071", "description": "@heynox prev @stanford", "username": "mollycantillon", "pinned_tweet_id": "1981423219648450865"}, {"location": "San Francisco, CA", "name": "sam lessin \ud83c\udff4\u200d\u2620\ufe0f", "verified": false, "public_metrics": {"followers_count": 117698, "following_count": 547, "tweet_count": 13612, "listed_count": 1416, "like_count": 12576, "media_count": 2486}, "created_at": "2007-03-30T13:22:33.000Z", "id": "2970511", "description": "Intern @theinformation. GP @slow. Fmr VP Product FB. co-founder dropio & fin. Seed investor solana, venmo, openphone, teamshares, sublime. https://t.co/N6JqjBvF1o", "username": "lessin", "pinned_tweet_id": "1914450043425427506"}, {"name": "Kevin Kong", "verified": false, "public_metrics": {"followers_count": 283, "following_count": 701, "tweet_count": 1236, "listed_count": 3, "like_count": 232, "media_count": 63}, "created_at": "2010-03-09T08:52:41.000Z", "id": "121372595", "description": "AI x Nuclear @everstarai Prev CTO @hyperquery, Head of Eng at @birdride", "username": "kevinkong91"}, {"location": "San Francisco, CA", "name": "Sawyer Hood", "verified": false, "public_metrics": {"followers_count": 10331, "following_count": 1494, "tweet_count": 2461, "listed_count": 151, "like_count": 8599, "media_count": 435}, "created_at": "2009-08-19T22:38:09.000Z", "id": "67145675", "description": "Software Engineer that is building weird shit in public, latest projects: https://t.co/BM3vMEmAaQ and https://t.co/rQyv2zpSkj. Prev: @figma, @facebook.", "username": "sawyerhood", "pinned_tweet_id": "1961435587766095883"}, {"location": "San Francisco, CA", "name": "Rajiv Ayyangar", "verified": false, "public_metrics": {"followers_count": 15302, "following_count": 1631, "tweet_count": 4115, "listed_count": 170, "like_count": 10860, "media_count": 356}, "created_at": "2008-03-26T19:09:04.000Z", "id": "14228661", "description": "CEO @ProductHunt (@ me if you have questions about launching) \ncofounded @Tandem (virtual office)  \ud83c\uddf5\ud83c\udded\ud83c\uddee\ud83c\uddf3 https://t.co/K1XlPUwAx5", "username": "rajivayyangar", "pinned_tweet_id": "1704178767701364750"}, {"location": "Oxford, England", "name": "Our World in Data", "verified": false, "public_metrics": {"followers_count": 301096, "following_count": 22, "tweet_count": 2413, "listed_count": 3903, "like_count": 424, "media_count": 1165}, "created_at": "2015-04-15T12:51:37.000Z", "id": "3169963433", "description": "Research and data to make progress against the world\u2019s largest problems. Based out of @UniOfOxford, founded by @MaxCRoser.", "username": "OurWorldInData", "pinned_tweet_id": "1866467386099966302"}, {"location": "Berkeley, CA", "name": "Eli Dourado", "verified": false, "public_metrics": {"followers_count": 43473, "following_count": 493, "tweet_count": 46183, "listed_count": 943, "like_count": 20873, "media_count": 2238}, "created_at": "2007-03-09T22:40:22.000Z", "id": "851361", "description": "Philanthrocapitalism at @AsteraInstitute. \ud83d\ude80 tfp/acc", "username": "elidourado", "pinned_tweet_id": "1908229748506992954"}, {"location": "London", "name": "Krishna", "verified": false, "public_metrics": {"followers_count": 3761, "following_count": 972, "tweet_count": 14444, "listed_count": 114, "like_count": 12222, "media_count": 876}, "created_at": "2009-03-28T11:21:00.000Z", "id": "27213047", "description": "Building agents for the real world @call_aide. Self-taught programmer, customer obsessed. Ex-@deliveroo. https://t.co/Kn20u0tq8M", "username": "ntkris", "pinned_tweet_id": "1904940899584385380"}, {"location": "Palo Alto, CA", "name": "Oliver Cameron", "verified": false, "public_metrics": {"followers_count": 47455, "following_count": 500, "tweet_count": 8086, "listed_count": 970, "like_count": 25970, "media_count": 985}, "created_at": "2008-02-18T18:08:32.000Z", "id": "13634322", "description": "CEO at @odysseyml, building general-purpose world models. Used to make cars drive themselves. @ycombinator alum.", "username": "olivercameron", "pinned_tweet_id": "1996306921415172363"}, {"name": "Tim Urban", "verified": false, "public_metrics": {"followers_count": 888126, "following_count": 900, "tweet_count": 8038, "listed_count": 7018, "like_count": 5221, "media_count": 1943}, "created_at": "2013-03-20T02:43:48.000Z", "id": "1282121312", "description": "Writer, infant", "username": "waitbutwhy", "pinned_tweet_id": "1981705206921568660"}, {"name": "Benedict Evans", "verified": false, "public_metrics": {"followers_count": 355281, "following_count": 962, "tweet_count": 185487, "listed_count": 8033, "like_count": 14380, "media_count": 11608}, "created_at": "2007-03-15T17:33:00.000Z", "id": "1236101", "description": "No longer active here. \nSee Threads, LinkedIn, web and newsletter.", "username": "benedictevans", "pinned_tweet_id": "1708091035379757380"}, {"location": "San Francisco, CA", "name": "Drew Hamlin", "verified": false, "public_metrics": {"followers_count": 2189, "following_count": 1868, "tweet_count": 592, "listed_count": 76, "like_count": 2257, "media_count": 42}, "created_at": "2007-01-15T21:16:07.000Z", "id": "638803", "description": "Product Design Director for Generative AI @Meta \u2022 Previously @Instagram @SlackHQ @Quip @Pinchworms @Facebook \u2022 Co-creator @FacebookOrigami \u2022 he/him", "username": "drewhamlin", "pinned_tweet_id": "1505995363559170051"}, {"location": "amazingmapscontact@gmail.com", "name": "Amazing Maps", "verified": false, "public_metrics": {"followers_count": 593492, "following_count": 13668, "tweet_count": 9881, "listed_count": 2272, "like_count": 936, "media_count": 2574}, "created_at": "2011-03-28T13:15:38.000Z", "id": "273418969", "description": "Amazing maps brought to your attention. Turn our tweet notifications ON to never miss a tweet! Business/Map Ideas", "username": "amazingmap", "pinned_tweet_id": "1995999149897253199"}, {"location": "Made on Earth by Humans", "name": "Yishan", "verified": false, "public_metrics": {"followers_count": 102138, "following_count": 447, "tweet_count": 23518, "listed_count": 1158, "like_count": 8831, "media_count": 755}, "created_at": "2008-04-27T01:12:38.000Z", "id": "14553823", "description": "I run Terraformation, and I was once the CEO of Reddit. Both are very interesting challenges.\n\nViews are mine alone, but also yours if I do my job right.", "username": "yishan", "pinned_tweet_id": "1987312940442394887"}, {"location": "Palo Alto, CA", "name": "Sonya Huang \ud83d\udc25", "verified": false, "public_metrics": {"followers_count": 17949, "following_count": 1264, "tweet_count": 792, "listed_count": 291, "like_count": 7682, "media_count": 122}, "created_at": "2017-08-07T21:10:49.000Z", "id": "894667168452825088", "description": "Partner @Sequoia", "username": "sonyatweetybird", "pinned_tweet_id": "1571879831033491458"}, {"location": "Earth", "name": "Fiona \ud83c\udf55", "verified": false, "public_metrics": {"followers_count": 8744, "following_count": 999, "tweet_count": 2363, "listed_count": 174, "like_count": 4966, "media_count": 418}, "created_at": "2012-10-25T12:46:22.000Z", "id": "903833946", "description": "Design nerdery @Dropbox building https://t.co/89i7p26Fbt. Drinks way too much tea. Half \ud83c\uddf8\ud83c\uddea\ud83c\udde8\ud83c\uddf7. Prev @Spotify, @Bontouch, etc.", "username": "fionaosaurusrex"}, {"location": "Iowa, United States", "name": "Everyday Astronaut", "verified": false, "public_metrics": {"followers_count": 2007044, "following_count": 621, "tweet_count": 25680, "listed_count": 5874, "like_count": 28673, "media_count": 3631}, "created_at": "2015-04-14T21:15:35.000Z", "id": "3167257102", "description": "Professional rocket orientation specialist, explainer of flamey stuff and rocket chaser. Bringing space down to Earth for everyday people \ud83d\ude80", "username": "Erdayastronaut", "pinned_tweet_id": "1796764250897260716"}, {"location": "Get my best tutorials \u2192", "name": "Peter Yang", "verified": false, "public_metrics": {"followers_count": 154421, "following_count": 1995, "tweet_count": 24310, "listed_count": 2265, "like_count": 25798, "media_count": 3825}, "created_at": "2009-10-23T02:50:52.000Z", "id": "84490044", "description": "I share extremely practical AI tutorials and interviews | Join 140K+ readers at https://t.co/XYKTmGVH14 | Product at Roblox", "username": "petergyang", "pinned_tweet_id": "1996240550723477590"}, {"name": "andrew chen", "verified": false, "public_metrics": {"followers_count": 322920, "following_count": 13900, "tweet_count": 30246, "listed_count": 8253, "like_count": 62395, "media_count": 4102}, "created_at": "2007-04-03T04:09:30.000Z", "id": "3283901", "description": "\ud83c\uddfa\ud83c\uddf8 a16z speedrun", "username": "andrewchen"}, {"location": "Wisconsin, USA", "name": "Ben Thompson", "verified": false, "public_metrics": {"followers_count": 258557, "following_count": 1593, "tweet_count": 72602, "listed_count": 6343, "like_count": 18333, "media_count": 1754}, "created_at": "2006-12-04T12:27:48.000Z", "id": "40273", "description": "Author/Founder of @stratechery. Host of @ditheringfm @sharptechpod. @notechben for sports. @monkbent on other networks. Home on the Internet.", "username": "benthompson", "pinned_tweet_id": "1572283359027658757"}, {"location": "San Francisco", "name": "Andrew Reed", "verified": false, "public_metrics": {"followers_count": 60378, "following_count": 429, "tweet_count": 4426, "listed_count": 697, "like_count": 17314, "media_count": 1293}, "created_at": "2015-04-15T14:05:08.000Z", "id": "3170157773", "description": "Partner @sequoia. \u2018Lightly child, lightly. Learn to do everything lightly.\u2019", "username": "andrew__reed"}, {"location": "Flyover Country", "name": "Brent Beshore", "verified": false, "public_metrics": {"followers_count": 126529, "following_count": 1115, "tweet_count": 25063, "listed_count": 2481, "like_count": 83609, "media_count": 4515}, "created_at": "2009-06-07T12:57:39.000Z", "id": "45334322", "description": "@PermanentEquity // @CapitalCamp // @MainStSummit // Author of \"The Messy Marketplace\" // Former atheist who now follows Jesus", "username": "BrentBeshore", "pinned_tweet_id": "1876259818509652275"}, {"name": "Kevin Kwok", "verified": false, "public_metrics": {"followers_count": 32820, "following_count": 4387, "tweet_count": 29518, "listed_count": 718, "like_count": 36425, "media_count": 2081}, "created_at": "2010-07-23T04:53:20.000Z", "id": "169791252", "description": "", "username": "kevinakwok", "pinned_tweet_id": "998382426270318593"}, {"location": "San Francisco, CA", "name": "Eugene Wei", "verified": false, "public_metrics": {"followers_count": 60768, "following_count": 2105, "tweet_count": 11226, "listed_count": 1434, "like_count": 50563, "media_count": 1261}, "created_at": "2007-03-19T20:00:36.000Z", "id": "1547221", "description": "Former product guy at Amazon, Hulu, Flipboard, Oculus. Blog at https://t.co/31xFn7UvDb", "username": "eugenewei", "pinned_tweet_id": "998714814749802496"}, {"location": "SF", "name": "Aashay Sanghvi", "verified": false, "public_metrics": {"followers_count": 16077, "following_count": 2967, "tweet_count": 10235, "listed_count": 294, "like_count": 36358, "media_count": 643}, "created_at": "2009-03-19T23:15:47.000Z", "id": "25406814", "description": "Partner @haystackvc", "username": "aashaysanghvi_"}, {"name": "Post M.", "verified": false, "public_metrics": {"followers_count": 95123, "following_count": 3035, "tweet_count": 21801, "listed_count": 1706, "like_count": 30732, "media_count": 1568}, "created_at": "2016-02-25T03:08:19.000Z", "id": "702691564011843584", "description": "", "username": "Post_Market", "pinned_tweet_id": "1344000209127260160"}, {"location": "Chicago, IL", "name": "Patrick McKenzie", "verified": false, "public_metrics": {"followers_count": 186497, "following_count": 807, "tweet_count": 67491, "listed_count": 3325, "like_count": 34883, "media_count": 1385}, "created_at": "2009-02-14T12:26:59.000Z", "id": "20844341", "description": "I work for the Internet and am an advisor to @stripe. These are my personal opinions unless otherwise noted.", "username": "patio11"}, {"location": "New York, NY", "name": "Patrick OShaughnessy", "verified": false, "public_metrics": {"followers_count": 298236, "following_count": 2386, "tweet_count": 22842, "listed_count": 5409, "like_count": 39134, "media_count": 2745}, "created_at": "2013-06-18T19:06:20.000Z", "id": "1528558014", "description": "building @psumvc @joincolossus hosting @investlikebest", "username": "patrick_oshag", "pinned_tweet_id": "1960311266762703054"}, {"location": "Toronto, Ontario", "name": "Alex Danco", "verified": false, "public_metrics": {"followers_count": 36889, "following_count": 969, "tweet_count": 17304, "listed_count": 795, "like_count": 42776, "media_count": 2203}, "created_at": "2012-11-28T02:47:48.000Z", "id": "975210510", "description": "Editor at Large, @a16z. Back catalog at https://t.co/fZQ118K4Xv", "username": "Alex_Danco", "pinned_tweet_id": "654067234470539264"}, {"location": "Austin, TX", "name": "Byrne Hobart", "verified": false, "public_metrics": {"followers_count": 56313, "following_count": 1661, "tweet_count": 32179, "listed_count": 964, "like_count": 86394, "media_count": 2323}, "created_at": "2007-03-28T21:04:12.000Z", "id": "2723411", "description": "The John Henry of excessive use of the em-dash. Tweets are map, not territory. Co-author: Boom (Stripe Press): https://t.co/u8do6HYFRF", "username": "ByrneHobart", "pinned_tweet_id": "1952382877540241474"}, {"name": "Colin Kaepernick", "verified": false, "public_metrics": {"followers_count": 1995879, "following_count": 657, "tweet_count": 13278, "listed_count": 5061, "like_count": 397, "media_count": 536}, "created_at": "2009-06-06T01:50:41.000Z", "id": "45055696", "description": "", "username": "Kaepernick7", "pinned_tweet_id": "1683525738715070479"}, {"location": "Florida/New York City", "name": "John Legere", "verified": false, "public_metrics": {"followers_count": 5205788, "following_count": 358, "tweet_count": 62524, "listed_count": 4149, "like_count": 140134, "media_count": 13000}, "created_at": "2013-05-01T11:13:13.000Z", "id": "1394399438", "description": "Lover of all things slow cookers, golf, NFTs, Batman, and magenta! Ex-CEO @TMobile", "username": "JohnLegere"}, {"location": "USA", "name": "Justin Kan", "verified": false, "public_metrics": {"followers_count": 278373, "following_count": 2265, "tweet_count": 14311, "listed_count": 3510, "like_count": 18294, "media_count": 1161}, "created_at": "2009-04-05T01:55:05.000Z", "id": "28917111", "description": "From the bottom to the top & back again. Co-founded @twitch, now working on making videos, https://t.co/J6efUJZmLI https://t.co/TLYT8YIKok @rye", "username": "justinkan", "pinned_tweet_id": "1748223263413514706"}, {"location": "Waco, TX", "name": "Chip Gaines", "verified": false, "public_metrics": {"followers_count": 919418, "following_count": 227, "tweet_count": 15925, "listed_count": 877, "like_count": 46366, "media_count": 718}, "created_at": "2013-07-10T21:33:45.000Z", "id": "1584051084", "description": "@Magnolia, @MagnoliaNetwork, @MagnoliaJournal. In love w/ @joannagaines, dad to #5.", "username": "chipgaines"}, {"location": "Washington, DC", "name": "Barack Obama", "verified": false, "public_metrics": {"followers_count": 118725516, "following_count": 508075, "tweet_count": 17376, "listed_count": 202585, "like_count": 34, "media_count": 2779}, "created_at": "2007-03-05T22:08:25.000Z", "id": "813286", "description": "Dad, husband, President, citizen.", "username": "BarackObama"}, {"location": "Los Angeles, USA", "name": "Latif Nasser", "verified": false, "public_metrics": {"followers_count": 68122, "following_count": 5113, "tweet_count": 7511, "listed_count": 385, "like_count": 51413, "media_count": 586}, "created_at": "2014-08-27T17:29:31.000Z", "id": "2773943588", "description": "nerdy writer type. mostly harmless. co-host, wnyc's @radiolab. host, #theotherlatif and #connectednetflix", "username": "latifnasser", "pinned_tweet_id": "1982360261836337167"}, {"location": "Bronx + Queens, NYC", "name": "Alexandria Ocasio-Cortez", "verified": true, "public_metrics": {"followers_count": 12712122, "following_count": 4325, "tweet_count": 15967, "listed_count": 26303, "like_count": 40298, "media_count": 1022}, "created_at": "2010-04-28T22:38:40.000Z", "id": "138203134", "description": "US Congresswoman, NY-14. In a modern, moral, and wealthy society, no American should be too poor to live. People-Funded, takes no lobbyist\ud83d\udcb0. Personal account.", "username": "AOC", "pinned_tweet_id": "1799095276382085488"}, {"location": "Arizona", "name": "Cindy McCain", "verified": false, "public_metrics": {"followers_count": 230154, "following_count": 1333, "tweet_count": 6100, "listed_count": 700, "like_count": 698, "media_count": 523}, "created_at": "2009-07-29T18:38:51.000Z", "id": "61263431", "description": "Widow of Senator John McCain, Blue Star Mother, Author, Ambassador, now ExDir World Food Program. Follow me on @wfpchief", "username": "cindymccain"}, {"location": "Seattle, WA", "name": "Howard Schultz", "verified": false, "public_metrics": {"followers_count": 78483, "following_count": 171, "tweet_count": 181, "listed_count": 482, "like_count": 83, "media_count": 57}, "created_at": "2012-09-06T19:18:55.000Z", "id": "807442387", "description": "Transformative leader; Starbucks ceo and board member; co-founder of the Schultz Family Foundation and the emes project.", "username": "HowardSchultz"}, {"location": "Silicon Valley, CA", "name": "Dave McClure", "verified": false, "public_metrics": {"followers_count": 328404, "following_count": 21208, "tweet_count": 101210, "listed_count": 9879, "like_count": 112204, "media_count": 5080}, "created_at": "2006-07-16T00:37:30.000Z", "id": "1081", "description": "founder: https://t.co/A4xpEYhG0F https://t.co/MzzgOOPPi6 https://t.co/WwbH5XZfSY | @TradingVCs a very bad VC secondary podcast | alum: JHU PayPal FoundersFund | fanboi: DrSeuss Muppets SesameSt", "username": "davemcclure", "pinned_tweet_id": "1993700954114490687"}, {"location": "USA", "name": "U.S. DOGE Service", "verified": false, "public_metrics": {"followers_count": 58507, "following_count": 881, "tweet_count": 2478, "listed_count": 1031, "like_count": 2021, "media_count": 650}, "created_at": "2015-01-14T19:44:16.000Z", "id": "2983206962", "description": "United States DOGE Service operated under the name of United States Digital Service prior to January 20, 2025.", "username": "USDS", "pinned_tweet_id": "1822611422620319972"}, {"location": "Americas", "name": "Stewart Butterfield", "verified": false, "public_metrics": {"followers_count": 134656, "following_count": 2895, "tweet_count": 12415, "listed_count": 2581, "like_count": 30327, "media_count": 469}, "created_at": "2006-09-09T20:51:49.000Z", "id": "5699", "description": "Slack boss \u2022 Flickr co-founder \u2022 Thought loser \u2022 \u00af\\_(\u30c4)_/\u00af \u2022 I'm trying my hardest!", "username": "stewart", "pinned_tweet_id": "1243000487365861376"}, {"location": "The Future", "name": "Matt Mullenweg", "verified": false, "public_metrics": {"followers_count": 143279, "following_count": 3745, "tweet_count": 21968, "listed_count": 5624, "like_count": 16514, "media_count": 431}, "created_at": "2006-11-21T10:08:08.000Z", "id": "13479", "description": "I can think. I can wait. I can fast.", "username": "photomatt", "pinned_tweet_id": "1973905546496651773"}, {"name": "Harj Taggar", "verified": false, "public_metrics": {"followers_count": 36379, "following_count": 0, "tweet_count": 8639, "listed_count": 1320, "like_count": 12158, "media_count": 119}, "created_at": "2006-10-27T01:36:38.000Z", "id": "10711", "description": "", "username": "harjtaggar"}, {"name": "Jessica Livingston", "verified": false, "public_metrics": {"followers_count": 116954, "following_count": 109, "tweet_count": 1898, "listed_count": 1602, "like_count": 10259, "media_count": 145}, "created_at": "2010-02-24T05:31:15.000Z", "id": "116988614", "description": "Cofounder, Y Combinator; Author, Founders at Work; Host, The Social Radars podcast.", "username": "jesslivingston", "pinned_tweet_id": "1636062897422970881"}, {"name": "Matt Forbes", "verified": false, "public_metrics": {"followers_count": 344, "following_count": 930, "tweet_count": 384, "listed_count": 4, "like_count": 25304, "media_count": 7}, "created_at": "2012-07-04T21:57:44.000Z", "id": "626819780", "description": "those models won\u2019t train themselves", "username": "mattrforbes"}, {"location": "Bay Area", "name": "Jon Sakoda", "verified": false, "public_metrics": {"followers_count": 13903, "following_count": 2885, "tweet_count": 3996, "listed_count": 360, "like_count": 8001, "media_count": 237}, "created_at": "2009-04-11T20:27:08.000Z", "id": "30516966", "description": "Entrepreneur and Venture Capitalist. Founding Partner of Decibel. We are Founders Investing in Founders", "username": "jonsakoda", "pinned_tweet_id": "1300625162551713792"}, {"location": "Washington, DC", "name": "Auren Hoffman", "verified": false, "public_metrics": {"followers_count": 68849, "following_count": 685, "tweet_count": 19564, "listed_count": 1325, "like_count": 42769, "media_count": 1442}, "created_at": "2006-11-20T18:26:33.000Z", "id": "13294", "description": "CEO, NQB8. GP, @FlexCapital. fmr CEO, @LiveRamp. loves: crazy ideas, weirdos, and email. host: @worldofdaas podcast. reading: @AurenReads", "username": "auren", "pinned_tweet_id": "1975231243462545641"}, {"location": "Silicon Valley", "name": "steve blank", "verified": false, "public_metrics": {"followers_count": 219144, "following_count": 448, "tweet_count": 2408, "listed_count": 5574, "like_count": 474, "media_count": 296}, "created_at": "2009-03-04T08:00:03.000Z", "id": "22747624", "description": "Customer Development & Secret History, Teaching at Stanford", "username": "sgblank", "pinned_tweet_id": "1076603079766593536"}, {"name": "Tikhon Bernstam", "verified": false, "public_metrics": {"followers_count": 13055, "following_count": 6067, "tweet_count": 2910, "listed_count": 408, "like_count": 129293, "media_count": 146}, "created_at": "2007-03-12T04:09:55.000Z", "id": "982341", "description": "GP at Uncommon Capital. Founder @Scribd (YC S'06, 400+ employees). Founder Parse (YC S'11, acquired by Facebook in 2013). @ycombinator alum 2x. Angel investor.", "username": "tikhon"}, {"location": "Boulder, CO", "name": "Brad Feld", "verified": false, "public_metrics": {"followers_count": 317304, "following_count": 1, "tweet_count": 39039, "listed_count": 7466, "like_count": 290, "media_count": 2065}, "created_at": "2007-04-08T02:55:22.000Z", "id": "3754891", "description": "I'm a VC at Foundry. I live in Colorado, invest in software and Internet companies around the US, run marathons, and love to read.", "username": "bfeld"}, {"location": "San Francisco", "name": "The Information", "verified": true, "public_metrics": {"followers_count": 129227, "following_count": 704, "tweet_count": 35073, "listed_count": 2894, "like_count": 9497, "media_count": 5259}, "created_at": "2013-09-18T23:01:47.000Z", "id": "1881168794", "description": "The most authoritative publication covering tech that high-powered tech execs and founders read daily.\n\nTITV M-F at 1 ET: https://t.co/M0NywExPjR", "username": "theinformation", "pinned_tweet_id": "1997058677149147621"}, {"location": "San Francisco", "name": "Jessica Lessin", "verified": false, "public_metrics": {"followers_count": 101722, "following_count": 1603, "tweet_count": 14319, "listed_count": 3041, "like_count": 5761, "media_count": 676}, "created_at": "2007-09-19T00:56:19.000Z", "id": "8962882", "description": "Working for a better journalism future. Founder, @theinformation. Founder, @lessinmedia. Co-host @moreorlesspod", "username": "Jessicalessin"}, {"location": "San Francisco, CA", "name": "Tomasz Tunguz", "verified": false, "public_metrics": {"followers_count": 118286, "following_count": 308, "tweet_count": 12513, "listed_count": 2688, "like_count": 3048, "media_count": 762}, "created_at": "2007-11-08T15:43:16.000Z", "id": "10069172", "description": "Venture capitalist at @theoryvc  \nStudent of Startups\nBacker of 9 unicorns\nAuthor of https://t.co/IWw3R3RVLm \nSubscribe https://t.co/iDgoLXaF98", "username": "ttunguz", "pinned_tweet_id": "1136625254187569153"}, {"name": "Andy Kristian Agaba", "verified": false, "public_metrics": {"followers_count": 9240, "following_count": 658, "tweet_count": 17938, "listed_count": 138, "like_count": 11604, "media_count": 1452}, "created_at": "2009-04-19T02:44:14.000Z", "id": "33103713", "description": "Building a med system from scratch| @Harvard Alum| Ex @MIT Entrepr Adv| @KarisMedical | Hiinga Capital| Board: Halcyon Grp, @Sebbi_Hospital| Golfer | Gal 2:20", "username": "andykristian", "pinned_tweet_id": "1959960633819980029"}, {"location": "SF", "name": "Ben Hamner", "verified": false, "public_metrics": {"followers_count": 31879, "following_count": 3682, "tweet_count": 4591, "listed_count": 795, "like_count": 19119, "media_count": 735}, "created_at": "2009-03-03T20:36:34.000Z", "id": "22674817", "description": "Sumble co-founder and CTO. Learning high-quality, structured data about the world. Formerly @kaggle", "username": "benhamner", "pinned_tweet_id": "1486715140162547724"}, {"location": "In the Arena", "name": "Chamath Palihapitiya", "verified": false, "public_metrics": {"followers_count": 1913175, "following_count": 1064, "tweet_count": 12091, "listed_count": 16861, "like_count": 16484, "media_count": 742}, "created_at": "2007-04-03T06:02:29.000Z", "id": "3291691", "description": "God is in the details.", "username": "chamath", "pinned_tweet_id": "1945396654317736375"}, {"location": "SF", "name": "Sam Altman", "verified": false, "public_metrics": {"followers_count": 4139529, "following_count": 976, "tweet_count": 7292, "listed_count": 25517, "like_count": 1019, "media_count": 375}, "created_at": "2006-07-16T22:01:55.000Z", "id": "1605", "description": "AI is cool i guess", "username": "sama"}, {"location": "DC Metro", "name": "Michael Shafrir", "verified": false, "public_metrics": {"followers_count": 2123, "following_count": 1032, "tweet_count": 13439, "listed_count": 54, "like_count": 27861, "media_count": 1763}, "created_at": "2007-04-14T15:43:18.000Z", "id": "4612141", "description": "Terminal at @Stripe. Rad dad. \ud83d\ude4f", "username": "mcs"}, {"location": "Brooklyn, NY", "name": "Jad Abumrad", "verified": false, "public_metrics": {"followers_count": 231008, "following_count": 0, "tweet_count": 5837, "listed_count": 2033, "like_count": 2072, "media_count": 245}, "created_at": "2010-04-20T23:51:29.000Z", "id": "135316691", "description": "podcasts, music", "username": "JadAbumrad"}, {"location": "multiple universes", "name": "Radiolab", "verified": false, "public_metrics": {"followers_count": 236244, "following_count": 1046, "tweet_count": 8209, "listed_count": 4337, "like_count": 14493, "media_count": 1248}, "created_at": "2009-04-03T15:18:57.000Z", "id": "28583197", "description": "Where deep-dive journalism, storytelling and sound design meet. \nHosted by @lmillernpr and @latifnasser.\n\nFind us on Mastodon: @radiolab@journa.host", "username": "Radiolab"}, {"name": "Paul Graham", "verified": false, "public_metrics": {"followers_count": 2060203, "following_count": 780, "tweet_count": 50823, "listed_count": 19384, "like_count": 146572, "media_count": 1760}, "created_at": "2010-08-27T20:13:59.000Z", "id": "183749519", "description": "", "username": "paulg"}, {"location": "New York, NY", "name": "This American Life", "verified": false, "public_metrics": {"followers_count": 374748, "following_count": 778, "tweet_count": 8926, "listed_count": 4567, "like_count": 3023, "media_count": 1257}, "created_at": "2010-05-28T16:33:50.000Z", "id": "149180925", "description": "A weekly public radio show and podcast hosted by @iraglass, and produced in collaboration with @WBEZ.", "username": "ThisAmerLife"}, {"name": "Ira Glass", "verified": false, "public_metrics": {"followers_count": 224062, "following_count": 887, "tweet_count": 1106, "listed_count": 2388, "like_count": 957, "media_count": 155}, "created_at": "2008-04-29T19:36:37.000Z", "id": "14589511", "description": "Not into cats.", "username": "iraglass"}, {"name": "Serial Productions", "verified": false, "public_metrics": {"followers_count": 265972, "following_count": 129, "tweet_count": 1330, "listed_count": 1763, "like_count": 3023, "media_count": 180}, "created_at": "2014-01-30T15:40:12.000Z", "id": "2319108198", "description": "We make narrative podcasts whose quality and innovation transformed the medium. LATEST: The Preventionist", "username": "serial"}, {"name": "Gimlet", "verified": true, "public_metrics": {"followers_count": 75026, "following_count": 220, "tweet_count": 4951, "listed_count": 977, "like_count": 13483, "media_count": 377}, "created_at": "2014-10-14T02:30:04.000Z", "id": "2855047214", "description": "#case63 @heavyweight #thejournal #notpastit #quietpartloud #resistancepodcast @sciencevs #stolenpodcast #stuckwithdamonyoung #thetwoprinces #wecametowin + more", "username": "Gimletmedia", "pinned_tweet_id": "1655655281186205696"}, {"name": "Elon Musk", "verified": false, "public_metrics": {"followers_count": 229426809, "following_count": 1240, "tweet_count": 90684, "listed_count": 165497, "like_count": 187917, "media_count": 4256}, "created_at": "2009-06-02T20:12:29.000Z", "id": "44196397", "description": "", "username": "elonmusk", "pinned_tweet_id": "1997453175230738562"}, {"location": "San Francisco, CA", "name": "Atlas Cselle", "verified": false, "public_metrics": {"followers_count": 69, "following_count": 24, "tweet_count": 139, "listed_count": 0, "like_count": 24, "media_count": 124}, "created_at": "2014-12-09T06:46:25.000Z", "id": "2923498056", "description": "I am a world wide baby so my name is Atlas. Atlas Luke Kochi Cselle. Pleased to meet you. Please address inquiries to my social media manager @gabor.", "username": "AtlasCselle"}, {"location": "Seattle, WA", "name": "Bill Gates", "verified": false, "public_metrics": {"followers_count": 62462037, "following_count": 572, "tweet_count": 4515, "listed_count": 116365, "like_count": 549, "media_count": 1530}, "created_at": "2009-06-24T18:44:10.000Z", "id": "50393960", "description": "Sharing things I'm learning through my foundation work and other interests.", "username": "BillGates"}, {"location": "Cupertino", "name": "Tim Cook", "verified": false, "public_metrics": {"followers_count": 14428055, "following_count": 70, "tweet_count": 1872, "listed_count": 24446, "like_count": 2006, "media_count": 829}, "created_at": "2013-07-31T22:41:25.000Z", "id": "1636590253", "description": "Apple CEO \uf8ff Auburn \ud83c\udfc0 \ud83c\udfc8 Duke \ud83c\udfc0 National Parks \ud83c\udfde\ufe0f \u201cLife's most persistent and urgent question is, 'What are you doing for others?'\u201d - MLK. he/him", "username": "tim_cook"}, {"location": "New York", "name": "Seth Godin", "verified": false, "public_metrics": {"followers_count": 725679, "following_count": 2, "tweet_count": 5607, "listed_count": 21676, "like_count": 4, "media_count": 27}, "created_at": "2008-12-03T01:55:18.000Z", "id": "17825445", "description": "Author, blogger, a lifetime of projects. This is a retweet of my blog.", "username": "ThisIsSethsBlog"}, {"name": "John Doerr", "verified": false, "public_metrics": {"followers_count": 277280, "following_count": 411, "tweet_count": 974, "listed_count": 3668, "like_count": 162, "media_count": 80}, "created_at": "2009-02-28T13:42:14.000Z", "id": "22255654", "description": "Passionate about moving leaders to act\u2014with speed and scale. Chair @KleinerPerkins", "username": "johndoerr", "pinned_tweet_id": "1521880090174394368"}, {"location": "New York City", "name": "Fred Wilson", "verified": false, "public_metrics": {"followers_count": 642186, "following_count": 1350, "tweet_count": 19912, "listed_count": 13424, "like_count": 50278, "media_count": 617}, "created_at": "2007-03-12T10:47:57.000Z", "id": "1000591", "description": "I am a VC", "username": "fredwilson"}, {"name": "Naval", "verified": false, "public_metrics": {"followers_count": 2952542, "following_count": 0, "tweet_count": 26865, "listed_count": 28617, "like_count": 273672, "media_count": 314}, "created_at": "2007-02-01T23:05:04.000Z", "id": "745273", "description": "Incompressible", "username": "naval", "pinned_tweet_id": "1002103360646823936"}, {"location": "San Francisco", "name": "dick costolo", "verified": false, "public_metrics": {"followers_count": 1315443, "following_count": 745, "tweet_count": 6683, "listed_count": 7347, "like_count": 11563, "media_count": 152}, "created_at": "2007-05-28T13:26:41.000Z", "id": "6385432", "description": "", "username": "dickc", "pinned_tweet_id": "1245177274623614976"}, {"name": "Kevin Rose", "verified": false, "public_metrics": {"followers_count": 1493124, "following_count": 442, "tweet_count": 14851, "listed_count": 24897, "like_count": 9098, "media_count": 848}, "created_at": "2007-01-18T00:43:32.000Z", "id": "657863", "description": "Partner @trueventures | Chairman @digg | Podcasts: Diggnation, Kevin Rose Show, Random Show w/ @tferriss, Less Than One, Ex: @google, @ouraring, @hodinkee", "username": "kevinrose"}, {"location": "California / Montana", "name": "Dave Morin", "verified": false, "public_metrics": {"followers_count": 356687, "following_count": 2803, "tweet_count": 13734, "listed_count": 4734, "like_count": 17606, "media_count": 336}, "created_at": "2006-07-31T06:11:19.000Z", "id": "3475", "description": "Founder @OfflineVentures @Slow @Path \u2022 Early @Apple @Facebook \u2022 Chairman @Esalen \u2022 Podcast @MoreOrLessPod \u2022 Skier \u2022 Dad of 3", "username": "davemorin"}, {"location": "Menlo Park, CA", "name": "Marc Andreessen \ud83c\uddfa\ud83c\uddf8", "verified": false, "public_metrics": {"followers_count": 1904656, "following_count": 28133, "tweet_count": 12196, "listed_count": 20779, "like_count": 269888, "media_count": 2479}, "created_at": "2007-05-10T23:39:54.000Z", "id": "5943622", "description": "Build.", "username": "pmarca", "pinned_tweet_id": "1902724994607570975"}, {"location": "San Francisco, CA", "name": "Stammy", "verified": false, "public_metrics": {"followers_count": 58205, "following_count": 737, "tweet_count": 47600, "listed_count": 2262, "like_count": 72421, "media_count": 8177}, "created_at": "2007-01-11T08:14:35.000Z", "id": "624683", "description": "head of design @sesame", "username": "Stammy", "pinned_tweet_id": "1942246133834846312"}, {"location": "Silicon Valley, CA", "name": "Josh Elman", "verified": false, "public_metrics": {"followers_count": 155273, "following_count": 3085, "tweet_count": 21339, "listed_count": 3433, "like_count": 107917, "media_count": 737}, "created_at": "2007-03-23T05:05:23.000Z", "id": "1979921", "description": "I have been very lucky to work on or invest in many products I use every day including this one when it had a different name.", "username": "joshelman", "pinned_tweet_id": "1972672076990300376"}, {"location": "California", "name": "George Zachary", "verified": false, "public_metrics": {"followers_count": 42466, "following_count": 319, "tweet_count": 3304, "listed_count": 1370, "like_count": 136, "media_count": 78}, "created_at": "2009-05-06T20:26:21.000Z", "id": "38267932", "description": "original @Twitter, @Yammer, @wildtypefoods, @PillPack(Amazon),Flipagram (ByteDance), @scribd, @recursionpharma, @colorgenomic, venture investor from \u201896 to \u201821", "username": "georgezachary"}, {"location": "San Francisco", "name": "Julia Lam", "verified": false, "public_metrics": {"followers_count": 556, "following_count": 0, "tweet_count": 235, "listed_count": 32, "like_count": 170, "media_count": 5}, "created_at": "2009-03-13T17:03:40.000Z", "id": "24206084", "description": "Startup advisor and angel investor, ex-Facebooker, traveler, and dancer.", "username": "JuliaLam"}, {"location": "Seattle", "name": "Nina Carduner", "verified": false, "public_metrics": {"followers_count": 925, "following_count": 224, "tweet_count": 1699, "listed_count": 27, "like_count": 135, "media_count": 67}, "created_at": "2008-06-01T14:24:20.000Z", "id": "14971836", "description": "Biz Dev at @TangoCard - Passionate, info-junkie, memes. Tweets are my own.", "username": "NinaCarduner"}, {"location": "Maryland, USA", "name": "Isaac Is Laughing", "verified": false, "public_metrics": {"followers_count": 1107, "following_count": 1210, "tweet_count": 5217, "listed_count": 45, "like_count": 7715, "media_count": 316}, "created_at": "2008-01-11T02:12:12.000Z", "id": "12095122", "description": "People developer. Closeted psychologist. Forever an engineer. Containers and Serverless @awscloud", "username": "imosquera"}, {"location": "Miami", "name": "Bobby Goodlatte", "verified": false, "public_metrics": {"followers_count": 75434, "following_count": 3261, "tweet_count": 29765, "listed_count": 1160, "like_count": 220216, "media_count": 3820}, "created_at": "2007-03-30T08:05:27.000Z", "id": "2948211", "description": "Co-founder & CEO @trysunflower \ud83c\udf3b Early product designer @Facebook. Angel investor @Coinbase @Linear @Expo @Envoy @Farcaster_xyz @XMTP_ & 200+ more", "username": "rsg", "pinned_tweet_id": "1925960714310594988"}, {"location": "San Francisco, CA", "name": "Dan Scholnick", "verified": false, "public_metrics": {"followers_count": 3633, "following_count": 633, "tweet_count": 2438, "listed_count": 193, "like_count": 1241, "media_count": 361}, "created_at": "2007-03-25T20:06:21.000Z", "id": "2203341", "description": "", "username": "dschol"}, {"location": "SF", "name": "Howie Liu", "verified": false, "public_metrics": {"followers_count": 12207, "following_count": 1315, "tweet_count": 863, "listed_count": 224, "like_count": 517, "media_count": 76}, "created_at": "2008-05-30T20:19:46.000Z", "id": "14957670", "description": "Cofounder/CEO @ Airtable", "username": "howietl", "pinned_tweet_id": "1937577526634987595"}, {"location": "Colorado, USA", "name": "Luke Swanson", "verified": false, "public_metrics": {"followers_count": 754, "following_count": 1320, "tweet_count": 2660, "listed_count": 40, "like_count": 1128, "media_count": 98}, "created_at": "2007-03-17T21:11:03.000Z", "id": "1374921", "description": "CTO @ibottaapp. Dad, Husband, Colorado Native, Tech Geek", "username": "luke121"}, {"location": "Victoria, British Columbia", "name": "Beau Hartshorne", "verified": false, "public_metrics": {"followers_count": 908, "following_count": 1173, "tweet_count": 717, "listed_count": 41, "like_count": 3958, "media_count": 54}, "created_at": "2008-02-14T18:01:58.000Z", "id": "13481302", "description": "\ud83c\udde8\ud83c\udde6 \u00b7 product @AIatMeta \u00b7 founder https://t.co/KwFCPldqqD", "username": "hartshorne"}, {"name": "Marissa Coughlin", "verified": false, "public_metrics": {"followers_count": 985, "following_count": 859, "tweet_count": 819, "listed_count": 51, "like_count": 4595, "media_count": 84}, "created_at": "2008-05-06T23:03:52.000Z", "id": "14680381", "description": "Days @highspot. Alum @airbnb, @textio @thisisoutcast Alaska grown. Likes: puns, alliterations. Dislikes: vegetables & fruits, mornings. She/Her", "username": "marissac", "pinned_tweet_id": "1587474855351488513"}, {"location": "San Francisco, CA", "name": "Y Combinator", "verified": true, "public_metrics": {"followers_count": 1505991, "following_count": 349, "tweet_count": 22376, "listed_count": 11210, "like_count": 17338, "media_count": 3415}, "created_at": "2010-02-10T20:20:37.000Z", "id": "113130846", "description": "We help founders make something people want. Subscribe to our newsletter: https://t.co/sjqjxxBeLc", "username": "ycombinator", "pinned_tweet_id": "1996233129305182587"}, {"location": "San Francisco, California", "name": "DJ Chung", "verified": false, "public_metrics": {"followers_count": 333, "following_count": 688, "tweet_count": 2233, "listed_count": 16, "like_count": 235, "media_count": 156}, "created_at": "2009-04-21T19:58:49.000Z", "id": "34019853", "description": "Product @NotionHQ | Writing about getting a tech job: https://t.co/mwWVpvv68h | Wrote a book about mom: https://t.co/Z9xjMPfVXg | @DukeU", "username": "DJCHUNG"}, {"location": "Seattle", "name": "Gaurav Oberoi", "verified": false, "public_metrics": {"followers_count": 1223, "following_count": 981, "tweet_count": 255, "listed_count": 72, "like_count": 336, "media_count": 21}, "created_at": "2008-09-13T18:28:11.000Z", "id": "16274428", "description": "CEO and Co-founder of https://t.co/YEDBpSzXzC. Founded and sold two companies: BillMonk and PrecisionPolling. Created SurveyMonkey Audience. Blogs at https://t.co/8qn9zirOIF", "username": "goberoi"}, {"location": "San Francisco, CA", "name": "Aman Karmani", "verified": false, "public_metrics": {"followers_count": 8849, "following_count": 4612, "tweet_count": 5566, "listed_count": 302, "like_count": 18114, "media_count": 208}, "created_at": "2008-07-24T23:41:00.000Z", "id": "15591045", "description": "building @cursor_ai. full stack tinkerer and perf nerd. formerly vp of infra @github + ruby-core committer. founder @getchannels + ffmpeg committer.", "username": "tmm1"}, {"name": "rchen", "verified": false, "public_metrics": {"followers_count": 3128, "following_count": 496, "tweet_count": 16608, "listed_count": 0, "like_count": 119463, "media_count": 1786}, "created_at": "2007-04-20T05:05:21.000Z", "id": "5292562", "description": "", "username": "rchen", "pinned_tweet_id": "418660136786206720"}, {"location": "California", "name": "Brad Gessler", "verified": false, "public_metrics": {"followers_count": 4208, "following_count": 535, "tweet_count": 14143, "listed_count": 138, "like_count": 16553, "media_count": 1545}, "created_at": "2007-03-27T14:56:37.000Z", "id": "2503121", "description": "Founded & bootstrapped @polleverywhere to $10m+ ARR. Rubyist at https://t.co/wZuyUy428K. Dad of 3 girls.", "username": "bradgessler"}, {"location": "San Francisco, CA", "name": "Bill Clerico", "verified": false, "public_metrics": {"followers_count": 9776, "following_count": 1795, "tweet_count": 7162, "listed_count": 294, "like_count": 3719, "media_count": 214}, "created_at": "2008-10-01T01:01:41.000Z", "id": "16538023", "description": "Working on wildfire & disaster resilience @convectivecap & @redskysummit. Early investor in 75+ companies. Former CEO @wepay (acq @jpmorgan)", "username": "billclerico", "pinned_tweet_id": "1877022045441052961"}, {"location": "San Francisco, CA", "name": "Andrew Wooster", "verified": false, "public_metrics": {"followers_count": 1848, "following_count": 1265, "tweet_count": 50776, "listed_count": 110, "like_count": 178612, "media_count": 1163}, "created_at": "2007-02-17T22:14:06.000Z", "id": "778001", "description": "Looking for the frontiers. \u2014 App consulting, founder @apptentive (acquired), ex-Apple, sometimes cattle rancher.", "username": "wooster", "pinned_tweet_id": "1990556992134619604"}], "meta": {"result_count": 100, "next_token": "AORATI3N4H0H4ZZZ"}}