{"data": [{"created_at": "2024-05-25T02:45:12.000Z", "verified": false, "public_metrics": {"followers_count": 101, "following_count": 329, "tweet_count": 184, "listed_count": 0, "like_count": 122, "media_count": 113}, "name": "Michael Yu", "username": "nicetomeetyu2", "id": "1794197955060088833", "description": "AI whisperer"}, {"created_at": "2013-03-15T21:24:34.000Z", "verified": false, "location": "London, England", "public_metrics": {"followers_count": 252, "following_count": 918, "tweet_count": 812, "listed_count": 2, "like_count": 1329, "media_count": 86}, "name": "Arnab Ghosh -e/acc", "username": "arnab_iitk", "id": "1270744574", "description": "Building Enterprise AI agents @ xAI"}, {"created_at": "2012-09-22T01:09:03.000Z", "verified": false, "location": "San Francisco, CA", "public_metrics": {"followers_count": 6034, "following_count": 523, "tweet_count": 1309, "listed_count": 64, "like_count": 2278, "media_count": 109}, "name": "Parsa T", "username": "ParsaTajik", "id": "838842836", "description": "mts @xAI | prev infra @Affirm & founded @ Rush (GEO platform) + https://t.co/seNdHQR09g | @joinodf ODF24", "pinned_tweet_id": "1995210011081953607"}, {"created_at": "2019-03-02T20:29:12.000Z", "verified": false, "location": "San Francisco", "public_metrics": {"followers_count": 60924, "following_count": 570, "tweet_count": 5791, "listed_count": 462, "like_count": 15388, "media_count": 220}, "name": "gabriel", "username": "GabrielPeterss4", "id": "1101942551349731335", "description": "sora research at @OpenAI, previously at midjourney, swedish high school dropout", "pinned_tweet_id": "1993781749906858413"}, {"created_at": "2011-08-11T03:16:59.000Z", "verified": false, "location": "SF via Toronto", "public_metrics": {"followers_count": 27008, "following_count": 1451, "tweet_count": 3538, "listed_count": 444, "like_count": 51053, "media_count": 369}, "name": "Thariq", "username": "trq212", "id": "352806502", "description": "Claude Code @anthropicai.   prev YC W20, mit media lab", "pinned_tweet_id": "1991204536728580105"}, {"created_at": "2016-12-13T14:51:20.000Z", "verified": false, "location": "San Francisco, CA", "public_metrics": {"followers_count": 873, "following_count": 362, "tweet_count": 216, "listed_count": 5, "like_count": 319, "media_count": 52}, "name": "Rajmeet Singh", "username": "RajmeetChandok", "id": "808685743333748737", "description": "building | alum @_buildspace @joinodf", "pinned_tweet_id": "1923988460559532473"}, {"created_at": "2009-04-20T14:04:41.000Z", "verified": false, "location": "san francisco / singapore", "public_metrics": {"followers_count": 133217, "following_count": 3527, "tweet_count": 73788, "listed_count": 2870, "like_count": 130959, "media_count": 8484}, "name": "swyx #DevWritersRetreat", "username": "swyx", "id": "33521530", "description": "achieve ambition with intentionality, intensity, & integrity \n\n- @dxtipshq \n- @sveltesociety\n- @aidotengineer \n- @latentspacepod \n- @cognition + @smol_ai", "pinned_tweet_id": "1281424520100737025"}, {"created_at": "2024-06-28T00:15:51.000Z", "verified": false, "location": "San Francisco", "public_metrics": {"followers_count": 564, "following_count": 1340, "tweet_count": 59, "listed_count": 4, "like_count": 308, "media_count": 2}, "name": "Jessica Gerwin", "username": "jessica_gerwin", "id": "1806481534129717248", "description": "CEO, Okaeri | The Follow-Through Engine for Modern Work", "pinned_tweet_id": "1997108068405145737"}, {"created_at": "2020-05-25T20:27:55.000Z", "verified": false, "location": "Palo Alto, CA", "public_metrics": {"followers_count": 6808, "following_count": 1521, "tweet_count": 8316, "listed_count": 47, "like_count": 37886, "media_count": 598}, "name": "Adele Bloch", "username": "adele_bloch", "id": "1265016744147447808", "description": "Living life authentically. Building a world full of deeper connection. Bringing strangers together for deep talks. Founder, coach, community builder.", "pinned_tweet_id": "1868480426928660631"}, {"created_at": "2023-04-11T15:31:57.000Z", "verified": false, "public_metrics": {"followers_count": 246, "following_count": 98, "tweet_count": 79, "listed_count": 1, "like_count": 138, "media_count": 19}, "name": "David Santana", "username": "DavidSantMon", "id": "1645811729828577281", "description": "Community builder in the San Francisco Startup Ecosystem - Always \ud83c\udff3\ufe0f\u200d\ud83c\udf08"}, {"created_at": "2015-08-21T10:15:31.000Z", "verified": false, "location": "San Francisco, CA", "public_metrics": {"followers_count": 3762, "following_count": 2720, "tweet_count": 907, "listed_count": 32, "like_count": 6898, "media_count": 158}, "name": "Umesh Khanna \ud83c\udde8\ud83c\udde6\ud83c\uddfa\ud83c\uddf8", "username": "forwarddeploy", "id": "3433971723", "description": "@xai talent engineering | \ud83d\udc7c forward deployed angels |  \ud83c\udf93 @uwaterloo", "pinned_tweet_id": "1996275547647918176"}, {"created_at": "2016-11-12T00:37:37.000Z", "verified": false, "location": "san francisco", "public_metrics": {"followers_count": 10660, "following_count": 1152, "tweet_count": 2973, "listed_count": 58, "like_count": 16020, "media_count": 314}, "name": "mathurah", "username": "mathurahravi", "id": "797236873420738564", "description": "design engineer @netflix, writing and diving into my curiosities @rabbitholeathon, investing in creative tools! uw syde grad \ud83c\udde8\ud83c\udde6", "pinned_tweet_id": "1963340069697196313"}, {"created_at": "2006-11-29T19:10:00.000Z", "verified": false, "location": "Brooklyn, NY", "public_metrics": {"followers_count": 13780, "following_count": 965, "tweet_count": 66769, "listed_count": 780, "like_count": 19628, "media_count": 10921}, "name": "marty.com", "username": "martymadrid", "id": "30873", "description": "Founder, https://t.co/CCWaCIEcQJ. GP @adventure_fund, Adj Professor @NorthwesternU; design founder w/ multiple exits: Twitter, Eventbrite, Brex. Prev. Innovation @Whitehouse", "pinned_tweet_id": "1672815113647038464"}, {"created_at": "2012-08-02T22:38:35.000Z", "verified": false, "location": "San Francisco, CA", "public_metrics": {"followers_count": 4086, "following_count": 2884, "tweet_count": 8290, "listed_count": 54, "like_count": 24218, "media_count": 433}, "name": "Will Hubbard", "username": "wbhub", "id": "733675982", "description": "Founder @AgreeHQ, partner @Adventure_Fund, adjunct @NorthwesternU", "pinned_tweet_id": "1611850206144004097"}, {"created_at": "2013-02-13T11:40:43.000Z", "verified": false, "location": "SF", "public_metrics": {"followers_count": 3577, "following_count": 679, "tweet_count": 326, "listed_count": 22, "like_count": 1523, "media_count": 22}, "name": "Vincent Zhu", "username": "vincentzhuu", "id": "1175052595", "description": "growth @cursor_ai | prev. @generalcatalyst", "pinned_tweet_id": "1975975864925147379"}, {"created_at": "2015-08-12T05:58:58.000Z", "verified": false, "location": "sf", "public_metrics": {"followers_count": 33394, "following_count": 3975, "tweet_count": 8479, "listed_count": 508, "like_count": 32505, "media_count": 851}, "name": "Paige Finn Doherty", "username": "paigefinnn", "id": "3313126153", "description": "solo gp investing in technical storytellers @behind_genius wrote a children\u2019s book about VC - seed to harvest prev: @workos @northropgrumman", "pinned_tweet_id": "1782779702123667735"}, {"created_at": "2009-08-26T21:30:45.000Z", "verified": false, "location": "San Francisco, CA", "public_metrics": {"followers_count": 7851, "following_count": 635, "tweet_count": 1289, "listed_count": 65, "like_count": 1852, "media_count": 258}, "name": "C.C. Gong", "username": "CCgong", "id": "69101613", "description": "investing in consumer tech & AI @MenloVentures. recovering founder, ex-@Microsoft @Meta @PIFgov @BainCapVC @NFX | @Harvard @StanfordGSB | aspiring comedian"}, {"created_at": "2007-03-17T18:56:04.000Z", "verified": false, "location": "San Francisco, CA", "public_metrics": {"followers_count": 37001, "following_count": 3562, "tweet_count": 7277, "listed_count": 422, "like_count": 100552, "media_count": 576}, "name": "Cory Levy", "username": "cory", "id": "1367301", "description": "entrepreneur and early stage investor | Z Fellows @zfellows", "pinned_tweet_id": "1823564355050303639"}, {"created_at": "2007-06-03T04:30:34.000Z", "verified": false, "public_metrics": {"followers_count": 225956, "following_count": 1771, "tweet_count": 1957, "listed_count": 3142, "like_count": 7701, "media_count": 477}, "name": "Elad Gil", "username": "eladgil", "id": "6535212", "description": "Entrepreneur & Investor", "pinned_tweet_id": "1789288771525193963"}, {"created_at": "2013-09-11T18:08:16.000Z", "verified": false, "location": "San Francisco ", "public_metrics": {"followers_count": 5800, "following_count": 3286, "tweet_count": 2345, "listed_count": 57, "like_count": 10715, "media_count": 170}, "name": "Vivien Ho", "username": "VivHo", "id": "1855017288", "description": "OpenEvidence | prev. Pear VC, Airbnb, BCG, \ud83c\uddf9\ud83c\uddfc"}, {"created_at": "2007-05-22T10:52:05.000Z", "verified": false, "location": "San Francisco, CA", "public_metrics": {"followers_count": 183495, "following_count": 3371, "tweet_count": 48890, "listed_count": 1582, "like_count": 153369, "media_count": 8817}, "name": "Sheel Mohnot", "username": "pitdesi", "id": "6228302", "description": "Posting stuff I find interesting.\nWork: @btv_vc, leading pre/seed rounds of fintech cos. \nAlways up for adventure."}, {"created_at": "2008-04-12T07:52:27.000Z", "verified": false, "location": "San Francisco", "public_metrics": {"followers_count": 57062, "following_count": 29171, "tweet_count": 74704, "listed_count": 1945, "like_count": 227077, "media_count": 2551}, "name": "Kim-Mai Cutler", "username": "kimmaicutler", "id": "14367669", "description": "Partner at @initialized. When life hands me lemons, I make tarte au citron."}, {"created_at": "2012-02-02T03:54:03.000Z", "verified": false, "location": "San Francisco, CA", "public_metrics": {"followers_count": 17885, "following_count": 1240, "tweet_count": 5883, "listed_count": 296, "like_count": 12553, "media_count": 988}, "name": "Dani Grant", "username": "thedanigrant", "id": "480959060", "description": "CEO https://t.co/NlthzioyiE \u2013 helping 200K builders and 32 of the Fortune 100 fix bugs faster. \u26a1\ufe0f We're hiring!", "pinned_tweet_id": "1975981772442828902"}, {"created_at": "2006-12-19T08:38:07.000Z", "verified": false, "location": "Silicon Valley, CA", "public_metrics": {"followers_count": 240817, "following_count": 988, "tweet_count": 104022, "listed_count": 11062, "like_count": 79612, "media_count": 10498}, "name": "Jeremiah Owyang", "username": "jowyang", "id": "79543", "description": "Venture Capital Investor at Blitzscaling Ventures @BlitzVentures. \n\nI can be found on LinkedIn", "pinned_tweet_id": "1724475120406905021"}, {"created_at": "2013-09-04T01:23:21.000Z", "verified": false, "location": "San Francisco, CA", "public_metrics": {"followers_count": 3289, "following_count": 1348, "tweet_count": 1507, "listed_count": 43, "like_count": 10576, "media_count": 75}, "name": "Ivan Porollo", "username": "iporollo", "id": "1727138286", "description": "building @cerebral_valley"}, {"created_at": "2009-01-26T22:41:23.000Z", "verified": false, "location": "San Francisco, CA", "public_metrics": {"followers_count": 88348, "following_count": 3494, "tweet_count": 45071, "listed_count": 2683, "like_count": 61104, "media_count": 4722}, "name": "Josh Constine \ud83d\udcf6\ud83d\udd25", "username": "JoshConstine", "id": "19563366", "description": "Boundless enthusiast investing in pre-seed consumer & AI. Venture Partner @SignalFire, ex-Editor @TechCrunch, pitchcrafter, SF maxi.", "pinned_tweet_id": "1979379461037650153"}, {"created_at": "2008-08-27T05:39:36.000Z", "verified": false, "public_metrics": {"followers_count": 87338, "following_count": 701, "tweet_count": 35344, "listed_count": 831, "like_count": 55702, "media_count": 1776}, "name": "Eric Bahn \ud83d\udc9b", "username": "ericbahn", "id": "16008441", "description": "Minivan Enthusiast at @HustleFundVC", "pinned_tweet_id": "1983955762432147770"}, {"created_at": "2022-02-07T21:27:51.000Z", "verified": false, "location": "San Francisco, CA", "public_metrics": {"followers_count": 2463, "following_count": 204, "tweet_count": 4923, "listed_count": 17, "like_count": 9061, "media_count": 378}, "name": "Suffiyan Malik", "username": "suffiyanmalikk", "id": "1490799432874430464", "description": "Hosting @WeThe_Builders , a podcast and event series focused on agency and progress. Investing @draper_u", "pinned_tweet_id": "1996676069693575518"}, {"created_at": "2020-03-31T20:23:18.000Z", "verified": false, "location": "san francisco", "public_metrics": {"followers_count": 2601, "following_count": 217, "tweet_count": 1416, "listed_count": 30, "like_count": 1290, "media_count": 423}, "name": "michael raspuzzi", "username": "michaelraspuzzi", "id": "1245084243480494082", "description": "\ud83c\udf10 building worldwide studios to help people build in ai, robotics, and applied sciences\n\n\ud83e\udd16 growing global hardware meetup", "pinned_tweet_id": "1991574224721600765"}, {"created_at": "2009-04-30T02:55:35.000Z", "verified": false, "location": "Burlingame, CA", "public_metrics": {"followers_count": 6266, "following_count": 1322, "tweet_count": 2805, "listed_count": 105, "like_count": 12219, "media_count": 64}, "name": "Jason Mok \ud83d\udcb3", "username": "jasonmok", "id": "36575140", "description": "VP & GM @brexhq. Unreasonably hospitable. Previously, Operating Partner at a16z and relationship builder at SVB. \ud83d\udc66\ud83c\udffb \ud83d\udc67\ud83c\udffb \ud83d\udc36 \ud83c\uddfa\ud83c\uddf8", "pinned_tweet_id": "1674169376927514625"}, {"created_at": "2012-12-16T18:39:38.000Z", "verified": false, "location": "sf", "public_metrics": {"followers_count": 14277, "following_count": 2670, "tweet_count": 6922, "listed_count": 139, "like_count": 25872, "media_count": 559}, "name": "Jonathan Chang", "username": "thechangj", "id": "1015813710", "description": "ucla alum // working with startups @brexhq & investing @daydreamvc", "pinned_tweet_id": "1778098625702486440"}, {"created_at": "2020-07-18T18:04:41.000Z", "verified": false, "location": "feature your sf event \u2192", "public_metrics": {"followers_count": 35749, "following_count": 411, "tweet_count": 8314, "listed_count": 370, "like_count": 13311, "media_count": 266}, "name": "Michelle Fang \ud83c\udf01", "username": "michelleefang", "id": "1284549639304294402", "description": "helping you build & scale @ https://t.co/X8m8pbCiLe", "pinned_tweet_id": "1995614416667377796"}, {"created_at": "2016-01-01T08:48:25.000Z", "verified": false, "location": "Los Angeles, CA", "public_metrics": {"followers_count": 290741, "following_count": 128, "tweet_count": 4463, "listed_count": 881, "like_count": 3030, "media_count": 1386}, "name": "Soren Iverson", "username": "soren_iverson", "id": "4688151132", "description": "New ideas daily. Building @iverson and @stompersapp", "pinned_tweet_id": "1626235199968411652"}, {"created_at": "2008-08-23T16:43:17.000Z", "verified": false, "location": "Los Angeles, CA", "public_metrics": {"followers_count": 439704, "following_count": 2135, "tweet_count": 13120, "listed_count": 5742, "like_count": 28656, "media_count": 889}, "name": "Mark Gurman", "username": "markgurman", "id": "15958614", "description": "Breaking News on Apple & Tech. Bloomberg Managing Editor. @UMSI Board Member. Send secure tips on Signal: markgurman.01 or email markgurman@protonmail.com.", "pinned_tweet_id": "1997352821453447399"}, {"created_at": "2012-05-07T23:06:31.000Z", "verified": true, "location": "Remote First", "public_metrics": {"followers_count": 6662185, "following_count": 156, "tweet_count": 8440, "listed_count": 28034, "like_count": 4062, "media_count": 1511}, "name": "Coinbase \ud83d\udee1\ufe0f", "username": "coinbase", "id": "574032254", "description": "The most trusted crypto exchange. For support: @CoinbaseSupport", "pinned_tweet_id": "1996944448442237297"}, {"created_at": "2016-03-20T05:29:58.000Z", "verified": false, "public_metrics": {"followers_count": 64, "following_count": 302, "tweet_count": 227, "listed_count": 0, "like_count": 31451, "media_count": 29}, "name": "Manoj \ud83d\udc4d\ud83c\udffc", "username": "manojpr11", "id": "711424522256306177", "description": "i am a shitpost.\nfootball \u26bd\ud83d\udd25\nblr"}, {"created_at": "2017-02-23T04:46:31.000Z", "verified": false, "public_metrics": {"followers_count": 49, "following_count": 176, "tweet_count": 16, "listed_count": 0, "like_count": 695, "media_count": 2}, "name": "Akash Kashyap", "username": "aksbuilds", "id": "834625460210368512", "description": "Building something"}, {"created_at": "2014-04-21T00:28:42.000Z", "verified": false, "location": "Follow me for a cookie", "public_metrics": {"followers_count": 33505089, "following_count": 2219, "tweet_count": 7580, "listed_count": 9173, "like_count": 23140, "media_count": 1000}, "name": "MrBeast", "username": "MrBeast", "id": "2455740283", "description": "New MrBeast or MrBeast Gaming video each Saturday!", "pinned_tweet_id": "1941802940768850033"}, {"created_at": "2020-04-14T17:41:21.000Z", "verified": false, "public_metrics": {"followers_count": 164, "following_count": 185, "tweet_count": 336, "listed_count": 0, "like_count": 24149, "media_count": 30}, "name": "Rohan", "username": "_rohan06_", "id": "1250116817411952640", "description": ""}, {"created_at": "2018-06-21T04:24:03.000Z", "verified": true, "location": "5G Map", "public_metrics": {"followers_count": 425257, "following_count": 254, "tweet_count": 9607, "listed_count": 406, "like_count": 13633, "media_count": 3507}, "name": "OnePlus_USA", "username": "OnePlus_USA", "id": "1009653148108054528", "description": "Official X Account for OnePlus North America \ud83c\uddfa\ud83c\uddf8\ud83c\udde8\ud83c\udde6\nFor assistance, please DM @OnePlus_Support"}, {"created_at": "2013-09-02T00:29:04.000Z", "verified": false, "public_metrics": {"followers_count": 920606, "following_count": 530, "tweet_count": 21501, "listed_count": 1992, "like_count": 85981, "media_count": 2070}, "name": "JerryRigEverything", "username": "ZacksJerryRig", "id": "1720701343", "description": "I review technology from the inside.", "pinned_tweet_id": "1997354100997181729"}, {"created_at": "2008-08-22T13:06:35.000Z", "verified": true, "location": "Cupertino", "public_metrics": {"followers_count": 1039702, "following_count": 47, "tweet_count": 105510, "listed_count": 13343, "like_count": 2570, "media_count": 33365}, "name": "9to5Mac", "username": "9to5mac", "id": "15944436", "description": "We break Apple news. Leading source for all things iPhone, Mac, iPad, Apple Watch, more.", "pinned_tweet_id": "1997357761923780797"}, {"created_at": "2011-11-02T19:04:43.000Z", "verified": false, "location": "Vancouver, BC", "public_metrics": {"followers_count": 1806397, "following_count": 358, "tweet_count": 55146, "listed_count": 5371, "like_count": 6237, "media_count": 19216}, "name": "Linus Tech Tips", "username": "LinusTech", "id": "403614288", "description": "The official Twitter of the Linus Tech Tips YouTube channel. \nhttps://t.co/HS5VbvfvTW  //  https://t.co/XF9yGyRnUA // https://t.co/WknsV27wdD", "pinned_tweet_id": "1895475871173226892"}, {"created_at": "2016-03-19T09:48:43.000Z", "verified": false, "location": "Gurgaon, India", "public_metrics": {"followers_count": 148304, "following_count": 297, "tweet_count": 43826, "listed_count": 426, "like_count": 30483, "media_count": 8039}, "name": "Ishan Agarwal", "username": "ishanagarwal24", "id": "711127250440052736", "description": "22 | \ud83d\udcf1 Tech & \ud83d\ude97 EV Enthusiast | Follow me on IG @ : ishanagarwal24 | All opinions are my own only | Email \u27a1\ufe0f ishanagarwal2401(at)gmail(dot)com"}, {"created_at": "2013-11-13T13:30:55.000Z", "verified": false, "public_metrics": {"followers_count": 19, "following_count": 226, "tweet_count": 16, "listed_count": 0, "like_count": 833, "media_count": 1}, "name": "Bharath S", "username": "BharathS_", "id": "2192312718", "description": "Cars And Gadgets!!!!!"}, {"created_at": "2010-12-09T23:37:17.000Z", "verified": false, "location": "Portland OR, USA", "public_metrics": {"followers_count": 403159, "following_count": 107, "tweet_count": 2898, "listed_count": 1655, "like_count": 3341, "media_count": 1829}, "name": "EverythingApplePro", "username": "EveryApplePro", "id": "224824666", "description": "I live for the future of \uf8ff \nFilip Koroy from the great PNW. \nhttps://t.co/HurGYpEV9N"}, {"created_at": "2016-08-10T01:31:23.000Z", "verified": false, "public_metrics": {"followers_count": 138789, "following_count": 367, "tweet_count": 7630, "listed_count": 133, "like_count": 14379, "media_count": 1477}, "name": "KairosTime Gaming", "username": "KairosTime", "id": "763185944690171904", "description": "I freaking \u2764LOVE\u2764 Brawl Stars! \ud83c\udfa5 Make sure to subscribe on YouTube! \ud83d\udc4d 1 Million+ Subs! \ud83c\udf35 @TribeGaming\n\nBusiness Inquiries: kairos@tribegaming.gg"}, {"created_at": "2017-04-28T09:26:08.000Z", "verified": true, "public_metrics": {"followers_count": 1969989, "following_count": 144, "tweet_count": 3893, "listed_count": 1093, "like_count": 7783, "media_count": 2248}, "name": "Brawl Stars", "username": "BrawlStars", "id": "857888651895820288", "description": "Fast-paced 3v3 and Battle Royale matches \ud83d\udd25 Collect unique Brawlers. Play with your friends. Be the last one standing!"}, {"created_at": "2011-06-08T21:07:13.000Z", "verified": false, "location": "California", "public_metrics": {"followers_count": 36720, "following_count": 516, "tweet_count": 3882, "listed_count": 203, "like_count": 591, "media_count": 836}, "name": "PhoneBuff", "username": "phonebuff", "id": "313560885", "description": "It's not official until it's done #phonebuffstyle", "pinned_tweet_id": "1808574925600608283"}, {"created_at": "2012-06-04T23:27:39.000Z", "verified": false, "location": "Traveling the USA", "public_metrics": {"followers_count": 59643, "following_count": 48, "tweet_count": 892, "listed_count": 24, "like_count": 223, "media_count": 476}, "name": "GizmoSlipTech", "username": "GizmoSlipBlog", "id": "599648843", "description": "Tech Reviewer. Crypto Enthusiast. Dropper of Tech."}, {"created_at": "2015-06-07T22:46:27.000Z", "verified": false, "location": "Utah, USA", "public_metrics": {"followers_count": 175027, "following_count": 374, "tweet_count": 15771, "listed_count": 293, "like_count": 70189, "media_count": 4494}, "name": "WHAT'S INSIDE?", "username": "whatsinside", "id": "3239203002", "description": "we make fun videos on the internet."}, {"created_at": "2012-11-06T06:24:07.000Z", "verified": false, "public_metrics": {"followers_count": 1041599, "following_count": 1, "tweet_count": 6575, "listed_count": 500, "like_count": 701, "media_count": 4093}, "name": "Reliance Jio", "username": "reliancejio", "id": "929129743", "description": "Committed to creating a digital life for every Indian. #WithLoveFromJio"}, {"created_at": "2012-01-23T06:24:52.000Z", "verified": true, "location": "India", "public_metrics": {"followers_count": 57840552, "following_count": 520, "tweet_count": 40181, "listed_count": 15298, "like_count": 3, "media_count": 13162}, "name": "PMO India", "username": "PMOIndia", "id": "471741741", "description": "Office of the Prime Minister of India"}, {"created_at": "2010-05-16T12:36:05.000Z", "verified": false, "location": "India", "public_metrics": {"followers_count": 38095, "following_count": 84, "tweet_count": 32696, "listed_count": 74, "like_count": 20892, "media_count": 6350}, "name": "Gogi Tech (Rajeev)", "username": "gogiinc", "id": "144484277", "description": "Content Creator, Technology related - dekhte rahiye (in Hindi) Subscribe: https://t.co/AUwJDiKn3J Business Enquiry : rajeev@gogi.in, gogiinc@gmail.com"}, {"created_at": "2016-12-07T09:14:29.000Z", "verified": false, "public_metrics": {"followers_count": 23, "following_count": 312, "tweet_count": 54, "listed_count": 0, "like_count": 240, "media_count": 3}, "name": "Pavan", "username": "THE_SANE_MAN", "id": "806426643250057216", "description": "*Burps...*"}, {"created_at": "2007-03-27T07:29:54.000Z", "verified": false, "location": "United Kingdom", "public_metrics": {"followers_count": 3594886, "following_count": 0, "tweet_count": 954845, "listed_count": 6272, "like_count": 62, "media_count": 1295}, "name": "Fact", "username": "Fact", "id": "2425231", "description": "Interesting facts about life."}, {"created_at": "2012-08-23T06:09:16.000Z", "verified": true, "location": "Bengaluru, India", "public_metrics": {"followers_count": 1416473, "following_count": 292, "tweet_count": 115896, "listed_count": 601, "like_count": 12978, "media_count": 9148}, "name": "\u0cac\u0cc6\u0c82\u0c97\u0cb3\u0cc2\u0cb0\u0cc1 \u0ca8\u0c97\u0cb0 \u0caa\u0cca\u0cb2\u0cc0\u0cb8\u0ccd\u200c BengaluruCityPolice", "username": "BlrCityPolice", "id": "775296019", "description": "Official Twitter account of Bengaluru City Police | In case of emergency #DialNamma112 | Help us to serve you better |"}, {"created_at": "2016-07-27T11:48:17.000Z", "verified": false, "public_metrics": {"followers_count": 3, "following_count": 28, "tweet_count": 1, "listed_count": 0, "like_count": 0, "media_count": 0}, "name": "keertish kumar", "username": "KeertishTec", "id": "758267762233880576", "description": ""}, {"created_at": "2009-09-02T10:17:14.000Z", "verified": true, "public_metrics": {"followers_count": 7309551, "following_count": 574, "tweet_count": 72892, "listed_count": 2404, "like_count": 4538, "media_count": 32176}, "name": "Royal Challengers Bengaluru", "username": "RCBTweets", "id": "70931004", "description": "The Official Twitter handle of your favourite IPL and WPL team Royal Challengers Bengaluru."}, {"created_at": "2016-04-21T20:53:39.000Z", "verified": false, "location": "Business: oj@tribegaming.gg", "public_metrics": {"followers_count": 215650, "following_count": 999, "tweet_count": 5878, "listed_count": 200, "like_count": 3576, "media_count": 2396}, "name": "OJ", "username": "OrangeJuice", "id": "723253387089694720", "description": "Clash Royale World Champion \ud83c\udfc6 | Professional Voice Actor \ud83d\udde3\ufe0f | Co-owner @TribeGaming \ud83e\ude93 | https://t.co/anRrqOjfjJ"}, {"created_at": "2014-11-06T02:38:38.000Z", "verified": false, "location": "Boston, MA", "public_metrics": {"followers_count": 148323, "following_count": 955, "tweet_count": 45544, "listed_count": 297, "like_count": 113446, "media_count": 9251}, "name": "Ash", "username": "CWA", "id": "2891606311", "description": "Co-Founder/Owner @AMGinfluence - Board @FatelessGames - Dad, YouTuber. Positive vibes. Music, History, Philosophy, Documentaries, Retro Games -- cwa@amg.gg"}, {"created_at": "2014-01-12T23:47:44.000Z", "verified": false, "location": "Los Angeles, CA", "public_metrics": {"followers_count": 287892, "following_count": 689, "tweet_count": 40597, "listed_count": 588, "like_count": 101837, "media_count": 7886}, "name": "MYSTIC7", "username": "MYSTIC7", "id": "2288822702", "description": "Currently catching them all \ud83c\udf40"}, {"created_at": "2008-04-24T05:08:39.000Z", "verified": false, "public_metrics": {"followers_count": 16522, "following_count": 1217, "tweet_count": 51105, "listed_count": 220, "like_count": 1216, "media_count": 1488}, "name": "Rajat Agrawal", "username": "rajatagr", "id": "14507215", "description": "Editor, @Microsoft Source Asia. All opinions are personal."}, {"created_at": "2014-09-02T07:31:24.000Z", "verified": false, "public_metrics": {"followers_count": 4514670, "following_count": 140, "tweet_count": 23213, "listed_count": 2021, "like_count": 498, "media_count": 6329}, "name": "Make in India", "username": "makeinindia", "id": "2785480981", "description": "A major national program designed to facilitate investment, foster innovation, enhance skill development and build best-in-class manufacturing infrastructure."}, {"created_at": "2010-07-26T23:53:35.000Z", "verified": true, "location": "Helsinki, Finland", "public_metrics": {"followers_count": 1176313, "following_count": 245, "tweet_count": 2279, "listed_count": 957, "like_count": 1422, "media_count": 581}, "name": "Supercell", "username": "supercell", "id": "171271070", "description": "Our dream is to create games that as many people as possible play for years and that are remembered forever\n\nGame-related support: https://t.co/zszPT803CO"}, {"created_at": "2015-10-21T11:30:46.000Z", "verified": true, "location": "The Arena", "public_metrics": {"followers_count": 1873985, "following_count": 205, "tweet_count": 9367, "listed_count": 1030, "like_count": 9796, "media_count": 3743}, "name": "Clash Royale", "username": "ClashRoyale", "id": "4009148182", "description": "A real-time, head-to-head battle game set in the Clash Universe.\nAll for the Crown! \ud83d\udc51", "pinned_tweet_id": "1994756093906751867"}, {"created_at": "2009-09-03T07:57:30.000Z", "verified": false, "public_metrics": {"followers_count": 65824460, "following_count": 59, "tweet_count": 2906, "listed_count": 9654, "like_count": 241, "media_count": 1448}, "name": "Virat Kohli", "username": "imVkohli", "id": "71201743", "description": "A proud husband and father \u2764\ufe0f"}, {"created_at": "2015-10-19T06:29:20.000Z", "verified": false, "location": "Mars", "public_metrics": {"followers_count": 3678011, "following_count": 1, "tweet_count": 9802, "listed_count": 553, "like_count": 2, "media_count": 8346}, "name": "Gaurav Chaudhary", "username": "TechnicalGuruji", "id": "3992637442", "description": "Engineer by Education, Entrepreneur by Profession, Nano-Science Researcher by Interest, YouTuber by Passion... https://t.co/vQOAyiApAZ"}, {"created_at": "2014-11-09T05:40:55.000Z", "verified": false, "location": "Mumbai", "public_metrics": {"followers_count": 49933, "following_count": 366, "tweet_count": 35978, "listed_count": 170, "like_count": 9779, "media_count": 3612}, "name": "Dhananjay_Tech", "username": "Dhananjay_Tech", "id": "2894370894", "description": "Tech content creator since 2014!\n600k+ on Instagram \ud83d\udd25 \nBusiness Enquiry- press@dhananjaytech.com\nAmazing Tech reels on Instagram!", "pinned_tweet_id": "1899737392569057753"}, {"created_at": "2013-06-15T17:45:30.000Z", "verified": false, "public_metrics": {"followers_count": 1200990, "following_count": 235, "tweet_count": 12895, "listed_count": 2003, "like_count": 150, "media_count": 8931}, "name": "Guide For Guys", "username": "ThepowerfulPics", "id": "1520006918", "description": "INSPIRATIONAL LIFE TIPS ! Email below \ud83d\udce9 harshit.makol9876@gmail.com", "pinned_tweet_id": "1975939292129378739"}, {"created_at": "2010-11-25T11:10:09.000Z", "verified": false, "location": "New Delhi, India", "public_metrics": {"followers_count": 11692964, "following_count": 0, "tweet_count": 6362, "listed_count": 5154, "like_count": 5, "media_count": 351}, "name": "Sushma Swaraj", "username": "SushmaSwaraj", "id": "219617448", "description": "This a/c is in the loving memory of Mrs.Sushma Swaraj."}, {"created_at": "2016-02-04T03:46:46.000Z", "verified": false, "location": "India", "public_metrics": {"followers_count": 35931, "following_count": 39905, "tweet_count": 24943, "listed_count": 42, "like_count": 67450, "media_count": 5097}, "name": "Fact & Pics", "username": "Fact_Picss", "id": "4857098174", "description": "", "pinned_tweet_id": "898891619411279873"}, {"created_at": "2009-04-18T00:40:04.000Z", "verified": false, "public_metrics": {"followers_count": 1400519, "following_count": 23, "tweet_count": 26840, "listed_count": 3434, "like_count": 196, "media_count": 9655}, "name": "out of context things", "username": "TheComedyHumor", "id": "32688098", "description": "spreading happiness one meme at a time"}, {"created_at": "2014-10-10T08:54:26.000Z", "verified": false, "public_metrics": {"followers_count": 13118, "following_count": 14485, "tweet_count": 1790, "listed_count": 11, "like_count": 427, "media_count": 1598}, "name": "Funny Stuff", "username": "HumorStorm", "id": "2821120905", "description": "we're here to make you smile, check out the tweets we post!"}, {"created_at": "2009-04-13T12:44:08.000Z", "verified": false, "public_metrics": {"followers_count": 530028, "following_count": 287, "tweet_count": 218328, "listed_count": 690, "like_count": 981, "media_count": 67768}, "name": "ETimes", "username": "etimes", "id": "30857481", "description": "Latest news, videos, photos, reviews from the world of Bollywood, Regional & Hollywood. https://t.co/5bRr6ZMeND\nFollow us on WA", "pinned_tweet_id": "1931355378048217538"}, {"created_at": "2010-11-22T06:44:11.000Z", "verified": false, "location": "India", "public_metrics": {"followers_count": 168529, "following_count": 63, "tweet_count": 14841, "listed_count": 411, "like_count": 355, "media_count": 1628}, "name": "Techlusive", "username": "TechlusiveOFCL", "id": "218393576", "description": "The best from the world of technology \u2013 news, features, opinions, reviews, how tos and everything tech."}, {"created_at": "2010-07-29T10:32:28.000Z", "verified": false, "location": "New Delhi", "public_metrics": {"followers_count": 85755, "following_count": 58, "tweet_count": 104926, "listed_count": 711, "like_count": 22, "media_count": 33205}, "name": "Gadgets Now", "username": "gadgetsnow", "id": "172293284", "description": "The official technology news website of The Times of India, Gadgets Now is among the largest tech media platforms in India. Follow us for all things technology.", "pinned_tweet_id": "1890391039535444129"}, {"created_at": "2010-02-20T09:24:25.000Z", "verified": false, "location": "Arunachal Pradesh", "public_metrics": {"followers_count": 967522, "following_count": 616, "tweet_count": 78882, "listed_count": 1151, "like_count": 39178, "media_count": 11737}, "name": "Rofl Gandhi 2.0 \ud83c\udff9 Commentary", "username": "RoflGandhi_", "id": "115887279", "description": "Parody.  Not Rahul Gandhi. #TeamKisan\ud83d\ude9c \u0932\u094b\u0939\u093f\u092f\u093e\u0935\u093e\u0926\u0940   Reach me at: contactroflgandhi@gmail.com\nInstagram: https://t.co/Xo0kC9DnfC", "pinned_tweet_id": "1997354707267006646"}, {"created_at": "2008-01-30T12:01:07.000Z", "verified": false, "location": "GIFT City, Gujarat, India", "public_metrics": {"followers_count": 23409, "following_count": 419, "tweet_count": 20075, "listed_count": 164, "like_count": 4601, "media_count": 7199}, "name": "Infibeam Avenues Ltd", "username": "InfibeamAvenues", "id": "12870742", "description": ""}, {"created_at": "2009-05-28T03:57:02.000Z", "verified": false, "location": "Worldwide", "public_metrics": {"followers_count": 4721129, "following_count": 140, "tweet_count": 30581, "listed_count": 5561, "like_count": 2882, "media_count": 694}, "name": "thoughts", "username": "thegoatcircle", "id": "43042353", "description": "join the  community! \ud83d\udd14 helping you unlock your best self, one tweet at a time."}, {"created_at": "2012-07-26T21:27:12.000Z", "verified": false, "public_metrics": {"followers_count": 113547, "following_count": 91633, "tweet_count": 372466, "listed_count": 671, "like_count": 1553, "media_count": 22379}, "name": "Facts In Your Face", "username": "FactsInYourFace", "id": "718799630", "description": "The BEST #Facts on Twitter straight in your face! #Follow us and learn some #random crap every day :-)", "pinned_tweet_id": "969104982376140800"}, {"created_at": "2012-11-25T23:05:49.000Z", "verified": false, "public_metrics": {"followers_count": 244581, "following_count": 143537, "tweet_count": 13950, "listed_count": 230, "like_count": 2727, "media_count": 5366}, "name": "Funny Laugh", "username": "funnylaugh4u", "id": "970942356", "description": "When nothing goes RIGHT =  Go LEFT! #caffeineaddict"}, {"created_at": "2011-06-06T19:54:01.000Z", "verified": false, "public_metrics": {"followers_count": 5699769, "following_count": 148, "tweet_count": 45369, "listed_count": 6255, "like_count": 24105, "media_count": 11455}, "name": "introvert", "username": "introvertsmemes", "id": "312230865", "description": "Somewhere between thoughts, memes and solitude. Business? DM me \ud83d\udcec", "pinned_tweet_id": "1992116684472336532"}, {"created_at": "2009-09-28T01:28:23.000Z", "verified": false, "location": "Chicago, Illinois", "public_metrics": {"followers_count": 5298894, "following_count": 217, "tweet_count": 118576, "listed_count": 26313, "like_count": 2933, "media_count": 19671}, "name": "OMGFacts", "username": "OMGFacts", "id": "77888423", "description": "All Things Factual and Curious.", "pinned_tweet_id": "1854901814644072627"}, {"created_at": "2011-08-10T06:20:27.000Z", "verified": false, "location": "Worldwide", "public_metrics": {"followers_count": 4985810, "following_count": 499, "tweet_count": 106725, "listed_count": 8407, "like_count": 1207, "media_count": 21609}, "name": "What The F*** Facts", "username": "WhatTheFFacts", "id": "352145373", "description": "All the things that make you say WTF. Official Account of What The F*** Facts. #WhatTheFact"}, {"created_at": "2009-12-06T16:07:01.000Z", "verified": true, "location": "\ud83c\udf0e", "public_metrics": {"followers_count": 11791924, "following_count": 1, "tweet_count": 233583, "listed_count": 14560, "like_count": 1148, "media_count": 27576}, "name": "UberFacts", "username": "UberFacts", "id": "95023423", "description": "The most unimportant things you\u2019ll never need to know \ud83d\udca5"}, {"created_at": "2010-11-30T18:17:25.000Z", "verified": false, "location": "Worldwide", "public_metrics": {"followers_count": 1557708, "following_count": 54, "tweet_count": 20643, "listed_count": 4832, "like_count": 1905, "media_count": 9225}, "name": "know", "username": "Know", "id": "221452291", "description": "Stuff to know."}, {"created_at": "2014-01-23T05:31:19.000Z", "verified": false, "location": "Los Angeles, CA", "public_metrics": {"followers_count": 118635, "following_count": 70, "tweet_count": 16425, "listed_count": 229, "like_count": 26363, "media_count": 3052}, "name": "Edgar Oganesyan", "username": "EdTechSource", "id": "2306006378", "description": "https://t.co/xT7eB2g5Lc", "pinned_tweet_id": "1868516488321364091"}, {"created_at": "2015-07-07T10:30:56.000Z", "verified": false, "location": "Nottingham, England", "public_metrics": {"followers_count": 1715074, "following_count": 449, "tweet_count": 5783, "listed_count": 2088, "like_count": 12209, "media_count": 1483}, "name": "Arun Maini", "username": "Mrwhosetheboss", "id": "3363946175", "description": "21M YouTube subs - Let\u2019s build the greatest tech community on the planet \ud83c\udf0f"}, {"created_at": "2009-04-01T11:44:52.000Z", "verified": false, "location": "Leicester, UK", "public_metrics": {"followers_count": 554290, "following_count": 951, "tweet_count": 41216, "listed_count": 1369, "like_count": 50556, "media_count": 9976}, "name": "Safwan AhmedMia", "username": "SuperSaf", "id": "28090436", "description": "\u25b6\ufe0f Content Creator #Tech | #Travel | #Memes\n\n\ud83c\udf99 Podcast Host @SuperSafSpeaks", "pinned_tweet_id": "1801245093887680881"}, {"created_at": "2009-03-14T17:01:42.000Z", "verified": false, "location": "India", "public_metrics": {"followers_count": 187719, "following_count": 1, "tweet_count": 14780, "listed_count": 497, "like_count": 76, "media_count": 12313}, "name": "MasterGadgets", "username": "MasterGadgetsIN", "id": "24395579", "description": "Looking to Save Money?\nPlanning to Buy something?\nSend us your wishlist and we will find the Best Deals for you.", "pinned_tweet_id": "1930243027185914019"}, {"created_at": "2012-02-26T05:05:53.000Z", "verified": true, "location": "Toronto", "public_metrics": {"followers_count": 2231251, "following_count": 1, "tweet_count": 22806, "listed_count": 1480, "like_count": 24776, "media_count": 5043}, "name": "dbrand", "username": "dbrand", "id": "504020426", "description": "toxic electric tape // support @robot"}, {"created_at": "2010-03-24T22:32:53.000Z", "verified": false, "location": "Los Angeles, CA ", "public_metrics": {"followers_count": 505644, "following_count": 780, "tweet_count": 65612, "listed_count": 2392, "like_count": 11998, "media_count": 9623}, "name": "Jonathan Morrison \ud83d\ude4b\ud83c\udffb\u200d\u2642\ufe0f", "username": "tldtoday", "id": "126124275", "description": "trying to make cool things. got a new song coming out too \ud83d\ude00\ud83d\udc47\ud83c\udffd"}, {"created_at": "2009-12-31T06:59:09.000Z", "verified": false, "location": "New York, USA", "public_metrics": {"followers_count": 75815, "following_count": 107, "tweet_count": 14489, "listed_count": 370, "like_count": 9426, "media_count": 3162}, "name": "Flossy Carter", "username": "FlossyCarter", "id": "100706620", "description": "I make Hardcore Tech Videos on Youtube!\nhttps://t.co/0jkj2WdaGo"}, {"created_at": "2009-10-23T21:28:13.000Z", "verified": false, "location": "New York, NY", "public_metrics": {"followers_count": 40665, "following_count": 1516, "tweet_count": 58298, "listed_count": 280, "like_count": 30376, "media_count": 14126}, "name": "BooredAtWork", "username": "booredatwork", "id": "84693064", "description": "I was booredatwork at one point. Now I love to keep people entertained with all things tech, lifestyle and entertainment YouTube: https://t.co/H9ld0IQS42"}, {"created_at": "2008-11-28T04:19:10.000Z", "verified": false, "location": "Orlando, FL", "public_metrics": {"followers_count": 104103, "following_count": 918, "tweet_count": 57960, "listed_count": 574, "like_count": 15415, "media_count": 9239}, "name": "Danny Winget", "username": "superscientific", "id": "17698709", "description": "Digital Content Creator. All Things Tech. Proud Father of 2. Sneakers. @superscientific everywhere // Business Inquiries email: superscientific@gmail.com", "pinned_tweet_id": "1920501673123787000"}, {"created_at": "2011-10-10T19:13:11.000Z", "verified": false, "location": "Victoria, BC", "public_metrics": {"followers_count": 61389, "following_count": 313, "tweet_count": 26895, "listed_count": 347, "like_count": 20856, "media_count": 4443}, "name": "Justin Tse", "username": "JustinTse", "id": "388444930", "description": "YouTube tech, home, lifestyle content creator. https://t.co/ybEyuK1MbE Business - Justin@FeatureMedia.ca", "pinned_tweet_id": "1968678899421700373"}, {"created_at": "2011-10-21T18:32:46.000Z", "verified": false, "location": "Los Angeles, CA", "public_metrics": {"followers_count": 1190912, "following_count": 1194, "tweet_count": 7322, "listed_count": 3417, "like_count": 24382, "media_count": 1852}, "name": "Vsauce", "username": "tweetsauce", "id": "395477244", "description": "My name is Michael Stevens.\nhttps://t.co/scDOMiNr56 | https://t.co/bcwS0yo8Uh", "pinned_tweet_id": "1603807576549863424"}, {"created_at": "2009-06-02T20:12:29.000Z", "verified": false, "public_metrics": {"followers_count": 229426500, "following_count": 1240, "tweet_count": 90684, "listed_count": 165492, "like_count": 187917, "media_count": 4256}, "name": "Elon Musk", "username": "elonmusk", "id": "44196397", "description": "", "pinned_tweet_id": "1997453175230738562"}, {"created_at": "2011-06-12T00:03:20.000Z", "verified": false, "location": "Phoenix, AZ", "public_metrics": {"followers_count": 73272, "following_count": 373, "tweet_count": 54200, "listed_count": 502, "like_count": 10152, "media_count": 6763}, "name": "Dom Esposito", "username": "macmixing", "id": "315498416", "description": "I'm basically a professional traveling nerd \ud83e\udd37\u200d\u2642\ufe0f Reach out \u2709\ufe0f: dom@talent.neoreach.com", "pinned_tweet_id": "1983965291622363159"}, {"created_at": "2015-04-04T09:10:25.000Z", "verified": true, "location": "India", "public_metrics": {"followers_count": 2604364, "following_count": 15, "tweet_count": 304043, "listed_count": 872, "like_count": 2791, "media_count": 39287}, "name": "OnePlus India", "username": "OnePlus_IN", "id": "3138727082", "description": "Never Settle."}, {"created_at": "2010-05-20T01:31:15.000Z", "verified": false, "location": "India", "public_metrics": {"followers_count": 340989, "following_count": 53, "tweet_count": 34634, "listed_count": 645, "like_count": 15036, "media_count": 5577}, "name": "C4ETech", "username": "C4ETech", "id": "145851433", "description": "I'm Old, I'm Tired & I work with children!\n#30Squad Leader"}, {"created_at": "2009-07-22T03:37:19.000Z", "verified": false, "location": "Los Angeles, CA", "public_metrics": {"followers_count": 644947, "following_count": 200, "tweet_count": 59582, "listed_count": 2455, "like_count": 16179, "media_count": 4774}, "name": "Austin Evans", "username": "austinnotduncan", "id": "59023203", "description": "has a youtube channel"}, {"created_at": "2009-09-08T22:05:17.000Z", "verified": true, "location": "www.colorware.com", "public_metrics": {"followers_count": 142022, "following_count": 328, "tweet_count": 14793, "listed_count": 176, "like_count": 7474, "media_count": 7464}, "name": "ColorWare", "username": "ColorWare", "id": "72682943", "description": "The OFFICIAL ColorWare Twitter Page https://t.co/vqsA5MVJLL", "pinned_tweet_id": "1903146019455369277"}, {"created_at": "2010-04-20T06:50:06.000Z", "verified": false, "location": "India", "public_metrics": {"followers_count": 759812, "following_count": 14, "tweet_count": 59128, "listed_count": 855, "like_count": 932, "media_count": 10002}, "name": "Ranjit", "username": "geekyranjit", "id": "135062529", "description": "A resident geek for over three decades! A Youtuber I have my own blunt point of view about Technology."}, {"created_at": "2013-07-26T06:54:45.000Z", "verified": false, "location": "Bangalore", "public_metrics": {"followers_count": 13421, "following_count": 611, "tweet_count": 7291, "listed_count": 81, "like_count": 1685, "media_count": 285}, "name": "Uber Bangalore", "username": "Uber_BLR", "id": "1622231778", "description": "@Uber_BLR is no longer monitored. We love your Uber Bat-Signals here, but we'd love it if you send all queries to @UberINSupport, follow @Uber_India for updates", "pinned_tweet_id": "759038153114030080"}, {"created_at": "2012-08-16T23:16:47.000Z", "verified": false, "location": "Seattle, WA", "public_metrics": {"followers_count": 101352, "following_count": 2745, "tweet_count": 273817, "listed_count": 763, "like_count": 133207, "media_count": 35586}, "name": "Barnacules Nerdgasm", "username": "Barnacules", "id": "762522504", "description": "Former Microsoft Dev | Coding & Robotics Insight | Windows ESC | AI Enthusiast | Tech Tips | Vibe Coding | Content Creator | Premium+ User | Grok xAI Red Team", "pinned_tweet_id": "1997394320886804947"}, {"created_at": "2011-01-18T04:39:42.000Z", "verified": false, "location": "Toronto", "public_metrics": {"followers_count": 2432527, "following_count": 490, "tweet_count": 25215, "listed_count": 4458, "like_count": 10285, "media_count": 4243}, "name": "Unbox Therapy", "username": "UnboxTherapy", "id": "239672340", "description": "Where products get naked."}, {"created_at": "2009-11-12T13:16:01.000Z", "verified": false, "location": "Bengaluru, India", "public_metrics": {"followers_count": 735224, "following_count": 38, "tweet_count": 615793, "listed_count": 494, "like_count": 6044, "media_count": 9094}, "name": "Myntra", "username": "myntra", "id": "89443197", "description": "End of Reason Sale is now live \u2728Price crash with 50\u201390% off. Shop now\ud83d\udc47", "pinned_tweet_id": "1996566330011758915"}, {"created_at": "2013-07-31T22:41:25.000Z", "verified": false, "location": "Cupertino", "public_metrics": {"followers_count": 14428050, "following_count": 70, "tweet_count": 1872, "listed_count": 24446, "like_count": 2006, "media_count": 829}, "name": "Tim Cook", "username": "tim_cook", "id": "1636590253", "description": "Apple CEO \uf8ff Auburn \ud83c\udfc0 \ud83c\udfc8 Duke \ud83c\udfc0 National Parks \ud83c\udfde\ufe0f \u201cLife's most persistent and urgent question is, 'What are you doing for others?'\u201d - MLK. he/him"}, {"created_at": "2007-03-29T11:00:55.000Z", "verified": false, "location": "India", "public_metrics": {"followers_count": 43515, "following_count": 4206, "tweet_count": 95775, "listed_count": 321, "like_count": 60754, "media_count": 8712}, "name": "Varun Krishnan", "username": "varunkrish", "id": "2824241", "description": "Founder @FoneArena https://t.co/lf9vaRUQCX - India's OG Tech Portal since 2005 | Chief Tinkerer @FoneLabsindia | Travel @flyingarena | Tech Columnist"}, {"created_at": "2009-04-09T00:50:00.000Z", "verified": false, "location": "NYC", "public_metrics": {"followers_count": 6161468, "following_count": 482, "tweet_count": 56464, "listed_count": 14771, "like_count": 29838, "media_count": 8727}, "name": "Marques Brownlee", "username": "MKBHD", "id": "29873662", "description": "Web Video Producer | \u22c8 | Pro Ultimate Frisbee Player | Host of @WVFRM @TheStudio", "pinned_tweet_id": "1282750287229456385"}, {"created_at": "2010-04-19T10:50:15.000Z", "verified": false, "public_metrics": {"followers_count": 13975718, "following_count": 167, "tweet_count": 1034794, "listed_count": 13315, "like_count": 42, "media_count": 467725}, "name": "The Times Of India", "username": "timesofindia", "id": "134758540", "description": "News. Views. Analysis. Conversations. Follow us on Telegram https://t.co/bt0eINnEu8 | WhatsApp https://t.co/nhIk2Oq1SP"}, {"created_at": "2014-10-27T13:16:04.000Z", "verified": false, "location": "Bangalore,Karnataka,india", "public_metrics": {"followers_count": 37, "following_count": 23, "tweet_count": 139, "listed_count": 0, "like_count": 168, "media_count": 21}, "name": "Karthikeyan umesh", "username": "naraianlegrand", "id": "2879582107", "description": "Welcome to a world of positivity!"}, {"created_at": "2010-02-24T15:55:44.000Z", "verified": false, "public_metrics": {"followers_count": 39098, "following_count": 8, "tweet_count": 36101, "listed_count": 849, "like_count": 349, "media_count": 13518}, "name": "SourceForge Podcast", "username": "SourceForgePod", "id": "117117530", "description": "Official X of the SourceForge Podcast. Full podcasts and clips from the @SourceForge Podcast, the biggest B2B software podcast in the world."}, {"created_at": "2010-05-27T19:36:04.000Z", "verified": true, "location": "Japan", "public_metrics": {"followers_count": 828391, "following_count": 113, "tweet_count": 70387, "listed_count": 2179, "like_count": 6828, "media_count": 6667}, "name": "Sony | Xperia", "username": "sonyxperia", "id": "148850220", "description": "The official global X page for Sony \u2013 Xperia.\nThe new standard is coming\u2026 #Xperia10VII", "pinned_tweet_id": "1966333181877166174"}, {"created_at": "2008-09-25T15:36:39.000Z", "verified": false, "location": "Worldwide", "public_metrics": {"followers_count": 172241, "following_count": 416, "tweet_count": 70290, "listed_count": 2978, "like_count": 535, "media_count": 8464}, "name": "Pocketnow", "username": "Pocketnow", "id": "16452299", "description": "Smartphone, Tablet and Wearables Reviews, Videos, Editorials and News"}, {"created_at": "2008-07-30T15:59:24.000Z", "verified": false, "location": "Irvine, California", "public_metrics": {"followers_count": 179281, "following_count": 4429, "tweet_count": 73574, "listed_count": 1840, "like_count": 72406, "media_count": 5727}, "name": "Jon Rettinger", "username": "Jon4Lakers", "id": "15661911", "description": "I used to own a website now I make videos. Email: jon@jflnetwork.com A part of JFL Network.", "pinned_tweet_id": "1751058237192065372"}, {"created_at": "2009-12-16T04:52:36.000Z", "verified": false, "location": "New Delhi, India", "public_metrics": {"followers_count": 15155, "following_count": 17, "tweet_count": 1745, "listed_count": 54, "like_count": 1061, "media_count": 243}, "name": "Bharat Nagpal", "username": "TheBharatNagpal", "id": "97137689", "description": "Founder and Chief Editor of the @iGyaan Network ! Tweets may be unrelated ! https://t.co/6Pse6lDV8e | https://t.co/VRWw2wniv6"}, {"created_at": "2008-03-12T05:51:53.000Z", "verified": false, "public_metrics": {"followers_count": 5598787, "following_count": 188, "tweet_count": 2564, "listed_count": 10981, "like_count": 1144, "media_count": 320}, "name": "Sundar Pichai", "username": "sundarpichai", "id": "14130366", "description": "CEO,  Google and Alphabet", "pinned_tweet_id": "1990812770762215649"}, {"created_at": "2009-12-08T15:13:34.000Z", "verified": false, "public_metrics": {"followers_count": 1171100, "following_count": 114, "tweet_count": 104557, "listed_count": 5747, "like_count": 4664, "media_count": 32637}, "name": "Android Authority", "username": "AndroidAuth", "id": "95438524", "description": "Your source for the best phones, apps, headphones, deals, and more. Send tips to tips@androidauthority.com. Some of our links may earn us affiliate commissions."}, {"created_at": "2013-11-16T01:50:21.000Z", "verified": true, "public_metrics": {"followers_count": 2416446, "following_count": 86, "tweet_count": 19390, "listed_count": 3857, "like_count": 24243, "media_count": 6082}, "name": "OnePlus", "username": "oneplus", "id": "2196922086", "description": "Good enough is never enough. #NeverSettle\n\nFor help please DM @OnePlus_Support."}, {"created_at": "2011-04-01T19:54:22.000Z", "verified": true, "location": "New York", "public_metrics": {"followers_count": 3324963, "following_count": 177, "tweet_count": 248684, "listed_count": 35956, "like_count": 1335, "media_count": 174311}, "name": "The Verge", "username": "verge", "id": "275686563", "description": "https://t.co/GYkBloRfPz covers life in the future."}, {"created_at": "2008-04-13T02:42:50.000Z", "verified": true, "location": "Global", "public_metrics": {"followers_count": 2213533, "following_count": 239, "tweet_count": 221872, "listed_count": 44713, "like_count": 1616, "media_count": 99201}, "name": "Engadget", "username": "engadget", "id": "14372486", "description": "Engadget is the original home for technology news and reviews. https://t.co/XnAXVxyA78"}, {"created_at": "2009-02-10T19:14:39.000Z", "verified": true, "location": "Mountain View, CA", "public_metrics": {"followers_count": 31497324, "following_count": 287, "tweet_count": 247575, "listed_count": 89644, "like_count": 3813, "media_count": 37629}, "name": "Google", "username": "Google", "id": "20536157", "description": "Here to help.", "pinned_tweet_id": "1996651163060416859"}, {"created_at": "2009-03-16T18:30:52.000Z", "verified": true, "location": "Redmond, Washington", "public_metrics": {"followers_count": 23953545, "following_count": 14832, "tweet_count": 322996, "listed_count": 21642, "like_count": 7997, "media_count": 45015}, "name": "Xbox", "username": "Xbox", "id": "24742040", "description": "Gaming since 2001", "pinned_tweet_id": "1995538463119323577"}, {"created_at": "2008-07-31T03:43:16.000Z", "verified": true, "location": "Redmond, Washington", "public_metrics": {"followers_count": 8112997, "following_count": 1, "tweet_count": 416974, "listed_count": 20048, "like_count": 6516, "media_count": 9750}, "name": "Windows", "username": "Windows", "id": "15670515", "description": "Meet the computer you can talk to.", "pinned_tweet_id": "1978930144728215717"}, {"created_at": "2009-09-14T22:35:42.000Z", "verified": true, "location": "Redmond, WA", "public_metrics": {"followers_count": 13133171, "following_count": 2290, "tweet_count": 31051, "listed_count": 26979, "like_count": 13957, "media_count": 3299}, "name": "Microsoft", "username": "Microsoft", "id": "74286565", "description": "We're on a mission to empower every person and every organization on the planet to achieve more. Support: @MicrosoftHelps"}, {"created_at": "2009-01-10T17:18:56.000Z", "verified": true, "location": "India", "public_metrics": {"followers_count": 105909741, "following_count": 2680, "tweet_count": 48717, "listed_count": 31776, "like_count": 0, "media_count": 20183}, "name": "Narendra Modi", "username": "narendramodi", "id": "18839785", "description": "Prime Minister of India"}, {"created_at": "2007-03-29T07:22:48.000Z", "verified": true, "location": "Santa Clara, California", "public_metrics": {"followers_count": 4475578, "following_count": 1335, "tweet_count": 23323, "listed_count": 14140, "like_count": 14055, "media_count": 5091}, "name": "Intel", "username": "intel", "id": "2803191", "description": "Intel news, stories & events about global tech innovation. That\u2019s the power of #IntelInside. Looking for support? Tweet @IntelSupport"}, {"created_at": "2007-11-13T21:43:46.000Z", "verified": true, "location": "San Bruno, CA", "public_metrics": {"followers_count": 68041657, "following_count": 1144, "tweet_count": 60505, "listed_count": 76059, "like_count": 6036, "media_count": 16066}, "name": "YouTube", "username": "YouTube", "id": "10228272", "description": "your 2025 Recap just dropped! link in bio \ud83d\udc47"}, {"created_at": "2011-05-12T01:59:25.000Z", "verified": true, "public_metrics": {"followers_count": 10857428, "following_count": 113, "tweet_count": 10855, "listed_count": 12664, "like_count": 1303, "media_count": 4904}, "name": "Samsung Mobile", "username": "SamsungMobile", "id": "297169759", "description": "Official X of Samsung Galaxy.\n#GalaxyAI"}, {"created_at": "2013-03-20T10:40:49.000Z", "verified": true, "location": "India", "public_metrics": {"followers_count": 2511535, "following_count": 0, "tweet_count": 284244, "listed_count": 1305, "like_count": 5484, "media_count": 67566}, "name": "Amazon India", "username": "amazonIN", "id": "1282946089", "description": "The official Twitter profile of https://t.co/xHtunc8lmR"}, {"created_at": "2009-07-18T14:45:02.000Z", "verified": true, "location": "India", "public_metrics": {"followers_count": 2873269, "following_count": 12, "tweet_count": 40910, "listed_count": 1517, "like_count": 2992, "media_count": 11894}, "name": "Flipkart", "username": "Flipkart", "id": "57947109", "description": "Have queries? Send them here by clicking on this link \ud83d\udc47 https://t.co/USqO270bKA"}, {"created_at": "2010-06-07T08:31:34.000Z", "verified": false, "location": "New Delhi, INDIA", "public_metrics": {"followers_count": 153181, "following_count": 37, "tweet_count": 21666, "listed_count": 363, "like_count": 1764, "media_count": 3820}, "name": "iGyaan", "username": "igyaan", "id": "152948013", "description": "iGyaan Network Is Your Source For What's Happening in the World of Tech"}], "meta": {"result_count": 135}}