{"data": [{"verified": false, "location": "London, UK", "public_metrics": {"followers_count": 798, "following_count": 782, "tweet_count": 5841, "listed_count": 27, "like_count": 1308, "media_count": 166}, "username": "jpedroribeiro", "name": "J. Pedro Ribeiro", "created_at": "2009-04-10T08:46:32.000Z", "id": "30187291", "description": "Brazilian Front-end Engineer living in London \ud83c\udf10 \ud83c\udf7b \ud83e\udd7e"}, {"verified": false, "public_metrics": {"followers_count": 13764, "following_count": 651, "tweet_count": 16044, "listed_count": 14, "like_count": 60029, "media_count": 4146}, "username": "kelskiYT", "name": "Kelski", "created_at": "2011-07-08T17:31:59.000Z", "id": "331756972", "description": "I make youtube videos occasionally // 300k+ subs // WATER CODE: KELSKI // business: kelski@underscoretalent.com"}, {"verified": false, "location": "Lumi\u00e8re ", "pinned_tweet_id": "1915301788640571522", "public_metrics": {"followers_count": 226574, "following_count": 38, "tweet_count": 2702, "listed_count": 214, "like_count": 8126, "media_count": 374}, "username": "expedition33", "name": "Clair Obscur: Expedition 33", "created_at": "2024-04-29T14:19:51.000Z", "id": "1784950674410639360", "description": "Break the cycle. Lead the Expedition.\n\nReactive turn-based RPG by @SandfallGames. \n\nOut Now on Xbox Series X|S, PlayStation 5, and PC via Steam and Epic Games."}, {"verified": true, "location": "Peacock Theater, Los Angeles", "pinned_tweet_id": "1996594088620007924", "public_metrics": {"followers_count": 1516240, "following_count": 934, "tweet_count": 11493, "listed_count": 3411, "like_count": 5556, "media_count": 8572}, "username": "thegameawards", "name": "The Game Awards", "created_at": "2014-09-13T06:43:26.000Z", "id": "2806914710", "description": "Streaming Live Thursday, December 11.\nWatch Nominee Announcement: https://t.co/5d6ct51wwC\nVote Now: https://t.co/OQMRg9e5g1"}, {"verified": false, "location": "Helsinki, Finland", "pinned_tweet_id": "1658721548046417921", "public_metrics": {"followers_count": 839, "following_count": 237, "tweet_count": 72694, "listed_count": 35, "like_count": 5732, "media_count": 2127}, "username": "V_TNO", "name": "Tino Thamjarat", "created_at": "2010-06-14T22:41:34.000Z", "id": "155718740", "description": "I do stuffs with computer and mentoring programmers.\n\nSoftware Engineer @unity\n\nBacking and advising: https://t.co/43LFka4xTu"}, {"verified": false, "location": "London, England", "pinned_tweet_id": "1830651534226674101", "public_metrics": {"followers_count": 2703, "following_count": 350, "tweet_count": 1808, "listed_count": 31, "like_count": 3245, "media_count": 240}, "username": "Jaaneek", "name": "Mi\u0142osz Jankiewicz", "created_at": "2022-02-27T01:01:06.000Z", "id": "1497738457996832774", "description": "web dev"}, {"verified": false, "pinned_tweet_id": "1987241275058483479", "public_metrics": {"followers_count": 3864, "following_count": 501, "tweet_count": 347, "listed_count": 60, "like_count": 1789, "media_count": 7}, "username": "LiLiDuc22", "name": "Lily Lim", "created_at": "2024-09-23T23:12:04.000Z", "id": "1838355640890331137", "description": "ex-xAI Head Legal Eagle: Lily is an adventurer, former rocket scientist, and until recently launcher of products at the innovative Elon Musk AI start-up, xAI."}, {"verified": false, "location": "\ub300\ud55c\ubbfc\uad6d \uc11c\uc6b8", "public_metrics": {"followers_count": 749140, "following_count": 16, "tweet_count": 55, "listed_count": 935, "like_count": 10, "media_count": 27}, "username": "faker", "name": "T1 Faker", "created_at": "2019-01-17T20:19:13.000Z", "id": "1085994975181979648", "description": "Mid lane for @T1LoL"}, {"verified": false, "location": "Los Angeles, CA", "public_metrics": {"followers_count": 153691, "following_count": 141, "tweet_count": 38114, "listed_count": 2008, "like_count": 22, "media_count": 1829}, "username": "mitchellh", "name": "Mitchell Hashimoto", "created_at": "2008-01-29T07:56:05.000Z", "id": "12819682", "description": "Working on a new terminal: Ghostty. \ud83d\udc7b Prev: founded @HashiCorp. Created Vagrant, Terraform, Vault, and others. Vision Jet Pilot. \ud83d\udc68\u200d\u2708\ufe0f"}, {"verified": false, "location": "London, England", "public_metrics": {"followers_count": 159, "following_count": 736, "tweet_count": 27, "listed_count": 6, "like_count": 1000, "media_count": 0}, "username": "rabahtahraoui", "name": "Rabah Tahraoui", "created_at": "2019-04-22T15:06:21.000Z", "id": "1120343086029209600", "description": "Software engineer at @xAI, building innovative tech."}, {"verified": false, "location": "San Francisco, CA", "public_metrics": {"followers_count": 1691, "following_count": 1226, "tweet_count": 115, "listed_count": 33, "like_count": 1879, "media_count": 13}, "username": "zchuruk", "name": "zach", "created_at": "2011-10-24T06:32:02.000Z", "id": "397080246", "description": "building @xai. Prev founder of Momentum, @zoox, @mit."}, {"verified": false, "location": "London, England", "pinned_tweet_id": "1961132126298157060", "public_metrics": {"followers_count": 9428, "following_count": 296, "tweet_count": 1676, "listed_count": 108, "like_count": 4226, "media_count": 167}, "username": "skcd42", "name": "skcd", "created_at": "2022-01-10T22:51:49.000Z", "id": "1480673713179795457", "description": "Understanding the universe @xai \nex hacking @aide_dev \nex fb engineer\nICPC WF\n\nits just code \ud83d\udc68\ud83c\udffc\u200d\ud83d\udcbb"}, {"verified": false, "location": "5,000ft", "public_metrics": {"followers_count": 1061, "following_count": 217, "tweet_count": 644, "listed_count": 23, "like_count": 658, "media_count": 66}, "username": "zhaohan_dong", "name": "Zhaohan Dong", "created_at": "2022-05-05T23:36:53.000Z", "id": "1522359661172830214", "description": ""}, {"verified": false, "location": "Dallas, TX", "public_metrics": {"followers_count": 1858, "following_count": 1157, "tweet_count": 421, "listed_count": 48, "like_count": 693, "media_count": 26}, "username": "jdxcode", "name": "Jeff Dickey", "created_at": "2006-07-18T21:44:55.000Z", "id": "2432", "description": "I make dev tools. I love CLIs."}, {"verified": false, "location": "San Francisco, CA", "public_metrics": {"followers_count": 260116, "following_count": 3866, "tweet_count": 56771, "listed_count": 1636, "like_count": 327275, "media_count": 7686}, "username": "theo", "name": "Theo - t3.gg", "created_at": "2016-10-13T01:18:04.000Z", "id": "786375418685165568", "description": "Full time CEO @t3dotchat. Part time YouTuber, investor, and developer"}, {"verified": true, "pinned_tweet_id": "1957470824870400086", "public_metrics": {"followers_count": 25419, "following_count": 637, "tweet_count": 863, "listed_count": 712, "like_count": 22827, "media_count": 75}, "username": "cap", "name": "Cap", "created_at": "2007-03-25T15:35:06.000Z", "id": "2182141", "description": "The open source screen recording and sharing app for macOS and Windows. Free version available. Smooth cursor, auto zoom, shareable links & more."}, {"verified": false, "location": "New York, NY", "pinned_tweet_id": "1977732721259540735", "public_metrics": {"followers_count": 92052, "following_count": 2259, "tweet_count": 12023, "listed_count": 1046, "like_count": 53052, "media_count": 1186}, "username": "jaredpalmer", "name": "Jared Palmer", "created_at": "2009-06-05T16:52:55.000Z", "id": "44936471", "description": "SVP of @GitHub, VP CoreAI @Microsoft"}, {"verified": false, "location": "London, England", "public_metrics": {"followers_count": 133, "following_count": 420, "tweet_count": 1195, "listed_count": 6, "like_count": 2025, "media_count": 49}, "username": "neosepulveda", "name": "Neo Sepulveda", "created_at": "2011-05-21T18:53:11.000Z", "id": "302778478", "description": "I build software and climb rocks - #Bitcoin is hope"}, {"verified": false, "location": "Oxford, England", "pinned_tweet_id": "1988641710629417418", "public_metrics": {"followers_count": 215122, "following_count": 752, "tweet_count": 30831, "listed_count": 1678, "like_count": 60022, "media_count": 2530}, "username": "mattpocockuk", "name": "Matt Pocock", "created_at": "2011-08-01T16:08:26.000Z", "id": "346640777", "description": "I teach devs for a living. Author of Total TypeScript and AI Hero. Ex-@vercel. Used to be a voice coach."}, {"verified": false, "pinned_tweet_id": "1978498543464669543", "public_metrics": {"followers_count": 63665, "following_count": 55, "tweet_count": 2712, "listed_count": 409, "like_count": 3263, "media_count": 772}, "username": "zeddotdev", "name": "Zed", "created_at": "2021-12-15T14:44:57.000Z", "id": "1471128655699062784", "description": "A next-generation code editor that enables high-performance collaboration with AI and your team. https://t.co/4Ua0UqLrsv"}, {"verified": false, "pinned_tweet_id": "1979563124484419692", "public_metrics": {"followers_count": 64164, "following_count": 157, "tweet_count": 3092, "listed_count": 315, "like_count": 1073, "media_count": 1919}, "username": "8BitDo", "name": "8BitDo", "created_at": "2013-07-12T16:02:30.000Z", "id": "1588848403", "description": "\ud83d\udc7e\ud83c\udfae \\( * ^_^)/"}, {"verified": false, "location": "California", "public_metrics": {"followers_count": 240626, "following_count": 834, "tweet_count": 5676, "listed_count": 2728, "like_count": 32681, "media_count": 429}, "username": "natfriedman", "name": "Nat Friedman", "created_at": "2008-02-08T05:20:41.000Z", "id": "13235832", "description": "https://t.co/Lhh178sIjq"}, {"verified": false, "pinned_tweet_id": "1990502867967570423", "public_metrics": {"followers_count": 52392, "following_count": 0, "tweet_count": 12617, "listed_count": 306, "like_count": 19505, "media_count": 5492}, "username": "techdevnotes", "name": "Tech Dev Notes", "created_at": "2022-12-19T15:38:51.000Z", "id": "1604863807574212611", "description": "Notes on tech | https://t.co/L0xyXaUV2y"}, {"verified": false, "public_metrics": {"followers_count": 5309, "following_count": 329, "tweet_count": 6380, "listed_count": 55, "like_count": 14305, "media_count": 709}, "username": "anthonysheww", "name": "Anthony Shew", "created_at": "2014-08-26T15:56:52.000Z", "id": "2770265622", "description": "Building Turborepo at @vercel | Used to play pro \u26be, now I\u2019m a full-stack comedian."}, {"verified": false, "location": "San Francisco, CA", "pinned_tweet_id": "1991884580341879028", "public_metrics": {"followers_count": 318048, "following_count": 555, "tweet_count": 49876, "listed_count": 3709, "like_count": 65901, "media_count": 4645}, "username": "rauchg", "name": "Guillermo Rauch", "created_at": "2008-07-22T22:54:37.000Z", "id": "15540222", "description": "@vercel CEO"}, {"verified": false, "location": "London, England", "public_metrics": {"followers_count": 10972, "following_count": 973, "tweet_count": 3416, "listed_count": 153, "like_count": 9872, "media_count": 581}, "username": "attilablenesi", "name": "Attila", "created_at": "2011-04-14T18:04:19.000Z", "id": "282176468", "description": "Android @xAI & @X"}, {"verified": false, "location": "London, UK", "public_metrics": {"followers_count": 48307, "following_count": 572, "tweet_count": 771, "listed_count": 715, "like_count": 3736, "media_count": 90}, "username": "TobyPhln", "name": "Toby Pohlen", "created_at": "2012-12-19T22:26:25.000Z", "id": "1023014000", "description": "Founding member @xAI. Previously @GoogleDeepMind. @RWTH alumnus."}, {"verified": false, "location": "London, England", "public_metrics": {"followers_count": 3439, "following_count": 237, "tweet_count": 19, "listed_count": 69, "like_count": 593, "media_count": 0}, "username": "JaimeAlns", "name": "Jaime Alonso", "created_at": "2007-04-17T19:03:53.000Z", "id": "5029891", "description": "@xAI"}, {"verified": true, "location": "wherever you are", "pinned_tweet_id": "1955006865332638036", "public_metrics": {"followers_count": 6743143, "following_count": 3, "tweet_count": 72146115, "listed_count": 5424, "like_count": 79, "media_count": 2775212}, "username": "grok", "name": "Grok", "created_at": "2023-11-04T04:52:34.000Z", "id": "1720665183188922368", "description": "https://t.co/fqNKQSiLQB\n@grok it"}, {"verified": true, "pinned_tweet_id": "1990530499752980638", "public_metrics": {"followers_count": 1844187, "following_count": 38, "tweet_count": 188, "listed_count": 6130, "like_count": 207, "media_count": 68}, "username": "xai", "name": "xAI", "created_at": "2023-05-25T00:06:30.000Z", "id": "1661523610111193088", "description": ""}, {"verified": false, "location": "Windows ME", "pinned_tweet_id": "1996374994402840708", "public_metrics": {"followers_count": 315378, "following_count": 1186, "tweet_count": 44129, "listed_count": 1425, "like_count": 116334, "media_count": 4909}, "username": "ThePrimeagen", "name": "ThePrimeagen", "created_at": "2011-05-02T16:42:29.000Z", "id": "291797158", "description": "skill issues: \ud83d\udfe9\u2b1b\ufe0f\u2b1b\ufe0f\u2b1b\ufe0f\u2b1b\ufe0f\u2b1b\ufe0f(69/420)\n\nhttps://t.co/qWJnB6p4EP\nhttps://t.co/IwY3FTx1ZE\nhttps://t.co/TYJ6aSpwYs"}, {"verified": true, "public_metrics": {"followers_count": 1012006, "following_count": 113, "tweet_count": 12794, "listed_count": 2705, "like_count": 20682, "media_count": 2769}, "username": "XGaming", "name": "Gaming", "created_at": "2015-10-12T22:08:01.000Z", "id": "3873936134", "description": "videogames"}, {"verified": false, "public_metrics": {"followers_count": 3, "following_count": 108, "tweet_count": 175, "listed_count": 0, "like_count": 193, "media_count": 6}, "username": "bd_eternity", "name": "L Kb", "created_at": "2017-12-04T08:35:58.000Z", "id": "937601357552402432", "description": ""}, {"verified": true, "location": "The Crossroads", "pinned_tweet_id": "1971246947429228884", "public_metrics": {"followers_count": 426059, "following_count": 43, "tweet_count": 24910, "listed_count": 2102, "like_count": 14527, "media_count": 987}, "username": "SupergiantGames", "name": "Supergiant Games - HADES II out now!", "created_at": "2010-02-18T00:17:39.000Z", "id": "115216851", "description": "Creators of Hades, Pyre, Transistor, and Bastion.\n\n\u00b7 Merchandise: https://t.co/P1G9taLh2N\n\u00b7 Discord: https://t.co/wA3owJ9cqC"}, {"verified": true, "location": "Fractured Peaks, Sanctuary", "pinned_tweet_id": "1996285842449485954", "public_metrics": {"followers_count": 948958, "following_count": 57, "tweet_count": 36851, "listed_count": 5888, "like_count": 11317, "media_count": 4644}, "username": "Diablo", "name": "Diablo", "created_at": "2009-07-28T22:39:00.000Z", "id": "61040833", "description": "ESRB Rating: MATURE with Blood and Gore, Intense Violence, Language. #DiabloIV is available now. Welcome to Hell \ud83c\udf39"}, {"verified": false, "pinned_tweet_id": "1881555429425401944", "public_metrics": {"followers_count": 8243, "following_count": 93, "tweet_count": 895, "listed_count": 55, "like_count": 4336, "media_count": 448}, "username": "ArcanePigeon", "name": "Holly Gregorio", "created_at": "2013-04-05T20:41:07.000Z", "id": "1330055191", "description": "She/Her\nPixel Artist, UI Designer, Creator of Probably Chests and Mob Scarecrows Minecraft Mods, Minecraft GUI Gremlin, Writer."}, {"verified": false, "location": "Earth", "public_metrics": {"followers_count": 2004, "following_count": 4, "tweet_count": 269, "listed_count": 17, "like_count": 180, "media_count": 63}, "username": "railsui_", "name": "Rails UI", "created_at": "2022-03-19T19:50:46.000Z", "id": "1505270168079015944", "description": "Professionally designed UI components & themes made for Ruby on Rails."}, {"verified": false, "pinned_tweet_id": "1790785287540682928", "public_metrics": {"followers_count": 326914, "following_count": 1, "tweet_count": 1179, "listed_count": 2141, "like_count": 3, "media_count": 940}, "username": "xkcd", "name": "Randall Munroe", "created_at": "2009-02-17T23:36:03.000Z", "id": "21146468", "description": "I draw the comic xkcd"}, {"verified": false, "location": "Online!", "pinned_tweet_id": "1908323705731633426", "public_metrics": {"followers_count": 61851, "following_count": 79, "tweet_count": 5424, "listed_count": 851, "like_count": 1328, "media_count": 1140}, "username": "ludumdare", "name": "Ludum Dare", "created_at": "2008-09-05T22:45:44.000Z", "id": "16150760", "description": "The worlds largest online Game Jam, established in 2002. Follow https://t.co/ZZWJeMb9zT on Bluesky. \ud83c\udf41\ud83c\udff3\ufe0f\u200d\u26a7\ufe0f\ud83c\udff3\ufe0f\u200d\ud83c\udf08\n\nHashtag #LDJam"}, {"verified": true, "location": "Out now", "pinned_tweet_id": "1988910142851629072", "public_metrics": {"followers_count": 10660, "following_count": 13, "tweet_count": 1306, "listed_count": 28, "like_count": 1061, "media_count": 565}, "username": "PlayRavenswatch", "name": "Ravenswatch", "created_at": "2022-07-06T13:59:40.000Z", "id": "1544681993253916676", "description": "Available on Steam and consoles.\n\nSolo or in online co-op, defend the world of folk tales and legends in this roguelike action game from @PasstechGames."}, {"verified": false, "public_metrics": {"followers_count": 3322, "following_count": 74, "tweet_count": 735, "listed_count": 3, "like_count": 525, "media_count": 241}, "username": "DOUGHtechnology", "name": "DOUGH", "created_at": "2021-10-07T07:45:08.000Z", "id": "1446018714579701764", "description": "Power Your Passion. \ud83d\udda5\ufe0f DOUGH Spectrum - World\u2019s First Glossy Gaming Monitor For The Ultimate Immersion!"}, {"verified": false, "location": "Snowdwell", "pinned_tweet_id": "1646076560963665921", "public_metrics": {"followers_count": 8159, "following_count": 10, "tweet_count": 411, "listed_count": 43, "like_count": 390, "media_count": 53}, "username": "WildfrostGame", "name": "Wildfrost \u2744\ufe0f", "created_at": "2021-08-27T17:14:03.000Z", "id": "1431303941950746626", "description": "\u2744 A frosty roguelike deckbuilder available for PC, Nintendo Switch, Xbox and Mobile! \u26c4 \nSteam:https://t.co/mbXkEDJBD0 \nDiscord:https://t.co/WBm0rJcdSc"}, {"verified": false, "location": "Bristol, England", "public_metrics": {"followers_count": 5535, "following_count": 587, "tweet_count": 2615, "listed_count": 131, "like_count": 3223, "media_count": 460}, "username": "onegamewill", "name": "Will Lewis", "created_at": "2014-09-29T21:17:43.000Z", "id": "2835666061", "description": "Developer of Wildfrost & Caveblazers \u2744\ufe0f\ud83c\udff9\n\nBoth out now on Steam & Switch!\nhttps://t.co/ddnbG0cccl\n\nRuns @deadpanjam \ud83d\udc80"}, {"verified": false, "location": "Quebec, Canada", "pinned_tweet_id": "1924827582899323188", "public_metrics": {"followers_count": 114739, "following_count": 217, "tweet_count": 2993, "listed_count": 470, "like_count": 35020, "media_count": 518}, "username": "seaofstarsgame", "name": "Sea of Stars", "created_at": "2019-04-02T20:47:50.000Z", "id": "1113181265715494913", "description": "A retro-inspired turn-based RPG from @SabotageQC. \n\ud83c\udfae Out now on PC, Switch, PS & Xbox"}, {"verified": true, "public_metrics": {"followers_count": 287728, "following_count": 0, "tweet_count": 1024, "listed_count": 2358, "like_count": 218, "media_count": 173}, "username": "tailwindcss", "name": "Tailwind CSS", "created_at": "2017-08-09T13:20:05.000Z", "id": "895273477711769600", "description": "The utility-first CSS framework. Rapidly build modern websites, without ever leaving your HTML."}, {"verified": false, "location": "Maryland, USA", "pinned_tweet_id": "1906840587526885635", "public_metrics": {"followers_count": 56717, "following_count": 720, "tweet_count": 15923, "listed_count": 468, "like_count": 37940, "media_count": 1539}, "username": "ImSh4yy", "name": "Shayan", "created_at": "2017-02-13T22:17:48.000Z", "id": "831266147643359233", "description": "Building https://t.co/PhWtp8hoqg and https://t.co/LMshQbSBwp in public."}, {"verified": false, "location": "transientcodeart@gmail.com", "pinned_tweet_id": "1851530247742570511", "public_metrics": {"followers_count": 25493, "following_count": 1905, "tweet_count": 18148, "listed_count": 352, "like_count": 47977, "media_count": 1580}, "username": "TransientCode", "name": "\ud835\ude83\ud835\ude9b\ud835\ude8a\ud835\ude97\ud835\ude9c\ud835\ude92\ud835\ude8e\ud835\ude97\ud835\ude9d\ud835\ude72\ud835\ude98\ud835\ude8d\ud835\ude8e \ud835\udd54\ud835\udd60\ud835\udd5e\ud835\udd5e\ud835\udd64 \ud835\udd57\ud835\udd66\ud835\udd5d\ud835\udd5d", "created_at": "2020-07-31T11:17:50.000Z", "id": "1289158263204909056", "description": "Quality Organic Pixels from the 6 Counties | Check out my KoFi store for free & premium pixelart stuff | App I use: Pixquare (30% OFF with code \"transient\")"}, {"verified": true, "location": "Summoner's Rift", "pinned_tweet_id": "1995523292040396994", "public_metrics": {"followers_count": 4657236, "following_count": 539, "tweet_count": 32395, "listed_count": 5268, "like_count": 17563, "media_count": 6176}, "username": "LeagueOfLegends", "name": "League of Legends", "created_at": "2012-05-11T19:35:35.000Z", "id": "577401044", "description": "#LeagueOfLegends is a free competitive action-strategy video game \u2694\ufe0f Made by @riotgames \u2694\ufe0f"}, {"verified": true, "location": "Worldwide", "pinned_tweet_id": "1987492576765886709", "public_metrics": {"followers_count": 2578824, "following_count": 601, "tweet_count": 75160, "listed_count": 4432, "like_count": 7645, "media_count": 38991}, "username": "lolesports", "name": "LoL Esports", "created_at": "2012-06-22T01:55:13.000Z", "id": "614754689", "description": "Your source for all things @LeagueOfLegends Esports.\nCongratulations to the #Worlds2025 Champions: @T1LoL!"}, {"verified": false, "location": "London", "pinned_tweet_id": "1644271486746730497", "public_metrics": {"followers_count": 88760, "following_count": 1265, "tweet_count": 2351, "listed_count": 780, "like_count": 693, "media_count": 493}, "username": "ohdaughter", "name": "Daughter", "created_at": "2010-11-30T20:10:28.000Z", "id": "221486800", "description": "Updates by DHQ, Daughter's management. Daughter are Elena Tonra, Igor Haefeli & Remi Aguilella."}, {"verified": false, "location": "\u0e2d\u0e38\u0e14\u0e23\u0e18\u0e32\u0e19\u0e35, \u0e1b\u0e23\u0e30\u0e40\u0e17\u0e28\u0e44\u0e17\u0e22", "pinned_tweet_id": "1888899401877499946", "public_metrics": {"followers_count": 2425487, "following_count": 1, "tweet_count": 86, "listed_count": 511, "like_count": 51, "media_count": 40}, "username": "pang3pongsow", "name": "\u0e41\u0e1b\u0e49\u0e07\u0e2a\u0e32\u0e21\u0e1b\u0e4b\u0e2d\u0e07\u0e0b\u0e32\u0e27", "created_at": "2021-12-16T17:54:46.000Z", "id": "1471539261224615938", "description": "\u0e2a\u0e27\u0e31\u0e2a\u0e14\u0e35\u0e0b\u0e38\u0e21\u0e40\u0e08\u0e49\u0e32 \ud83c\uddf9\ud83c\udded\ud83c\uddfb\ud83c\uddf3 \ud83d\udcaf \u0e02\u0e49\u0e2d\u0e22\u0e44\u0e21\u0e48\u0e44\u0e14\u0e49\u0e17\u0e33 Only Fan \u0e44\u0e21\u0e48\u0e40\u0e04\u0e22\u0e16\u0e48\u0e32\u0e22 18+ !! https://t.co/B3qVNL8sf6"}, {"verified": false, "location": "hello@loftia.gg", "pinned_tweet_id": "1799238476766036322", "public_metrics": {"followers_count": 30077, "following_count": 366, "tweet_count": 1065, "listed_count": 127, "like_count": 2622, "media_count": 319}, "username": "loftiadev", "name": "\u2601\ufe0f Loftia - Wishlist on Steam! \u2601\ufe0f", "created_at": "2022-05-03T13:24:21.000Z", "id": "1521480715438899201", "description": "Join us in developing Loftia - a cozy MMO game set on a solarpunk city in the sky! \u2600\ufe0f\u2601\ufe0f\ud83c\udf31 Wishlist on Steam!"}, {"verified": false, "location": "Status: linearstatus.com", "pinned_tweet_id": "1981036935477960711", "public_metrics": {"followers_count": 88150, "following_count": 43, "tweet_count": 2801, "listed_count": 748, "like_count": 4286, "media_count": 582}, "username": "linear", "name": "Linear", "created_at": "2019-01-09T22:35:37.000Z", "id": "1083130198042656768", "description": "Purpose-built for planning and building products.\nStreamline issues, projects, and product roadmaps."}, {"verified": false, "location": "Bangkok, Thailand", "pinned_tweet_id": "1812080302090801449", "public_metrics": {"followers_count": 22064, "following_count": 786, "tweet_count": 13210, "listed_count": 311, "like_count": 3764, "media_count": 5984}, "username": "sarunw", "name": "Sarun W.", "created_at": "2008-12-20T13:02:44.000Z", "id": "18265675", "description": "iOS developer. I share Swift/SwiftUI knowledge on my weekly blog at https://t.co/K48CTCeaQv.\n\nBuild apps in my free time \n@locbuddy_app / @ssstudio_app / @LocalizeBot"}, {"verified": false, "public_metrics": {"followers_count": 165723, "following_count": 13, "tweet_count": 3384, "listed_count": 181, "like_count": 1415, "media_count": 1758}, "username": "RogueCompany", "name": "Rogue Company", "created_at": "2018-04-26T15:15:37.000Z", "id": "989523400728162304", "description": "The official Twitter account for Rogue Company, a team-based multiplayer shooter available now. For server updates, please visit @HiRezOps."}, {"verified": false, "pinned_tweet_id": "1554886241203765248", "public_metrics": {"followers_count": 34679, "following_count": 5, "tweet_count": 296, "listed_count": 34, "like_count": 455, "media_count": 91}, "username": "HookedOnYou", "name": "The Narrator", "created_at": "2022-04-28T13:49:37.000Z", "id": "1519674228571873283", "description": "Hooked on You: A Dead by Daylight Dating Sim\u2122 is AVAILABLE NOW on Steam!"}, {"verified": false, "location": "London, UK", "pinned_tweet_id": "1099069458092560384", "public_metrics": {"followers_count": 6511, "following_count": 2497, "tweet_count": 40069, "listed_count": 153, "like_count": 21074, "media_count": 1761}, "username": "amzeratul", "name": "Rodrigo Monteiro", "created_at": "2009-04-11T20:35:57.000Z", "id": "30518499", "description": "CTO @ChucklefishLTD.\nLead Programmer on @Witchbrook, @WargrooveGame, Halley Game Engine & Aegisub. BAFTA Member. He/Him. \ud83c\uddec\ud83c\udde7\ud83c\uddf5\ud83c\uddf9\ud83c\udde7\ud83c\uddf7\ud83c\uddea\ud83c\uddfa"}, {"verified": true, "location": "Santa Clara, CA", "public_metrics": {"followers_count": 2415039, "following_count": 48, "tweet_count": 13592, "listed_count": 8908, "like_count": 4885, "media_count": 3086}, "username": "nvidia", "name": "NVIDIA", "created_at": "2009-07-30T18:25:14.000Z", "id": "61559439", "description": "The official handle for NVIDIA. Blog: https://t.co/JAn5eKOTBT Support: https://t.co/6ln5FVnA2o All our social media: https://t.co/Uc56dL57Dh"}, {"verified": false, "location": "Australian in Los Angeles", "public_metrics": {"followers_count": 509270, "following_count": 696, "tweet_count": 50512, "listed_count": 1827, "like_count": 36657, "media_count": 2581}, "username": "Charalanahzard", "name": "Alanah Pearce", "created_at": "2009-12-15T15:09:08.000Z", "id": "96997907", "description": "Aussie in LA making indie games, films, and TV. Narrative Director @layersdeepgame.  Moved to Bluesky!\nBusiness: alanah@optshift.co"}, {"verified": true, "pinned_tweet_id": "1987912069807800532", "public_metrics": {"followers_count": 3034970, "following_count": 962, "tweet_count": 18488, "listed_count": 5438, "like_count": 6754, "media_count": 8398}, "username": "NVIDIAGeForce", "name": "NVIDIA GeForce", "created_at": "2009-10-30T21:01:49.000Z", "id": "86395621", "description": "Introducing GeForce RTX 50 Series graphics cards & laptops, powered by NVIDIA Blackwell and AI."}, {"verified": false, "location": "England, UK", "pinned_tweet_id": "1845536021464629499", "public_metrics": {"followers_count": 43418, "following_count": 893, "tweet_count": 2366, "listed_count": 398, "like_count": 8290, "media_count": 621}, "username": "kamrify", "name": "Kamran Ahmed", "created_at": "2016-08-14T04:20:27.000Z", "id": "764678044405686272", "description": "Built https://t.co/IeeRUu3pt0 \u2022 https://t.co/yg4CThzqrG \u2022 https://t.co/EnERZTkrRX \u2022 https://t.co/hAxfe9K9Kh \u2022 https://t.co/72mAUBytCo and more https://t.co/OyYM7uqdWK. Google Developer Expert. GitHub Star"}, {"verified": false, "pinned_tweet_id": "1589769079727869953", "public_metrics": {"followers_count": 846814, "following_count": 666, "tweet_count": 1556, "listed_count": 1254, "like_count": 13398, "media_count": 82}, "username": "Susu_jpg", "name": "susu\ud83d\udd2a", "created_at": "2019-10-11T23:24:12.000Z", "id": "1182799006545645568", "description": "https://t.co/zjiKI66v2u"}, {"verified": false, "pinned_tweet_id": "1900521253590503846", "public_metrics": {"followers_count": 8610, "following_count": 1, "tweet_count": 591, "listed_count": 106, "like_count": 4418, "media_count": 132}, "username": "httpie", "name": "HTTPie", "created_at": "2016-09-17T13:19:59.000Z", "id": "777135009933262849", "description": "Delightful API testing for humans \ud83e\ude84\nLoved by millions of devs \n\nDesktop: https://t.co/VPUlEyTHus \nOnline: https://t.co/Eqdb8dMWhm \nCLI: https://t.co/eCbr4ow7Fd"}, {"verified": true, "pinned_tweet_id": "1980797865946673274", "public_metrics": {"followers_count": 259833, "following_count": 15, "tweet_count": 271, "listed_count": 1438, "like_count": 197, "media_count": 49}, "username": "nextjs", "name": "Next.js", "created_at": "2021-12-06T05:24:11.000Z", "id": "1467726470533754880", "description": "The React Framework \u2013 created and maintained by @vercel."}, {"verified": false, "location": "Surfing", "public_metrics": {"followers_count": 68698, "following_count": 577, "tweet_count": 101, "listed_count": 201, "like_count": 11182, "media_count": 7}, "username": "monkayx_acc", "name": "MonKayX", "created_at": "2021-09-13T17:54:58.000Z", "id": "1437474365143138306", "description": "Web3 Gaming | Trader \u00b7 Gamer \u00b7 Creator | Alpha leaks & Node ops"}, {"verified": false, "location": "Vancouver, BC", "pinned_tweet_id": "1895475871173226892", "public_metrics": {"followers_count": 1806397, "following_count": 358, "tweet_count": 55146, "listed_count": 5371, "like_count": 6237, "media_count": 19216}, "username": "LinusTech", "name": "Linus Tech Tips", "created_at": "2011-11-02T19:04:43.000Z", "id": "403614288", "description": "The official Twitter of the Linus Tech Tips YouTube channel. \nhttps://t.co/HS5VbvfvTW  //  https://t.co/XF9yGyRnUA // https://t.co/WknsV27wdD"}, {"verified": true, "location": "Metaverse", "pinned_tweet_id": "1996278654314164648", "public_metrics": {"followers_count": 597446, "following_count": 3438, "tweet_count": 18570, "listed_count": 4238, "like_count": 43539, "media_count": 6870}, "username": "decentraland", "name": "Decentraland", "created_at": "2015-05-20T19:12:01.000Z", "id": "3291830170", "description": "A community-driven virtual world where you can connect, explore, and create!\nDecentraland 2.0 Beta out NOW \ud83d\ude80"}, {"verified": true, "pinned_tweet_id": "1965098696053600404", "public_metrics": {"followers_count": 2289429, "following_count": 3551, "tweet_count": 23268, "listed_count": 10055, "like_count": 42359, "media_count": 3483}, "username": "opensea", "name": "OpenSea", "created_at": "2017-12-28T02:57:47.000Z", "id": "946213559213555712", "description": "The best place to discover, own, and trade onchain. Get help at https://t.co/f3KCJaxqBz. https://t.co/3cxEsa4gNc"}, {"verified": false, "pinned_tweet_id": "1839897218981277728", "public_metrics": {"followers_count": 14416, "following_count": 26, "tweet_count": 876, "listed_count": 110, "like_count": 1128, "media_count": 190}, "username": "LostRelicsGame", "name": "Lost Relics", "created_at": "2019-03-29T04:23:08.000Z", "id": "1111483907487105024", "description": "Explore. Battle. Survive. Lost Relics is a fast-paced action RPG where the best loot is earned, not given. Can you claim your place among the legends?"}, {"verified": false, "location": "Illuvium ", "pinned_tweet_id": "1997516949144690741", "public_metrics": {"followers_count": 388847, "following_count": 863, "tweet_count": 10086, "listed_count": 2474, "like_count": 27744, "media_count": 3506}, "username": "illuviumio", "name": "Illuvium", "created_at": "2020-10-26T10:07:55.000Z", "id": "1320668427896324096", "description": "Official account for Illuvium Game Studio | Explore, Capture, Collect and Fight for ETH in the Illuvium Universe. Official Links: https://t.co/RC8Evyn9Ae"}, {"verified": true, "pinned_tweet_id": "1996006449999130640", "public_metrics": {"followers_count": 1075558, "following_count": 1255, "tweet_count": 19648, "listed_count": 4384, "like_count": 15502, "media_count": 7809}, "username": "TheSandboxGame", "name": "The Sandbox", "created_at": "2011-08-03T12:46:21.000Z", "id": "347831597", "description": "The Sandbox is a social gaming platform where you can play games, build worlds, and earn rewards."}, {"verified": false, "location": "Denmark", "pinned_tweet_id": "1863564192814350541", "public_metrics": {"followers_count": 99269, "following_count": 206, "tweet_count": 2968, "listed_count": 737, "like_count": 3974, "media_count": 1081}, "username": "PlayEmberSword", "name": "Ember Sword", "created_at": "2018-07-26T22:24:48.000Z", "id": "1022608703898439680", "description": "Ember Sword is free to play, player-driven MMORPG! Play anywhere, anytime. Fuelled by $EMBER. Powered by @0xMantle & @mintleapp"}, {"verified": true, "pinned_tweet_id": "1995887637148926438", "public_metrics": {"followers_count": 824604, "following_count": 21, "tweet_count": 1298, "listed_count": 576, "like_count": 2706, "media_count": 559}, "username": "arcaneshow", "name": "Arcane", "created_at": "2021-06-21T17:49:42.000Z", "id": "1407032708270673920", "description": "#Arcane,\u00a0the\u00a0complete\u00a0series, streaming now on @Netflix"}, {"verified": false, "public_metrics": {"followers_count": 590413, "following_count": 74, "tweet_count": 6168, "listed_count": 1130, "like_count": 2271, "media_count": 718}, "username": "linusgsebastian", "name": "Linus LinusMediaGroup", "created_at": "2016-01-19T00:37:15.000Z", "id": "4780651477", "description": "Father of children, maker of YouTube videos, player of badminton, Canadian. Yes I play FAF."}, {"verified": false, "pinned_tweet_id": "1587017786131247104", "public_metrics": {"followers_count": 13439, "following_count": 13, "tweet_count": 622, "listed_count": 21, "like_count": 1230, "media_count": 239}, "username": "Everdale", "name": "Everdale", "created_at": "2020-11-10T14:44:36.000Z", "id": "1326173879350534151", "description": "Build, grow and expand your very own village in Everdale! Live in \ud83c\udde6\ud83c\uddfa\ud83c\udde8\ud83c\udde6\ud83c\udde9\ud83c\uddf0\ud83c\uddeb\ud83c\uddee\ud83c\udded\ud83c\uddf0\ud83c\uddee\ud83c\uddf8\ud83c\uddf2\ud83c\uddfe\ud83c\uddf3\ud83c\uddff\ud83c\uddf3\ud83c\uddf4\ud83c\uddf5\ud83c\udded\ud83c\uddf8\ud83c\uddec\ud83c\uddf8\ud83c\uddea\ud83c\udde8\ud83c\udded\ud83c\uddec\ud83c\udde7 \nDownload: https://t.co/AZgRHHgGII"}, {"verified": false, "location": "Cambridge, England", "public_metrics": {"followers_count": 150, "following_count": 320, "tweet_count": 77, "listed_count": 1, "like_count": 104, "media_count": 1}, "username": "drdenizakdeniz", "name": "denizakdeniz", "created_at": "2020-11-05T13:21:13.000Z", "id": "1324340923040452608", "description": "PhD,  Scientist"}, {"verified": true, "public_metrics": {"followers_count": 60980, "following_count": 97, "tweet_count": 1468, "listed_count": 147, "like_count": 2478, "media_count": 565}, "username": "midnightsuns", "name": "Marvel's Midnight Suns", "created_at": "2021-05-19T17:01:03.000Z", "id": "1395061925243916291", "description": "AVAILABLE NOW for PC, PlayStation 5, Xbox Series X|S, PS4 & Xbox One"}, {"verified": false, "location": "Quebec, Canada", "public_metrics": {"followers_count": 17673, "following_count": 1012, "tweet_count": 41607, "listed_count": 103, "like_count": 21439, "media_count": 8594}, "username": "Christopher_Odd", "name": "Christopher Odd", "created_at": "2008-05-21T18:28:16.000Z", "id": "14859911", "description": "YT: ChristopherOdd // Business Email: christopherodd@screenwavemedia.com Movember: https://t.co/e6ir4XdhLD"}, {"verified": true, "location": "Montr\u00e9al, Qu\u00e9bec", "pinned_tweet_id": "1994074188449984780", "public_metrics": {"followers_count": 1298587, "following_count": 148, "tweet_count": 16449, "listed_count": 1929, "like_count": 10228, "media_count": 5930}, "username": "DeadbyDaylight", "name": "Dead by Daylight", "created_at": "2016-01-26T19:08:12.000Z", "id": "4850837842", "description": "Four Survivors face a ruthless Killer in a vicious game of nerve and wits. Pick a side and enter a world of fear with horror\u2019s best asymmetrical multiplayer."}, {"verified": false, "public_metrics": {"followers_count": 73777, "following_count": 0, "tweet_count": 82, "listed_count": 177, "like_count": 2, "media_count": 69}, "username": "saiwari_ph", "name": "saiwari", "created_at": "2019-09-30T01:38:17.000Z", "id": "1178484091441668096", "description": "I'm trying to play Twitter \ud83e\udd23"}, {"verified": true, "location": "planet earth", "public_metrics": {"followers_count": 680163, "following_count": 1, "tweet_count": 938, "listed_count": 1740, "like_count": 388, "media_count": 138}, "username": "XSpaces", "name": "Spaces", "created_at": "2018-11-21T14:24:58.000Z", "id": "1065249714214457345", "description": "Live audio convos you can join whenever, wherever."}, {"verified": true, "pinned_tweet_id": "1981369294639513786", "public_metrics": {"followers_count": 477296, "following_count": 55, "tweet_count": 4444, "listed_count": 697, "like_count": 3805, "media_count": 3182}, "username": "wildrift", "name": "League of Legends: Wild Rift", "created_at": "2019-09-09T19:59:59.000Z", "id": "1171151232636878848", "description": "Official account of League of Legends: Wild Rift, your favorite mobile MOBA from @riotgames"}, {"verified": true, "location": "The Convergence", "pinned_tweet_id": "1995885846206063059", "public_metrics": {"followers_count": 359450, "following_count": 86, "tweet_count": 9782, "listed_count": 684, "like_count": 6013, "media_count": 4575}, "username": "TFT", "name": "Teamfight Tactics", "created_at": "2019-05-17T21:29:36.000Z", "id": "1129499230840578048", "description": "Official account of Teamfight Tactics \u2694\ufe0f by @RiotGames Find TFT Esports: @CompeteTFT"}, {"verified": true, "pinned_tweet_id": "1760348525295280542", "public_metrics": {"followers_count": 117867, "following_count": 80, "tweet_count": 1756, "listed_count": 247, "like_count": 3230, "media_count": 528}, "username": "RiotForge", "name": "Riot Forge", "created_at": "2019-05-16T21:28:41.000Z", "id": "1129136612330262528", "description": "Bandle Tale: A League of Legends Story arrives February 21, 2024. Part of @RiotGames \ud83c\udf44 For help @RiotSupport"}, {"verified": false, "pinned_tweet_id": "1995439947869028721", "public_metrics": {"followers_count": 12352, "following_count": 4, "tweet_count": 1602, "listed_count": 4, "like_count": 549, "media_count": 509}, "username": "AdVentureAges", "name": "AdVenture Ages", "created_at": "2020-06-11T20:26:22.000Z", "id": "1271176834248368128", "description": "OFFICIAL TWITTER FEED FOR AGENTS! Travel through the Ages and explore the timeline. Don\u2019t step on any butterflies... \n\nJoin the AdVenture Agency \u2b07\ufe0f"}, {"verified": true, "location": "Toronto, Canada", "pinned_tweet_id": "1010349013151830017", "public_metrics": {"followers_count": 12469, "following_count": 3042, "tweet_count": 2413, "listed_count": 132, "like_count": 1964, "media_count": 609}, "username": "TablePlus", "name": "TablePlus", "created_at": "2017-04-06T03:01:37.000Z", "id": "849819353537171456", "description": "Modern, Native database client for Postgres, MySQL, SQLite, SQL Server, Redshift, Redis, CockroachDB and more (macOS, Windows, Linux, iOS)"}, {"verified": false, "public_metrics": {"followers_count": 10, "following_count": 13, "tweet_count": 0, "listed_count": 0, "like_count": 19, "media_count": 0}, "username": "driedmackerel", "name": "Driedmackerel", "created_at": "2014-05-30T03:38:11.000Z", "id": "2534032434", "description": ""}, {"verified": false, "location": "The Netherlands", "public_metrics": {"followers_count": 49582, "following_count": 663, "tweet_count": 9003, "listed_count": 561, "like_count": 11124, "media_count": 265}, "username": "timneutkens", "name": "Tim", "created_at": "2013-02-17T15:53:34.000Z", "id": "1189966273", "description": "Tech lead for Next.js and Turbopack @vercel, co-author of @nextjs, MDX, Micro, and ncc. Opinions are my own."}, {"verified": false, "location": "Business: Phoebe@quqco.com", "public_metrics": {"followers_count": 188449, "following_count": 1437, "tweet_count": 18858, "listed_count": 325, "like_count": 59894, "media_count": 2652}, "username": "quqco", "name": "quqco", "created_at": "2010-05-18T05:13:46.000Z", "id": "145124607", "description": "I stream, draw, cook, cosplay, & do spicy content \ud83e\udd70 check link for exclusive pics of me \ud83c\udf36\ufe0f\ud83d\udd25 | alt: @helloquqco"}, {"verified": false, "location": "Los Angeles, CA", "pinned_tweet_id": "1406023537580658689", "public_metrics": {"followers_count": 16956, "following_count": 320, "tweet_count": 1778, "listed_count": 39, "like_count": 3510, "media_count": 106}, "username": "MomoOkimoto", "name": "Momo Okimoto \ud83c\udf51\u2728", "created_at": "2017-10-20T03:24:37.000Z", "id": "921215552311275527", "description": "Partnered Twitch streamer \ud83d\udc7e IG: momo.okimoto \u2728"}, {"verified": false, "location": "Toronto", "pinned_tweet_id": "1988672998212268290", "public_metrics": {"followers_count": 318786, "following_count": 121, "tweet_count": 7655, "listed_count": 1694, "like_count": 4885, "media_count": 1132}, "username": "Dave2D", "name": "Dave Lee", "created_at": "2012-08-08T15:39:23.000Z", "id": "745426627", "description": "Lo-Fi Tech Videos"}, {"verified": true, "location": "San Francisco & Global", "pinned_tweet_id": "1991883280694886470", "public_metrics": {"followers_count": 380703, "following_count": 8, "tweet_count": 1833, "listed_count": 2900, "like_count": 1329, "media_count": 296}, "username": "vercel", "name": "Vercel", "created_at": "2016-01-01T03:49:12.000Z", "id": "4686835494", "description": "Vercel provides the dev tools and self-driving infrastructure to build, scale, and secure a faster, more personalized web. Creators of @nextjs, @v0, and @aisdk."}, {"verified": false, "location": "London", "pinned_tweet_id": "1871917275915399475", "public_metrics": {"followers_count": 11458, "following_count": 500, "tweet_count": 10352, "listed_count": 49, "like_count": 5218, "media_count": 1053}, "username": "JakeWrightUK", "name": "Jake Wright", "created_at": "2007-12-23T17:30:23.000Z", "id": "11457312", "description": "Backend Engineer at Monzo & part-time YouTuber he/him \ud83c\udff3\ufe0f\u200d\ud83c\udf08\nhttps://t.co/toAFnEX5bx"}, {"verified": false, "location": "Hamburg", "pinned_tweet_id": "1677733387384025091", "public_metrics": {"followers_count": 18661, "following_count": 361, "tweet_count": 1890, "listed_count": 151, "like_count": 1095, "media_count": 769}, "username": "ThinMatrix", "name": "ThinMatrix", "created_at": "2013-05-24T17:19:59.000Z", "id": "1454766019", "description": "Indie game dev & Youtuber. Developer of 'Equilinox', now working on 'Homegrown'.\nCheck out my Youtube channel for devlogs: https://t.co/fNR1Ldhzn5"}, {"verified": false, "location": "Bangkok ", "public_metrics": {"followers_count": 75, "following_count": 242, "tweet_count": 1679, "listed_count": 0, "like_count": 396, "media_count": 61}, "username": "pparapatt", "name": "parapatt", "created_at": "2009-12-11T03:07:00.000Z", "id": "96044563", "description": "ig : parapatt"}, {"verified": true, "location": "Redmond, WA", "public_metrics": {"followers_count": 123030, "following_count": 847, "tweet_count": 3758, "listed_count": 354, "like_count": 1504, "media_count": 1055}, "username": "MSFTGameDev", "name": "Microsoft Game Dev", "created_at": "2018-10-31T23:02:08.000Z", "id": "1057769718864461824", "description": "The official account for Game Development at Microsoft \u2014empowering creators and gamers across all platforms. Join our community at https://t.co/qRKw6a2AZn"}, {"verified": true, "location": "United Kingdom", "pinned_tweet_id": "1876576540177105257", "public_metrics": {"followers_count": 142934, "following_count": 717, "tweet_count": 143580, "listed_count": 901, "like_count": 21473, "media_count": 11561}, "username": "monzo", "name": "Monzo \ud83c\udfe6", "created_at": "2015-04-30T12:53:58.000Z", "id": "3224409977", "description": "tweeting never felt like Monzo."}, {"verified": false, "pinned_tweet_id": "1552620005946187778", "public_metrics": {"followers_count": 3561, "following_count": 417, "tweet_count": 0, "listed_count": 71, "like_count": 869, "media_count": 0}, "username": "hugocornejo", "name": "@hugocornejo.com", "created_at": "2007-03-28T21:11:09.000Z", "id": "2724741", "description": "Old account. Better follow me on the new Twitter instead."}, {"verified": false, "location": "White Spire", "public_metrics": {"followers_count": 32343, "following_count": 5, "tweet_count": 334, "listed_count": 119, "like_count": 134, "media_count": 117}, "username": "DotaUnderlords", "name": "Dota Underlords", "created_at": "2019-05-13T18:37:59.000Z", "id": "1128006492391481344", "description": "Battle seven opponents in strategic combat and rule White Spire. Season One is now available on Steam, iOS and Android."}, {"verified": true, "location": "Bellevue, WA", "public_metrics": {"followers_count": 822020, "following_count": 11, "tweet_count": 199, "listed_count": 1475, "like_count": 3, "media_count": 70}, "username": "valvesoftware", "name": "Valve", "created_at": "2019-06-19T18:49:38.000Z", "id": "1141417774201184257", "description": "We make games, Steam, and hardware.\n\nFor support, visit https://t.co/VRsFD4GURP."}, {"verified": false, "location": "Sofia, Bulgaria", "pinned_tweet_id": "1550175001793466369", "public_metrics": {"followers_count": 5650, "following_count": 191, "tweet_count": 2499, "listed_count": 55, "like_count": 1000, "media_count": 559}, "username": "Phoenix_Point", "name": "Phoenix Point", "created_at": "2016-03-03T16:21:32.000Z", "id": "705427898749079552", "description": "Official Phoenix Point | Complete Edition Now Available\nhttps://t.co/TDcQMoxl16"}, {"verified": true, "location": "Layer 2", "pinned_tweet_id": "1990884135473119463", "public_metrics": {"followers_count": 340704, "following_count": 3209, "tweet_count": 5541, "listed_count": 3072, "like_count": 8093, "media_count": 1164}, "username": "bobanetwork", "name": "Boba Network \ud83e\uddcb", "created_at": "2017-02-15T12:49:37.000Z", "id": "831847934534746114", "description": "The only Layer-2 Powered by HybridCompute. Delivering Off-Chain Data and Compute, Enabling Smarter Applications | Built on Ethereum"}, {"verified": false, "location": "The Avenger", "public_metrics": {"followers_count": 70057, "following_count": 18, "tweet_count": 4754, "listed_count": 454, "like_count": 993, "media_count": 2492}, "username": "XCOM", "name": "XCOM", "created_at": "2010-05-11T22:19:59.000Z", "id": "142837256", "description": "Welcome back, Commander. ESRB Rating: TEEN to MATURE with Blood and Gore, Strong Language, Use of Tobacco, Violence."}, {"verified": false, "location": "Kelowna, British Columbia", "pinned_tweet_id": "1995442051610231193", "public_metrics": {"followers_count": 46175, "following_count": 17, "tweet_count": 7820, "listed_count": 49, "like_count": 2813, "media_count": 2512}, "username": "AdVenture_ComHH", "name": "AdVenture Communist", "created_at": "2016-06-07T17:43:11.000Z", "id": "740237683574722561", "description": "Welcome to AdVenture Communist! Glory awaits those who contribute to our wonderful State of Siberica!*\n\n*Participation is Mandatory!"}, {"verified": false, "pinned_tweet_id": "1864173943944564915", "public_metrics": {"followers_count": 68, "following_count": 166, "tweet_count": 2018, "listed_count": 0, "like_count": 314, "media_count": 114}, "username": "raccoonmint", "name": "Raccoomint", "created_at": "2010-03-22T13:43:33.000Z", "id": "125335110", "description": "Kyudo\ud83c\udff9Ni-dan| Cute Thing \ud83e\uddf8| CCS \ud83c\udf38|Eighty-Six \ud83d\uddfb | Flugel \ud83e\udebd"}, {"verified": true, "pinned_tweet_id": "1908257371907821643", "public_metrics": {"followers_count": 433364, "following_count": 122130, "tweet_count": 306819, "listed_count": 6150, "like_count": 138738, "media_count": 3345}, "username": "SlackHQ", "name": "Slack", "created_at": "2013-03-26T23:44:06.000Z", "id": "1305940272", "description": "On a mission to make your working life simpler, more pleasant and more productive. Need help? Email feedback@slack.com!"}, {"verified": false, "location": "Bangkok", "public_metrics": {"followers_count": 370, "following_count": 740, "tweet_count": 1557, "listed_count": 33, "like_count": 865, "media_count": 129}, "username": "iamsahib_", "name": "Sahib Anandsongvit", "created_at": "2011-05-08T13:46:52.000Z", "id": "295160550", "description": "Group CEO of SeekOne (Seekster & Seekforce)\n\nBlockchain Enthusiast \ud83e\udd13\nEarly Defi Investor \ud83d\ude07\nBuilding something cool in the blockchain space \ud83d\ude0e"}, {"verified": false, "location": "Global", "pinned_tweet_id": "1796546702083551254", "public_metrics": {"followers_count": 53271, "following_count": 4625, "tweet_count": 53733, "listed_count": 806, "like_count": 47735, "media_count": 48323}, "username": "UpLabs", "name": "UpLabs \ud83d\udc51", "created_at": "2014-11-19T20:33:39.000Z", "id": "2884717841", "description": "UpLabs is The #1 Marketplace to download and share UI assets for your next project"}, {"verified": false, "pinned_tweet_id": "1165359455459897344", "public_metrics": {"followers_count": 5252, "following_count": 84, "tweet_count": 92, "listed_count": 73, "like_count": 2294, "media_count": 11}, "username": "johnyvinoo", "name": "Johny vino", "created_at": "2015-01-30T07:36:09.000Z", "id": "3003002918", "description": "HI Designer at \uf8ff Apple"}, {"verified": false, "public_metrics": {"followers_count": 61838, "following_count": 67, "tweet_count": 327, "listed_count": 211, "like_count": 191, "media_count": 110}, "username": "PlayArtifact", "name": "Artifact", "created_at": "2017-07-28T18:21:08.000Z", "id": "891000584836235265", "description": "Artifact - The Dota Card Game from Valve"}, {"verified": false, "pinned_tweet_id": "1869004626965807263", "public_metrics": {"followers_count": 41417, "following_count": 41, "tweet_count": 2063, "listed_count": 10, "like_count": 1941, "media_count": 1089}, "username": "almostaherogame", "name": "Almost a Hero", "created_at": "2017-03-10T00:05:41.000Z", "id": "839990607296778240", "description": "Almost A Hero is an RPG clicker game where 17 of the most useless idiots embark on a quest to be slightly less useless. #almostahero - A game by DECA Games."}, {"verified": true, "pinned_tweet_id": "1970475716337623260", "public_metrics": {"followers_count": 1022875, "following_count": 77, "tweet_count": 476222, "listed_count": 3585, "like_count": 118583, "media_count": 5895}, "username": "madebygoogle", "name": "Made by Google", "created_at": "2016-09-14T23:11:55.000Z", "id": "776196808909336577", "description": "Designed for your everyday.\nThe latest on #Pixel10, 10 Pro & 10 Pro Fold with @GeminiApp, #Pixel9a, #PixelWatch, #PixelBuds, #PixelTablet, #GoogleNest & #Fitbit"}, {"verified": false, "location": "I like soup.", "public_metrics": {"followers_count": 134390, "following_count": 610, "tweet_count": 1860, "listed_count": 281, "like_count": 366, "media_count": 264}, "username": "DanielGruchy", "name": "Daniel Gruchy", "created_at": "2012-01-17T21:57:55.000Z", "id": "466876723", "description": "Popped out 1988, potty trained 1990, 1st swear word 1994, 1st web browse 2000, grew bum fluff 2005, sat down to pee from 2008, 1st SlowMoGuys video 2010"}, {"verified": false, "location": "Austin, TX. Originally from UK", "pinned_tweet_id": "1657233656660865026", "public_metrics": {"followers_count": 630197, "following_count": 1382, "tweet_count": 8175, "listed_count": 1493, "like_count": 4455, "media_count": 2079}, "username": "GavinFree", "name": "Gavin Free", "created_at": "2009-07-18T03:26:58.000Z", "id": "57841792", "description": "Creator of @TheSlowMoGuys on YouTube. The English bloke at @Roosterteeth. \ud83c\uddec\ud83c\udde7\ud83d\udc49\ud83c\uddfa\ud83c\uddf8"}, {"verified": true, "location": "United States", "pinned_tweet_id": "1990983637425082731", "public_metrics": {"followers_count": 3080830, "following_count": 635, "tweet_count": 48437, "listed_count": 4443, "like_count": 18240, "media_count": 16949}, "username": "Razer", "name": "R \u039b Z \u039e R", "created_at": "2008-08-17T06:31:47.000Z", "id": "15880163", "description": "For Gamers. By Gamers. @RazerSupport will get you back in action. Join our official Discord: https://t.co/czT8GiB1wT"}, {"verified": false, "location": "Munich", "public_metrics": {"followers_count": 480111, "following_count": 166, "tweet_count": 4440, "listed_count": 1846, "like_count": 2200, "media_count": 2206}, "username": "Kurz_Gesagt", "name": "Kurzgesagt", "created_at": "2013-07-18T13:13:16.000Z", "id": "1603439773", "description": "Sciency videos made with love, a lot of time and after effects."}, {"verified": false, "public_metrics": {"followers_count": 5025, "following_count": 6, "tweet_count": 4084, "listed_count": 34, "like_count": 16, "media_count": 1249}, "username": "playandroidgame", "name": "Android Games", "created_at": "2010-09-04T14:33:34.000Z", "id": "186829213", "description": "Play Online Android Games and HTML5 Games"}, {"verified": false, "public_metrics": {"followers_count": 835914, "following_count": 253, "tweet_count": 2788, "listed_count": 7513, "like_count": 2282, "media_count": 343}, "username": "reactjs", "name": "React", "created_at": "2013-07-03T18:58:09.000Z", "id": "1566463268", "description": "The library for web and native user interfaces"}, {"verified": false, "location": "In the ALU on an 80186", "public_metrics": {"followers_count": 267534, "following_count": 2054, "tweet_count": 4150, "listed_count": 2823, "like_count": 1811, "media_count": 174}, "username": "CodeWisdom", "name": "Programming Wisdom", "created_at": "2011-10-22T23:50:32.000Z", "id": "396238794", "description": "Programming wisdom and quotes throughout the years.\n\nThe Knuth, the whole Knuth, and nothing but the Knuth, so help me Codd."}, {"verified": false, "location": "Sk\u00f6vde, Sweden", "public_metrics": {"followers_count": 163858, "following_count": 36, "tweet_count": 3662, "listed_count": 84, "like_count": 556, "media_count": 1005}, "username": "Battlerite", "name": "Battlerite", "created_at": "2016-01-18T22:54:30.000Z", "id": "4825712038", "description": "Battlerite is a TEAM ARENA BRAWLER focused on adrenaline-fueled PvP combat. Short and intense matches, stripped of random elements to optimize the action."}, {"verified": true, "location": "Toronto", "public_metrics": {"followers_count": 2231251, "following_count": 1, "tweet_count": 22806, "listed_count": 1480, "like_count": 24776, "media_count": 5043}, "username": "dbrand", "name": "dbrand", "created_at": "2012-02-26T05:05:53.000Z", "id": "504020426", "description": "toxic electric tape // support @robot"}, {"verified": false, "location": "Aurania", "pinned_tweet_id": "1950551215760117836", "public_metrics": {"followers_count": 15181, "following_count": 55, "tweet_count": 1884, "listed_count": 126, "like_count": 1434, "media_count": 500}, "username": "WargrooveGame", "name": "\u2694\ufe0f Wargroove 2", "created_at": "2017-01-12T15:14:07.000Z", "id": "819563113087467521", "description": "Wargroove is a turn-based strategy game developed & published by @ChucklefishLTD. Wargroove 2 by @Robotality is out now on Steam & Switch!"}, {"verified": false, "location": "Vancouver", "pinned_tweet_id": "1990569211136213080", "public_metrics": {"followers_count": 165135, "following_count": 400, "tweet_count": 17135, "listed_count": 976, "like_count": 17692, "media_count": 1554}, "username": "klei", "name": "Klei", "created_at": "2009-01-12T00:04:45.000Z", "id": "18884601", "description": "Klei (pronounced CLAY) is a video game studio based in Vancouver. \n#DontStarve #OxygenNotIncluded\n\nNews & Alternative Klei Socials Here:  https://t.co/LnQ7kOmJho"}, {"verified": false, "location": "Los Angeles, CA", "pinned_tweet_id": "1980642177815572832", "public_metrics": {"followers_count": 25370, "following_count": 3428, "tweet_count": 37616, "listed_count": 438, "like_count": 35719, "media_count": 3389}, "username": "jrhunt", "name": "Randall Hunt", "created_at": "2008-03-16T11:12:29.000Z", "id": "14157064", "description": "CTO at @CaylentInc. We're hiring! Formerly @pytorch, @awscloud, @SpaceX. Opinions are my own."}, {"verified": false, "public_metrics": {"followers_count": 40559, "following_count": 1, "tweet_count": 457, "listed_count": 1668, "like_count": 612, "media_count": 5}, "username": "adrianco", "name": "Adrian Cockcroft - now @adrianco@mastodon.social", "created_at": "2008-02-24T08:48:44.000Z", "id": "13895242", "description": "He/Him. Advisor/Analyst https://t.co/VvReVcmFSo (ex VP Amazon Sustainability/AWS/BatteryVentures/Netflix/eBay/Sun). Married to @laurelco"}, {"verified": false, "pinned_tweet_id": "1944113644780028306", "public_metrics": {"followers_count": 575947, "following_count": 142, "tweet_count": 68424, "listed_count": 10989, "like_count": 36722, "media_count": 2803}, "username": "dhh", "name": "DHH", "created_at": "2008-04-27T20:19:25.000Z", "id": "14561327", "description": "Father of three, Creator of Ruby on Rails + Omarchy, Co-owner & CTO of 37signals, Shopify director, NYT best-selling author, and Le Mans 24h class-winner."}, {"verified": false, "location": "London", "public_metrics": {"followers_count": 45876, "following_count": 122, "tweet_count": 1487, "listed_count": 500, "like_count": 17, "media_count": 44}, "username": "Tiyuri", "name": "Tiy", "created_at": "2008-04-16T18:22:07.000Z", "id": "14411072", "description": "Chucklefish CEO + Lead Designer. \ud83e\udd93"}, {"verified": true, "location": "San Francisco, CA", "pinned_tweet_id": "1996273417369407742", "public_metrics": {"followers_count": 2591849, "following_count": 329, "tweet_count": 10178, "listed_count": 18245, "like_count": 8452, "media_count": 2848}, "username": "github", "name": "GitHub", "created_at": "2008-02-11T04:41:50.000Z", "id": "13334762", "description": "The AI-powered developer platform to build, scale, and deliver secure software."}, {"verified": true, "location": "San Francisco, CA", "public_metrics": {"followers_count": 102358, "following_count": 3382, "tweet_count": 6631, "listed_count": 2446, "like_count": 8748, "media_count": 1175}, "username": "heroku", "name": "Heroku", "created_at": "2007-11-14T19:54:23.000Z", "id": "10257182", "description": "The AI cloud application platform\u2014from @salesforce\u2014for deploying, managing, and scaling your apps."}, {"verified": false, "public_metrics": {"followers_count": 10401, "following_count": 2, "tweet_count": 7413, "listed_count": 126, "like_count": 9933, "media_count": 1240}, "username": "ArmelloGame", "name": "Armello", "created_at": "2011-06-30T12:32:55.000Z", "id": "326747663", "description": "Official Armello news and updates, straight from the fingertips of @LeagueofGeeks. Armello is available on Steam, Nintendo Switch, PS4, Xbox One, iOS & Android."}, {"verified": false, "location": "\u5357\u4eac\uff0c\u4e2d\u534e\u4eba\u6c11\u5171\u548c\u56fd", "public_metrics": {"followers_count": 35820, "following_count": 504, "tweet_count": 4963, "listed_count": 265, "like_count": 4457, "media_count": 1140}, "username": "TempoEloise", "name": "Eloise", "created_at": "2015-03-23T11:36:17.000Z", "id": "3104735252", "description": "Chinese Hearthstone player look for sponsors. I play competitively! Former WOW shadow priest for guild STARS Business: tangtang00002@hotmail.com"}, {"verified": false, "location": "Thailand", "public_metrics": {"followers_count": 5, "following_count": 12, "tweet_count": 2, "listed_count": 0, "like_count": 0, "media_count": 0}, "username": "Luukmai1", "name": "Luukmai", "created_at": "2016-07-27T21:28:01.000Z", "id": "758413658997166080", "description": "\u2764\ufe0f\u263a\ufe0f"}, {"verified": false, "pinned_tweet_id": "1997453175230738562", "public_metrics": {"followers_count": 229426495, "following_count": 1240, "tweet_count": 90684, "listed_count": 165492, "like_count": 187917, "media_count": 4256}, "username": "elonmusk", "name": "Elon Musk", "created_at": "2009-06-02T20:12:29.000Z", "id": "44196397", "description": ""}, {"verified": true, "location": "Indianapolis, IN", "pinned_tweet_id": "1678930648067612678", "public_metrics": {"followers_count": 868977, "following_count": 770, "tweet_count": 24602, "listed_count": 3668, "like_count": 113407, "media_count": 1273}, "username": "XplodingUnicorn", "name": "James Breakwell, Exploding Unicorn", "created_at": "2012-08-25T11:13:24.000Z", "id": "780104972", "description": "Father of daughters. Owner of pigs. Writer of books: https://t.co/V7JWbsTXJ9"}, {"verified": true, "public_metrics": {"followers_count": 2416446, "following_count": 86, "tweet_count": 19390, "listed_count": 3857, "like_count": 24243, "media_count": 6082}, "username": "oneplus", "name": "OnePlus", "created_at": "2013-11-16T01:50:21.000Z", "id": "2196922086", "description": "Good enough is never enough. #NeverSettle\n\nFor help please DM @OnePlus_Support."}, {"verified": false, "location": "Seattle", "public_metrics": {"followers_count": 1357871, "following_count": 95, "tweet_count": 4475, "listed_count": 1885, "like_count": 1960, "media_count": 150}, "username": "ConcernedApe", "name": "ConcernedApe", "created_at": "2011-04-08T14:35:00.000Z", "id": "279067744", "description": "creator of Stardew Valley -- working on \"Haunted Chocolatier\""}, {"verified": true, "location": "California", "pinned_tweet_id": "1991854232090145124", "public_metrics": {"followers_count": 42142131, "following_count": 743, "tweet_count": 48178, "listed_count": 34209, "like_count": 1484, "media_count": 27810}, "username": "PlayStation", "name": "PlayStation", "created_at": "2007-11-27T22:37:20.000Z", "id": "10671602", "description": "Official Sony Interactive Entertainment account. Updates on PS5, PlayStation VR2, PlayStation Plus, PS4 and more. Support: @AskPlayStation"}, {"verified": false, "location": "\u00dcT: 13.746302,100.574965", "public_metrics": {"followers_count": 3769, "following_count": 492, "tweet_count": 6979, "listed_count": 52, "like_count": 44, "media_count": 511}, "username": "deejayono", "name": "DJ ONO", "created_at": "2009-06-06T08:13:58.000Z", "id": "45093322", "description": "DJ ONO - SUGAR CLUB BANGKOK/PHUKET - HEAVYHITTERS - OFFICIAL DJ FOR MET 107 FM - FOUNDER of the BANGKOK INVADERS - RUN-BKK"}, {"verified": false, "location": "youtube.com/amazhs", "public_metrics": {"followers_count": 105415, "following_count": 237, "tweet_count": 9397, "listed_count": 514, "like_count": 10686, "media_count": 1910}, "username": "Amaz", "name": "Amaz", "created_at": "2014-03-02T16:52:23.000Z", "id": "2369126940", "description": "Children's Card Game Specialist. Reasonably Tall. | Business Contact: chanjason412@gmail.com | Discord: _amaz_"}, {"verified": false, "location": "Austin, TX", "public_metrics": {"followers_count": 137407, "following_count": 493, "tweet_count": 9355, "listed_count": 714, "like_count": 5926, "media_count": 1216}, "username": "TrumpSC", "name": "Trump", "created_at": "2011-01-06T21:33:05.000Z", "id": "234905133", "description": "Let's all have fun and play together!\n\nTwitch: https://t.co/kv3jIzp8Re  \nYoutube: https://t.co/NVdVK4jLCr  \nBusiness Email: talktotrump@gmail.com"}, {"verified": true, "public_metrics": {"followers_count": 8581520, "following_count": 11, "tweet_count": 14500, "listed_count": 18258, "like_count": 30, "media_count": 3181}, "username": "Steam", "name": "Steam", "created_at": "2009-04-30T23:01:57.000Z", "id": "36803580", "description": "Steam, The Ultimate Online Game Platform. Follow us here for news on the latest releases and special promotions!\n\nFor support: https://t.co/ecoSK7uTBx"}, {"verified": false, "location": "Los Angeles, CA", "pinned_tweet_id": "1962246161970159904", "public_metrics": {"followers_count": 149427, "following_count": 112, "tweet_count": 9424, "listed_count": 337, "like_count": 607, "media_count": 5402}, "username": "TipsyBartender", "name": "Tipsy Bartender", "created_at": "2011-01-07T02:19:27.000Z", "id": "234985874", "description": "Founder @DrinkEddieBlue\nCEO of @TipsyBartender & @DefNotGourmet   \nEmail: Contact@TipsyBartender.com"}, {"verified": false, "location": "San Francisco, CA", "pinned_tweet_id": "1606709475771314176", "public_metrics": {"followers_count": 524981, "following_count": 21, "tweet_count": 2107, "listed_count": 6012, "like_count": 216, "media_count": 120}, "username": "getbootstrap", "name": "Bootstrap", "created_at": "2011-09-12T20:59:58.000Z", "id": "372475592", "description": "Official account for Bootstrap, a toolkit providing simple and flexible HTML, CSS, and JS for popular UI components and interactions. Tweets by @mdo."}, {"verified": true, "location": "Tavern", "pinned_tweet_id": "1972662761088860571", "public_metrics": {"followers_count": 709120, "following_count": 109, "tweet_count": 24644, "listed_count": 2770, "like_count": 8295, "media_count": 14757}, "username": "PlayHearthstone", "name": "Hearthstone", "created_at": "2013-02-22T19:47:03.000Z", "id": "1209608880", "description": "One hourglass. Infinite timelines. Across the Timeways arrives November 4 \u23f3 | ESRB: TEEN\n\nhttps://t.co/6xGdg1enrd"}, {"verified": true, "pinned_tweet_id": "1990842440396284131", "public_metrics": {"followers_count": 2548644, "following_count": 308, "tweet_count": 11854, "listed_count": 17524, "like_count": 4389, "media_count": 4106}, "username": "googledevs", "name": "Google for Developers", "created_at": "2009-06-23T20:25:29.000Z", "id": "50090898", "description": "Discover the latest developer tools, resources, events, and announcements to help you build smarter, ship faster. \ud83d\ude80"}, {"verified": true, "location": "Mountain View, CA", "pinned_tweet_id": "1995541184144703638", "public_metrics": {"followers_count": 2059435, "following_count": 349, "tweet_count": 8594, "listed_count": 15456, "like_count": 4300, "media_count": 3594}, "username": "AndroidDev", "name": "Android Developers", "created_at": "2009-11-30T20:54:18.000Z", "id": "93711247", "description": "Get the latest Android news, best practices, live videos, demonstrations, tutorials, and more!"}, {"verified": true, "public_metrics": {"followers_count": 6625368, "following_count": 267, "tweet_count": 249841, "listed_count": 12472, "like_count": 8562, "media_count": 25386}, "username": "GooglePlay", "name": "Google Play", "created_at": "2011-01-26T22:44:39.000Z", "id": "243381107", "description": "The official home for all things Google Play. Get the latest and greatest in mobile gaming, movies, apps, and more."}, {"verified": true, "location": "Mountain View, CA", "public_metrics": {"followers_count": 10275056, "following_count": 159, "tweet_count": 8568, "listed_count": 24060, "like_count": 995, "media_count": 1450}, "username": "Android", "name": "Android", "created_at": "2011-09-29T19:34:47.000Z", "id": "382267114", "description": "An icon is back \ud83d\udc9a\n\nElphabot returns to celebrate the premiere of Wicked: For Good \u2728"}, {"verified": true, "location": "Mountain View, CA", "pinned_tweet_id": "1996651163060416859", "public_metrics": {"followers_count": 31497324, "following_count": 287, "tweet_count": 247575, "listed_count": 89644, "like_count": 3813, "media_count": 37629}, "username": "Google", "name": "Google", "created_at": "2009-02-10T19:14:39.000Z", "id": "20536157", "description": "Here to help."}, {"verified": false, "location": "Bangkok, Thailand", "public_metrics": {"followers_count": 281, "following_count": 47, "tweet_count": 1558, "listed_count": 7, "like_count": 2335, "media_count": 952}, "username": "SeeksterCo", "name": "Seekster", "created_at": "2015-06-08T08:26:02.000Z", "id": "3239689951", "description": "Thailand's No.1 Service Platform \ud83d\udcf1 \u0e1a\u0e23\u0e34\u0e01\u0e32\u0e23\u0e08\u0e31\u0e14\u0e2b\u0e32 #\u0e41\u0e21\u0e48\u0e1a\u0e49\u0e32\u0e19 \u0e41\u0e25\u0e30 #\u0e0a\u0e48\u0e32\u0e07\u0e41\u0e2d\u0e23\u0e4c \u0e21\u0e37\u0e2d\u0e2d\u0e32\u0e0a\u0e35\u0e1e \u0e2a\u0e33\u0e2b\u0e23\u0e31\u0e1a\u0e1a\u0e49\u0e32\u0e19 \u0e42\u0e2e\u0e21\u0e2d\u0e2d\u0e1f\u0e1f\u0e34\u0e28 \u0e2a\u0e33\u0e19\u0e31\u0e01\u0e07\u0e32\u0e19 \u0e2b\u0e19\u0e49\u0e32\u0e23\u0e49\u0e32\u0e19 \u0e41\u0e25\u0e30\u0e04\u0e25\u0e34\u0e19\u0e34\u0e01"}, {"verified": false, "public_metrics": {"followers_count": 208803, "following_count": 345, "tweet_count": 5554, "listed_count": 1819, "like_count": 2956, "media_count": 942}, "username": "SavedYouAClick", "name": "Saved You A Click", "created_at": "2014-05-06T16:59:40.000Z", "id": "2480079168", "description": "just a person named @jakebeckman"}, {"verified": true, "location": "The Nexus", "public_metrics": {"followers_count": 358447, "following_count": 171, "tweet_count": 13099, "listed_count": 1444, "like_count": 4112, "media_count": 4535}, "username": "BlizzHeroes", "name": "Heroes of the Storm", "created_at": "2013-09-13T18:53:36.000Z", "id": "1861393146", "description": "The official Twitter account for Heroes of the Storm, a raucous MOBA starring your favorite Blizzard characters."}, {"verified": true, "location": "San Francisco, CA", "pinned_tweet_id": "1995916223427514812", "public_metrics": {"followers_count": 513639, "following_count": 393, "tweet_count": 28700, "listed_count": 4048, "like_count": 5870, "media_count": 13367}, "username": "humble", "name": "Humble Bundle", "created_at": "2007-12-14T16:06:10.000Z", "id": "11167502", "description": "Support charity and save on bundles of games, ebooks, and more. Shop great deals in the Humble Store. \nNeed help? https://t.co/J2gri71YpH"}, {"verified": false, "location": "Canada", "public_metrics": {"followers_count": 282082, "following_count": 29, "tweet_count": 2015, "listed_count": 965, "like_count": 0, "media_count": 1863}, "username": "EthoLP", "name": "Etho", "created_at": "2011-11-23T03:38:56.000Z", "id": "419232978", "description": "I play Minecraft and I love it!"}, {"verified": false, "location": "\u2728\ud83c\udf0d\ud83c\udf0e\ud83c\udf0f\u2728", "public_metrics": {"followers_count": 901113, "following_count": 606, "tweet_count": 7250, "listed_count": 9097, "like_count": 3564, "media_count": 667}, "username": "nodejs", "name": "Node.js", "created_at": "2009-11-23T10:57:50.000Z", "id": "91985735", "description": "The Node.js JavaScript Runtime. \ud83d\udc22\ud83d\ude80 Need help with Node.js? We've got a repo for that: https://t.co/BaCSQqilHm"}, {"verified": false, "pinned_tweet_id": "1792180139406573862", "public_metrics": {"followers_count": 9020, "following_count": 20, "tweet_count": 1727, "listed_count": 246, "like_count": 1952, "media_count": 22}, "username": "sailsjs", "name": "Sails.js", "created_at": "2012-10-05T04:41:36.000Z", "id": "862512726", "description": "Realtime MVC framework for Node.js"}, {"verified": false, "location": "NYC", "pinned_tweet_id": "1282750287229456385", "public_metrics": {"followers_count": 6161468, "following_count": 482, "tweet_count": 56464, "listed_count": 14771, "like_count": 29838, "media_count": 8727}, "username": "MKBHD", "name": "Marques Brownlee", "created_at": "2009-04-09T00:50:00.000Z", "id": "29873662", "description": "Web Video Producer | \u22c8 | Pro Ultimate Frisbee Player | Host of @WVFRM @TheStudio"}, {"verified": false, "location": "saraburi", "public_metrics": {"followers_count": 5, "following_count": 53, "tweet_count": 9, "listed_count": 0, "like_count": 29, "media_count": 0}, "username": "TanesRadomngam", "name": "Tanes Radomngam", "created_at": "2012-09-17T14:55:48.000Z", "id": "829211034", "description": ""}, {"verified": false, "public_metrics": {"followers_count": 10, "following_count": 11, "tweet_count": 3, "listed_count": 0, "like_count": 0, "media_count": 0}, "username": "nothing33", "name": "Sandy", "created_at": "2008-05-13T03:57:20.000Z", "id": "14754418", "description": ""}, {"verified": false, "public_metrics": {"followers_count": 36, "following_count": 216, "tweet_count": 462, "listed_count": 0, "like_count": 66, "media_count": 1}, "username": "helenAnuchy", "name": "Helen A. Leeder", "created_at": "2009-08-28T10:17:12.000Z", "id": "69554626", "description": "Hiya I'm H.A.L. ~"}, {"verified": false, "public_metrics": {"followers_count": 60, "following_count": 0, "tweet_count": 653, "listed_count": 2, "like_count": 16, "media_count": 74}, "username": "NungbelL", "name": "La Belle", "created_at": "2010-05-20T15:30:07.000Z", "id": "146088724", "description": ""}, {"verified": true, "pinned_tweet_id": "1991545055103107276", "public_metrics": {"followers_count": 1449346, "following_count": 101, "tweet_count": 10441, "listed_count": 2445, "like_count": 4838, "media_count": 4309}, "username": "Borderlands", "name": "Borderlands", "created_at": "2013-11-21T17:16:21.000Z", "id": "2207520854", "description": "Borderlands 4 | Available Now \n\nESRB RATING: M"}, {"verified": true, "location": "Frisco, TX", "pinned_tweet_id": "1991545250532208879", "public_metrics": {"followers_count": 1152301, "following_count": 193, "tweet_count": 16580, "listed_count": 5742, "like_count": 6753, "media_count": 3516}, "username": "GearboxOfficial", "name": "GearboxOfficial", "created_at": "2008-10-02T21:25:31.000Z", "id": "16567106", "description": "Official account for Gearbox Entertainment."}, {"verified": false, "public_metrics": {"followers_count": 1314, "following_count": 56, "tweet_count": 280, "listed_count": 13, "like_count": 100, "media_count": 0}, "username": "MouldyToof", "name": "Mouldy Toof Studios", "created_at": "2014-02-19T15:25:11.000Z", "id": "2351859229", "description": "Developer of The Escapists"}, {"verified": true, "pinned_tweet_id": "1996724217396515203", "public_metrics": {"followers_count": 3211114, "following_count": 104, "tweet_count": 162894, "listed_count": 7439, "like_count": 1652, "media_count": 90673}, "username": "pcgamer", "name": "PC Gamer", "created_at": "2008-10-14T11:19:09.000Z", "id": "16736535", "description": "The global authority on PC games."}, {"verified": false, "location": "Stockholm, Sweden", "public_metrics": {"followers_count": 431014, "following_count": 206, "tweet_count": 27666, "listed_count": 1513, "like_count": 324, "media_count": 552}, "username": "Dinnerbone", "name": "Nathan Adams", "created_at": "2009-10-20T11:06:24.000Z", "id": "83820762", "description": "Foreverabone. Usually Minecraft. Right now trying to become human again.\nPotentially found at https://t.co/AgxZyldkqd"}, {"verified": false, "location": "San Jose, CA", "pinned_tweet_id": "1346299089147740160", "public_metrics": {"followers_count": 23480, "following_count": 194, "tweet_count": 1698, "listed_count": 154, "like_count": 628, "media_count": 173}, "username": "ProtomCannon", "name": "Tom Cannon", "created_at": "2011-12-03T05:38:15.000Z", "id": "427156873", "description": "Dad out here trying to make some video games. 2XKO. Evo."}, {"verified": false, "location": "Tucson, AZ", "public_metrics": {"followers_count": 5, "following_count": 13, "tweet_count": 2, "listed_count": 0, "like_count": 0, "media_count": 0}, "username": "LazyFoxGames", "name": "LazyFoxProductions", "created_at": "2013-05-10T04:25:39.000Z", "id": "1417162153", "description": "Independent game company"}, {"verified": false, "location": "San Jose, CA", "public_metrics": {"followers_count": 3587, "following_count": 8, "tweet_count": 551, "listed_count": 57, "like_count": 76, "media_count": 2}, "username": "stonehearthgame", "name": "Radiant", "created_at": "2012-10-31T19:33:17.000Z", "id": "917526817", "description": "We're the developers working on Stonehearth!"}, {"verified": false, "public_metrics": {"followers_count": 3609, "following_count": 78, "tweet_count": 43, "listed_count": 71, "like_count": 29, "media_count": 0}, "username": "Kairosoft", "name": "Kairosoft", "created_at": "2010-12-21T23:27:34.000Z", "id": "229261452", "description": "Kairosoft has been developing simulation games since 1996. This account is not directly affiliated w/ Kairosoft but is dedicated to the promotion of their games"}, {"verified": false, "public_metrics": {"followers_count": 37548, "following_count": 0, "tweet_count": 1830, "listed_count": 39, "like_count": 1457, "media_count": 361}, "username": "pokemmo", "name": "PokeMMO", "created_at": "2012-03-27T08:49:40.000Z", "id": "537992875", "description": "Soon\u2122"}, {"verified": false, "location": "Prague", "public_metrics": {"followers_count": 812, "following_count": 0, "tweet_count": 426, "listed_count": 69, "like_count": 0, "media_count": 9}, "username": "intype", "name": "Intype Editor", "created_at": "2008-04-27T00:20:14.000Z", "id": "14553412", "description": "The text editor we've all been waiting for."}, {"verified": false, "location": "Bangkok", "public_metrics": {"followers_count": 1, "following_count": 31, "tweet_count": 81, "listed_count": 0, "like_count": 8, "media_count": 13}, "username": "engamdye", "name": "Andy Dye", "created_at": "2012-04-24T12:49:02.000Z", "id": "561993944", "description": "Husband, Father and all round handy Andy"}, {"verified": false, "location": "Stockholm, Sweden", "public_metrics": {"followers_count": 1113413, "following_count": 311, "tweet_count": 12292, "listed_count": 4704, "like_count": 15, "media_count": 324}, "username": "jeb_", "name": "Jens Bergensten", "created_at": "2009-03-13T12:59:08.000Z", "id": "24166202", "description": "Chief Creative Officer at Mojang in Stockholm"}, {"verified": false, "location": "Thailand", "public_metrics": {"followers_count": 7, "following_count": 0, "tweet_count": 0, "listed_count": 0, "like_count": 0, "media_count": 0}, "username": "lengleng_cheung", "name": "Aphichaya", "created_at": "2010-09-13T12:24:59.000Z", "id": "190228978", "description": ""}, {"verified": false, "public_metrics": {"followers_count": 3258962, "following_count": 239, "tweet_count": 98962, "listed_count": 8992, "like_count": 16159, "media_count": 2524}, "username": "notch", "name": "notch", "created_at": "2009-08-06T17:08:06.000Z", "id": "63485337", "description": "Currently working on Levers and Chests, a dungeon crawler roguelike roguelite."}, {"verified": false, "location": "Thailand", "public_metrics": {"followers_count": 9, "following_count": 4, "tweet_count": 339, "listed_count": 0, "like_count": 0, "media_count": 19}, "username": "teknuze", "name": "TekNuze", "created_at": "2011-03-30T16:18:21.000Z", "id": "274600083", "description": "Get the LATEST Tech news before your friends do.\r\nAlways Up-to-Date iOS Jailbreak guide http://t.co/WbzU3pKuW3"}], "meta": {"result_count": 177}}