{"data": [{"created_at": "2020-03-06T06:20:08.000Z", "id": "1235812280895328262", "username": "sanjana__z", "name": "Sanjana Srivastava", "verified": false, "description": "Just finished being an AI PhD student @StanfordAILab @StanfordSVL | Previously @DeepMind @MITCSAIL @mitbrainandcog @MIT_CBMM", "public_metrics": {"followers_count": 600, "following_count": 606, "tweet_count": 131, "listed_count": 8, "like_count": 2692, "media_count": 5}}, {"created_at": "2015-02-16T15:32:35.000Z", "id": "3022633752", "pinned_tweet_id": "1701272996328120408", "username": "tianle_cai", "name": "Tianle Cai \u2708\ufe0f NeurIPS 2025", "location": "Princeton, USA", "verified": false, "description": "Life-long learner, hacker, and thinker. PhD @Princeton. Prev @togethercompute @GoogleDeepMind @MSFTResearch @citsecurities.", "public_metrics": {"followers_count": 8054, "following_count": 4677, "tweet_count": 507, "listed_count": 91, "like_count": 9213, "media_count": 64}}, {"created_at": "2012-12-21T08:11:50.000Z", "id": "1025927936", "pinned_tweet_id": "1973191635904373243", "username": "larsankile", "name": "Lars Ankile", "location": "Palo Alto, CA", "verified": false, "description": "ML for robotics.", "public_metrics": {"followers_count": 620, "following_count": 577, "tweet_count": 124, "listed_count": 15, "like_count": 1015, "media_count": 22}}, {"created_at": "2021-02-12T19:18:53.000Z", "id": "1360307344299724805", "username": "whatthelukh", "name": "Luke Huang", "location": "Cambridge, MA", "verified": false, "description": "Physics + CS @MIT | US IPhO", "public_metrics": {"followers_count": 38, "following_count": 209, "tweet_count": 4, "listed_count": 0, "like_count": 59, "media_count": 0}}, {"created_at": "2011-08-08T17:19:34.000Z", "id": "351013521", "username": "YuchenCui1", "name": "Yuchen Cui", "location": "Los Angeles, CA", "verified": false, "description": "Assistant Professor @CS_UCLA researching Interactive Robot Learning \ud83e\udd16\ud83e\udd16\ud83e\udd16 | previously Postdoc @Stanford, CS PhD @UTAustin", "public_metrics": {"followers_count": 1911, "following_count": 646, "tweet_count": 33, "listed_count": 16, "like_count": 623, "media_count": 6}}, {"created_at": "2009-07-09T20:16:55.000Z", "id": "55348425", "pinned_tweet_id": "1849103234092474519", "username": "ajayj_", "name": "Ajay Jain", "location": "San Francisco, CA", "verified": false, "description": "Co-founder @genmoai. Co-created denoising diffusion (DDPM), DreamFusion, Dream Fields. Ex Ph.D. @berkeley_ai, @googleai, @facebookai, @nvidiaai, @mit", "public_metrics": {"followers_count": 7583, "following_count": 4405, "tweet_count": 643, "listed_count": 134, "like_count": 5008, "media_count": 80}}, {"created_at": "2015-12-18T18:51:42.000Z", "id": "4527505582", "username": "scott_e_reed", "name": "Scott Reed", "location": "United States", "verified": false, "description": "Research Scientist at NVIDIA working on generalist embodied agent research", "public_metrics": {"followers_count": 16992, "following_count": 595, "tweet_count": 1508, "listed_count": 306, "like_count": 28568, "media_count": 9}}, {"created_at": "2023-07-22T22:18:50.000Z", "id": "1682877806324187137", "pinned_tweet_id": "1944844999239327884", "username": "chengyun01", "name": "Yun (Catherine) Cheng", "location": "Princeton, NJ", "verified": false, "description": "3rd-year PhD student @PrincetonCS @PrincetonPLI. prev @mldcmu @SCSatCMU.", "public_metrics": {"followers_count": 98, "following_count": 304, "tweet_count": 26, "listed_count": 1, "like_count": 313, "media_count": 0}}, {"created_at": "2010-10-22T03:35:57.000Z", "id": "206026629", "pinned_tweet_id": "1681822942546759681", "username": "RichardSSutton", "name": "Richard Sutton", "location": "Edmonton, Alberta, Canada", "verified": false, "description": "Student of mind and nature, libertarian, chess player, cancer survivor. @ Keen, UAlberta, Amii, https://t.co/u8za2Kod54, The Royal Society, Turing Award", "public_metrics": {"followers_count": 56805, "following_count": 64, "tweet_count": 366, "listed_count": 643, "like_count": 120, "media_count": 33}}, {"created_at": "2022-01-11T20:44:54.000Z", "id": "1481004188691619841", "username": "KWantlin", "name": "Kathryn Wantlin", "verified": false, "description": "CS Ph.D. student @Princeton (@ryan_p_adams group), formerly @Harvard", "public_metrics": {"followers_count": 108, "following_count": 694, "tweet_count": 1, "listed_count": 0, "like_count": 1279, "media_count": 0}}, {"created_at": "2019-12-18T19:19:44.000Z", "id": "1207379904221728768", "pinned_tweet_id": "1889738618102509662", "username": "jadenvclark", "name": "Jaden Clark", "location": "Los Angeles, CA", "verified": false, "description": "PhD @Stanford @KnightHennessy. AI, robotics, and conservation", "public_metrics": {"followers_count": 216, "following_count": 316, "tweet_count": 41, "listed_count": 2, "like_count": 147, "media_count": 17}}, {"created_at": "2019-08-14T06:23:25.000Z", "id": "1161523703898955779", "pinned_tweet_id": "1939697454078976433", "username": "_anniechen_", "name": "Annie Chen", "verified": false, "description": "PhD student @StanfordAILab. Prev: research @GoogleDeepMind, Stanford BS/MS", "public_metrics": {"followers_count": 1118, "following_count": 428, "tweet_count": 102, "listed_count": 17, "like_count": 1370, "media_count": 26}}, {"created_at": "2016-06-08T02:48:46.000Z", "id": "740374981771567104", "pinned_tweet_id": "1978244454617128993", "username": "JensTuyls", "name": "Jens Tuyls", "location": "Silicon Valley, CA", "verified": false, "description": "PhD @PrincetonCS. Previously CS & Eng. @UCIrvine. Studying AI, ML, RL, NLP.", "public_metrics": {"followers_count": 911, "following_count": 1141, "tweet_count": 140, "listed_count": 14, "like_count": 1841, "media_count": 11}}, {"created_at": "2010-11-14T23:19:01.000Z", "id": "215800120", "pinned_tweet_id": "1827797923826180218", "username": "megha_byte", "name": "Megha Srivastava", "location": "Los Angeles, CA", "verified": false, "description": "\ud83d\udc69\ud83c\udffd\u200d\ud83d\udcbb\ud83c\udfd4\ud83d\udcf7\ud83c\udf32\ud83c\udfa8\ud83c\udfb6\ud83d\udc33\nphd student in computer science \n\n@stanfordailab + applied cryptography group \ud83e\udde9", "public_metrics": {"followers_count": 639, "following_count": 582, "tweet_count": 110, "listed_count": 5, "like_count": 9970, "media_count": 10}}, {"created_at": "2022-08-12T19:11:40.000Z", "id": "1558169328620408832", "username": "JoeyHejna", "name": "Joey Hejna", "verified": false, "description": "CS PhD @ Stanford, prev Berkeley AI, @GoogleDeepMind, @physical_int", "public_metrics": {"followers_count": 1149, "following_count": 529, "tweet_count": 80, "listed_count": 17, "like_count": 227, "media_count": 38}}, {"created_at": "2022-07-22T01:44:09.000Z", "id": "1550295564230610944", "pinned_tweet_id": "1993726610806296741", "username": "jenngrannen", "name": "Jenn Grannen", "location": "Palo Alto, CA", "verified": false, "description": "@StanfordAILab PhD, previously @ToyotaResearch, @berkeley_ai. I can teach your robot new tricks.", "public_metrics": {"followers_count": 803, "following_count": 262, "tweet_count": 70, "listed_count": 10, "like_count": 197, "media_count": 21}}, {"created_at": "2023-10-16T00:41:35.000Z", "id": "1713715843388018688", "pinned_tweet_id": "1936151344043507981", "username": "pranav_atreya", "name": "Pranav Atreya", "location": "Berkeley, CA", "verified": false, "description": "Robot learning | CS Ph.D. student @berkeley_ai", "public_metrics": {"followers_count": 386, "following_count": 274, "tweet_count": 33, "listed_count": 5, "like_count": 119, "media_count": 13}}, {"created_at": "2009-07-22T12:29:17.000Z", "id": "59112079", "username": "surmenok", "name": "Pavel Surmenok", "location": "Redwood City, CA", "verified": false, "description": "Autopilot / AI at Tesla", "public_metrics": {"followers_count": 3548, "following_count": 6591, "tweet_count": 9387, "listed_count": 98, "like_count": 91914, "media_count": 128}}, {"created_at": "2011-10-09T21:35:36.000Z", "id": "387918067", "pinned_tweet_id": "1979623481663963338", "username": "RylanSchaeffer", "name": "Rylan Schaeffer", "location": "Mountain View, CA", "verified": false, "description": "AI/ML RS @ Meta. On-Leave from Stanford w/ @sanmikoyejo. Prev @ Gemini, Meta, MIT, Harvard, Uber, UCL, UC Davis", "public_metrics": {"followers_count": 5817, "following_count": 1714, "tweet_count": 1438, "listed_count": 82, "like_count": 9451, "media_count": 371}}, {"created_at": "2020-05-29T19:06:10.000Z", "id": "1266445726491410432", "pinned_tweet_id": "1969094885518053869", "username": "kothasuhas", "name": "Suhas Kotha", "verified": false, "description": "cs phd @ stanford", "public_metrics": {"followers_count": 597, "following_count": 241, "tweet_count": 86, "listed_count": 5, "like_count": 484, "media_count": 23}}, {"created_at": "2023-05-05T21:45:04.000Z", "id": "1654603020192333827", "username": "juleszqiu", "name": "Jules", "location": "San Francisco", "verified": false, "description": "@radicalvcfund, @HarvardMath \u2229 @Harvard_History", "public_metrics": {"followers_count": 92, "following_count": 42, "tweet_count": 4, "listed_count": 1, "like_count": 2, "media_count": 1}}, {"created_at": "2013-01-31T06:27:56.000Z", "id": "1136188068", "username": "Stone_Tao", "name": "Stone Tao", "location": "San Diego, CA", "verified": false, "description": "Simulation and Embodied AI. PhDing @UCSanDiego @allen_ai, previously @NVIDIA @hillbot_ai. Co-founded @LuxAIChallenge. @NSF GRFP fellow", "public_metrics": {"followers_count": 6568, "following_count": 1257, "tweet_count": 3273, "listed_count": 81, "like_count": 14635, "media_count": 278}}, {"created_at": "2022-09-29T13:53:53.000Z", "id": "1575483949442551811", "username": "JohnHYao", "name": "John Yao", "verified": false, "description": "Msc AI @ Universiteit van Amsterdam", "public_metrics": {"followers_count": 13, "following_count": 114, "tweet_count": 0, "listed_count": 0, "like_count": 98, "media_count": 0}}, {"created_at": "2021-11-02T15:16:26.000Z", "id": "1455554351104102404", "pinned_tweet_id": "1981580263194034331", "username": "GYanjiang", "name": "Yanjiang Guo", "verified": false, "description": "CS PhD student @Tsinghua_Uni. Visiting researcher @Stanford. Undergrad @TsinghuaEE.", "public_metrics": {"followers_count": 616, "following_count": 319, "tweet_count": 50, "listed_count": 7, "like_count": 69, "media_count": 11}}, {"created_at": "2020-02-03T02:01:44.000Z", "id": "1224150903092998144", "pinned_tweet_id": "1990612373431071044", "username": "michael_equi", "name": "Michael Equi", "location": "California", "verified": false, "description": "building robot brains @physical_int | ex Optimus @Tesla_AI | ex @1x_tech | EECS @ucberkeley | @ZFellows_ | past VP @berkeleyML | @berkeley_ai", "public_metrics": {"followers_count": 1173, "following_count": 395, "tweet_count": 102, "listed_count": 16, "like_count": 946, "media_count": 13}}, {"created_at": "2016-03-14T22:59:53.000Z", "id": "709514414957961216", "pinned_tweet_id": "1943833366685790693", "username": "qiyang_li", "name": "Qiyang (Colin) Li @ NeurIPS 2025", "location": "Berkeley, CA", "verified": false, "description": "Ph.D. Student @Berkeley_AI", "public_metrics": {"followers_count": 1302, "following_count": 531, "tweet_count": 157, "listed_count": 16, "like_count": 1069, "media_count": 25}}, {"created_at": "2022-04-13T06:21:58.000Z", "id": "1514126692763127808", "pinned_tweet_id": "1932095935049609457", "username": "priyasun_", "name": "Priya Sundaresan", "location": "Stanford, CA", "verified": false, "description": "CS PhD student @Stanford, prev. Intrinsic, @Amazon Robotics, @UCBerkeley | learning from humans & teaching robots", "public_metrics": {"followers_count": 1779, "following_count": 545, "tweet_count": 144, "listed_count": 20, "like_count": 660, "media_count": 62}}, {"created_at": "2021-12-09T23:33:28.000Z", "id": "1469087716042108931", "username": "tonyh_lee", "name": "Tony Lee", "location": "Stanford, CA", "verified": false, "description": "PhD Candidate @StanfordAILab @StanfordNLP", "public_metrics": {"followers_count": 605, "following_count": 173, "tweet_count": 90, "listed_count": 3, "like_count": 138, "media_count": 6}}, {"created_at": "2014-08-14T14:35:40.000Z", "id": "2731861316", "username": "suvir_m", "name": "Suvir Mirchandani", "verified": false, "description": "PhD Student @StanfordAILab, Student Researcher @Apple | Prev: Student Researcher @GoogleDeepMind, AI Resident @MetaAI, BS/MS @Stanford CS", "public_metrics": {"followers_count": 572, "following_count": 543, "tweet_count": 44, "listed_count": 5, "like_count": 467, "media_count": 13}}, {"created_at": "2024-01-05T20:03:03.000Z", "id": "1743362453554032641", "username": "therealgabeguo", "name": "Gabe Guo \ud83e\udd84", "location": "Buffalo, NY", "verified": false, "description": "generative AI, computational physics. currently @StanfordEng @ENERGY formerly @Columbia", "public_metrics": {"followers_count": 37, "following_count": 142, "tweet_count": 41, "listed_count": 1, "like_count": 447, "media_count": 1}}, {"created_at": "2023-06-26T19:37:07.000Z", "id": "1673415027762802688", "pinned_tweet_id": "1982239143431393432", "username": "ajaysridhar0", "name": "Ajay Sridhar", "verified": false, "description": "cs phd student @StanfordAILab", "public_metrics": {"followers_count": 309, "following_count": 300, "tweet_count": 36, "listed_count": 1, "like_count": 625, "media_count": 6}}, {"created_at": "2024-02-21T00:50:22.000Z", "id": "1760104572985737216", "username": "andrewwangaw", "name": "Andrew Wang", "verified": false, "description": "PhD student @CMU_Robotics, prev @berkeley_ai", "public_metrics": {"followers_count": 94, "following_count": 360, "tweet_count": 17, "listed_count": 1, "like_count": 2837, "media_count": 0}}, {"created_at": "2018-08-01T02:38:56.000Z", "id": "1024484597801791488", "pinned_tweet_id": "1864213643392635145", "username": "liu_yuejiang", "name": "Yuejiang Liu", "verified": false, "description": "Postdoc @StanfordAILab | Prev PhD @EPFL", "public_metrics": {"followers_count": 776, "following_count": 4984, "tweet_count": 76, "listed_count": 4, "like_count": 1345, "media_count": 27}}, {"created_at": "2012-09-24T17:18:45.000Z", "id": "843954692", "pinned_tweet_id": "1923084806474362940", "username": "marceltornev", "name": "Marcel Torn\u00e9", "location": "Stanford, CA", "verified": false, "description": "PhD Student in Robot Learning @Stanford & @physical_int | Prev @MIT, @Harvard, @EPFL", "public_metrics": {"followers_count": 625, "following_count": 315, "tweet_count": 72, "listed_count": 16, "like_count": 392, "media_count": 26}}, {"created_at": "2022-03-16T18:21:55.000Z", "id": "1504160969978793989", "username": "TianGao_19", "name": "Tian Gao", "verified": false, "description": "CS PhD @Stanford | Prev: @UTAustin and @Tsinghua_Uni | Embodied AI/RL/Robotics", "public_metrics": {"followers_count": 329, "following_count": 239, "tweet_count": 21, "listed_count": 3, "like_count": 23, "media_count": 4}}, {"created_at": "2022-09-23T23:09:40.000Z", "id": "1573449488408055808", "username": "yvsriram", "name": "Sriram Yenamandra", "verified": false, "description": "CS PhD student at Stanford | Prev: Georgia Tech, IIT-Bombay", "public_metrics": {"followers_count": 112, "following_count": 230, "tweet_count": 32, "listed_count": 0, "like_count": 401, "media_count": 0}}, {"created_at": "2021-12-09T04:05:23.000Z", "id": "1468793850139639809", "pinned_tweet_id": "1978974511421694172", "username": "chongyiz1", "name": "Chongyi Zheng", "verified": false, "description": "PhD student @Princeton working on RL.", "public_metrics": {"followers_count": 400, "following_count": 311, "tweet_count": 92, "listed_count": 11, "like_count": 187, "media_count": 29}}, {"created_at": "2023-07-19T22:51:10.000Z", "id": "1681798823595905024", "pinned_tweet_id": "1867629119892271445", "username": "LukeBailey181", "name": "Luke Bailey", "verified": false, "description": "CS PhD student @Stanford. Former CS and Math undergraduate @Harvard.", "public_metrics": {"followers_count": 393, "following_count": 301, "tweet_count": 96, "listed_count": 3, "like_count": 673, "media_count": 9}}, {"created_at": "2022-10-18T04:33:29.000Z", "id": "1582228292635009024", "username": "simon_zhai", "name": "Simon Zhai", "verified": false, "description": "MACROHARD @xAI | prev: RS @GoogleDeepMind, PhD @berkeley_ai. I troll most of the time.", "public_metrics": {"followers_count": 1612, "following_count": 546, "tweet_count": 483, "listed_count": 23, "like_count": 4451, "media_count": 52}}, {"created_at": "2021-08-08T17:23:54.000Z", "id": "1424421061878116356", "pinned_tweet_id": "1944810545779241352", "username": "ShirleyYXWu", "name": "Shirley Wu @ NeurIPS", "location": "Palo Alto", "verified": false, "description": "CS PhD candidate @Stanford working w/ @jure & @james_y_zou on LLM agents and alignment | Prev USTC, Intern @MSFTResearch, @NUSingapore", "public_metrics": {"followers_count": 2712, "following_count": 318, "tweet_count": 211, "listed_count": 25, "like_count": 666, "media_count": 27}}, {"created_at": "2023-03-24T22:31:05.000Z", "id": "1639394385946345475", "pinned_tweet_id": "1974195667250864561", "username": "Anikait_Singh_", "name": "Anikait Singh", "location": "Palo Alto, California", "verified": false, "description": "PhD @StanfordAILab @stanfordnlp | BA @Berkeley_AI | Interned @MSFTResearch @ToyotaResearch @GoogleDeepMind.", "public_metrics": {"followers_count": 833, "following_count": 888, "tweet_count": 108, "listed_count": 17, "like_count": 1870, "media_count": 26}}, {"created_at": "2022-07-15T03:50:20.000Z", "id": "1547790583334285313", "username": "YifeiZhou02", "name": "Yifei Zhou", "verified": false, "description": "MTS @xai | PhD student @berkeley_ai (on leave), working on RL for LLM agents, prev @AIatMeta, Opinions my own", "public_metrics": {"followers_count": 2785, "following_count": 575, "tweet_count": 313, "listed_count": 37, "like_count": 632, "media_count": 34}}, {"created_at": "2018-07-30T16:26:56.000Z", "id": "1023968191800782849", "username": "DionDong1", "name": "Dion Dong", "location": "San Francisco, CA", "verified": false, "description": "Talent Research & Investing", "public_metrics": {"followers_count": 284, "following_count": 525, "tweet_count": 144, "listed_count": 5, "like_count": 1089, "media_count": 0}}, {"created_at": "2016-01-19T13:46:08.000Z", "id": "4783690002", "pinned_tweet_id": "1996658401233842624", "username": "GoogleDeepMind", "name": "Google DeepMind", "location": "London, UK", "verified": true, "description": "We\u2019re a team of scientists, engineers, ethicists and more, committed to solving intelligence, to advance science and benefit humanity.", "public_metrics": {"followers_count": 1272901, "following_count": 280, "tweet_count": 4156, "listed_count": 14035, "like_count": 2725, "media_count": 1699}}, {"created_at": "2009-12-15T15:17:40.000Z", "id": "96999384", "pinned_tweet_id": "1923757799198294317", "username": "lilianweng", "name": "Lilian Weng", "location": "San Francisco, CA", "verified": false, "description": "Co-founder of Thinking Machines Lab @thinkymachines; Ex-VP, AI Safety & robotics, applied research @OpenAI; Author of Lil'Log", "public_metrics": {"followers_count": 176006, "following_count": 171, "tweet_count": 202, "listed_count": 2122, "like_count": 137, "media_count": 14}}, {"created_at": "2021-03-10T18:55:03.000Z", "id": "1369723453150949376", "username": "ben_eysenbach", "name": "Ben Eysenbach", "verified": false, "description": "Prof @ Princeton CS working on AI/ML/RL.\n \ud83e\udd8b@ https://t.co/hz4KZsv5iO", "public_metrics": {"followers_count": 5061, "following_count": 0, "tweet_count": 162, "listed_count": 58, "like_count": 26, "media_count": 40}}, {"created_at": "2016-05-31T03:34:27.000Z", "id": "737487375648100352", "username": "aviral_kumar2", "name": "Aviral Kumar", "location": "Pittsburgh, PA", "verified": false, "description": "Assistant Professor of CS & ML at @CarnegieMellon. Part-time Research Scientist Google. PhD from UC Berkeley.", "public_metrics": {"followers_count": 5279, "following_count": 357, "tweet_count": 422, "listed_count": 45, "like_count": 1092, "media_count": 231}}, {"created_at": "2011-05-25T16:40:16.000Z", "id": "305092591", "username": "EmmaBrunskill", "name": "Emma Brunskill", "location": "United States", "verified": false, "description": "Associate professor, Computer Science. Stanford. Stanford's Human Centered AI (HAI) Institute. Opinions expressed are my own.", "public_metrics": {"followers_count": 8231, "following_count": 90, "tweet_count": 214, "listed_count": 129, "like_count": 772, "media_count": 15}}, {"created_at": "2014-06-19T22:24:09.000Z", "id": "2577596593", "username": "chelseabfinn", "name": "Chelsea Finn", "location": "Palo Alto, CA", "verified": false, "description": "Asst Prof of CS & EE @Stanford\nCo-founder of Physical Intelligence @physical_int\nPhD from @Berkeley_EECS, EECS BS from @MIT", "public_metrics": {"followers_count": 85196, "following_count": 400, "tweet_count": 636, "listed_count": 1514, "like_count": 1355, "media_count": 267}}, {"created_at": "2014-02-27T15:15:08.000Z", "id": "2364317023", "username": "DorsaSadigh", "name": "Dorsa Sadigh", "location": "Palo Alto, CA", "verified": false, "description": "CS Faculty @Stanford, @StanfordAILab, @StanfordHAI\nResearch scientist @GoogleDeepMind\nPhD and BS from @Berkeley_EECS", "public_metrics": {"followers_count": 11469, "following_count": 402, "tweet_count": 577, "listed_count": 136, "like_count": 1633, "media_count": 94}}, {"created_at": "2009-06-17T16:05:51.000Z", "id": "48008938", "pinned_tweet_id": "1862598063275061484", "username": "ylecun", "name": "Yann LeCun", "location": "New York", "verified": false, "description": "Professor at NYU. Chief AI Scientist at Meta.\nResearcher in AI, Machine Learning, Robotics, etc.\nACM Turing Award Laureate.", "public_metrics": {"followers_count": 990099, "following_count": 767, "tweet_count": 24326, "listed_count": 13617, "like_count": 25247, "media_count": 455}}, {"created_at": "2014-04-27T00:20:12.000Z", "id": "2465283662", "pinned_tweet_id": "1844746338396770616", "username": "_akhaliq", "name": "AK", "verified": false, "description": "AI research paper tweets, ML @Gradio (acq. by @HuggingFace \ud83e\udd17) dm for promo ,submit papers here: https://t.co/UzmYN5XOCi", "public_metrics": {"followers_count": 440657, "following_count": 3150, "tweet_count": 45278, "listed_count": 4943, "like_count": 37494, "media_count": 19148}}, {"created_at": "2011-11-08T15:32:17.000Z", "id": "407800233", "pinned_tweet_id": "1991186525975970072", "username": "EMostaque", "name": "Emad", "location": "London", "verified": false, "description": "Open Sovereign AI @ii_posts. Founder @StabilityAI.", "public_metrics": {"followers_count": 300834, "following_count": 29, "tweet_count": 19459, "listed_count": 3688, "like_count": 9944, "media_count": 2133}}, {"created_at": "2009-06-26T22:36:02.000Z", "id": "51257255", "pinned_tweet_id": "1986251322266640846", "username": "natashajaques", "name": "Natasha Jaques", "location": "Seattle, WA", "verified": false, "description": "Assistant Professor @uwcse and Staff Research Scientist at @GoogleAI. Let's get off this app: https://t.co/jbH2oAjbPN", "public_metrics": {"followers_count": 31695, "following_count": 1120, "tweet_count": 1530, "listed_count": 507, "like_count": 6013, "media_count": 65}}, {"created_at": "2010-08-21T00:57:54.000Z", "id": "180993910", "pinned_tweet_id": "1973426729952956652", "username": "pabbeel", "name": "Pieter Abbeel", "location": "Berkeley, CA", "verified": false, "description": "Berkeley & Amazon", "public_metrics": {"followers_count": 90800, "following_count": 459, "tweet_count": 2646, "listed_count": 1904, "like_count": 11715, "media_count": 346}}, {"created_at": "2018-04-29T03:32:53.000Z", "id": "990433714948661250", "username": "svlevine", "name": "Sergey Levine", "location": "Berkeley, CA", "verified": false, "description": "Associate Professor at UC Berkeley\nCo-founder, Physical Intelligence", "public_metrics": {"followers_count": 115216, "following_count": 140, "tweet_count": 2473, "listed_count": 1422, "like_count": 1123, "media_count": 1044}}, {"created_at": "2012-12-27T05:31:36.000Z", "id": "1038894236", "username": "blubberboy360", "name": "Thomson Liu", "location": "California, USA", "verified": false, "description": "", "public_metrics": {"followers_count": 7, "following_count": 25, "tweet_count": 6, "listed_count": 0, "like_count": 41, "media_count": 0}}], "meta": {"result_count": 57}}