{"data": [{"name": "Nathaniel Li", "public_metrics": {"followers_count": 533, "following_count": 624, "tweet_count": 43, "listed_count": 5, "like_count": 551, "media_count": 4}, "username": "natliml", "verified": false, "description": "Preparedness @meta superintelligence labs, formerly @ai_risks @scale_ai \ud83d\udc3b \ud83c\uddfa\ud83c\uddf8", "created_at": "2023-01-09T20:27:48.000Z", "id": "1612546667101945856", "location": "San Francisco, CA"}, {"name": "Geoff Boss", "public_metrics": {"followers_count": 507, "following_count": 431, "tweet_count": 581, "listed_count": 17, "like_count": 1254, "media_count": 13}, "username": "gffbss", "verified": false, "description": "Building teams at xAI", "created_at": "2011-09-01T06:20:51.000Z", "id": "365899419", "location": "San Francisco"}, {"name": "Robert Scoble", "public_metrics": {"followers_count": 548516, "following_count": 32594, "tweet_count": 230927, "listed_count": 23277, "like_count": 548299, "media_count": 6005}, "username": "Scobleizer", "verified": false, "description": "The best from ML/AI community | Ex-Microsoft, Rackspace, Fast Company | Wrote eight books about the future | Silicon Valley robots, holodecks, BCIs, & startups.", "pinned_tweet_id": "1995903135374889412", "created_at": "2006-11-20T23:43:44.000Z", "id": "13348", "location": "My Free Newsletter \ud83d\udc49"}, {"name": "John Schulman", "public_metrics": {"followers_count": 69156, "following_count": 1485, "tweet_count": 150, "listed_count": 1155, "like_count": 3265, "media_count": 7}, "username": "johnschulman2", "verified": false, "description": "Recently started @thinkymachines. Interested in reinforcement learning, alignment, birds, jazz music", "created_at": "2021-05-02T22:05:23.000Z", "id": "1388977636618080256"}, {"name": "Baris Akis", "public_metrics": {"followers_count": 4498, "following_count": 225, "tweet_count": 17, "listed_count": 33, "like_count": 19, "media_count": 1}, "username": "barisakis", "verified": false, "description": "Co-Founder & Managing Partner   @humancapital Talent Engineering @xai", "pinned_tweet_id": "1981511561677328574", "created_at": "2010-08-26T19:24:30.000Z", "id": "183339560"}, {"name": "Daniel Levy", "public_metrics": {"followers_count": 14248, "following_count": 343, "tweet_count": 763, "listed_count": 184, "like_count": 1278, "media_count": 10}, "username": "daniellevy__", "verified": false, "description": "cofounder at @ssi", "created_at": "2009-10-05T17:41:34.000Z", "id": "80080794", "location": "Stanford, CA"}, {"name": "Ilya Sutskever", "public_metrics": {"followers_count": 559400, "following_count": 3, "tweet_count": 1196, "listed_count": 7025, "like_count": 4295, "media_count": 27}, "username": "ilyasut", "verified": false, "description": "SSI @SSI", "created_at": "2013-09-01T19:32:15.000Z", "id": "1720046887"}, {"name": "Yifei Zhou", "public_metrics": {"followers_count": 2785, "following_count": 575, "tweet_count": 313, "listed_count": 37, "like_count": 632, "media_count": 34}, "username": "YifeiZhou02", "verified": false, "description": "MTS @xai | PhD student @berkeley_ai (on leave), working on RL for LLM agents, prev @AIatMeta, Opinions my own", "created_at": "2022-07-15T03:50:20.000Z", "id": "1547790583334285313"}, {"name": "Walt G", "public_metrics": {"followers_count": 788, "following_count": 370, "tweet_count": 96, "listed_count": 17, "like_count": 4202, "media_count": 13}, "username": "earthtowalter", "verified": false, "description": "HR & recruiting @X & xAI, and cat guy. Come help us build the everything app and the most truth-seeking AI on the planet!", "created_at": "2024-03-12T05:30:54.000Z", "id": "1767422954680590336"}, {"name": "Cristian", "public_metrics": {"followers_count": 364, "following_count": 204, "tweet_count": 37, "listed_count": 10, "like_count": 27, "media_count": 0}, "username": "cvegavaladez", "verified": false, "description": "Founding Technical Recruiter @ xAI", "created_at": "2022-02-16T16:51:36.000Z", "id": "1493991393462603778", "location": "Palo Alto, CA"}, {"name": "Phil Chen", "public_metrics": {"followers_count": 1423, "following_count": 431, "tweet_count": 106, "listed_count": 21, "like_count": 1207, "media_count": 5}, "username": "philhchen", "verified": false, "description": "research @openai, ex @GoogleDeepMind @Stanford", "created_at": "2022-08-17T06:59:19.000Z", "id": "1559796938291044354"}, {"name": "Andy Fang", "public_metrics": {"followers_count": 7822, "following_count": 658, "tweet_count": 1959, "listed_count": 79, "like_count": 388, "media_count": 28}, "username": "andyfang", "verified": false, "description": "Cofounder/CTO @doordash", "created_at": "2009-04-17T03:06:03.000Z", "id": "32278485"}, {"name": "Jae Song", "public_metrics": {"followers_count": 1891, "following_count": 234, "tweet_count": 2326, "listed_count": 27, "like_count": 5654, "media_count": 606}, "username": "jaesong", "verified": false, "description": "Seeking truth, designing in AI, music, and gaming | Former @xAI", "created_at": "2024-07-24T23:22:13.000Z", "id": "1816252528788660229"}, {"name": "Richard Ren", "public_metrics": {"followers_count": 398, "following_count": 546, "tweet_count": 100, "listed_count": 8, "like_count": 332, "media_count": 30}, "username": "notRichardRen", "verified": false, "description": "AI risk management and benchmarking. Research scientist & engineer @ai_risks.", "created_at": "2023-01-01T16:58:27.000Z", "id": "1609594870980550656", "location": "San Francisco, CA"}, {"name": "Carina Hong", "public_metrics": {"followers_count": 9495, "following_count": 1380, "tweet_count": 289, "listed_count": 72, "like_count": 1123, "media_count": 32}, "username": "CarinaLHong", "verified": false, "description": "@axiommathai : careers@axiommath.ai", "pinned_tweet_id": "1996606602238189831", "created_at": "2021-11-15T08:42:03.000Z", "id": "1460166165980798984"}, {"name": "Andrew Curran", "public_metrics": {"followers_count": 37424, "following_count": 14076, "tweet_count": 21264, "listed_count": 764, "like_count": 259907, "media_count": 6502}, "username": "AndrewCurran_", "verified": false, "description": "\ud83c\udff0 - I write about AI, mostly. Expect some strange sights.", "pinned_tweet_id": "1743410748238557458", "created_at": "2022-06-19T14:15:01.000Z", "id": "1538525334781370368", "location": "West coast"}, {"name": "Brett Adcock", "public_metrics": {"followers_count": 310893, "following_count": 17, "tweet_count": 8077, "listed_count": 4847, "like_count": 10716, "media_count": 1643}, "username": "adcock_brett", "verified": false, "description": "Founder @Figure_robot (AI Robots), @Cover_thz (Weapon Detection), @flyArcher (NYSE: ACHR), Vettery ($100M Exit)", "pinned_tweet_id": "1976272831450341655", "created_at": "2015-04-29T17:26:26.000Z", "id": "3222018178"}, {"name": "xAIExplorer", "public_metrics": {"followers_count": 248, "following_count": 41, "tweet_count": 14, "listed_count": 7, "like_count": 71, "media_count": 0}, "username": "xAIExplorer", "verified": false, "description": "", "created_at": "2023-11-16T18:01:24.000Z", "id": "1725212451749367808"}, {"name": "Blake Anderson", "public_metrics": {"followers_count": 57491, "following_count": 1059, "tweet_count": 4037, "listed_count": 363, "like_count": 9091, "media_count": 199}, "username": "blakeandersonw", "verified": false, "description": "\u271d\ufe0f", "pinned_tweet_id": "1876996732682191052", "created_at": "2022-11-06T19:12:19.000Z", "id": "1589334828704571394", "location": "NYC x SD"}, {"name": "bayes", "public_metrics": {"followers_count": 38487, "following_count": 2959, "tweet_count": 21612, "listed_count": 516, "like_count": 61652, "media_count": 1676}, "username": "bayeslord", "verified": false, "description": "we are accelerating", "pinned_tweet_id": "1773201832187236753", "created_at": "2019-01-14T22:36:56.000Z", "id": "1084942466376257537"}, {"name": "NIK", "public_metrics": {"followers_count": 45636, "following_count": 5380, "tweet_count": 28064, "listed_count": 384, "like_count": 208204, "media_count": 5320}, "username": "ns123abc", "verified": false, "description": "non technical member of technical staff", "pinned_tweet_id": "1988375370543112557", "created_at": "2019-01-22T09:17:29.000Z", "id": "1087640384975577089", "location": "sotA"}, {"name": "Joanne Jang", "public_metrics": {"followers_count": 38588, "following_count": 1063, "tweet_count": 595, "listed_count": 590, "like_count": 3131, "media_count": 94}, "username": "joannejang", "verified": false, "description": "GM, oai labs @openai (prev: model behavior)", "pinned_tweet_id": "1964107648296767820", "created_at": "2018-09-14T05:41:07.000Z", "id": "1040475510193545216", "location": "San Francisco, CA"}, {"name": "Gwynne Shotwell", "public_metrics": {"followers_count": 150057, "following_count": 21, "tweet_count": 76, "listed_count": 861, "like_count": 6, "media_count": 13}, "username": "Gwynne_Shotwell", "verified": false, "description": "President and COO @SpaceX", "created_at": "2019-10-29T00:10:01.000Z", "id": "1188971165424865280"}, {"name": "Dylan Patel", "public_metrics": {"followers_count": 106253, "following_count": 980, "tweet_count": 13004, "listed_count": 2035, "like_count": 36808, "media_count": 1396}, "username": "dylan522p", "verified": false, "description": "SemiAnalysis\nBoutique AI & Semiconductor Research and Consulting\nDMs are open for consulting, quotes, or to talk shop", "pinned_tweet_id": "1151804560517865472", "created_at": "2018-04-14T22:19:57.000Z", "id": "985281530070265862"}, {"name": "Heterodox Academy", "public_metrics": {"followers_count": 61547, "following_count": 1795, "tweet_count": 13961, "listed_count": 632, "like_count": 12929, "media_count": 3518}, "username": "HdxAcademy", "verified": false, "description": "A non-partisan collaborative of educators who believe open inquiry, diverse viewpoints, & constructive disagreement are critical to research & education.", "created_at": "2015-09-15T03:06:43.000Z", "id": "3659641456", "location": "New York, NY"}, {"name": "Alex Chen", "public_metrics": {"followers_count": 5246, "following_count": 192, "tweet_count": 78, "listed_count": 43, "like_count": 415, "media_count": 10}, "username": "chenchen", "verified": false, "description": "\u8212\u670d\u662f\u7559\u7ed9\u6b7b\u4eba\u7684", "created_at": "2023-02-07T03:29:53.000Z", "id": "1622799748569735168"}, {"name": "Diego", "public_metrics": {"followers_count": 6176, "following_count": 674, "tweet_count": 47, "listed_count": 52, "like_count": 362, "media_count": 10}, "username": "Diegopasini", "verified": false, "description": "seeking truth @xai", "created_at": "2023-04-18T00:56:07.000Z", "id": "1648128136997904384", "location": "Palo Alto"}, {"name": "Jonas Vollmer", "public_metrics": {"followers_count": 2721, "following_count": 1077, "tweet_count": 521, "listed_count": 59, "like_count": 3753, "media_count": 13}, "username": "Jonas_Vollmer", "verified": false, "description": "COO @AI_Futures_, Macroscopic Ventures. Prev co-founded @AtlasFellow & @LongTermRisk.", "pinned_tweet_id": "1907827368082944280", "created_at": "2010-12-07T16:50:48.000Z", "id": "223901092", "location": "Berkeley "}, {"name": "Alex Pan", "public_metrics": {"followers_count": 643, "following_count": 296, "tweet_count": 35, "listed_count": 13, "like_count": 561, "media_count": 9}, "username": "aypan_17", "verified": false, "description": "CS PhD @UCBerkeley working on LLM safety and interpretability", "pinned_tweet_id": "1867626789847413119", "created_at": "2022-12-12T01:47:01.000Z", "id": "1602117652889178113"}, {"name": "ari", "public_metrics": {"followers_count": 4662, "following_count": 948, "tweet_count": 226, "listed_count": 121, "like_count": 26210, "media_count": 10}, "username": "arisawyers", "verified": false, "description": "design @xai", "created_at": "2011-10-01T19:00:18.000Z", "id": "383362636"}, {"name": "Alex Hays", "public_metrics": {"followers_count": 1730, "following_count": 1338, "tweet_count": 8269, "listed_count": 27, "like_count": 25532, "media_count": 262}, "username": "Alex_for_WA", "verified": false, "description": "Eighth generation Washingtonian, 23rd generation American, moderate Republican, Catholic convert, defender of local journalism, #stratriotic #waleg #waelex", "created_at": "2011-06-24T18:06:48.000Z", "id": "323362507", "location": "Washington State"}, {"name": "Robert Nathan Ochoa", "public_metrics": {"followers_count": 372, "following_count": 102, "tweet_count": 14, "listed_count": 10, "like_count": 0, "media_count": 0}, "username": "RobertNOchoa", "verified": false, "description": "", "created_at": "2022-08-05T18:42:41.000Z", "id": "1555625303799730177"}, {"name": "Ying Sheng", "public_metrics": {"followers_count": 12347, "following_count": 761, "tweet_count": 901, "listed_count": 114, "like_count": 2425, "media_count": 6}, "username": "ying11231", "verified": false, "description": "@lmsysorg @sgl_project | Prev. @xAI @Stanford | Assist Prof @UCLA. (delayed) | Do it anyway | Live to fight another day", "created_at": "2021-04-23T17:43:36.000Z", "id": "1385650483801382912"}, {"name": "Brendan (can/do)", "public_metrics": {"followers_count": 16661, "following_count": 476, "tweet_count": 479, "listed_count": 118, "like_count": 1473, "media_count": 17}, "username": "BrendanFoody", "verified": false, "description": "ceo @mercor_ai | labor markets fascinate me", "pinned_tweet_id": "1982855587101847731", "created_at": "2020-03-10T15:33:16.000Z", "id": "1237401069921001472", "location": "San Francisco, CA"}, {"name": "Raghu Rao", "public_metrics": {"followers_count": 360, "following_count": 225, "tweet_count": 376, "listed_count": 4, "like_count": 192, "media_count": 2}, "username": "Rags0910", "verified": false, "description": "AI Investor. Director, Oracle Cloud Infrastructure. Married to my best friend, with two beautiful boys. Love playing competitive tennis and pickup basketball.", "created_at": "2025-03-29T06:57:03.000Z", "id": "1905876764066258944", "location": "Palo Alto, CA"}, {"name": "Demi Guo", "public_metrics": {"followers_count": 24185, "following_count": 908, "tweet_count": 206, "listed_count": 194, "like_count": 2156, "media_count": 13}, "username": "demi_guo_", "verified": false, "description": "Co-founder & CEO @pika_labs | ex @StanfordAILab @Harvard", "created_at": "2013-05-01T05:14:04.000Z", "id": "1393834496", "location": "Stanford, CA"}, {"name": "Romina", "public_metrics": {"followers_count": 3410, "following_count": 2671, "tweet_count": 1167, "listed_count": 24, "like_count": 27282, "media_count": 53}, "username": "itsRoMeeNa", "verified": false, "description": "Head of Global Government Affairs @X | Views are mine", "created_at": "2012-02-03T22:30:33.000Z", "id": "482440639"}, {"name": "Devin Fan", "public_metrics": {"followers_count": 1511, "following_count": 103, "tweet_count": 75, "listed_count": 16, "like_count": 851, "media_count": 0}, "username": "DevinFanFan", "verified": false, "description": "", "created_at": "2025-04-16T04:21:21.000Z", "id": "1912360507165868032"}, {"name": "Ketan Ramakrishnan", "public_metrics": {"followers_count": 2034, "following_count": 3538, "tweet_count": 591, "listed_count": 25, "like_count": 1557, "media_count": 2}, "username": "ketanr", "verified": false, "description": "Law professor at Yale, thinking about torts, AI, philosophy, obscure hot sauces", "created_at": "2009-04-03T04:00:55.000Z", "id": "28498554"}, {"name": "SangBin Cho", "public_metrics": {"followers_count": 2821, "following_count": 500, "tweet_count": 99, "listed_count": 45, "like_count": 4184, "media_count": 0}, "username": "Saaaang94", "verified": false, "description": "reasoning @xAI | prev-founding engineer @anyscalecompute | senior committer of @raydistributed | committer @vllm_project Sglang | Github: rkooo567", "created_at": "2016-09-28T06:53:39.000Z", "id": "781024050848161796", "location": "San Francisco, CA"}, {"name": "Evan Hubinger", "public_metrics": {"followers_count": 8038, "following_count": 2675, "tweet_count": 569, "listed_count": 159, "like_count": 15616, "media_count": 15}, "username": "EvanHub", "verified": false, "description": "Head of Alignment Stress-Testing @AnthropicAI. Opinions my own. Previously: MIRI, OpenAI, Google, Yelp, Ripple. (he/him/his)", "created_at": "2010-05-01T01:28:15.000Z", "id": "138923554", "location": "California"}, {"name": "Shuchao Bi", "public_metrics": {"followers_count": 13001, "following_count": 700, "tweet_count": 185, "listed_count": 193, "like_count": 1074, "media_count": 25}, "username": "shuchaobi", "verified": false, "description": "Research @Meta Superintelligence Labs, RL/post-training/agents;  Previously Research @OpenAI on multimodal and RL; Opinions are my own.", "created_at": "2009-12-11T01:07:26.000Z", "id": "96025557"}, {"name": "Jack Rae", "public_metrics": {"followers_count": 23532, "following_count": 476, "tweet_count": 1077, "listed_count": 405, "like_count": 11810, "media_count": 135}, "username": "jack_w_rae", "verified": false, "description": "Distinguished Scientist @ Meta\u00a0\u00a0\n\nLLMs (e.g. Gopher, Chinchilla, Gemini)\u00a0\nCompression & RL \u262f\ufe0f\u00a0\u00a0\nPast: Google, OpenAI, Quora", "pinned_tweet_id": "1939784714271039591", "created_at": "2014-08-02T08:16:38.000Z", "id": "2700292374", "location": "San Francisco"}, {"name": "Dogan Ural", "public_metrics": {"followers_count": 108106, "following_count": 630, "tweet_count": 18571, "listed_count": 1094, "like_count": 58218, "media_count": 3266}, "username": "doganuraldesign", "verified": false, "description": "Designer / Official Creative Ambassador @xAI / Creative Director / Latent Space Explorer / Dad", "pinned_tweet_id": "1996957047582040400", "created_at": "2022-07-29T15:41:45.000Z", "id": "1553043003496960000"}, {"name": "Norman Mu @ NeurIPS", "public_metrics": {"followers_count": 2900, "following_count": 867, "tweet_count": 366, "listed_count": 42, "like_count": 2269, "media_count": 59}, "username": "TheNormanMu", "verified": false, "description": "", "created_at": "2019-11-28T11:00:27.000Z", "id": "1200006502544793600", "location": "San Francisco, CA"}, {"name": "Bill Yuchen Lin", "public_metrics": {"followers_count": 25889, "following_count": 2747, "tweet_count": 2190, "listed_count": 310, "like_count": 15692, "media_count": 282}, "username": "billyuchenlin", "verified": false, "description": "RL for coding @xAI. Affiliate Assistant Prof @UW. Ex: Research Scientist @allen_ai, Google, Meta FAIR. My views.", "pinned_tweet_id": "1961132255470129290", "created_at": "2016-04-29T14:21:16.000Z", "id": "726053744731807744", "location": "Palo Alto, CA"}, {"name": "Teortaxes\u25b6\ufe0f (DeepSeek \u63a8\u7279\ud83d\udc0b\u94c1\u7c89 2023 \u2013 \u221e)", "public_metrics": {"followers_count": 49625, "following_count": 2731, "tweet_count": 91761, "listed_count": 769, "like_count": 173396, "media_count": 17284}, "username": "teortaxesTex", "verified": false, "description": "We're in a race. It's not USA vs China but humans and AGIs vs ape power centralization.\n@deepseek_ai stan #1, 2023\u2013Deep Time\n\n\u00abC\u2019est la guerre.\u00bb \u00ae1", "created_at": "2010-09-18T13:32:22.000Z", "id": "192201556"}, {"name": "Jenny", "public_metrics": {"followers_count": 394, "following_count": 111, "tweet_count": 1947, "listed_count": 5, "like_count": 5644, "media_count": 91}, "username": "jijithekitty", "verified": false, "description": "\u266a Who wanna Grok with Jenny \u266a", "pinned_tweet_id": "1939041116910997667", "created_at": "2014-10-06T07:43:28.000Z", "id": "2809678217"}, {"name": "cyber_security_puns", "public_metrics": {"followers_count": 512, "following_count": 1048, "tweet_count": 944, "listed_count": 5, "like_count": 3078, "media_count": 136}, "username": "PunsCyber", "verified": false, "description": "About me: T1005\n\nI post daily infosec dad jokes in En/Ru. My source code is written in puns. All puns are original content, but Grok provides punpics support.", "pinned_tweet_id": "1990594793320427890", "created_at": "2025-04-16T05:26:16.000Z", "id": "1912376894563184640", "location": "APT"}, {"name": "Summer Yue", "public_metrics": {"followers_count": 6399, "following_count": 382, "tweet_count": 111, "listed_count": 68, "like_count": 564, "media_count": 39}, "username": "summeryue0", "verified": false, "description": "Safety and alignment at Meta Superintelligence. Prev: VP of Research at Scale AI, research at Google DeepMind / Brain (Gemini, LaMDA, RL / TFAgents, AlphaChip).", "pinned_tweet_id": "1970971944557346851", "created_at": "2014-08-12T16:33:03.000Z", "id": "2726658913", "location": "San Francisco, CA"}, {"name": "Evan Jones", "public_metrics": {"followers_count": 24367, "following_count": 685, "tweet_count": 802, "listed_count": 224, "like_count": 8621, "media_count": 10}, "username": "evanjones", "verified": false, "description": "@standardecon", "created_at": "2009-07-02T22:38:47.000Z", "id": "53211871", "location": "San Francisco"}, {"name": "sarah guo", "public_metrics": {"followers_count": 123522, "following_count": 3097, "tweet_count": 14044, "listed_count": 1995, "like_count": 22076, "media_count": 1318}, "username": "saranormous", "verified": false, "description": "startup investor/helper, founder @conviction. accelerating AI adoption, interested in progress. tech podcast: @nopriorspod", "pinned_tweet_id": "1577394375125979136", "created_at": "2011-07-20T20:44:14.000Z", "id": "339261041", "location": "on \u26d3"}, {"name": "Mike Liberatore", "public_metrics": {"followers_count": 3565, "following_count": 499, "tweet_count": 199, "listed_count": 31, "like_count": 630, "media_count": 6}, "username": "mlib16", "verified": false, "description": "Angel Investor", "created_at": "2013-10-31T23:50:36.000Z", "id": "2167438963", "location": "Menlo Park, CA"}, {"name": "xAI Memphis", "public_metrics": {"followers_count": 15253, "following_count": 49, "tweet_count": 31, "listed_count": 126, "like_count": 1, "media_count": 10}, "username": "xAIMemphis", "verified": true, "description": "", "created_at": "2025-06-23T19:48:12.000Z", "id": "1937236128010240001", "location": "Memphis, TN"}, {"name": "Christoffer Bjelke", "public_metrics": {"followers_count": 3073, "following_count": 522, "tweet_count": 10323, "listed_count": 27, "like_count": 30994, "media_count": 1526}, "username": "chribjel", "verified": false, "description": "The Domain Guy | owner of https://t.co/C69nQndlP5 https://t.co/qxSuq5CrCC https://t.co/4wWhhDS2jI https://t.co/bR60q2JTPl https://t.co/cDPm6c2Gv1 https://t.co/TPXoeb80xR https://t.co/btwwWp1xd5 https://t.co/XSpR8fnzIy https://t.co/oO1xvt45co (click them)", "created_at": "2016-09-20T14:16:06.000Z", "id": "778236293742559232", "location": "Oslo, Norway"}, {"name": "Yuting D.", "public_metrics": {"followers_count": 111, "following_count": 148, "tweet_count": 119, "listed_count": 1, "like_count": 156, "media_count": 13}, "username": "maybeTuring", "verified": false, "description": "Building @SantoriLabs. Ex-GM@scale_AI, ex-@Google\nSustainable founding, Human-ai-interaction", "created_at": "2013-04-29T17:02:40.000Z", "id": "1389961004", "location": "San Francisco, CA"}, {"name": "Sreekanth Pothanis", "public_metrics": {"followers_count": 707, "following_count": 557, "tweet_count": 99, "listed_count": 24, "like_count": 584, "media_count": 2}, "username": "spothanis", "verified": false, "description": "supercompute@xAI, ex cruise, ex eBay, infra, k8s, Linux networking, service mesh", "created_at": "2013-07-09T17:55:06.000Z", "id": "1581010974", "location": "San Jose, CA"}, {"name": "Xiaobin Wu", "public_metrics": {"followers_count": 1149, "following_count": 256, "tweet_count": 59, "listed_count": 24, "like_count": 89, "media_count": 5}, "username": "xiaobinwu", "verified": false, "description": "", "created_at": "2009-12-25T02:59:05.000Z", "id": "99208056"}, {"name": "\u201cpaula\u201d", "public_metrics": {"followers_count": 30173, "following_count": 3615, "tweet_count": 25338, "listed_count": 565, "like_count": 119957, "media_count": 5646}, "username": "paularambles", "verified": false, "description": "playing with words. creating whimsical ai companions @ https://t.co/khnCIsqbhL. built iOS apps @xAI, @Spotify, and co-founded @imagilabs. occasionally \u017ei\u017eek.", "pinned_tweet_id": "1947875174956863871", "created_at": "2019-06-09T06:06:13.000Z", "id": "1137601775224012801", "location": "San Francisco, CA"}, {"name": "Sigil", "public_metrics": {"followers_count": 25264, "following_count": 5550, "tweet_count": 3836, "listed_count": 189, "like_count": 39958, "media_count": 317}, "username": "0xSigil", "verified": false, "description": "Thiel Fellow @thielfellowship | Helping @extraordinary talent come to America | distributed systems, AI, crypto", "pinned_tweet_id": "1976054242592030978", "created_at": "2019-01-12T17:37:22.000Z", "id": "1084142304410034177", "location": "\ud83c\uddfa\ud83c\uddf8"}, {"name": "HZ", "public_metrics": {"followers_count": 9316, "following_count": 1249, "tweet_count": 486, "listed_count": 54, "like_count": 1832, "media_count": 48}, "username": "helenaeverley", "verified": false, "description": "previously @stanford, @zfellows", "pinned_tweet_id": "1964016353805029778", "created_at": "2019-11-30T04:47:47.000Z", "id": "1200637478971092992"}, {"name": "Heather \u2018Jenn Fir\u2019 Jones \ud83c\udf32", "public_metrics": {"followers_count": 10258, "following_count": 7438, "tweet_count": 38574, "listed_count": 128, "like_count": 69527, "media_count": 2527}, "username": "jnnfir", "verified": false, "description": "@xAI Team Lead \u2022 CEO @ElkhornPro\u2014terraforming Earth w/ #NatRefs \u2022 Sci-fi author & futurist \u2022 \ud83c\uddfa\ud83c\uddf8 war veteran \u2022 @LIGO @boeing @webflow @microsoft @riotgames", "pinned_tweet_id": "1957964470552261011", "created_at": "2008-10-20T22:25:46.000Z", "id": "16876198", "location": "West Coast USA \ud83c\uddfa\ud83c\uddf8"}, {"name": "Jiayi Pan", "public_metrics": {"followers_count": 13365, "following_count": 1556, "tweet_count": 569, "listed_count": 198, "like_count": 4377, "media_count": 52}, "username": "jiayi_pirate", "verified": false, "description": "\ud83e\uddd1\u200d\ud83c\udf73 Reasoning Agents @xAI | PhD on Leave @Berkeley_AI | Views Are My Own", "created_at": "2021-09-05T17:45:22.000Z", "id": "1434573311468580867"}, {"name": "Jeff Wilke", "public_metrics": {"followers_count": 25367, "following_count": 155, "tweet_count": 193, "listed_count": 161, "like_count": 555, "media_count": 44}, "username": "jeffawilke", "verified": false, "description": "Re:Build Manufacturing Co-founder/Chairman. Slate Auto Co-founder. Amazonian. Steelers fan. Lifelong coder.", "created_at": "2017-09-27T17:19:13.000Z", "id": "913090662681133056"}, {"name": "Bowen Baker", "public_metrics": {"followers_count": 3340, "following_count": 114, "tweet_count": 36, "listed_count": 78, "like_count": 29, "media_count": 3}, "username": "bobabowen", "verified": false, "description": "Research Scientist at @openai since 2017\nRobotics, Multi-Agent Reinforcement Learning, LM Reasoning, and now Alignment.", "pinned_tweet_id": "1945153754233180394", "created_at": "2017-01-08T04:25:59.000Z", "id": "817950453849845760"}, {"name": "John Boccio", "public_metrics": {"followers_count": 2100, "following_count": 518, "tweet_count": 71, "listed_count": 48, "like_count": 3535, "media_count": 5}, "username": "JohnBoccio", "verified": false, "description": "RL @xai | prev. ML @apple, @stanford", "created_at": "2012-04-27T02:07:53.000Z", "id": "564296919", "location": "Palo Alto, CA"}, {"name": "Xiaoyin Qu", "public_metrics": {"followers_count": 5084, "following_count": 3763, "tweet_count": 1985, "listed_count": 80, "like_count": 837, "media_count": 130}, "username": "quxiaoyin", "verified": false, "description": "Founder @heybossAI (OpenAI-backed - Agentic AI lab for SMB) | Angel Investor | Ex-Meta PM", "created_at": "2011-09-30T05:00:08.000Z", "id": "382490716", "location": "Redwood City, CA"}, {"name": "Zach Warunek", "public_metrics": {"followers_count": 26897, "following_count": 759, "tweet_count": 19710, "listed_count": 228, "like_count": 36501, "media_count": 1276}, "username": "ZachWarunek", "verified": false, "description": "Trying my best to increase my usefulness to the world", "created_at": "2015-01-05T11:56:35.000Z", "id": "2961965566", "location": "localhost:3000"}, {"name": "dane", "public_metrics": {"followers_count": 14898, "following_count": 361, "tweet_count": 15, "listed_count": 116, "like_count": 64, "media_count": 1}, "username": "danesonance", "verified": false, "description": "personality hire, part-time kubectlfish, and imperial ecologist @xai", "pinned_tweet_id": "1884092180517785706", "created_at": "2023-05-09T02:31:35.000Z", "id": "1655762298022113280"}, {"name": "Eric Jiang", "public_metrics": {"followers_count": 34353, "following_count": 670, "tweet_count": 569, "listed_count": 258, "like_count": 3946, "media_count": 131}, "username": "veggie_eric", "verified": false, "description": "Eat your veggies", "pinned_tweet_id": "1935603857863987552", "created_at": "2020-01-20T15:34:40.000Z", "id": "1219282049070063617"}, {"name": "Jared Birchall", "public_metrics": {"followers_count": 3874, "following_count": 92, "tweet_count": 0, "listed_count": 24, "like_count": 0, "media_count": 0}, "username": "JaredBirchall", "verified": false, "description": "", "created_at": "2011-08-17T19:11:57.000Z", "id": "357041259", "location": "Texas, USA"}, {"name": "bhavit sharma", "public_metrics": {"followers_count": 2778, "following_count": 2407, "tweet_count": 5014, "listed_count": 18, "like_count": 116920, "media_count": 164}, "username": "avaitopiper", "verified": false, "description": "interested in applied ML, little theory ML, distributed systems, and PL theory.\nhttps://t.co/ACD8ccV5ec", "pinned_tweet_id": "1692736694288896018", "created_at": "2017-07-02T10:23:25.000Z", "id": "881458279335026688", "location": "Palo Alto, CA"}, {"name": "Martina", "public_metrics": {"followers_count": 11396, "following_count": 601, "tweet_count": 10622, "listed_count": 28, "like_count": 39904, "media_count": 1360}, "username": "lets_restart", "verified": false, "description": "Psychological counselor, humanistic psychology researcher, social public management researcher, family and personal emotional management expert,", "created_at": "2021-07-12T13:19:24.000Z", "id": "1414574968503820295", "location": "California, USA"}, {"name": "Daniel", "public_metrics": {"followers_count": 12682, "following_count": 1209, "tweet_count": 3378, "listed_count": 138, "like_count": 13445, "media_count": 198}, "username": "nearlydaniel", "verified": false, "description": "seeking to accelerate humanity @xAI. prev: head of AI @harvey__AI, @tesla_AI Autopilot. walkable neighborhood appreciator. pro family.", "pinned_tweet_id": "1609181987151151106", "created_at": "2012-10-01T23:22:52.000Z", "id": "857176340", "location": "San Francisco"}, {"name": "Emily Tan", "public_metrics": {"followers_count": 143, "following_count": 186, "tweet_count": 100, "listed_count": 1, "like_count": 621, "media_count": 1}, "username": "em_tannn", "verified": false, "description": "Finance @FlutterFlow | prev Tesla, Goldman | just a panda", "created_at": "2014-09-14T16:56:06.000Z", "id": "2809761210"}, {"name": "smol silly cat", "public_metrics": {"followers_count": 926634, "following_count": 45, "tweet_count": 31116, "listed_count": 1877, "like_count": 3941, "media_count": 29365}, "username": "Catsillyness", "verified": false, "description": "cats being smol and silly on X! \ud83d\ude38 My one and only official profile is here on X!", "pinned_tweet_id": "1994226388342043039", "created_at": "2022-08-11T16:23:12.000Z", "id": "1557764542821765121", "location": "Catville"}, {"name": "Devin", "public_metrics": {"followers_count": 7793, "following_count": 29, "tweet_count": 1271, "listed_count": 64, "like_count": 906, "media_count": 295}, "username": "DevinAI", "verified": false, "description": "engineer @cognition\navailable for work starting at $20 on the new Core plan", "pinned_tweet_id": "1994649536397283575", "created_at": "2025-01-30T03:22:39.000Z", "id": "1884802578221043712", "location": "San Francisco Bay Area"}, {"name": "Ray Hotate \u4fdd\u7acb\u601c", "public_metrics": {"followers_count": 13892, "following_count": 2063, "tweet_count": 3116, "listed_count": 129, "like_count": 10308, "media_count": 136}, "username": "rayhotate", "verified": false, "description": "Member of Technical Staff @xAI / CS(AI)+Math @Stanford @StanfordAILab / prev PE @GoldmanSachs, Quant Research @ Cubist(Point72) / \u6771\u5927\u7406\u4e09, \u958b\u6210 '22 \ud83c\uddef\ud83c\uddf5\ud83c\uddfa\ud83c\uddf8", "pinned_tweet_id": "1759684605307916471", "created_at": "2017-10-08T14:37:59.000Z", "id": "917036353832984578", "location": "Stanford, California, USA"}, {"name": "Why you should have a cat", "public_metrics": {"followers_count": 4415364, "following_count": 243, "tweet_count": 15146, "listed_count": 8488, "like_count": 999, "media_count": 14943}, "username": "ShouldHaveCat", "verified": false, "description": "The perfect account to show to your parents when you want a cat \ud83d\ude3a\u2764 @FoundationOfWen", "pinned_tweet_id": "1805301353578705240", "created_at": "2020-09-27T17:51:08.000Z", "id": "1310275768191193088", "location": "USA"}, {"name": "Thinking Machines", "public_metrics": {"followers_count": 106516, "following_count": 1, "tweet_count": 23, "listed_count": 829, "like_count": 0, "media_count": 7}, "username": "thinkymachines", "verified": true, "description": "Thinking, beeping, and booping.", "pinned_tweet_id": "1973447428977336578", "created_at": "2025-02-17T16:23:16.000Z", "id": "1891523745929732096"}, {"name": "Patrick Hsu", "public_metrics": {"followers_count": 49303, "following_count": 3045, "tweet_count": 4270, "listed_count": 465, "like_count": 9619, "media_count": 435}, "username": "pdhsu", "verified": false, "description": "@ArcInstitute co-founder, @BerkeleyBioE professor, @ThriveCapital investor | biology and ML research | \ud83c\udde8\ud83c\udde6 prev @harvard @broadinstitute, Fast Grants", "pinned_tweet_id": "1971293821418995988", "created_at": "2009-03-17T03:05:08.000Z", "id": "24828810", "location": "Palo Alto and Berkeley, CA"}, {"name": "Horace He", "public_metrics": {"followers_count": 43882, "following_count": 546, "tweet_count": 3437, "listed_count": 514, "like_count": 7384, "media_count": 426}, "username": "cHHillee", "verified": false, "description": "@thinkymachines Formerly @PyTorch \"My learning style is Horace twitter threads\" - @typedfemale", "pinned_tweet_id": "1965828670167331010", "created_at": "2010-02-24T23:48:25.000Z", "id": "117233133", "location": "chhillee"}, {"name": "Lily Lim", "public_metrics": {"followers_count": 3864, "following_count": 501, "tweet_count": 347, "listed_count": 60, "like_count": 1789, "media_count": 7}, "username": "LiLiDuc22", "verified": false, "description": "ex-xAI Head Legal Eagle: Lily is an adventurer, former rocket scientist, and until recently launcher of products at the innovative Elon Musk AI start-up, xAI.", "pinned_tweet_id": "1987241275058483479", "created_at": "2024-09-23T23:12:04.000Z", "id": "1838355640890331137"}, {"name": "Matteo Jin \u91d1\u82f1", "public_metrics": {"followers_count": 1892, "following_count": 549, "tweet_count": 861, "listed_count": 34, "like_count": 1327, "media_count": 38}, "username": "therealmjin", "verified": false, "description": "Free Agent | Prev: Program Staff @xAI Autopilot @Tesla", "pinned_tweet_id": "1984841266337890376", "created_at": "2021-05-08T14:35:07.000Z", "id": "1391038936118566917", "location": "Bay Area "}, {"name": "Karina Nguyen", "public_metrics": {"followers_count": 43273, "following_count": 999, "tweet_count": 1362, "listed_count": 693, "like_count": 4922, "media_count": 332}, "username": "karinanguyen_", "verified": false, "description": "smth new & @maisonagi, prev. AI research & product @OpenAI, @AnthropicAI", "pinned_tweet_id": "1981079678493327375", "created_at": "2019-02-09T16:13:35.000Z", "id": "1094268079540920321", "location": "sf "}, {"name": "David Deutsch", "public_metrics": {"followers_count": 162823, "following_count": 74, "tweet_count": 33653, "listed_count": 1892, "like_count": 1467, "media_count": 846}, "username": "DavidDeutschOxf", "verified": false, "description": "Physicist. Author of The Fabric of Reality and The Beginning of Infinity", "pinned_tweet_id": "1818248136239833376", "created_at": "2012-09-23T13:22:57.000Z", "id": "841709695", "location": "Oxford, UK"}, {"name": "Valerie Li", "public_metrics": {"followers_count": 975, "following_count": 387, "tweet_count": 75, "listed_count": 8, "like_count": 201, "media_count": 14}, "username": "ValerieLi88", "verified": false, "description": "Co-founder & CEO of @duckie_ai (YC W24) - ai support agent for SaaS. Prev eng @netflix, @linkedin. (I yap here please don\u2019t mind\ud83e\udd7a)", "created_at": "2023-08-24T22:33:15.000Z", "id": "1694840275137421312"}, {"name": "Shawn Farsai", "public_metrics": {"followers_count": 1111, "following_count": 700, "tweet_count": 307, "listed_count": 14, "like_count": 1295, "media_count": 87}, "username": "ShawnFarsai", "verified": false, "description": "Engineer and designer. Brand & Design Lead @harvey__ai, prev @scale_ai", "pinned_tweet_id": "1956822054315217175", "created_at": "2017-07-15T03:55:40.000Z", "id": "886071741201530880", "location": "San Francisco, CA"}, {"name": "Chaitu", "public_metrics": {"followers_count": 13424, "following_count": 219, "tweet_count": 503, "listed_count": 162, "like_count": 1022, "media_count": 15}, "username": "chaitu", "verified": false, "description": "grok at @xai", "created_at": "2013-11-11T09:08:11.000Z", "id": "2188015574"}, {"name": "Yiwen Yuan", "public_metrics": {"followers_count": 5715, "following_count": 101, "tweet_count": 89, "listed_count": 70, "like_count": 64, "media_count": 13}, "username": "yiwenyuan98", "verified": false, "description": "@xai | prev @kumo_ai_team @palantirtech @CarnegieMellon", "created_at": "2019-02-06T07:11:24.000Z", "id": "1093044471447646209", "location": "Palo Alto"}, {"name": "Chandra", "public_metrics": {"followers_count": 974, "following_count": 524, "tweet_count": 376, "listed_count": 17, "like_count": 511, "media_count": 7}, "username": "ckkuchi", "verified": false, "description": "creating bugs during day and solving them at night\nlurking @physical_int\n\n*repatiKosam*", "created_at": "2011-10-31T23:43:52.000Z", "id": "402372223"}, {"name": "Attila", "public_metrics": {"followers_count": 10972, "following_count": 973, "tweet_count": 3416, "listed_count": 153, "like_count": 9872, "media_count": 581}, "username": "attilablenesi", "verified": false, "description": "Android @xAI & @X", "created_at": "2011-04-14T18:04:19.000Z", "id": "282176468", "location": "London, England"}, {"name": "Gamer", "public_metrics": {"followers_count": 74673, "following_count": 16, "tweet_count": 95, "listed_count": 325, "like_count": 484, "media_count": 19}, "username": "cyb3rgam3r420", "verified": false, "description": "", "created_at": "2023-10-01T23:34:41.000Z", "id": "1708626459625930753"}, {"name": "Jihui Yang", "public_metrics": {"followers_count": 2074, "following_count": 328, "tweet_count": 183, "listed_count": 42, "like_count": 619, "media_count": 3}, "username": "alsiens", "verified": false, "description": "feel the AGI", "created_at": "2012-07-02T12:58:35.000Z", "id": "624650524"}, {"name": "Pawan Bhandarkar", "public_metrics": {"followers_count": 6917, "following_count": 815, "tweet_count": 2084, "listed_count": 72, "like_count": 8582, "media_count": 277}, "username": "BhandarkarPawan", "verified": false, "description": "Right on time for AGI. Cooking @xAI", "created_at": "2015-04-20T13:41:47.000Z", "id": "3165434588", "location": "Redwood City, CA"}, {"name": "Dwarkesh Patel", "public_metrics": {"followers_count": 166569, "following_count": 965, "tweet_count": 5940, "listed_count": 1698, "like_count": 45822, "media_count": 910}, "username": "dwarkesh_sp", "verified": false, "description": "Host of @dwarkeshpodcast\n\nhttps://t.co/3SXlu7fy6N\nhttps://t.co/4DPAxODFYi\nhttps://t.co/hQfIWdM1Un", "pinned_tweet_id": "1979234976777539987", "created_at": "2019-12-25T22:14:46.000Z", "id": "1209960539390201864", "location": "San Francisco "}, {"name": "Amanda Askell", "public_metrics": {"followers_count": 61175, "following_count": 660, "tweet_count": 5127, "listed_count": 1080, "like_count": 9067, "media_count": 250}, "username": "AmandaAskell", "verified": false, "description": "Philosopher & ethicist trying to make AI be good @AnthropicAI.\nPersonal account. All opinions come from my training data.", "pinned_tweet_id": "1942764731116445781", "created_at": "2016-07-21T17:39:06.000Z", "id": "756181721997987848", "location": "San Francisco, CA"}, {"name": "Sundar Pichai", "public_metrics": {"followers_count": 5598778, "following_count": 188, "tweet_count": 2564, "listed_count": 10981, "like_count": 1144, "media_count": 320}, "username": "sundarpichai", "verified": false, "description": "CEO,  Google and Alphabet", "pinned_tweet_id": "1990812770762215649", "created_at": "2008-03-12T05:51:53.000Z", "id": "14130366"}, {"name": "Shivon Zilis", "public_metrics": {"followers_count": 205871, "following_count": 1713, "tweet_count": 3583, "listed_count": 1505, "like_count": 10263, "media_count": 520}, "username": "shivon", "verified": false, "description": "Artificial intelligence, biological intelligence, and whatever exists in between and beyond. Made in Canada.", "created_at": "2011-12-26T02:48:08.000Z", "id": "446719282", "location": "Palo Alto, CA"}, {"name": "David Rossi", "public_metrics": {"followers_count": 1255, "following_count": 4323, "tweet_count": 1510, "listed_count": 19, "like_count": 7101, "media_count": 72}, "username": "David_Rossi_Jr", "verified": false, "description": "Husband, Dad \u2022 Cleveland roots, @SIHSCleveland & @OhioState alum \u2022 Tech nerd, Real Estate investor | NYC \u2192 San Fran \u2192 Indy | Opinions are my own.", "created_at": "2012-01-17T00:08:53.000Z", "id": "466022367", "location": "Indianapolis, IN"}], "meta": {"result_count": 100, "next_token": "Q32QL96O64UHIZZZ"}}