{"data": [{"public_metrics": {"followers_count": 1387, "following_count": 164, "tweet_count": 78, "listed_count": 24, "like_count": 126, "media_count": 22}, "pinned_tweet_id": "1973078958305349733", "id": "1217616831948607494", "created_at": "2020-01-16T01:17:39.000Z", "name": "Wilson Yan", "description": "@GoogleDeepmind. prev @AIatMeta @berkeley_ai", "verified": false, "username": "wilson1yan"}, {"public_metrics": {"followers_count": 2699, "following_count": 33, "tweet_count": 12, "listed_count": 45, "like_count": 30, "media_count": 0}, "id": "1518744624352960513", "location": "New York, USA", "created_at": "2022-04-26T00:12:11.000Z", "name": "Ioannis Antonoglou", "description": "Co-Founder, President, @reflection_ai DQN, AlphaGo, AlphaZero, MuZero, Gemini RLHF Prev Senior Staff RS and founding eng @GoogleDeepMind AGI one PR at a time", "verified": false, "username": "real_ioannis"}, {"public_metrics": {"followers_count": 10793, "following_count": 2, "tweet_count": 31, "listed_count": 136, "like_count": 277, "media_count": 1}, "pinned_tweet_id": "1976304405369520242", "id": "1800594921704898560", "created_at": "2024-06-11T18:24:37.000Z", "name": "Reflection AI", "description": "Frontier open intelligence accessible to all.", "verified": true, "username": "reflection_ai"}, {"public_metrics": {"followers_count": 190304, "following_count": 2842, "tweet_count": 54618, "listed_count": 1644, "like_count": 167054, "media_count": 4849}, "pinned_tweet_id": "1997436716307955925", "id": "1556550048862928898", "location": "Far from thermal equilibrium", "created_at": "2022-08-08T07:57:24.000Z", "name": "Beff @ NeurIPS", "description": "founder @ e/acc //  building thermo compute @extropic // memetic warlord // Kardashev gradient climber", "verified": false, "username": "beffjezos"}, {"public_metrics": {"followers_count": 2690461, "following_count": 49984, "tweet_count": 180845, "listed_count": 10376, "like_count": 164881, "media_count": 144226}, "pinned_tweet_id": "1997265999616192599", "id": "1319287761048723458", "location": "Dubai", "created_at": "2020-10-22T14:42:25.000Z", "name": "Mario Nawfal", "description": "Largest Show on X | Investor 700+ Startups | Founder @ibcgroupio , https://t.co/sw7OQ5KOqu", "verified": false, "username": "MarioNawfal"}, {"public_metrics": {"followers_count": 252, "following_count": 285, "tweet_count": 69, "listed_count": 6, "like_count": 157, "media_count": 4}, "id": "67784137", "location": "San Francisco, CA", "created_at": "2009-08-22T01:57:28.000Z", "name": "Alex Peng", "description": "code evals @xai, formerly @cognition, @windsurf, @stanford", "verified": false, "username": "alexjpeng"}, {"public_metrics": {"followers_count": 1892, "following_count": 549, "tweet_count": 861, "listed_count": 34, "like_count": 1327, "media_count": 38}, "pinned_tweet_id": "1984841266337890376", "id": "1391038936118566917", "location": "Bay Area ", "created_at": "2021-05-08T14:35:07.000Z", "name": "Matteo Jin \u91d1\u82f1", "description": "Free Agent | Prev: Program Staff @xAI Autopilot @Tesla", "verified": false, "username": "therealmjin"}, {"public_metrics": {"followers_count": 1612, "following_count": 546, "tweet_count": 483, "listed_count": 23, "like_count": 4451, "media_count": 52}, "id": "1582228292635009024", "created_at": "2022-10-18T04:33:29.000Z", "name": "Simon Zhai", "description": "MACROHARD @xAI | prev: RS @GoogleDeepMind, PhD @berkeley_ai. I troll most of the time.", "verified": false, "username": "simon_zhai"}, {"public_metrics": {"followers_count": 28905, "following_count": 2987, "tweet_count": 7381, "listed_count": 181, "like_count": 12954, "media_count": 1016}, "id": "2928857970", "location": "San Francisco, CA", "created_at": "2014-12-13T18:20:54.000Z", "name": "Ayush Jaiswal", "description": "Founder mode @xai", "verified": false, "username": "ayushjaiswal"}, {"public_metrics": {"followers_count": 63799, "following_count": 3356, "tweet_count": 17256, "listed_count": 831, "like_count": 61541, "media_count": 2219}, "pinned_tweet_id": "1997437646365393222", "id": "48144742", "location": "SF / Boston", "created_at": "2009-06-17T22:35:09.000Z", "name": "Gill Verdon", "description": "Founder & CEO @extropic", "verified": false, "username": "GillVerd"}, {"public_metrics": {"followers_count": 4498, "following_count": 225, "tweet_count": 17, "listed_count": 33, "like_count": 19, "media_count": 1}, "pinned_tweet_id": "1981511561677328574", "id": "183339560", "created_at": "2010-08-26T19:24:30.000Z", "name": "Baris Akis", "description": "Co-Founder & Managing Partner   @humancapital Talent Engineering @xai", "verified": false, "username": "barisakis"}, {"public_metrics": {"followers_count": 26652, "following_count": 551, "tweet_count": 912, "listed_count": 253, "like_count": 950, "media_count": 165}, "id": "3086182267", "location": "Palo Alto, CA", "created_at": "2015-03-15T17:06:31.000Z", "name": "Ethan He", "description": "AI @xai | @grok Imagine, Multimodal | prev @nvidia @meta @CarnegieMellon | 8k citations 5k GitHub stars | views are my own", "verified": false, "username": "EthanHe_42"}, {"public_metrics": {"followers_count": 2741, "following_count": 332, "tweet_count": 401, "listed_count": 36, "like_count": 2319, "media_count": 41}, "pinned_tweet_id": "1885259143013163263", "id": "1181572972714303488", "location": "Palo Alto, CA", "created_at": "2019-10-08T14:12:17.000Z", "name": "Le\u00f3n", "description": "Member of Technical Staff @xai", "verified": false, "username": "LeonGuertler"}, {"public_metrics": {"followers_count": 83, "following_count": 83, "tweet_count": 0, "listed_count": 3, "like_count": 3, "media_count": 0}, "id": "1953901298555994112", "created_at": "2025-08-08T19:29:17.000Z", "name": "Carin Kwon", "description": "", "verified": false, "username": "ck_manzanita"}, {"public_metrics": {"followers_count": 3864, "following_count": 501, "tweet_count": 347, "listed_count": 60, "like_count": 1789, "media_count": 7}, "pinned_tweet_id": "1987241275058483479", "id": "1838355640890331137", "created_at": "2024-09-23T23:12:04.000Z", "name": "Lily Lim", "description": "ex-xAI Head Legal Eagle: Lily is an adventurer, former rocket scientist, and until recently launcher of products at the innovative Elon Musk AI start-up, xAI.", "verified": false, "username": "LiLiDuc22"}, {"public_metrics": {"followers_count": 5745574, "following_count": 941, "tweet_count": 9624, "listed_count": 10243, "like_count": 1135, "media_count": 1822}, "id": "337808606", "location": "Los Angeles, California", "created_at": "2011-07-18T16:22:27.000Z", "name": "Robert F. Kennedy Jr", "description": "Posts on this account are my personal views.", "verified": true, "username": "RobertKennedyJr"}, {"public_metrics": {"followers_count": 379, "following_count": 329, "tweet_count": 90, "listed_count": 8, "like_count": 1447, "media_count": 3}, "id": "1261922115428573185", "location": "CA, USA", "created_at": "2020-05-17T07:31:01.000Z", "name": "Kai-Hsun Chen", "description": "Pretraining @xAI | prev @anyscalecompute | KubeRay maintainer | Ray committer | Apache Submarine PMC", "verified": false, "username": "kaihsunchen"}, {"public_metrics": {"followers_count": 121, "following_count": 67, "tweet_count": 0, "listed_count": 6, "like_count": 16, "media_count": 0}, "id": "1839467019793764352", "created_at": "2024-09-27T00:48:23.000Z", "name": "Jun Wang", "description": "", "verified": false, "username": "junwangba"}, {"public_metrics": {"followers_count": 39480, "following_count": 1856, "tweet_count": 4667, "listed_count": 192, "like_count": 8982, "media_count": 125}, "pinned_tweet_id": "1895125553969275360", "id": "15928389", "location": "Los Angeles", "created_at": "2008-08-21T05:58:12.000Z", "name": "johnhering", "description": "founder & executive chairman @lookout", "verified": false, "username": "johnhering"}, {"public_metrics": {"followers_count": 1891977, "following_count": 1044, "tweet_count": 13138, "listed_count": 10072, "like_count": 12695, "media_count": 126}, "id": "880412538625810432", "location": "New York, NY", "created_at": "2017-06-29T13:08:01.000Z", "name": "Bill Ackman", "description": "CEO Pershing Square, Co-trustee @PershingSqFdn", "verified": false, "username": "BillAckman"}, {"public_metrics": {"followers_count": 81113, "following_count": 1348, "tweet_count": 22481, "listed_count": 425, "like_count": 32524, "media_count": 3542}, "id": "1818311005698678784", "location": "Antarctica ", "created_at": "2024-07-30T15:42:27.000Z", "name": "X Freeze", "description": "tour guide for Grok", "verified": false, "username": "XFreeze"}, {"public_metrics": {"followers_count": 76593, "following_count": 103, "tweet_count": 5662, "listed_count": 674, "like_count": 24553, "media_count": 453}, "pinned_tweet_id": "1997372832976609527", "id": "1882261465245364224", "location": "Part Time Earth", "created_at": "2025-01-23T02:58:19.000Z", "name": "The White Whale", "description": "Depth-tested. Market-hardened. \ud83d\udc0b | Sharing conviction and philosophy, not financial advice.", "verified": false, "username": "TheWhiteWhaleV2"}, {"public_metrics": {"followers_count": 2071, "following_count": 1124, "tweet_count": 6861, "listed_count": 30, "like_count": 31001, "media_count": 578}, "pinned_tweet_id": "1961309591649824873", "id": "1357717689616142337", "location": "San Francisco, CA", "created_at": "2021-02-05T15:48:38.000Z", "name": "Matt Vinson", "description": "former trader \\ now family office investor \\ probably too online", "verified": false, "username": "mattmvinson"}, {"public_metrics": {"followers_count": 14373, "following_count": 74, "tweet_count": 1783, "listed_count": 128, "like_count": 831, "media_count": 533}, "id": "897866221667962880", "created_at": "2017-08-16T17:02:43.000Z", "name": "The Plain Bagel", "description": "CFA, CFP, portfolio manager, finance enthusiast: https://t.co/lwF7hDc4xa", "verified": false, "username": "The_Plain_Bagel"}, {"public_metrics": {"followers_count": 987, "following_count": 208, "tweet_count": 34, "listed_count": 22, "like_count": 161, "media_count": 4}, "id": "1037380212", "created_at": "2012-12-26T15:30:55.000Z", "name": "Ming Fang", "description": "building @xAI | prev. @google, @Uber, @okx, @spertainc | @CMUDB, @CarnegieMellon", "verified": false, "username": "mindbergh"}, {"public_metrics": {"followers_count": 26618, "following_count": 242, "tweet_count": 5168, "listed_count": 356, "like_count": 10262, "media_count": 394}, "id": "1253382066", "location": "Canada", "created_at": "2013-03-09T04:29:03.000Z", "name": "Benjamin Felix", "description": "Helping Canadians make better financial decisions. Chief Investment Officer, Portfolio Manager @PWLCapital; co-host @RationalRemind. Meet with PWL \u2b07\ufe0f", "verified": false, "username": "benjaminwfelix"}, {"public_metrics": {"followers_count": 657, "following_count": 152, "tweet_count": 186, "listed_count": 24, "like_count": 319, "media_count": 7}, "id": "1935775436", "created_at": "2013-10-04T23:20:45.000Z", "name": "Shay Scerri", "description": "Grok'n and roll'n", "verified": false, "username": "shhhaayyy"}, {"public_metrics": {"followers_count": 2074, "following_count": 328, "tweet_count": 183, "listed_count": 42, "like_count": 619, "media_count": 3}, "id": "624650524", "created_at": "2012-07-02T12:58:35.000Z", "name": "Jihui Yang", "description": "feel the AGI", "verified": false, "username": "alsiens"}, {"public_metrics": {"followers_count": 292, "following_count": 265, "tweet_count": 342, "listed_count": 8, "like_count": 1121, "media_count": 22}, "id": "592470094", "location": "Palo Alto, CA", "created_at": "2012-05-28T06:24:43.000Z", "name": "Grant", "description": "Go Birds!", "verified": false, "username": "GrantEMatheson"}, {"public_metrics": {"followers_count": 2100, "following_count": 518, "tweet_count": 71, "listed_count": 48, "like_count": 3535, "media_count": 5}, "id": "564296919", "location": "Palo Alto, CA", "created_at": "2012-04-27T02:07:53.000Z", "name": "John Boccio", "description": "RL @xai | prev. ML @apple, @stanford", "verified": false, "username": "JohnBoccio"}, {"public_metrics": {"followers_count": 16931, "following_count": 835, "tweet_count": 427, "listed_count": 202, "like_count": 3506, "media_count": 47}, "pinned_tweet_id": "1943175624610152826", "id": "423216326", "created_at": "2011-11-28T07:00:52.000Z", "name": "Ebby Amir", "description": "\ud83d\udee0\ufe0f @xAI", "verified": false, "username": "ebbyamir"}, {"public_metrics": {"followers_count": 679, "following_count": 694, "tweet_count": 255, "listed_count": 8, "like_count": 16017, "media_count": 10}, "id": "109511701", "location": "Mountain View, CA", "created_at": "2010-01-29T08:48:14.000Z", "name": "Radhakrishnan (Rad) Venkataramani", "description": "Member of Technical Staff @xAI Prev: @PyTorch @MetaAI @Google @Snowflake ML systems. Believer in \"The Common Sense\". Loves funny tweets. Opinions are my own.", "verified": false, "username": "radkris"}, {"public_metrics": {"followers_count": 342, "following_count": 82, "tweet_count": 38, "listed_count": 7, "like_count": 656, "media_count": 3}, "id": "104063841", "created_at": "2010-01-12T04:07:41.000Z", "name": "W", "description": "", "verified": false, "username": "olddaves"}, {"public_metrics": {"followers_count": 2472, "following_count": 759, "tweet_count": 163, "listed_count": 44, "like_count": 746, "media_count": 2}, "id": "71810803", "location": "SF", "created_at": "2009-09-05T14:22:04.000Z", "name": "Yuchen He", "description": "learning | prev xai,oai,meta,apple,uiuc,utaustin", "verified": false, "username": "YuchenHe07"}, {"public_metrics": {"followers_count": 710, "following_count": 43, "tweet_count": 0, "listed_count": 14, "like_count": 1, "media_count": 0}, "id": "55629516", "created_at": "2009-07-10T18:27:28.000Z", "name": "Onha Choe", "description": "", "verified": false, "username": "onhachoe1"}, {"public_metrics": {"followers_count": 111571, "following_count": 530, "tweet_count": 9250, "listed_count": 437, "like_count": 3553, "media_count": 1185}, "id": "45715045", "location": "/dev/null", "created_at": "2009-06-09T00:24:55.000Z", "name": "Christopher Stanley", "description": "{title: \"Security Engineering\", company: \u301a\"@SpaceX\", \"@X\", \u201c@xAI\u201d\u301b, education: \"M.S Computer Science // Cyber Security\"}", "verified": false, "username": "cstanley"}, {"public_metrics": {"followers_count": 389, "following_count": 41, "tweet_count": 2, "listed_count": 10, "like_count": 27, "media_count": 0}, "id": "25465107", "location": "Sydney", "created_at": "2009-03-20T05:14:35.000Z", "name": "David Smoker", "description": "", "verified": false, "username": "dsmoker"}, {"public_metrics": {"followers_count": 593, "following_count": 182, "tweet_count": 6, "listed_count": 11, "like_count": 64, "media_count": 0}, "id": "14970860", "location": "39.912987,116.46175", "created_at": "2008-06-01T11:38:21.000Z", "name": "Ying Zhang", "description": "Software Developer @ xAI, ex-Meta / Google\n\nPast projects: FlashAttention3, AITemplate, TorchInductor", "verified": false, "username": "ipiszy"}, {"public_metrics": {"followers_count": 287, "following_count": 260, "tweet_count": 4, "listed_count": 13, "like_count": 29, "media_count": 0}, "id": "1872369578594201601", "created_at": "2024-12-26T19:51:25.000Z", "name": "Avi", "description": "Next token predictor @xAI", "verified": false, "username": "appsecavi"}, {"public_metrics": {"followers_count": 113, "following_count": 9, "tweet_count": 0, "listed_count": 8, "like_count": 0, "media_count": 0}, "id": "1906420723209449472", "location": "Palo Alto", "created_at": "2025-03-30T18:58:23.000Z", "name": "Frank Luan", "description": "xAI", "verified": false, "username": "xailsf"}, {"public_metrics": {"followers_count": 104, "following_count": 105, "tweet_count": 0, "listed_count": 5, "like_count": 65, "media_count": 0}, "id": "1843369191845625856", "created_at": "2024-10-07T19:14:09.000Z", "name": "Dmytro Soboliev", "description": "", "verified": false, "username": "dsoboliev"}, {"public_metrics": {"followers_count": 1419, "following_count": 39, "tweet_count": 139, "listed_count": 23, "like_count": 42, "media_count": 3}, "id": "1804198094504067072", "location": "Palo Alto", "created_at": "2024-06-21T17:02:11.000Z", "name": "Yunlong Liu", "description": "xAI", "verified": false, "username": "LiuYunlong63318"}, {"public_metrics": {"followers_count": 42, "following_count": 8, "tweet_count": 0, "listed_count": 0, "like_count": 15, "media_count": 0}, "id": "1763048919993565184", "created_at": "2024-02-29T03:50:01.000Z", "name": "Dan Rowland", "description": "", "verified": false, "username": "sv_sparks"}, {"public_metrics": {"followers_count": 14898, "following_count": 361, "tweet_count": 15, "listed_count": 116, "like_count": 64, "media_count": 1}, "pinned_tweet_id": "1884092180517785706", "id": "1655762298022113280", "created_at": "2023-05-09T02:31:35.000Z", "name": "dane", "description": "personality hire, part-time kubectlfish, and imperial ecologist @xai", "verified": false, "username": "danesonance"}, {"public_metrics": {"followers_count": 3514, "following_count": 651, "tweet_count": 308, "listed_count": 58, "like_count": 1569, "media_count": 12}, "pinned_tweet_id": "1862657709994385694", "id": "1345065226425622528", "location": "Office", "created_at": "2021-01-01T17:52:18.000Z", "name": "Pranjal", "description": "@xai", "verified": false, "username": "pranjalssh"}, {"public_metrics": {"followers_count": 9703, "following_count": 330, "tweet_count": 162, "listed_count": 105, "like_count": 2745, "media_count": 7}, "id": "1300499698227261443", "created_at": "2020-08-31T18:24:41.000Z", "name": "Shayan", "description": "post-training and building agents @xAI | prev. @X, @Twitter", "verified": false, "username": "shayan_"}, {"public_metrics": {"followers_count": 447, "following_count": 187, "tweet_count": 32, "listed_count": 14, "like_count": 34, "media_count": 0}, "id": "1170710434216849408", "created_at": "2019-09-08T14:48:25.000Z", "name": "Haowen", "description": "", "verified": false, "username": "haowengeget"}, {"public_metrics": {"followers_count": 2254, "following_count": 378, "tweet_count": 648, "listed_count": 27, "like_count": 1655, "media_count": 30}, "id": "1146180676091170817", "location": "Fremont, CA", "created_at": "2019-07-02T22:15:42.000Z", "name": "Aditya Prerepa", "description": "supercomputing @xai", "verified": false, "username": "APrerepa"}, {"public_metrics": {"followers_count": 4491, "following_count": 1691, "tweet_count": 2313, "listed_count": 70, "like_count": 8003, "media_count": 148}, "id": "931483504604454912", "created_at": "2017-11-17T11:25:48.000Z", "name": "Byron Hsu", "description": "ML system @xAI | @lmsysorg @liger_kernel @flyteorg @theASF", "verified": false, "username": "hsu_byron"}, {"public_metrics": {"followers_count": 1098, "following_count": 1158, "tweet_count": 119, "listed_count": 18, "like_count": 10727, "media_count": 0}, "id": "923582708344938496", "location": "Palo Alto, CA", "created_at": "2017-10-26T16:10:52.000Z", "name": "Arash Bidgoli", "description": "Inference at @xAI, Prev: cs @uwaterloo, radix trading", "verified": false, "username": "ArashBidgoli"}, {"public_metrics": {"followers_count": 7435, "following_count": 314, "tweet_count": 460, "listed_count": 77, "like_count": 2789, "media_count": 71}, "id": "899720210084765696", "location": "SF", "created_at": "2017-08-21T19:49:48.000Z", "name": "Tyler Storm", "description": "speedrunning @xAI", "verified": false, "username": "tylervstorm"}, {"public_metrics": {"followers_count": 2821, "following_count": 500, "tweet_count": 99, "listed_count": 45, "like_count": 4184, "media_count": 0}, "id": "781024050848161796", "location": "San Francisco, CA", "created_at": "2016-09-28T06:53:39.000Z", "name": "SangBin Cho", "description": "reasoning @xAI | prev-founding engineer @anyscalecompute | senior committer of @raydistributed | committer @vllm_project Sglang | Github: rkooo567", "verified": false, "username": "Saaaang94"}, {"public_metrics": {"followers_count": 832, "following_count": 235, "tweet_count": 38, "listed_count": 23, "like_count": 49, "media_count": 0}, "id": "2300690840", "created_at": "2014-01-20T03:26:25.000Z", "name": "Pablo Mendoza", "description": "", "verified": false, "username": "pablo_pensees"}, {"public_metrics": {"followers_count": 1421, "following_count": 738, "tweet_count": 758, "listed_count": 31, "like_count": 1154, "media_count": 130}, "pinned_tweet_id": "855077638720942081", "id": "2345951964", "location": "San Jose, CA", "created_at": "2014-02-16T00:45:52.000Z", "name": "spencer", "description": "Writing software and wrangling supercomputers.", "verified": false, "username": "SpencerSharkey"}, {"public_metrics": {"followers_count": 13424, "following_count": 219, "tweet_count": 503, "listed_count": 162, "like_count": 1022, "media_count": 15}, "id": "2188015574", "created_at": "2013-11-11T09:08:11.000Z", "name": "Chaitu", "description": "grok at @xai", "verified": false, "username": "chaitu"}, {"public_metrics": {"followers_count": 325, "following_count": 5, "tweet_count": 5, "listed_count": 10, "like_count": 7, "media_count": 0}, "id": "1419589278", "location": "Menlo Park, CA", "created_at": "2013-05-11T02:49:38.000Z", "name": "Nathan Ziebart", "description": "Understanding the universe @xAI", "verified": false, "username": "NathanZiebart"}, {"public_metrics": {"followers_count": 228, "following_count": 1, "tweet_count": 1452, "listed_count": 4, "like_count": 1651, "media_count": 36}, "id": "719806860715520000", "location": "Gundo -- SF", "created_at": "2016-04-12T08:38:23.000Z", "name": "Ilia Zintchenko", "description": "Co-founder and CTO @ntropy_dev. Ntropian. Average nerd. Marathoner. Fool. writing angel checks early into friends I believe in", "verified": false, "username": "iliazintchenko"}, {"public_metrics": {"followers_count": 6331, "following_count": 338, "tweet_count": 3631, "listed_count": 60, "like_count": 13467, "media_count": 417}, "pinned_tweet_id": "1976397973841117527", "id": "1581044963114209286", "created_at": "2022-10-14T22:11:31.000Z", "name": "mike64_t @ NeurIPS 2025 \u2708\ufe0f", "description": "descending the gradient", "verified": false, "username": "mike64_t"}, {"public_metrics": {"followers_count": 6176, "following_count": 674, "tweet_count": 47, "listed_count": 52, "like_count": 362, "media_count": 10}, "id": "1648128136997904384", "location": "Palo Alto", "created_at": "2023-04-18T00:56:07.000Z", "name": "Diego", "description": "seeking truth @xai", "verified": false, "username": "Diegopasini"}, {"public_metrics": {"followers_count": 2371, "following_count": 153, "tweet_count": 94, "listed_count": 41, "like_count": 181, "media_count": 8}, "id": "1348060735746703365", "created_at": "2021-01-10T00:15:07.000Z", "name": "sehoonkim", "description": "Building AI @xAI", "verified": false, "username": "sehoonkim418"}, {"public_metrics": {"followers_count": 1462, "following_count": 457, "tweet_count": 1347, "listed_count": 22, "like_count": 3909, "media_count": 365}, "pinned_tweet_id": "1973733202310132088", "id": "1694420991773143040", "location": "Urborg, Dominaria", "created_at": "2023-08-23T18:47:11.000Z", "name": "Brent Sullivan", "description": "Tax analyst. ETFs, direct indexing, long/short, bonds, options, you name it. Former Zillow software, Parametric software, PIMCO trade floor.", "verified": false, "username": "TaxAlphaInsider"}, {"public_metrics": {"followers_count": 666, "following_count": 152, "tweet_count": 201, "listed_count": 17, "like_count": 9846, "media_count": 21}, "pinned_tweet_id": "1875240921127915789", "id": "584832148", "location": "Austin, TX", "created_at": "2012-05-19T15:00:17.000Z", "name": "Alexander Bocharoff", "description": "Techno-optimist | xAI | ex-Cloudflare", "verified": false, "username": "b0ch4r0v"}, {"public_metrics": {"followers_count": 160, "following_count": 34, "tweet_count": 1, "listed_count": 8, "like_count": 25, "media_count": 0}, "id": "1869049335159087104", "location": "London", "created_at": "2024-12-17T15:58:01.000Z", "name": "Stepan Koltsov", "description": "@xAI", "verified": false, "username": "st_at_x_ai"}, {"public_metrics": {"followers_count": 3099, "following_count": 294, "tweet_count": 707, "listed_count": 56, "like_count": 2569, "media_count": 162}, "pinned_tweet_id": "1376342213458763780", "id": "14215113", "location": "Tokyo-to, Japan", "created_at": "2008-03-25T12:49:14.000Z", "name": "Tiago Ramalho", "description": "CEO @Recursiveai. Former @DeepMind. \nGeneralization and robustness in AI. \nOccasional writer, cook, generative modeller.", "verified": false, "username": "tmramalho"}, {"public_metrics": {"followers_count": 437, "following_count": 116, "tweet_count": 67, "listed_count": 13, "like_count": 292, "media_count": 1}, "id": "1023628381609439232", "created_at": "2018-07-29T17:56:39.000Z", "name": "Ian Gemp", "description": "Research scientist @deepmind. It's all multiagent.", "verified": false, "username": "drimgemp"}, {"public_metrics": {"followers_count": 1149, "following_count": 256, "tweet_count": 59, "listed_count": 24, "like_count": 89, "media_count": 5}, "id": "99208056", "created_at": "2009-12-25T02:59:05.000Z", "name": "Xiaobin Wu", "description": "", "verified": false, "username": "xiaobinwu"}, {"public_metrics": {"followers_count": 9428, "following_count": 296, "tweet_count": 1676, "listed_count": 108, "like_count": 4226, "media_count": 167}, "pinned_tweet_id": "1961132126298157060", "id": "1480673713179795457", "location": "London, England", "created_at": "2022-01-10T22:51:49.000Z", "name": "skcd", "description": "Understanding the universe @xai \nex hacking @aide_dev \nex fb engineer\nICPC WF\n\nits just code \ud83d\udc68\ud83c\udffc\u200d\ud83d\udcbb", "verified": false, "username": "skcd42"}, {"public_metrics": {"followers_count": 536, "following_count": 87, "tweet_count": 237, "listed_count": 7, "like_count": 379, "media_count": 36}, "id": "17054648", "location": "San Francisco", "created_at": "2008-10-29T23:07:08.000Z", "name": "Srikanth Narayan", "description": "Founder at @usecache.  \n\nAmateur Photographer at https://t.co/6BzuiaOcTZ", "verified": false, "username": "srikanthatcache"}, {"public_metrics": {"followers_count": 29987, "following_count": 228, "tweet_count": 1005, "listed_count": 412, "like_count": 3175, "media_count": 130}, "pinned_tweet_id": "1907309173823635952", "id": "151808246", "location": "San Francisco, CA", "created_at": "2010-06-04T08:48:04.000Z", "name": "Tim Zaman", "description": "Frontier Clusters at OpenAI. Previously DeepMind, Tesla AP, X/Twitter (head of AI Infra), NVIDIA.", "verified": false, "username": "tim_zaman"}, {"public_metrics": {"followers_count": 11806, "following_count": 1343, "tweet_count": 951, "listed_count": 156, "like_count": 2627, "media_count": 63}, "id": "74834469", "location": "Dallas, TX", "created_at": "2009-09-16T20:51:26.000Z", "name": "Andree Jacobson", "description": "Building massive scale HPC and AI compute at @xAI. Strong @Grok supporter. Work and random stuff. Views are my own.", "verified": false, "username": "nmswede"}, {"public_metrics": {"followers_count": 1199, "following_count": 1274, "tweet_count": 943, "listed_count": 26, "like_count": 1055, "media_count": 59}, "pinned_tweet_id": "1725526400587731381", "id": "521427555", "location": "San Francisco, CA", "created_at": "2012-03-11T15:48:46.000Z", "name": "Jonny Langefeld", "description": "@kenzielangefeld \ud83d\udc8d Software Engineer \ud83d\udc68\ud83c\udffc\u200d\ud83d\udcbb @xAI \ud83e\udde0 interested in all things digital", "verified": false, "username": "jonnylangefeld"}, {"public_metrics": {"followers_count": 298, "following_count": 322, "tweet_count": 9, "listed_count": 2, "like_count": 386, "media_count": 0}, "id": "1489011899102494721", "location": "Palo Alto, CA", "created_at": "2022-02-02T23:04:48.000Z", "name": "wenlong", "description": "prev infra @xAI, @RobinhoodApp", "verified": false, "username": "wenlong_xiong"}, {"public_metrics": {"followers_count": 35309, "following_count": 24, "tweet_count": 1502, "listed_count": 406, "like_count": 3104, "media_count": 58}, "id": "2353563199", "created_at": "2014-02-20T17:28:48.000Z", "name": "Hieu Pham", "description": "@openai | ex: @xai, @augmentcode, @GoogleBrain, @LTIatCMU, @Stanford, ACM ICPC, IMO\ud83e\udd48\n\nOpinions are my own.", "verified": false, "username": "hyhieu226"}, {"public_metrics": {"followers_count": 43958, "following_count": 112, "tweet_count": 1534, "listed_count": 922, "like_count": 3618, "media_count": 280}, "pinned_tweet_id": "1897308828284412226", "id": "68538286", "location": "San Francisco", "created_at": "2009-08-24T23:08:53.000Z", "name": "Dan Hendrycks", "description": "\u2022 Center for AI Safety Director\n\u2022 xAI and Scale AI advisor\n\u2022 GELU/MMLU/MATH/HLE\n\u2022 PhD in AI\n\u2022 Analyzing AI models, companies, policies, and geopolitics", "verified": false, "username": "hendrycks"}, {"public_metrics": {"followers_count": 2803, "following_count": 13, "tweet_count": 29, "listed_count": 51, "like_count": 2, "media_count": 0}, "id": "1752189517690544128", "created_at": "2024-01-30T04:39:00.000Z", "name": "Sergey Ioffe", "description": "https://t.co/E7YNgwpalf", "verified": false, "username": "Sergey_xai"}, {"public_metrics": {"followers_count": 13859, "following_count": 331, "tweet_count": 150, "listed_count": 150, "like_count": 328, "media_count": 35}, "id": "847263121865441281", "location": "Palo Alto, CA", "created_at": "2017-03-30T01:44:04.000Z", "name": "Qian Huang", "description": "prev @xai | CS PhD student @StanfordAILab (on leave)", "verified": false, "username": "qhwang3"}, {"public_metrics": {"followers_count": 22370, "following_count": 2579, "tweet_count": 965, "listed_count": 344, "like_count": 9817, "media_count": 157}, "pinned_tweet_id": "1954032707148939775", "id": "137463715", "created_at": "2010-04-26T20:49:42.000Z", "name": "Eric Zelikman", "description": "building ai for humans @humansand // was lgtm-ing @xAI, phd-ing @stanford", "verified": false, "username": "ericzelikman"}, {"public_metrics": {"followers_count": 13892, "following_count": 2063, "tweet_count": 3116, "listed_count": 129, "like_count": 10308, "media_count": 136}, "pinned_tweet_id": "1759684605307916471", "id": "917036353832984578", "location": "Stanford, California, USA", "created_at": "2017-10-08T14:37:59.000Z", "name": "Ray Hotate \u4fdd\u7acb\u601c", "description": "Member of Technical Staff @xAI / CS(AI)+Math @Stanford @StanfordAILab / prev PE @GoldmanSachs, Quant Research @ Cubist(Point72) / \u6771\u5927\u7406\u4e09, \u958b\u6210 '22 \ud83c\uddef\ud83c\uddf5\ud83c\uddfa\ud83c\uddf8", "verified": false, "username": "rayhotate"}, {"public_metrics": {"followers_count": 18974, "following_count": 195, "tweet_count": 1304, "listed_count": 214, "like_count": 8895, "media_count": 110}, "pinned_tweet_id": "1873227877573116366", "id": "1505635897810821120", "created_at": "2022-03-20T20:02:36.000Z", "name": "Brent Mayo", "description": "xAI Engineer/SpaceX Engineer", "verified": false, "username": "BrentM_SpaceX"}, {"public_metrics": {"followers_count": 132186, "following_count": 984, "tweet_count": 8403, "listed_count": 555, "like_count": 8976, "media_count": 4175}, "pinned_tweet_id": "1997019838422962328", "id": "1838288550569349120", "created_at": "2024-09-23T18:45:29.000Z", "name": "TBPN", "description": "Technology's daily show. Hosted by @johncoogan & @jordihays. Streaming live 11a-2p PT every weekday and available on Apple, Spotify, & YouTube.", "verified": true, "username": "tbpn"}, {"public_metrics": {"followers_count": 2365, "following_count": 411, "tweet_count": 227, "listed_count": 46, "like_count": 190, "media_count": 26}, "id": "804168614", "location": "Palo Alto, CA", "created_at": "2012-09-05T08:43:26.000Z", "name": "Yikang Shen", "description": "MTS @xAI. ex Staff RS @IBM. PhD @Mila. Granite LMs, Ordered Neurons, Mixture of Attention Heads, JetMoE, stick-breaking attention and Power LR.", "verified": false, "username": "Yikang_Shen"}, {"public_metrics": {"followers_count": 505, "following_count": 570, "tweet_count": 31, "listed_count": 8, "like_count": 608, "media_count": 0}, "id": "15192442", "location": "New York", "created_at": "2008-06-21T20:34:47.000Z", "name": "Dmitry Sigaev", "description": "", "verified": false, "username": "sigaev"}, {"public_metrics": {"followers_count": 3717, "following_count": 7479, "tweet_count": 53, "listed_count": 16, "like_count": 276, "media_count": 2}, "id": "12440102", "location": "London", "created_at": "2008-01-19T20:04:08.000Z", "name": "Yoram Bachrach", "description": "Research Scientist at Meta (prev Google DeepMind and Microsoft Research). Working on LLM Agents and Multi-Agent Systems.", "verified": false, "username": "yorambac"}, {"public_metrics": {"followers_count": 184, "following_count": 303, "tweet_count": 2757, "listed_count": 5, "like_count": 11502, "media_count": 156}, "id": "925990828778156032", "location": "San Francisco, CA", "created_at": "2017-11-02T07:39:52.000Z", "name": "Louis", "description": "Software Engineer | Ski & watch enthusiast | Tweets are my own", "verified": false, "username": "Batovrang"}, {"public_metrics": {"followers_count": 9561, "following_count": 339, "tweet_count": 147, "listed_count": 67, "like_count": 5547, "media_count": 6}, "id": "1845238708779483138", "location": "San Francisco, CA", "created_at": "2024-10-12T23:03:36.000Z", "name": "James Musk", "description": "Currently \u26f3\ufe0f\ud83c\udfbe\ud83c\udfc4\ud83c\udffb\u200d\u2642\ufe0f\ud83e\ude81Formerly Engineering @X @Tesla_AI", "verified": false, "username": "jmusk"}, {"public_metrics": {"followers_count": 974, "following_count": 524, "tweet_count": 376, "listed_count": 17, "like_count": 511, "media_count": 7}, "id": "402372223", "created_at": "2011-10-31T23:43:52.000Z", "name": "Chandra", "description": "creating bugs during day and solving them at night\nlurking @physical_int\n\n*repatiKosam*", "verified": false, "username": "ckkuchi"}, {"public_metrics": {"followers_count": 2591, "following_count": 612, "tweet_count": 1779, "listed_count": 34, "like_count": 8604, "media_count": 483}, "pinned_tweet_id": "1993740461178065048", "id": "608435784", "location": "London, San Francisco, Yerevan", "created_at": "2012-06-14T18:07:25.000Z", "name": "Ash Vardanian", "description": "Founder @unum_cloud \u00b7 Investor @aal_vc \u00b7 decade+ building multimodal AI infra in C/CUDA/ASM \u00b7 author of USearch, StringZilla, SimSIMD & more open-source", "verified": false, "username": "ashvardanian"}, {"public_metrics": {"followers_count": 107321, "following_count": 804, "tweet_count": 11959, "listed_count": 2632, "like_count": 19972, "media_count": 402}, "id": "29843511", "location": "London, England", "created_at": "2009-04-08T22:41:09.000Z", "name": "Nando de Freitas", "description": "MAI Superintelligence Team. Past: AlphaGo tuning, AlphaCode, Gato, ReST, learning to learn, awareness models, recurrent Gemma, Imagen3, Veo, Genie, MAI models", "verified": false, "username": "NandoDF"}, {"public_metrics": {"followers_count": 52567, "following_count": 344, "tweet_count": 21435, "listed_count": 676, "like_count": 4822, "media_count": 3900}, "id": "3836261", "location": "Tokyo", "created_at": "2007-04-09T00:59:57.000Z", "name": "Rui Ueyama", "description": "\u7c73\u56fdGoogle\u3067\u30bd\u30d5\u30c8\u30a6\u30a7\u30a2\u30a8\u30f3\u30b8\u30cb\u30a2\uff06\u30b9\u30bf\u30f3\u30d5\u30a9\u30fc\u30c9\u5927\u5b66\u30b3\u30f3\u30d4\u30e5\u30fc\u30bf\u30b5\u30a4\u30a8\u30f3\u30b9\u4fee\u58eb \u2192 \u81ea\u5206\u306e\u4f1a\u793e \u2192 \u6771\u4eac\u5927\u5b66\u30b3\u30f3\u30d4\u30e5\u30fc\u30bf\u79d1\u5b66\u535a\u58eb\u8ab2\u7a0b\uff08\u73fe\u5728\uff09\nCreator of LLVM lld and the mold linkers", "verified": false, "username": "rui314"}, {"public_metrics": {"followers_count": 7424, "following_count": 442, "tweet_count": 722, "listed_count": 63, "like_count": 1354, "media_count": 102}, "pinned_tweet_id": "1984251223315296719", "id": "1092374611", "location": "New York, NY", "created_at": "2013-01-15T15:15:24.000Z", "name": "Iain Dunning", "description": "Head of AI @ HRT (@wehrtyou), Chairman @ New York Transit Museum", "verified": false, "username": "iaindunning"}, {"public_metrics": {"followers_count": 62351, "following_count": 865, "tweet_count": 59083, "listed_count": 1830, "like_count": 12187, "media_count": 2837}, "pinned_tweet_id": "1992000898147766638", "id": "12963432", "location": "Vienna, Austria", "created_at": "2008-02-01T23:12:59.000Z", "name": "Armin Ronacher \u21cc", "description": "Creator of Flask; Building at https://t.co/uGuzfu0dVl \u2014 love API design & AI. Bypassing Permissions. Husband and father of 3 \u2014 \u201cmore nuanced in person\u201d", "verified": false, "username": "mitsuhiko"}, {"public_metrics": {"followers_count": 2283, "following_count": 630, "tweet_count": 1350, "listed_count": 72, "like_count": 8402, "media_count": 288}, "pinned_tweet_id": "1973067906259841457", "id": "2336323446", "created_at": "2014-02-10T08:29:59.000Z", "name": "Xander Dunn", "description": "Building AI scientists @periodiclabs\nPreviously: Building LLMs for code gen, Deep RL for industrial robotics, @Apple @UChicago", "verified": false, "username": "xanderai"}, {"public_metrics": {"followers_count": 2328828, "following_count": 930, "tweet_count": 603773, "listed_count": 35203, "like_count": 53, "media_count": 26433}, "id": "18856867", "created_at": "2009-01-11T04:08:58.000Z", "name": "zerohedge", "description": "", "verified": false, "username": "zerohedge"}, {"public_metrics": {"followers_count": 1801782, "following_count": 91, "tweet_count": 7042, "listed_count": 14130, "like_count": 217, "media_count": 3147}, "pinned_tweet_id": "1991500536856576200", "id": "62603893", "created_at": "2009-08-03T19:47:29.000Z", "name": "Ray Dalio", "description": "Official account of Ray Dalio, founder of Bridgewater Associates, author of #1 New York Times bestseller 'Principles,' professional mistake maker", "verified": false, "username": "RayDalio"}, {"public_metrics": {"followers_count": 2733717, "following_count": 2392, "tweet_count": 150210, "listed_count": 20843, "like_count": 67158, "media_count": 29049}, "pinned_tweet_id": "1876668203054817706", "id": "1200616796295847936", "location": "United States", "created_at": "2019-11-30T03:25:32.000Z", "name": "unusual_whales", "description": "Stocks/Options/Crypto/Market News/Tools. Not advice\n\n@Polymarket partner\n\nOpen a tastytrade account: https://t.co/wGf2ZdlXpw\nDiscord: https://t.co/0xJ9e0ZYYG\nMore: https://t.co/nsxZlPV0pC", "verified": false, "username": "unusual_whales"}, {"public_metrics": {"followers_count": 16799, "following_count": 2, "tweet_count": 194, "listed_count": 158, "like_count": 106, "media_count": 11}, "pinned_tweet_id": "1368604829787033603", "id": "1066187123303358464", "created_at": "2018-11-24T04:29:53.000Z", "name": "Zig", "description": "A general-purpose programming language and toolchain for maintaining robust, optimal, and reusable software.", "verified": false, "username": "ziglang"}, {"public_metrics": {"followers_count": 8560, "following_count": 0, "tweet_count": 27, "listed_count": 83, "like_count": 34, "media_count": 3}, "id": "1581833630078451712", "location": "New York, NY", "created_at": "2022-10-17T02:25:16.000Z", "name": "Astral", "description": "High-performance developer tools for the Python ecosystem, starting with Ruff, an extremely fast Python linter, written in Rust.", "verified": false, "username": "astral_sh"}, {"public_metrics": {"followers_count": 30589, "following_count": 858, "tweet_count": 7531, "listed_count": 252, "like_count": 15361, "media_count": 763}, "pinned_tweet_id": "1955695947716985241", "id": "23191588", "location": "Brooklyn, NY", "created_at": "2009-03-07T13:25:03.000Z", "name": "Charlie Marsh", "description": "Building @astral_sh: Ruff, uv, and other high-performance Python tools. Prev: Staff engineer @SpringDiscovery, @KhanAcademy, BSE @PrincetonCS.", "verified": false, "username": "charliermarsh"}, {"public_metrics": {"followers_count": 10972, "following_count": 973, "tweet_count": 3416, "listed_count": 153, "like_count": 9872, "media_count": 581}, "id": "282176468", "location": "London, England", "created_at": "2011-04-14T18:04:19.000Z", "name": "Attila", "description": "Android @xAI & @X", "verified": false, "username": "attilablenesi"}, {"public_metrics": {"followers_count": 4018, "following_count": 901, "tweet_count": 1228, "listed_count": 54, "like_count": 11192, "media_count": 150}, "pinned_tweet_id": "1995272798835732798", "id": "4638706452", "created_at": "2015-12-23T18:44:43.000Z", "name": "Taylor Silveira", "description": "Gen AI & Data @NVIDIA | Prev @xAI", "verified": false, "username": "taylorasilveira"}], "meta": {"result_count": 100, "next_token": "2TU50JCQ91AHIZZZ"}}