{"data": [{"username": "jheitzeb", "created_at": "2007-06-06T23:18:22.000Z", "public_metrics": {"followers_count": 5849, "following_count": 1237, "tweet_count": 9903, "listed_count": 221, "like_count": 7974, "media_count": 1187}, "verified": false, "name": "Joe Heitzeberg", "id": "6629572", "pinned_tweet_id": "1960894069552672945", "description": "AI Tinkerers global, co-founder of Crowd Cow, 2019 Allen School Alumni Impact Award, MIT, weekly 1:1 with my AI", "location": "Seattle, WA"}, {"username": "joannewang_", "created_at": "2025-11-26T18:55:13.000Z", "public_metrics": {"followers_count": 121, "following_count": 515, "tweet_count": 21, "listed_count": 1, "like_count": 15, "media_count": 7}, "verified": false, "name": "Joanne Wang", "id": "1993755377960452096", "description": "building in consumer (yc w24)", "location": "sf"}, {"username": "kevo1ution", "created_at": "2015-05-04T15:27:23.000Z", "public_metrics": {"followers_count": 665, "following_count": 117, "tweet_count": 606, "listed_count": 7, "like_count": 797, "media_count": 111}, "verified": false, "name": "Kevin \ud83d\udc4a\ud83d\udd25", "id": "3185358362", "pinned_tweet_id": "1953247463818838388", "description": "Co-founder of @firebender_com - most powerful coding agent for android engineers. We are HIRING Engineers!\n\nGreen bubble always", "location": "San Francisco, TX"}, {"username": "chrispisarski", "created_at": "2024-08-09T14:08:38.000Z", "public_metrics": {"followers_count": 1252, "following_count": 126, "tweet_count": 182, "listed_count": 5, "like_count": 1277, "media_count": 43}, "verified": false, "name": "Chris Pisarski", "id": "1821911422550335488", "pinned_tweet_id": "1962982950687109201", "description": "Co-founder @Crustdata (YC F24), agentic web layer for AI Agents\nYC and General Catalyst backed", "location": "NYC"}, {"username": "kutukam", "created_at": "2021-11-08T09:27:40.000Z", "public_metrics": {"followers_count": 54, "following_count": 164, "tweet_count": 204, "listed_count": 0, "like_count": 405, "media_count": 24}, "verified": false, "name": "Harsh Khandelwal", "id": "1457640843091726336", "pinned_tweet_id": "1947203894343581847", "description": "Junior @bitspilaniindia product @MailWave_io , engg @ https://t.co/UOQdD9UJmT", "location": "South Goa"}, {"username": "milstan", "created_at": "2007-06-18T18:08:06.000Z", "public_metrics": {"followers_count": 1348, "following_count": 1001, "tweet_count": 1555, "listed_count": 53, "like_count": 620, "media_count": 70}, "verified": false, "name": "Milan Stankovic, PhD", "id": "6896742", "pinned_tweet_id": "1973427478929776715", "description": "Co-founder of @LeadbayAI (YC F25). Making computers better companions to humans.", "location": "San Francisco, CA"}, {"username": "627B8D", "created_at": "2021-11-09T17:25:37.000Z", "public_metrics": {"followers_count": 117, "following_count": 76, "tweet_count": 332, "listed_count": 0, "like_count": 1112, "media_count": 27}, "verified": false, "name": "andrew", "id": "1458123576024969220", "pinned_tweet_id": "1965479668779262158", "description": "22 | stalk what im doing right now https://t.co/n2LtUG8Aja", "location": "the bay"}, {"username": "dolylupec", "created_at": "2022-01-03T05:44:20.000Z", "public_metrics": {"followers_count": 4407, "following_count": 2389, "tweet_count": 1101, "listed_count": 37, "like_count": 5894, "media_count": 171}, "verified": false, "name": "Lena", "id": "1477878380121190400", "description": "core contributor @virtuals_vc | @womentechmakers ambassador | All opinions are my own"}, {"username": "theo", "created_at": "2016-10-13T01:18:04.000Z", "public_metrics": {"followers_count": 260115, "following_count": 3866, "tweet_count": 56771, "listed_count": 1636, "like_count": 327275, "media_count": 7686}, "verified": false, "name": "Theo - t3.gg", "id": "786375418685165568", "description": "Full time CEO @t3dotchat. Part time YouTuber, investor, and developer", "location": "San Francisco, CA"}, {"username": "spiffyeehaw", "created_at": "2012-04-29T14:29:07.000Z", "public_metrics": {"followers_count": 155, "following_count": 1749, "tweet_count": 910, "listed_count": 4, "like_count": 1031, "media_count": 134}, "verified": false, "name": "David Kim \ud83c\udf12", "id": "566349490", "description": "Building a strange love letter for my fav book  (@focalbible) + the options app for regens (@AmblyApp :)"}, {"username": "chidiwilliams__", "created_at": "2018-06-18T02:15:50.000Z", "public_metrics": {"followers_count": 6671, "following_count": 1830, "tweet_count": 30252, "listed_count": 42, "like_count": 185207, "media_count": 1793}, "verified": false, "name": "chidi", "id": "1008533717856522240", "description": "co-founder @rulebasehq (yc f24), @sysdsgn", "location": "London, UK / San Francisco, CA"}, {"username": "ishangandhixyz", "created_at": "2014-02-21T18:34:12.000Z", "public_metrics": {"followers_count": 1501, "following_count": 1906, "tweet_count": 1089, "listed_count": 7, "like_count": 2977, "media_count": 10}, "verified": false, "name": "Gandhi", "id": "2357029215", "pinned_tweet_id": "1981060823046115399", "description": "Investor, of all sorts. Prev @stanford"}, {"username": "vgrichina", "created_at": "2009-05-10T20:08:53.000Z", "public_metrics": {"followers_count": 17292, "following_count": 4655, "tweet_count": 12361, "listed_count": 153, "like_count": 61928, "media_count": 406}, "verified": false, "name": "Vlad Berrry", "id": "39102244", "pinned_tweet_id": "1997092383176249825", "description": "Building @BerrryComputer @club_homebrew member.", "location": "Berkeley, CA"}, {"username": "JhaGauti", "created_at": "2013-05-16T12:27:26.000Z", "public_metrics": {"followers_count": 165, "following_count": 305, "tweet_count": 6, "listed_count": 2, "like_count": 215, "media_count": 0}, "verified": false, "name": "Gautam Jha", "id": "1432973125", "description": "Founder @ https://t.co/WlcW2kZ0cq (YC F25) | IIT Kharagpur", "location": "Bengaluru"}, {"username": "hazhubble", "created_at": "2012-12-09T23:38:06.000Z", "public_metrics": {"followers_count": 5558, "following_count": 2482, "tweet_count": 2848, "listed_count": 29, "like_count": 13835, "media_count": 147}, "verified": false, "name": "Haz Hubble", "id": "1000450644", "pinned_tweet_id": "1989084328157147341", "description": "building @pallyai (yc s25) | founder @ldnfounderhouse | high school dropout", "location": "SF"}, {"username": "yongyuanxi", "created_at": "2017-05-04T05:03:52.000Z", "public_metrics": {"followers_count": 9934, "following_count": 2647, "tweet_count": 4511, "listed_count": 117, "like_count": 11536, "media_count": 698}, "verified": false, "name": "Towaki Takikawa / \u7027\u5ddd\u6c38\u9060\u5e0c", "id": "859996978243153920", "pinned_tweet_id": "1957911319996416068", "description": "ceo @outerport (yc s24), former research scientist @nvidia, cs @uwaterloo, phdish @uoft, making technical documents and cad AI-readable", "location": "San Fransokyo"}, {"username": "kdotvon", "created_at": "2011-07-10T01:40:29.000Z", "public_metrics": {"followers_count": 1239, "following_count": 1036, "tweet_count": 23680, "listed_count": 6, "like_count": 22940, "media_count": 2276}, "verified": false, "name": "Kavon", "id": "332564488", "description": "27 | early stage vc @mightycapital, supporter @manutd | @rcrsvcapital", "location": "SF"}, {"username": "TaylorLorenz", "created_at": "2010-10-27T20:40:40.000Z", "public_metrics": {"followers_count": 350515, "following_count": 11728, "tweet_count": 41562, "listed_count": 4288, "like_count": 618211, "media_count": 1093}, "verified": false, "name": "Taylor Lorenz", "id": "208725869", "pinned_tweet_id": "1841137473646444986", "description": "Technology and online culture journalist and content creator. Subscribe to my newsletter @usermagazine. FREE SPEECH ENTHUSIAST \ud83d\udce2", "location": "Los Angeles, CA"}, {"username": "HartmansDoeke", "created_at": "2021-12-22T16:11:26.000Z", "public_metrics": {"followers_count": 3350, "following_count": 2798, "tweet_count": 1665, "listed_count": 10, "like_count": 738, "media_count": 64}, "verified": false, "name": "Doeke Hartmans", "id": "1473687598879100945", "description": "Vice President, Head of Marketing @coindeskpodcast | Views Own & NFA / Former Instructor @PADI", "location": "bitcoin"}, {"username": "suleimenov", "created_at": "2009-05-30T06:02:33.000Z", "public_metrics": {"followers_count": 3207, "following_count": 3207, "tweet_count": 7737, "listed_count": 66, "like_count": 14411, "media_count": 2221}, "verified": false, "name": "Arman Suleimenov", "id": "43490757", "pinned_tweet_id": "1955337538245115957", "description": "Founder, @nFactorialAI. Built YC of Kazakhstan - trained 3000+ SWEs & founders. 186k subs on YouTube. 250k readers on social. @PrincetonCS, ICPC World Finalist", "location": "San Francisco, CA"}, {"username": "nicklom12", "created_at": "2010-06-04T22:02:06.000Z", "public_metrics": {"followers_count": 743, "following_count": 1276, "tweet_count": 98, "listed_count": 3, "like_count": 2363, "media_count": 4}, "verified": false, "name": "Nick Lombardo", "id": "152026660", "description": "Co-Founder & CEO at Arc (@join_arc)", "location": "San Francisco, CA"}, {"username": "2irl4u", "created_at": "2009-07-03T15:19:48.000Z", "public_metrics": {"followers_count": 10170, "following_count": 2495, "tweet_count": 24972, "listed_count": 111, "like_count": 69918, "media_count": 3115}, "verified": false, "name": "armand type beat", "id": "53411375", "description": "Daily prev: @polymarket, @sonar (YC, acq @aave)", "location": "Saint Francis, CA "}, {"username": "gracegongGG", "created_at": "2010-03-21T03:02:38.000Z", "public_metrics": {"followers_count": 1905, "following_count": 633, "tweet_count": 5097, "listed_count": 48, "like_count": 1935, "media_count": 2241}, "verified": false, "name": "Grace Gong", "id": "124933191", "pinned_tweet_id": "1960442419671187863", "description": "Founder & Host @ Smart Venture pod \u2615\ufe0f ex- VC \ud83d\udd8a \ud83d\udcda #1 on Amazon Venture Capital |@Linkedin TopVoice (55k + followers, 10M+ impressions/ year)| Angel Investor", "location": "San Francisco "}, {"username": "nizzyabi", "created_at": "2023-07-06T22:25:18.000Z", "public_metrics": {"followers_count": 20860, "following_count": 614, "tweet_count": 30427, "listed_count": 339, "like_count": 70529, "media_count": 4093}, "verified": false, "name": "nizzy", "id": "1677081271493689345", "description": "co-founder of @mail0dotcom (yc x25). prev @calcom", "location": "your inbox"}, {"username": "jordihays", "created_at": "2015-11-10T07:38:28.000Z", "public_metrics": {"followers_count": 39249, "following_count": 2412, "tweet_count": 7756, "listed_count": 273, "like_count": 29625, "media_count": 525}, "verified": false, "name": "Jordi Hays", "id": "4188045073", "pinned_tweet_id": "1977393457820819573", "description": "Host @TBPN"}, {"username": "PrestonStauffer", "created_at": "2021-02-28T04:29:19.000Z", "public_metrics": {"followers_count": 17141, "following_count": 1084, "tweet_count": 2940, "listed_count": 6, "like_count": 41110, "media_count": 245}, "verified": false, "name": "prestonstauffer.eth", "id": "1365881708461969410", "pinned_tweet_id": "1995891526707421432", "description": "husband, follower of Christ, building @krain_ai, unapologetic nerd for ai, crypto and video games\n\nfollow me on zora: https://t.co/t0BNICgrJN", "location": "KRAIN"}, {"username": "jordanjhamel", "created_at": "2009-03-15T06:45:00.000Z", "public_metrics": {"followers_count": 1699, "following_count": 7502, "tweet_count": 13743, "listed_count": 54, "like_count": 66872, "media_count": 1400}, "verified": false, "name": "Jordan Hamel \ud83e\udd87\ud83d\udd0a", "id": "24497309", "description": "engineering @TrustVanta | @vouch_group @stripe @azure @amgen @newegg | \u201cIn God we trust; all others must bring data.\u201d- Deming | dadOps 2x | views my own | \u8fd8\u6ca1\u8d62", "location": "Ether"}, {"username": "bmnarik", "created_at": "2016-08-27T17:32:12.000Z", "public_metrics": {"followers_count": 234, "following_count": 62, "tweet_count": 302, "listed_count": 7, "like_count": 812, "media_count": 6}, "verified": false, "name": "Kiran Mohan", "id": "769588337426305024", "description": "Co Founder & CTO @ Lexi (YC F25) | Building AI Powered Associates | Backed by @ycombinator @PlugandPlayTC @Google", "location": "San Francisco"}, {"username": "alexmcgregor", "created_at": "2009-03-07T20:07:48.000Z", "public_metrics": {"followers_count": 3357, "following_count": 5108, "tweet_count": 27463, "listed_count": 58, "like_count": 34414, "media_count": 4602}, "verified": false, "name": "alex", "id": "23228826", "description": "mobile @opensea | prev iOS @rally_xyz (acq) @MagicEden @blockchain. \u271d\ufe0f. Crypto. Parrothead.", "location": "Texas, USA"}, {"username": "hardanimeshirts", "created_at": "2023-02-25T06:58:56.000Z", "public_metrics": {"followers_count": 13323, "following_count": 1981, "tweet_count": 31828, "listed_count": 115, "like_count": 185827, "media_count": 3295}, "verified": false, "name": "giatt", "id": "1629375345337184258", "description": "humanity is critical infrastructure to machines", "location": "sf/la"}, {"username": "roysolanas", "created_at": "2014-07-23T07:08:37.000Z", "public_metrics": {"followers_count": 3238, "following_count": 1239, "tweet_count": 443, "listed_count": 18, "like_count": 4234, "media_count": 42}, "verified": false, "name": "roy \u26a1\ufe0f", "id": "2672500646", "pinned_tweet_id": "1874318524560412756", "description": "@morphosisfnf\n\n@kreo444"}, {"username": "mazeincoding", "created_at": "2024-01-16T16:44:41.000Z", "public_metrics": {"followers_count": 12318, "following_count": 1386, "tweet_count": 18052, "listed_count": 65, "like_count": 44892, "media_count": 1955}, "verified": false, "name": "Maze", "id": "1747298811737743360", "pinned_tweet_id": "1936933438650827255", "description": "i think my sleep schedule is fixed", "location": "in a video editor"}, {"username": "Hamzeml", "created_at": "2019-12-11T22:35:40.000Z", "public_metrics": {"followers_count": 4810, "following_count": 4807, "tweet_count": 4656, "listed_count": 13, "like_count": 8840, "media_count": 130}, "verified": false, "name": "Hamz\u00e9 \ud83e\udd80", "id": "1204892464219394048", "pinned_tweet_id": "1993410634999022062", "description": "\ud83c\uddea\ud83c\uddfa CTO. Builder.\n\nRecovering Python dev, currently radicalizing startups into Rust supremacy \ud83e\udd80\n\nI write the bugs that future AIs will be paid to", "location": "France"}, {"username": "skeptrune", "created_at": "2022-08-07T18:48:51.000Z", "public_metrics": {"followers_count": 9836, "following_count": 3698, "tweet_count": 12352, "listed_count": 31, "like_count": 66422, "media_count": 1048}, "verified": false, "name": "Nick Khami", "id": "1556351406277361667", "pinned_tweet_id": "1948414747084480643", "description": "currently doing things at Mintlify, prev. built a search API (trieve acq. YCW24), sideprojecting a new Patreon at https://t.co/MTSczbZEku, progression fantasy and HN", "location": "San Francisco, CA"}, {"username": "PriyanshuP1405", "created_at": "2023-10-28T18:34:10.000Z", "public_metrics": {"followers_count": 10913, "following_count": 3772, "tweet_count": 11062, "listed_count": 23, "like_count": 21564, "media_count": 1229}, "verified": false, "name": "Priyanshu Priyank", "id": "1718335248612667392", "pinned_tweet_id": "1963916624597004501", "description": "Quantitative Research Consultant @ Worldquant | Ex-Quant Intern @ Quantforge | Ex-Trading Intern @ Bliss Opulent | Ex-Quant Intern @ WaterWalker Investments", "location": "Delhi,India"}, {"username": "xg2grb", "created_at": "2023-12-04T00:20:13.000Z", "public_metrics": {"followers_count": 375, "following_count": 3356, "tweet_count": 1051, "listed_count": 1, "like_count": 36651, "media_count": 97}, "verified": false, "name": "Dais", "id": "1731468246094905344", "pinned_tweet_id": "1996353863939477654", "description": "anicca, voice that leads you to nirvana. \u884c\u52d5\u5909\u5bb9\u306e\u305f\u3081\u306e\u80fd\u52d5\u7684\u97f3\u58f0AI \u300c\u30a2\u30cb\u30c3\u30c1\u30e3\u300d\u3092\u958b\u767a\u4e2d ($18 mrr)"}, {"username": "Sambhav_Gandhi", "created_at": "2015-07-28T07:54:26.000Z", "public_metrics": {"followers_count": 454, "following_count": 628, "tweet_count": 1591, "listed_count": 1, "like_count": 2311, "media_count": 150}, "verified": false, "name": "Sambhav Gandhi", "id": "3299319673", "pinned_tweet_id": "1983988581250298105", "description": "Engineering @DualMintRWA |  https://t.co/poqWSE9J3s APAC Hackathon world Finalist  | Prev 3x startups | 4x hackathons winner\ud83c\udfc6", "location": "India"}, {"username": "joecole", "created_at": "2007-05-07T21:15:59.000Z", "public_metrics": {"followers_count": 15970, "following_count": 17141, "tweet_count": 6872, "listed_count": 32, "like_count": 23382, "media_count": 12}, "verified": false, "name": "Joe Cole - e/acc", "id": "5844102", "description": "Human potential x software x AI. Science maximalist. e/acc x h/acc. Prev founded SaaS for pro sport & olympians.", "location": "The future"}, {"username": "llm_bender", "created_at": "2017-02-14T18:42:18.000Z", "public_metrics": {"followers_count": 2547, "following_count": 2244, "tweet_count": 130, "listed_count": 4, "like_count": 190, "media_count": 30}, "verified": false, "name": "Jake Carlson", "id": "831574301153357824", "description": "Red Teamer @ OpenAI | AI Engineer @ UBS | @joinodf fellow.\n\nI only talk about AI.", "location": "New York City"}, {"username": "SebastianStoll0", "created_at": "2011-05-22T17:28:23.000Z", "public_metrics": {"followers_count": 222, "following_count": 239, "tweet_count": 698, "listed_count": 13, "like_count": 3304, "media_count": 31}, "verified": false, "name": "Sebastian Stoll", "id": "303320241", "pinned_tweet_id": "1377214278160224262", "description": "thinking in public", "location": "\ud83c\udde9\ud83c\uddf0 in \ud83c\udde8\ud83c\udded"}, {"username": "ludogranger", "created_at": "2021-05-18T13:22:55.000Z", "public_metrics": {"followers_count": 234, "following_count": 624, "tweet_count": 337, "listed_count": 2, "like_count": 676, "media_count": 77}, "verified": false, "name": "Ludo", "id": "1394644638854787238", "pinned_tweet_id": "1978854676398318048", "description": "Building - Leadbay (YC F25) - We discover leads that couldn't be found before.", "location": "San Francisco, CA"}, {"username": "lennypruss", "created_at": "2010-02-25T01:23:26.000Z", "public_metrics": {"followers_count": 3618, "following_count": 1183, "tweet_count": 5062, "listed_count": 127, "like_count": 13900, "media_count": 40}, "verified": false, "name": "Lenny Pruss", "id": "117254792", "description": "VC @AmplifyPartners. Tepid takes on distributed systems, dev tools and #SJSharks", "location": "SF"}, {"username": "readysetgopal", "created_at": "2022-06-05T17:28:04.000Z", "public_metrics": {"followers_count": 153, "following_count": 128, "tweet_count": 76, "listed_count": 4, "like_count": 368, "media_count": 4}, "verified": false, "name": "Abhinav Gopal", "id": "1533500876429504512", "description": "Co-founder of @rubbrbandHQ\u2014 Apple-esque AI ads. Learning the art of filmmaking, running experiments in ad-making, and sharing what I learn!", "location": "San Francisco, CA"}, {"username": "ctjlewis", "created_at": "2019-12-11T19:11:49.000Z", "public_metrics": {"followers_count": 42718, "following_count": 19746, "tweet_count": 75453, "listed_count": 370, "like_count": 280642, "media_count": 4254}, "verified": false, "name": "Lewis", "id": "1204841211909038080", "pinned_tweet_id": "1985158707886334170", "description": "Startup counterculture. LLMs. Free speech.", "location": "Austin / SF"}, {"username": "Bi11Leou", "created_at": "2024-11-09T11:18:35.000Z", "public_metrics": {"followers_count": 288, "following_count": 684, "tweet_count": 1567, "listed_count": 0, "like_count": 8038, "media_count": 161}, "verified": false, "name": "Bill Leoutsakos", "id": "1855208300717170688", "pinned_tweet_id": "1976033802569814521", "description": "Computer Engineering @cambridge_uni | ex-ML Engineer @Cosine_AI | Eurotech Fellow", "location": "Cambridge, England"}, {"username": "docmilanfar", "created_at": "2014-02-02T22:05:20.000Z", "public_metrics": {"followers_count": 99795, "following_count": 527, "tweet_count": 7872, "listed_count": 679, "like_count": 12871, "media_count": 2853}, "verified": false, "name": "Peyman Milanfar", "id": "2324423269", "pinned_tweet_id": "1997405167390797965", "description": "Distinguished Scientist at Google. Computational Imaging, Machine Learning, and Vision. Tweets = personal opinions. May change or disappear over time."}, {"username": "sqs", "created_at": "2007-02-20T19:03:54.000Z", "public_metrics": {"followers_count": 11812, "following_count": 3714, "tweet_count": 10141, "listed_count": 183, "like_count": 26065, "media_count": 884}, "verified": false, "name": "Quinn Slack", "id": "784008", "description": "CEO & Member of Technical Staff @ampcode, founded @sourcegraph", "location": "Internet"}, {"username": "dexhorthy", "created_at": "2017-01-15T17:11:27.000Z", "public_metrics": {"followers_count": 8280, "following_count": 1483, "tweet_count": 2909, "listed_count": 144, "like_count": 5921, "media_count": 395}, "verified": false, "name": "dex", "id": "820679805259550720", "pinned_tweet_id": "1978676162495688719", "description": "building the post-IDE IDE at https://t.co/hDpglj9veo - @aitinkerers sf organizer, prev @replicatedhq @SproutSocial - ai that works pod @ https://t.co/69BhaNtopF"}, {"username": "julianweisser", "created_at": "2008-01-01T02:20:44.000Z", "public_metrics": {"followers_count": 26123, "following_count": 4533, "tweet_count": 27026, "listed_count": 462, "like_count": 59571, "media_count": 3736}, "verified": false, "name": "weisser", "id": "11704332", "pinned_tweet_id": "1948463028133134344", "description": "Championing @solofounding | https://t.co/tVtfpBEI63 | @joinodf", "location": "San Francisco, CA"}, {"username": "PyroNFT", "created_at": "2020-07-17T22:55:43.000Z", "public_metrics": {"followers_count": 62333, "following_count": 5284, "tweet_count": 7528, "listed_count": 417, "like_count": 16369, "media_count": 566}, "verified": false, "name": "Pyro", "id": "1284260488184922112", "description": "| Advisor | Marketing | Investor |", "location": "pyrocapital"}, {"username": "R99xyz", "created_at": "2024-06-27T00:49:37.000Z", "public_metrics": {"followers_count": 1767, "following_count": 579, "tweet_count": 3991, "listed_count": 10, "like_count": 4554, "media_count": 361}, "verified": false, "name": "oneshot", "id": "1806127667873292289", "pinned_tweet_id": "1996256267434934560", "description": "Reprogramming the mind to be unfazed by emotions\nTG channel below", "location": "\u22b9"}, {"username": "matthew_xu23", "created_at": "2025-08-17T06:17:18.000Z", "public_metrics": {"followers_count": 104, "following_count": 171, "tweet_count": 16, "listed_count": 2, "like_count": 21, "media_count": 3}, "verified": false, "name": "Matthew Xu", "id": "1956963504994361345", "description": "building okta for agents @agenticfabriq (YC F25)", "location": "San Francisco, CA"}, {"username": "theadistar", "created_at": "2025-05-06T04:46:39.000Z", "public_metrics": {"followers_count": 2010, "following_count": 3533, "tweet_count": 264, "listed_count": 4, "like_count": 1266, "media_count": 34}, "verified": false, "name": "adi", "id": "1919614731972722688", "pinned_tweet_id": "1987969647996440806", "description": "building the first 1-person unicorn @koyalhq | also shitposting for https://t.co/tNDhLm1eKH | research @harvardmed & @MIT | graduated from @georgiatech at 19", "location": "my mom's dining table"}, {"username": "rywalker", "created_at": "2008-05-07T14:30:12.000Z", "public_metrics": {"followers_count": 11267, "following_count": 6594, "tweet_count": 6682, "listed_count": 182, "like_count": 24443, "media_count": 418}, "verified": false, "name": "ry", "id": "14687020", "pinned_tweet_id": "1995524060802146703", "description": "delegate work to any coding agent with @tembo"}, {"username": "thdxr", "created_at": "2014-11-10T04:50:37.000Z", "public_metrics": {"followers_count": 72646, "following_count": 305, "tweet_count": 37439, "listed_count": 638, "like_count": 74639, "media_count": 2283}, "verified": false, "name": "dax", "id": "2870102861", "pinned_tweet_id": "1994945738082848810", "description": "building https://t.co/eVz8bbXqxp at https://t.co/tuf3muzh5t", "location": "Miami, FL"}, {"username": "k3vinwvng", "created_at": "2025-06-27T00:12:08.000Z", "public_metrics": {"followers_count": 79, "following_count": 89, "tweet_count": 150, "listed_count": 0, "like_count": 282, "media_count": 21}, "verified": false, "name": "k3vinwvng", "id": "1938389823099723776", "description": "Building. Cool. Shit. | CS @ waterloo | chud", "location": "Toronto, Ontario"}, {"username": "yijiefeng", "created_at": "2014-06-17T06:27:01.000Z", "public_metrics": {"followers_count": 251, "following_count": 410, "tweet_count": 301, "listed_count": 1, "like_count": 4467, "media_count": 39}, "verified": false, "name": "Yijie", "id": "2572376467", "description": "\u2022 cofounder at https://t.co/IVF5Iuv5od \u2022 prev @RobinhoodApp\n\u2022 building the search platform for finance", "location": "New York, NY"}, {"username": "zedlewski", "created_at": "2011-11-10T15:48:21.000Z", "public_metrics": {"followers_count": 1100, "following_count": 380, "tweet_count": 1206, "listed_count": 34, "like_count": 1388, "media_count": 16}, "verified": false, "name": "Charles Zedlewski", "id": "409327170", "description": "", "location": "San Francisco"}, {"username": "anshstwt", "created_at": "2021-10-16T23:44:38.000Z", "public_metrics": {"followers_count": 3127, "following_count": 1682, "tweet_count": 1415, "listed_count": 3, "like_count": 2829, "media_count": 124}, "verified": false, "name": "Ansh Saxena", "id": "1449521661967945728", "pinned_tweet_id": "1957831273621385557", "description": "19x hackathon wins, gpus @aquanodeio,  prev swe @LitProtocol @QuickswapDEX", "location": "Mempool"}, {"username": "Batuhan_Usluel", "created_at": "2016-08-01T05:06:00.000Z", "public_metrics": {"followers_count": 60, "following_count": 179, "tweet_count": 29, "listed_count": 0, "like_count": 1661, "media_count": 14}, "verified": false, "name": "Batuhan Usluel", "id": "759978463071723520", "description": "SWE II @CMEGroup\nBuilt https://t.co/Y0wI1ZlOwA & https://t.co/eFiLKavjEW", "location": "Chicago"}, {"username": "alexlin", "created_at": "2017-01-30T23:57:20.000Z", "public_metrics": {"followers_count": 27151, "following_count": 3323, "tweet_count": 4354, "listed_count": 96, "like_count": 45878, "media_count": 486}, "verified": false, "name": "Alex Lin", "id": "826217765849616385", "pinned_tweet_id": "1866292277062070527", "description": "founder @joinstacked, a new creator membership platform | @valhalla", "location": "de_dust2"}, {"username": "phytalia", "created_at": "2019-07-23T08:51:12.000Z", "public_metrics": {"followers_count": 514, "following_count": 359, "tweet_count": 954, "listed_count": 6, "like_count": 3331, "media_count": 88}, "verified": false, "name": "William Zhang", "id": "1153588359744360448", "pinned_tweet_id": "1976020633525109146", "description": "20, agent memory @ https://t.co/EB88TRFrQo , @utcompsci drop out, @neo", "location": "meandering in sf"}, {"username": "doodlestein", "created_at": "2009-04-06T16:54:47.000Z", "public_metrics": {"followers_count": 28425, "following_count": 11336, "tweet_count": 10961, "listed_count": 427, "like_count": 40770, "media_count": 795}, "verified": false, "name": "Jeffrey Emanuel", "id": "29239591", "pinned_tweet_id": "1883168984029438275", "description": "Former Quant Investor, now building @lumera (formerly called Pastel Network) | My Open Source Projects: https://t.co/9qbOCDlaqM", "location": "NYC"}, {"username": "predict_addict", "created_at": "2021-11-28T14:31:59.000Z", "public_metrics": {"followers_count": 39912, "following_count": 5803, "tweet_count": 32724, "listed_count": 498, "like_count": 15215, "media_count": 8026}, "verified": false, "name": "Valeriy M., PhD, MBA, CQF", "id": "1464965267830804482", "pinned_tweet_id": "1911434295144554998", "description": "Experienced Data Science Leader | PhD in Machine Learning | 7x Author | Black Belt \ud83e\udd4b in Time Series | Chief Conformal Prediction Promoter| Mathematician |", "location": "London"}, {"username": "MoeCanDoIt", "created_at": "2010-04-24T03:54:53.000Z", "public_metrics": {"followers_count": 3208, "following_count": 5894, "tweet_count": 1753, "listed_count": 17, "like_count": 2670, "media_count": 227}, "verified": false, "name": "Moe", "id": "136504807", "pinned_tweet_id": "1968374886952484997", "description": "CTO turned Advisor. Builder at heart. Lifter at the gym. Mastering AI @LivUni. Curiosity is my fuel. \ud83c\udde8\ud83c\udde6 in \ud83c\udde6\ud83c\uddea", "location": "Dubai, UAE"}, {"username": "mllobet", "created_at": "2011-04-10T22:58:51.000Z", "public_metrics": {"followers_count": 693, "following_count": 2502, "tweet_count": 980, "listed_count": 22, "like_count": 20106, "media_count": 54}, "verified": false, "name": "Miquel Llobet", "id": "280236676", "description": "Prev co-founder @aldara_com (YC S22) | PM @YouTube Shopping | PM @Skyscanner | Co-founder @hackupc", "location": "Barcelona"}, {"username": "ThoBustos", "created_at": "2023-04-04T18:57:20.000Z", "public_metrics": {"followers_count": 107, "following_count": 325, "tweet_count": 684, "listed_count": 1, "like_count": 3340, "media_count": 169}, "verified": false, "name": "Thomas Bustos", "id": "1643326836200423426", "description": "Co-Founder / Host of \"Let's Talk AI\" Podcast / AI Engineer / Databricks Champion", "location": "New York"}, {"username": "maxvonhippel", "created_at": "2024-08-01T19:40:13.000Z", "public_metrics": {"followers_count": 128, "following_count": 470, "tweet_count": 172, "listed_count": 2, "like_count": 1411, "media_count": 33}, "verified": false, "name": "Max von Hippel", "id": "1819095762904797185", "description": "Cofounder of Benchify (YC S24), CS PhD @KhouryCollege, BS Mathematics @UArizona, IB @UWCCostaRica, blue belt at 10p", "location": "Boulder, CO"}, {"username": "nothiingf4", "created_at": "2024-05-08T12:53:33.000Z", "public_metrics": {"followers_count": 1368, "following_count": 727, "tweet_count": 4628, "listed_count": 4, "like_count": 5284, "media_count": 848}, "verified": false, "name": "Himanshu Singh", "id": "1788190438895067136", "pinned_tweet_id": "1997242463988380157", "description": "Interested in opportunities where you ship fast. Building an AI model to write assignments in your handwriting. Blogging on Medium: https://t.co/x2bjY0DnEj"}, {"username": "felipejinli", "created_at": "2018-03-15T09:50:33.000Z", "public_metrics": {"followers_count": 67, "following_count": 742, "tweet_count": 4, "listed_count": 0, "like_count": 2466, "media_count": 0}, "verified": false, "name": "Felipe", "id": "974221302335762432", "pinned_tweet_id": "1106604709807341570", "description": "founder of Denki (YC F25) | \ud83c\uddea\ud83c\uddf8\ud83c\uddec\ud83c\udde7", "location": "San Francisco"}, {"username": "BlondelMaxime", "created_at": "2011-02-16T20:51:58.000Z", "public_metrics": {"followers_count": 3717, "following_count": 1567, "tweet_count": 4653, "listed_count": 153, "like_count": 9186, "media_count": 764}, "verified": false, "name": "Blondy", "id": "253235761", "pinned_tweet_id": "1990763950129168495", "description": "CEO @ https://t.co/tvbJ1dNbym | 150 000\u20ac pour les 17-27 ans obs\u00e9d\u00e9s par un probl\u00e8me \u00e0 r\u00e9soudre, une id\u00e9e \u00e0 r\u00e9pandre, un projet tech dont ils veulent faire leur qu\u00eate.", "location": "Paris, France"}, {"username": "sanaanyl", "created_at": "2024-06-10T16:11:34.000Z", "public_metrics": {"followers_count": 343, "following_count": 476, "tweet_count": 1099, "listed_count": 1, "like_count": 396, "media_count": 50}, "verified": false, "name": "sanaan", "id": "1800199086521409536", "description": "SaaS | student of the game. AI @everbridge, consumer apps, and more | prev  @CaterpillarInc @CCInvestigative", "location": "Chicago & San Francisco"}, {"username": "artemsya", "created_at": "2023-05-06T02:45:59.000Z", "public_metrics": {"followers_count": 765, "following_count": 1102, "tweet_count": 1111, "listed_count": 11, "like_count": 2200, "media_count": 82}, "verified": false, "name": "artem", "id": "1654678821373882368", "pinned_tweet_id": "1983737582749167978", "description": "https://t.co/fb0PEOwOP5", "location": "San Francisco, CA"}, {"username": "Teknium", "created_at": "2021-02-25T19:25:11.000Z", "public_metrics": {"followers_count": 51214, "following_count": 5264, "tweet_count": 46657, "listed_count": 1118, "like_count": 122458, "media_count": 2816}, "verified": false, "name": "Teknium (e/\u03bb)", "id": "1365020011123773442", "pinned_tweet_id": "1960420619620901135", "description": "Cofounder and Head of Post Training @NousResearch, prev @StabilityAI\nGithub: https://t.co/LZwHTUFwPq\nHuggingFace: https://t.co/sN2FFU8PVE", "location": "USA"}, {"username": "TheShamdoo", "created_at": "2019-04-27T18:52:03.000Z", "public_metrics": {"followers_count": 118637, "following_count": 9310, "tweet_count": 58076, "listed_count": 1302, "like_count": 64834, "media_count": 4923}, "verified": false, "name": "shamdoo", "id": "1122211825452556288", "pinned_tweet_id": "1970216905861435657", "description": "bridging the gap @syndicatefndn", "location": "Frisco, TX"}, {"username": "davecyen", "created_at": "2009-04-09T04:36:50.000Z", "public_metrics": {"followers_count": 1424, "following_count": 2119, "tweet_count": 2704, "listed_count": 36, "like_count": 5486, "media_count": 441}, "verified": false, "name": "Dave Yen", "id": "29921871", "description": "GP https://t.co/kdzceBIzeN. YC unc. ultra basic dad. \ud83c\udfc0 is life", "location": "San Francisco, CA"}, {"username": "RudrojasK", "created_at": "2024-09-03T21:23:57.000Z", "public_metrics": {"followers_count": 576, "following_count": 451, "tweet_count": 868, "listed_count": 0, "like_count": 1124, "media_count": 73}, "verified": false, "name": "Rudrojas", "id": "1831080660791955456", "pinned_tweet_id": "1968101202325016656", "description": "16 | building @ evion // robotics world finalist (FRC)", "location": "D.C Metro / SF"}, {"username": "davidtsong", "created_at": "2016-09-12T04:24:07.000Z", "public_metrics": {"followers_count": 3901, "following_count": 788, "tweet_count": 786, "listed_count": 49, "like_count": 3471, "media_count": 128}, "verified": false, "name": "david", "id": "775188215485435904", "description": "many ai eng things and prev vc. studied cs @ stanford.", "location": "sf"}, {"username": "advaitpaliwal", "created_at": "2021-09-26T19:39:55.000Z", "public_metrics": {"followers_count": 10635, "following_count": 2175, "tweet_count": 544, "listed_count": 49, "like_count": 4129, "media_count": 97}, "verified": false, "name": "Advait Paliwal", "id": "1442212331283308544", "pinned_tweet_id": "1980286088985158108", "description": "disciple of experience", "location": "San Francisco, CA"}, {"username": "jmurzaku", "created_at": "2015-01-03T23:04:49.000Z", "public_metrics": {"followers_count": 359, "following_count": 345, "tweet_count": 126, "listed_count": 5, "like_count": 994, "media_count": 5}, "verified": false, "name": "John Murzaku", "id": "2959335220", "description": "Applied Scientist @adobe, building Adobe Agent Orchestrator. Prev: PhD @stonybrooku", "location": "San Francisco, CA"}, {"username": "husseinmuhaisen", "created_at": "2020-03-25T08:49:54.000Z", "public_metrics": {"followers_count": 1922, "following_count": 4013, "tweet_count": 465, "listed_count": 13, "like_count": 7957, "media_count": 65}, "verified": false, "name": "Hussein Muhaisen", "id": "1242735388353015808", "description": "Computer Security Researcher \u25b8 Running a side security co \u25b8  @(OrbitCurveSec) \u25b8 @(PagedOut) \u2022 @(GuidedHacking)", "location": "PML4"}, {"username": "hxxwhite", "created_at": "2021-03-19T05:47:35.000Z", "public_metrics": {"followers_count": 175, "following_count": 237, "tweet_count": 121, "listed_count": 1, "like_count": 1349, "media_count": 32}, "verified": false, "name": "hayden", "id": "1372786772313137152", "description": "20, eng | Building QA automation that thinks @tryrevyl", "location": "San Francisco, CA"}, {"username": "mikey_starts", "created_at": "2024-07-10T08:17:38.000Z", "public_metrics": {"followers_count": 3539, "following_count": 2063, "tweet_count": 4616, "listed_count": 23, "like_count": 13477, "media_count": 358}, "verified": false, "name": "Mike \u2726 viral.app", "id": "1810951345874292736", "pinned_tweet_id": "1940800794338750769", "description": "Tracking & analytics for ugc marketing on TikTok, Instagram and  Youtube with https://t.co/ITQEk5ZQZt", "location": "\u2192"}, {"username": "koomen", "created_at": "2008-05-08T15:21:56.000Z", "public_metrics": {"followers_count": 11928, "following_count": 1497, "tweet_count": 1406, "listed_count": 209, "like_count": 9584, "media_count": 39}, "verified": false, "name": "Pete Koomen", "id": "14701449", "description": "GP @ycombinator, cofounded @optimizely\n\nhttps://t.co/5hkCw4y95d"}, {"username": "TwoNibble", "created_at": "2016-06-06T14:04:32.000Z", "public_metrics": {"followers_count": 1322, "following_count": 824, "tweet_count": 14246, "listed_count": 1, "like_count": 5109, "media_count": 500}, "verified": false, "name": "nibble", "id": "739820271532683265", "pinned_tweet_id": "1777050547503136929", "description": "building chaptra \u2022 sometimes I say smart things \u2022 1x engineer \u2022 \uf8ff ex @apple\n                                \nfeel free to connect \u2014 i promise, i don\u2019t byte \ud83e\udd17", "location": "8 bit"}, {"username": "ArjunRajJain", "created_at": "2012-09-13T00:34:50.000Z", "public_metrics": {"followers_count": 626, "following_count": 753, "tweet_count": 297, "listed_count": 3, "like_count": 309, "media_count": 64}, "verified": false, "name": "Arjun Raj Jain", "id": "820601112", "pinned_tweet_id": "1928541309393883233", "description": "Founder - https://t.co/HinracpEh3\nHobby - https://t.co/qlujPlym1U", "location": "New York, USA"}, {"username": "Magyer", "created_at": "2010-02-02T14:22:10.000Z", "public_metrics": {"followers_count": 10116, "following_count": 365, "tweet_count": 5615, "listed_count": 198, "like_count": 15972, "media_count": 719}, "verified": false, "name": "Joe Magyer", "id": "110711694", "pinned_tweet_id": "1980034048572416322", "description": "Managing Partner at @SeaplaneVC. 2X founder. Host of the @InvestNStartups podcast.", "location": "Austin, Texas"}, {"username": "sergeybunas", "created_at": "2017-08-06T20:17:25.000Z", "public_metrics": {"followers_count": 1403, "following_count": 584, "tweet_count": 598, "listed_count": 11, "like_count": 3157, "media_count": 51}, "verified": false, "name": "sergey bunas", "id": "894291340460216321", "pinned_tweet_id": "1978501938946724166", "description": "co-founder @ https://t.co/xZGTkRL47K", "location": "San Francisco"}, {"username": "mrloldev", "created_at": "2019-07-26T10:05:05.000Z", "public_metrics": {"followers_count": 1041, "following_count": 5764, "tweet_count": 5199, "listed_count": 8, "like_count": 89930, "media_count": 291}, "verified": false, "name": "Leonardo", "id": "1154694118544744448", "pinned_tweet_id": "1932510164596203532", "description": "18yo swe @withdelphi | prev swe @get_wildfire founder @Turing_AI_ (acq, 768k users)\n\n999", "location": "Spain"}, {"username": "elamri", "created_at": "2022-01-13T01:09:16.000Z", "public_metrics": {"followers_count": 4339, "following_count": 495, "tweet_count": 664, "listed_count": 14, "like_count": 923, "media_count": 83}, "verified": false, "name": "Dris Elamri", "id": "1481433091080077316", "pinned_tweet_id": "1965880843920093410", "description": "ceo @instinct_inc | trust your instinct", "location": "MSP/SF"}, {"username": "sa_petric", "created_at": "2025-05-28T09:02:36.000Z", "public_metrics": {"followers_count": 158, "following_count": 990, "tweet_count": 258, "listed_count": 0, "like_count": 1141, "media_count": 12}, "verified": false, "name": "Sara Petri\u010d", "id": "1927651675776471040", "pinned_tweet_id": "1990803873708101635", "description": "Work @Povio\nfounders building for founders  (YC W14) -  https://t.co/v08Dsxroyl    DM open \ud83d\udc4b", "location": "Maribor, Slovenia "}, {"username": "gpjanik", "created_at": "2013-02-15T14:24:26.000Z", "public_metrics": {"followers_count": 264, "following_count": 535, "tweet_count": 4119, "listed_count": 1, "like_count": 6904, "media_count": 77}, "verified": false, "name": "Greg Janik", "id": "1182804697", "description": "wandering around SF & building", "location": "San Francisco, CA"}, {"username": "tkael1230", "created_at": "2018-02-21T05:08:26.000Z", "public_metrics": {"followers_count": 82, "following_count": 110, "tweet_count": 78, "listed_count": 0, "like_count": 748, "media_count": 1}, "verified": false, "name": "Kael Kristufek", "id": "966177773583781889", "description": "AI+Robotics. Caltech. Former liability with a stick and ball"}, {"username": "vedantadoestech", "created_at": "2024-06-16T09:47:39.000Z", "public_metrics": {"followers_count": 168, "following_count": 696, "tweet_count": 520, "listed_count": 0, "like_count": 2235, "media_count": 44}, "verified": false, "name": "ved", "id": "1802276768944156672", "pinned_tweet_id": "1885401901795336227", "description": "i write, research and eat. that\u2019s all basically"}, {"username": "iamjasonlevin", "created_at": "2011-08-26T00:27:49.000Z", "public_metrics": {"followers_count": 40252, "following_count": 2501, "tweet_count": 61131, "listed_count": 651, "like_count": 185542, "media_count": 12598}, "verified": false, "name": "Jason Levin", "id": "362189690", "pinned_tweet_id": "1971211680664388053", "description": "Founder https://t.co/IPScOqNfhr. I build software for meme marketing and memetic warfare. Taking silly memes deadly seriously.", "location": "NYC"}, {"username": "harsh_twtt", "created_at": "2024-11-12T19:44:11.000Z", "public_metrics": {"followers_count": 591, "following_count": 225, "tweet_count": 1205, "listed_count": 0, "like_count": 7080, "media_count": 216}, "verified": false, "name": "harsh", "id": "1856422694952284161", "pinned_tweet_id": "1981302995280367866", "description": "Engineer & Shitposter | GSoC'25 @ NRNB."}, {"username": "JLHenriod", "created_at": "2011-02-10T19:55:03.000Z", "public_metrics": {"followers_count": 1345, "following_count": 1734, "tweet_count": 592, "listed_count": 25, "like_count": 5343, "media_count": 21}, "verified": false, "name": "Jeff Henriod", "id": "250283567", "pinned_tweet_id": "1063465963952070656", "description": "AWS Startups. Before that: @LambdaSchool, @Amazon, @TeachForAmerica. \ud83d\udc67\ud83d\udc66\ud83d\udc76\ud83d\udc76\ud83d\udc67", "location": "Salt Lake City, UT"}, {"username": "Andrey__HQ", "created_at": "2025-06-16T10:57:00.000Z", "public_metrics": {"followers_count": 1441, "following_count": 814, "tweet_count": 6057, "listed_count": 7, "like_count": 21607, "media_count": 320}, "verified": false, "name": "Andrey", "id": "1934565826465513472", "pinned_tweet_id": "1977152388546068957", "description": "20 years old \u2022 2x NVIDIA featured \u2022 Prev @GroupIB and @IntegrailAI \u2022 FR8 (S25)", "location": "Santa Clara, US"}, {"username": "DoctorYev", "created_at": "2022-03-18T21:46:33.000Z", "public_metrics": {"followers_count": 23354, "following_count": 2921, "tweet_count": 38362, "listed_count": 310, "like_count": 87386, "media_count": 2281}, "verified": false, "name": "Yev Marusenko, Ph.D.", "id": "1504937177666699264", "pinned_tweet_id": "1973445139092939078", "description": "Growth engines in models | 1B+ human-driven views | Compounding loop systems | prev. growth @lovable | ex-Sizzle AI (acq 2025)", "location": "Palo Alto, CA"}, {"username": "brycent", "created_at": "2014-07-11T06:44:37.000Z", "public_metrics": {"followers_count": 215323, "following_count": 5078, "tweet_count": 98050, "listed_count": 957, "like_count": 111959, "media_count": 4761}, "verified": false, "name": "Brycent", "id": "2697947171", "description": "Creator VC, Streaming Venture & Startups Live on \u2192 https://t.co/f2EYw2dv49 | \nBuilding Early-Stage Startup Media @vesting_tv | \ud83d\udce7: hi@brycent.com", "location": "Links \u2192"}], "meta": {"result_count": 100, "next_token": "BNLB7UCP5QH1IZZZ"}}