{"data": [{"verified": false, "name": "Chris Lattner", "id": "2543588034", "username": "clattner_llvm", "description": "Building beautiful things like Mojo\ud83d\udd25 and MAX @Modular, lifting the world of production AI/ML software into a new phase of innovation.  We\u2019re hiring! \ud83d\ude80\ud83e\udde0", "created_at": "2014-06-03T14:07:07.000Z", "public_metrics": {"followers_count": 88855, "following_count": 198, "tweet_count": 2027, "listed_count": 1988, "like_count": 2766, "media_count": 44}}, {"verified": false, "name": "Susan Zhang", "id": "2466279320", "username": "suchenzang", "description": "@ Google Deepmind. Past: @MetaAI, @OpenAI, @unitygames, @losalamosnatlab, @Princeton etc. Always hungry for intelligence.", "created_at": "2014-04-27T15:48:03.000Z", "public_metrics": {"followers_count": 39865, "following_count": 752, "tweet_count": 2136, "listed_count": 553, "like_count": 6894, "media_count": 536}}, {"verified": false, "name": "Mario Nawfal", "id": "1319287761048723458", "location": "Dubai", "username": "MarioNawfal", "description": "Largest Show on X | Investor 700+ Startups | Founder @ibcgroupio , https://t.co/sw7OQ5KOqu", "created_at": "2020-10-22T14:42:25.000Z", "public_metrics": {"followers_count": 2690462, "following_count": 49984, "tweet_count": 180845, "listed_count": 10376, "like_count": 164881, "media_count": 144226}, "pinned_tweet_id": "1997265999616192599"}, {"verified": false, "name": "iamabird", "id": "935301478343954434", "username": "perrybirdyea", "description": "A", "created_at": "2017-11-28T00:17:04.000Z", "public_metrics": {"followers_count": 72, "following_count": 128, "tweet_count": 28, "listed_count": 1, "like_count": 193, "media_count": 0}}, {"verified": false, "name": "Elon Musk", "id": "44196397", "username": "elonmusk", "description": "", "created_at": "2009-06-02T20:12:29.000Z", "public_metrics": {"followers_count": 229426791, "following_count": 1240, "tweet_count": 90684, "listed_count": 165497, "like_count": 187917, "media_count": 4256}, "pinned_tweet_id": "1997453175230738562"}, {"verified": true, "name": "xAI", "id": "1661523610111193088", "username": "xai", "description": "", "created_at": "2023-05-25T00:06:30.000Z", "public_metrics": {"followers_count": 1844189, "following_count": 38, "tweet_count": 188, "listed_count": 6130, "like_count": 207, "media_count": 68}, "pinned_tweet_id": "1990530499752980638"}, {"verified": false, "name": "Denny Zhou", "id": "1651242848", "username": "denny_zhou", "description": "Founded the Reasoning Team in Google Brain (now part of the Gemini team of Google DeepMind). Build LLMs to reason. Opinions my own.", "created_at": "2013-08-06T21:03:22.000Z", "public_metrics": {"followers_count": 37335, "following_count": 560, "tweet_count": 862, "listed_count": 464, "like_count": 4054, "media_count": 73}, "pinned_tweet_id": "1948499173986201915"}, {"verified": false, "name": "Augment Code", "id": "1719747248031158272", "location": "VS Code, Vim, and JetBrains", "username": "augmentcode", "description": "The only AI coding Agent built for professional software engineers and large codebases.", "created_at": "2023-11-01T16:05:22.000Z", "public_metrics": {"followers_count": 18313, "following_count": 36, "tweet_count": 1410, "listed_count": 207, "like_count": 2127, "media_count": 213}, "pinned_tweet_id": "1993039927739924655"}, {"verified": false, "name": "Mike Speiser", "id": "924587124", "username": "laserlikemike", "description": "Building extraordinary products with extraordinary people at @shv, @reve, @augmentcode, @snowflake, @purestorage", "created_at": "2012-11-04T03:54:45.000Z", "public_metrics": {"followers_count": 37788, "following_count": 471, "tweet_count": 22, "listed_count": 418, "like_count": 9680, "media_count": 2}}, {"verified": false, "name": "Michael Qizhe Shieh", "id": "977929946", "location": "Singapore", "username": "michaelqshieh", "description": "Leading Tree and Rock AI Lab (TRAIL) at NUS (Singapore) https://t.co/t6eVkSrZSz", "created_at": "2012-11-29T08:54:28.000Z", "public_metrics": {"followers_count": 1120, "following_count": 333, "tweet_count": 164, "listed_count": 16, "like_count": 334, "media_count": 19}}, {"verified": false, "name": "Quang LuuNguyen", "id": "1278741575133102080", "username": "QLuunguyen", "description": "He/Him. A Science Enthusiast. A Wing Chun Practitioner. PhD from Wender Lab, Stanford University. Former Gopher, University of Minnesota-Twin Cities.", "created_at": "2020-07-02T17:25:32.000Z", "public_metrics": {"followers_count": 88, "following_count": 94, "tweet_count": 60, "listed_count": 0, "like_count": 104, "media_count": 1}, "pinned_tweet_id": "1577169136655880193"}, {"verified": false, "name": "Sherry Yang @NeurIPS2025", "id": "3601368190", "username": "sherryyangML", "description": "Staff Research Scientist @GoogleDeepMind; Assistant Professor @NYU_Courant. Previously Post-Doc @Stanford, PhD @UCBerkeley, M.Eng. / B.S. @MIT.", "created_at": "2015-09-09T19:11:15.000Z", "public_metrics": {"followers_count": 4193, "following_count": 444, "tweet_count": 218, "listed_count": 59, "like_count": 328, "media_count": 72}, "pinned_tweet_id": "1995870197354504557"}, {"verified": false, "name": "Ilya Sutskever", "id": "1720046887", "username": "ilyasut", "description": "SSI @SSI", "created_at": "2013-09-01T19:32:15.000Z", "public_metrics": {"followers_count": 559400, "following_count": 3, "tweet_count": 1196, "listed_count": 7025, "like_count": 4295, "media_count": 27}}, {"verified": false, "name": "Quoc Le", "id": "989251872107085824", "location": "Mountain View, CA", "username": "quocleix", "description": "Google Fellow", "created_at": "2018-04-25T21:16:40.000Z", "public_metrics": {"followers_count": 59957, "following_count": 98, "tweet_count": 529, "listed_count": 1363, "like_count": 948, "media_count": 78}}, {"verified": false, "name": "Language Technologies Institute | @CarnegieMellon", "id": "4901650162", "location": "Pittsburgh, PA", "username": "LTIatCMU", "description": "The Language Technologies Institute in Carnegie Mellon University's @SCSatCMU", "created_at": "2016-02-12T15:12:09.000Z", "public_metrics": {"followers_count": 11909, "following_count": 240, "tweet_count": 1685, "listed_count": 179, "like_count": 1241, "media_count": 136}}, {"verified": false, "name": "Graham Neubig", "id": "185910194", "location": "Pittsburgh, PA", "username": "gneubig", "description": "Associate professor @LTIatCMU.\nCo-founder/chief scientist @OpenHandsDev.\nI mostly work on modeling language.", "created_at": "2010-09-02T03:25:38.000Z", "public_metrics": {"followers_count": 41401, "following_count": 742, "tweet_count": 4347, "listed_count": 592, "like_count": 4183, "media_count": 500}}, {"verified": false, "name": "Irwan Bello", "id": "1387514922", "location": "San Francisco || Paris", "username": "IrwanBello", "description": "Supercomputers & Friends, AI & Science.\nFounding team & Research Lead at @reflection_ai.\nPast: @OpenAI,  Founding team @character_ai, Google Brain", "created_at": "2013-04-28T17:58:51.000Z", "public_metrics": {"followers_count": 6796, "following_count": 2874, "tweet_count": 312, "listed_count": 154, "like_count": 12591, "media_count": 29}, "pinned_tweet_id": "1976307857227383246"}, {"verified": false, "name": "Melody Guan \u0295\u1d54\u1d25\u1d54\u0294", "id": "286454227", "username": "MelodyGuan", "description": "", "created_at": "2011-04-23T01:35:17.000Z", "public_metrics": {"followers_count": 3643, "following_count": 777, "tweet_count": 361, "listed_count": 103, "like_count": 1597, "media_count": 24}}, {"verified": false, "name": "Zihang Dai", "id": "532791696", "location": "Bay Area", "username": "ZihangDai", "description": "Working hard @xai", "created_at": "2012-03-22T01:07:10.000Z", "public_metrics": {"followers_count": 17541, "following_count": 248, "tweet_count": 32, "listed_count": 266, "like_count": 55, "media_count": 1}}, {"verified": false, "name": "hardmaru", "id": "2895499182", "location": "Minato-ku, Tokyo", "username": "hardmaru", "description": "Building @SakanaAILabs \ud83e\udde0", "created_at": "2014-11-10T11:05:07.000Z", "public_metrics": {"followers_count": 371203, "following_count": 1780, "tweet_count": 25682, "listed_count": 4408, "like_count": 144380, "media_count": 4442}, "pinned_tweet_id": "1990204623471395284"}, {"verified": false, "name": "Baidu Research", "id": "2502019975", "location": "Beijing, China", "username": "BaiduResearch", "description": "Baidu Research brings together top talent from around the world to focus on future-looking fundamental researches in #AI #deeplearning #machinelearning.", "created_at": "2014-05-17T16:49:56.000Z", "public_metrics": {"followers_count": 66579, "following_count": 129, "tweet_count": 1806, "listed_count": 1836, "like_count": 3750, "media_count": 483}}, {"verified": false, "name": "Carnegie Mellon University", "id": "17631078", "location": "Pittsburgh, PA", "username": "CarnegieMellon", "description": "United by curiosity and driven by passion, we reach across disciplines, forge new ground and deploy our expertise to make real change that benefits humankind.", "created_at": "2008-11-25T20:51:11.000Z", "public_metrics": {"followers_count": 80842, "following_count": 1917, "tweet_count": 16232, "listed_count": 1303, "like_count": 13949, "media_count": 4475}}, {"verified": false, "name": "Stanford NLP Group", "id": "118263124", "location": "Stanford, CA, USA", "username": "stanfordnlp", "description": "Computational Linguists\u2014Natural Language\u2014Machine Learning @chrmanning @jurafsky @percyliang @ChrisGPotts @tatsu_hashimoto @MonicaSLam @Diyi_Yang @StanfordAILab", "created_at": "2010-02-28T03:28:05.000Z", "public_metrics": {"followers_count": 175331, "following_count": 311, "tweet_count": 14674, "listed_count": 3857, "like_count": 13, "media_count": 554}}, {"verified": false, "name": "Christopher Manning", "id": "2815077014", "location": "Palo Alto", "username": "chrmanning", "description": "Founder, @stanfordnlp and cs224n. Assoc. Director, @StanfordHAI. Prof. CS & Linguistics, @Stanford. GP @aixventureshq. Australian\ud83c\udde6\ud83c\uddfa. Do #NLProc & #AI. \ud83d\udc4b", "created_at": "2014-09-17T14:58:03.000Z", "public_metrics": {"followers_count": 155134, "following_count": 245, "tweet_count": 2792, "listed_count": 2849, "like_count": 0, "media_count": 196}}], "meta": {"result_count": 24}}