{"data": [{"username": "StevenNekhaila", "location": "Conch Republic, Key West", "description": "Chairman of the Libertarian National Committee, Entrepreneur, Machiavellian, and Father.", "verified": false, "id": "921676657", "created_at": "2012-11-02T19:56:17.000Z", "public_metrics": {"followers_count": 5119, "following_count": 331, "tweet_count": 2384, "listed_count": 33, "like_count": 5537, "media_count": 164}, "name": "Steven Nekhaila"}, {"username": "thecyrusjanssen", "description": "Speaker\ud83c\udf99YouTuber \ud83c\udfa5 Discussing China \ud83c\udde8\ud83c\uddf3 and Geopolitics around \ud83c\udf0e Follow for more insights \ud83d\udc47", "verified": false, "id": "886749256807100416", "pinned_tweet_id": "1358077849807118338", "created_at": "2017-07-17T00:47:52.000Z", "public_metrics": {"followers_count": 106635, "following_count": 1234, "tweet_count": 10751, "listed_count": 533, "like_count": 3280, "media_count": 1336}, "name": "Cyrus Janssen"}, {"username": "hermittoday", "description": "always the beautiful answer who asks a more beautiful question", "verified": false, "id": "1283000814043303936", "created_at": "2020-07-14T11:30:58.000Z", "public_metrics": {"followers_count": 7272, "following_count": 1621, "tweet_count": 14843, "listed_count": 60, "like_count": 59817, "media_count": 1626}, "name": "hermit the cat"}, {"username": "RealChrisLangan", "location": "USA", "description": "Heralded as \"The Smartest Man in the World\" by Alternative, Underground, and Mainstream Media\n\nAbsolute Truth on tap 24/7/365\n\nVideos: https://t.co/BunvEb1elD", "verified": false, "id": "1217559748557647872", "created_at": "2020-01-15T21:31:17.000Z", "public_metrics": {"followers_count": 118142, "following_count": 39, "tweet_count": 4557, "listed_count": 330, "like_count": 2656, "media_count": 815}, "name": "Chris Langan"}, {"username": "AGDugin", "description": "Doctor of Sociology and of Political sciences, PhD of Philosophy. \nFounder of Russian geopolitical school and Eurasian Movement.", "verified": false, "id": "1476962939236200451", "pinned_tweet_id": "1997041114398810145", "created_at": "2021-12-31T17:06:31.000Z", "public_metrics": {"followers_count": 379900, "following_count": 692, "tweet_count": 19508, "listed_count": 1500, "like_count": 7915, "media_count": 4186}, "name": "Alexander Dugin"}, {"username": "GeopoliticsDH", "location": "United States", "description": "Geopolitical Analyst and journalist at https://t.co/rLX3OijplD", "verified": false, "id": "2300716447", "pinned_tweet_id": "1997422656375660787", "created_at": "2014-01-20T03:44:59.000Z", "public_metrics": {"followers_count": 170261, "following_count": 1350, "tweet_count": 14770, "listed_count": 1377, "like_count": 10673, "media_count": 2253}, "name": "Danny Haiphong"}, {"username": "TuckerCarlson", "description": "", "verified": false, "id": "22703645", "pinned_tweet_id": "1997003039165632791", "created_at": "2009-03-04T00:03:12.000Z", "public_metrics": {"followers_count": 16794026, "following_count": 2, "tweet_count": 5466, "listed_count": 34526, "like_count": 189, "media_count": 1324}, "name": "Tucker Carlson"}, {"username": "uberboyo", "description": "Irish YouTuber \u2618\ufe0f \u2022 Join the Waitlist for my Book:", "verified": false, "id": "3206256441", "pinned_tweet_id": "1996592312571302233", "created_at": "2015-04-25T14:45:35.000Z", "public_metrics": {"followers_count": 64836, "following_count": 836, "tweet_count": 16266, "listed_count": 252, "like_count": 98588, "media_count": 4014}, "name": "Uberboyo"}, {"username": "bmunguti_", "location": "New York, USA", "description": "Scientific  Researcher|| Nuclear Technologist || Spacecraft designer|| Owner,Rena Ostrich Farm || CEO,Rena Innovations Inc.|| Finance and Investment Consultant", "verified": false, "id": "1170665223247859712", "created_at": "2019-09-08T11:48:50.000Z", "public_metrics": {"followers_count": 25, "following_count": 83, "tweet_count": 4, "listed_count": 0, "like_count": 39, "media_count": 0}, "name": "Benard Munguti"}, {"username": "adilminocherhom", "location": "Santa Monica, CA, USA", "description": "Dropped the \u2018jee\u2019: respect, legacy, all that ceremonial fluff. Now just Adil. Stateless, trustless, and barely even real.", "verified": false, "id": "17566393", "pinned_tweet_id": "1946350335536345255", "created_at": "2008-11-23T01:13:23.000Z", "public_metrics": {"followers_count": 2409, "following_count": 7500, "tweet_count": 2225, "listed_count": 9, "like_count": 14239, "media_count": 166}, "name": "Adil"}, {"username": "skurik4", "location": "Atlanta, GA", "description": "", "verified": false, "id": "1881183312938405888", "created_at": "2025-01-20T03:34:03.000Z", "public_metrics": {"followers_count": 12, "following_count": 30, "tweet_count": 33, "listed_count": 0, "like_count": 8, "media_count": 6}, "name": "Nana B."}, {"username": "KathaliaGonza9", "description": "Serious Contributor of @sign @ethsign \ud83d\udc40\ud83e\udde1 \u2022 The Sign Melody \u2022 Singer in the Spaces \ud83c\udf99\ufe0f \u2022 @DGramNetwork Ambassador", "verified": false, "id": "1488003902486507520", "pinned_tweet_id": "1965308656024797661", "created_at": "2022-01-31T04:19:32.000Z", "public_metrics": {"followers_count": 1188, "following_count": 1522, "tweet_count": 4470, "listed_count": 2, "like_count": 8383, "media_count": 374}, "name": "kathalia.sign\ud83e\udde1 (\u2756,\u2756)"}, {"username": "MilliganMattD", "location": "Atlanta, GA", "description": "Socio-Economic Historian and Sometimes Philologist. Liberty-oriented. Scholar @ The University of Michigan \u303d\ufe0f. Writing \"Was the Buddha a Socialist?\"", "verified": false, "id": "3003634120", "pinned_tweet_id": "1810092422405189937", "created_at": "2015-01-28T17:56:54.000Z", "public_metrics": {"followers_count": 2242, "following_count": 1618, "tweet_count": 11583, "listed_count": 35, "like_count": 19196, "media_count": 1293}, "name": "(Maybe) Dr. Matt"}, {"username": "VeritasCircuit", "description": "", "verified": false, "id": "1898068153240109056", "created_at": "2025-03-07T17:48:56.000Z", "public_metrics": {"followers_count": 23, "following_count": 16, "tweet_count": 30, "listed_count": 0, "like_count": 127, "media_count": 0}, "name": "Yapponomics"}, {"username": "GuangdongPanda", "location": "Mars", "description": "", "verified": false, "id": "72852036", "pinned_tweet_id": "1974817364626534480", "created_at": "2009-09-09T13:30:03.000Z", "public_metrics": {"followers_count": 474, "following_count": 991, "tweet_count": 2513, "listed_count": 1, "like_count": 5080, "media_count": 334}, "name": "sadaat"}, {"username": "thebobaface", "location": "Oregon", "description": "We are a boba-inspired game backing our boba vending machines on college campuses boosting the reach & revenue of local boba shops", "verified": false, "id": "1484731741147471876", "pinned_tweet_id": "1825073035399004545", "created_at": "2022-01-22T03:37:07.000Z", "public_metrics": {"followers_count": 214, "following_count": 702, "tweet_count": 1605, "listed_count": 5, "like_count": 5189, "media_count": 290}, "name": "bobaface"}, {"username": "RNahr24004", "description": "Philantropist\nHardliner", "verified": false, "id": "1737543106449244160", "pinned_tweet_id": "1856792864925102492", "created_at": "2023-12-20T18:39:01.000Z", "public_metrics": {"followers_count": 886, "following_count": 4159, "tweet_count": 30236, "listed_count": 3, "like_count": 101324, "media_count": 659}, "name": "Economist czar\ud83c\uddee\ud83c\uddf7 &Hypersonic mad mulla"}, {"username": "propandco", "withheld": {"country_codes": ["IN"]}, "description": "Everything is propaganda. We make videos. Subscribe https://t.co/Obq4DlUK46", "verified": false, "id": "1373746318141747200", "pinned_tweet_id": "1729421076902367340", "created_at": "2021-03-21T21:20:40.000Z", "public_metrics": {"followers_count": 187489, "following_count": 645, "tweet_count": 19430, "listed_count": 816, "like_count": 42153, "media_count": 3619}, "name": "Propaganda & co"}, {"username": "JonathanRoseD", "location": "Ann Arbor, MI", "description": "Research & development project manager | Building tools for community | Adobe and Tachyon alum \ud83e\udda6\ud83c\uddfa\ud83c\uddf8", "verified": false, "id": "14548411", "pinned_tweet_id": "1469439841985122305", "created_at": "2008-04-26T17:10:07.000Z", "public_metrics": {"followers_count": 1898, "following_count": 3797, "tweet_count": 9727, "listed_count": 80, "like_count": 44629, "media_count": 1231}, "name": "Jonathan Rose Dunlap"}, {"username": "_dayloop", "location": "Los Angeles, CA", "description": "Sam Hoffman - producer and artist in los angeles", "verified": false, "id": "857752620726968321", "pinned_tweet_id": "1890528507807060454", "created_at": "2017-04-28T00:25:35.000Z", "public_metrics": {"followers_count": 73, "following_count": 18, "tweet_count": 527, "listed_count": 1, "like_count": 304, "media_count": 6}, "name": "dayloop"}, {"username": "AskBabaDog", "location": "Oregon, USA", "description": "Online interaction is the confusion of tongues . A broad-spectrum theory of reality: https://t.co/x8P65uVbyE | @taijireality | Podcast: Assembly of Silence", "verified": false, "id": "1014143569", "pinned_tweet_id": "1992302123296649634", "created_at": "2012-12-15T23:46:47.000Z", "public_metrics": {"followers_count": 1113, "following_count": 2032, "tweet_count": 8046, "listed_count": 8, "like_count": 5217, "media_count": 444}, "name": "Noah Widoff"}, {"username": "brooks_eth", "description": "Technical Architect and Dog Rehabilitator", "verified": false, "id": "1522717369713496065", "created_at": "2022-05-06T23:18:17.000Z", "public_metrics": {"followers_count": 173, "following_count": 263, "tweet_count": 2204, "listed_count": 1, "like_count": 17124, "media_count": 124}, "name": "Brooks"}, {"username": "IanFrantz", "location": "Psyberspace", "description": "For 15 years I've been creating a new art form and I'm releasing here my gesamtkunstwerk, Thee Unending, coalescing Hypermodenity with the antimony of G\u00d8d.", "verified": false, "id": "3024338659", "pinned_tweet_id": "1990519861391593821", "created_at": "2015-02-17T18:19:44.000Z", "public_metrics": {"followers_count": 446, "following_count": 1509, "tweet_count": 1575, "listed_count": 47, "like_count": 5969, "media_count": 205}, "name": "\u2622 A\u0350\u0312\u0307\u0369\u034b\u0303\u033e\u0307\u0315\u031fR\u0327\u0361\u035f\u031c\u032f\u0361T\u0329\u0319\u0330\u032c\ud80c\udcd0\u2646\u24f8\u2646 \ud80c\udcd0G\u0336\u030e\u0304\u035d\u034c\u0351\u0342\u00d8\u0111 \ud80c\udc5f\u2940\ud808\udc2d"}, {"username": "agoren_can", "description": "Curious about metaphysics & esoteric traditions.", "verified": false, "id": "1714301915335458816", "created_at": "2023-10-17T15:26:58.000Z", "public_metrics": {"followers_count": 342, "following_count": 240, "tweet_count": 1324, "listed_count": 3, "like_count": 4984, "media_count": 226}, "name": "Can Ag\u00f6ren"}, {"username": "ChefMiew", "location": "Hong Kong", "description": "Food, Science, Culture and History.\nCute things, and Current Events.\n\nAsk me about soy sauce!\n\ntweets/retweets indicate interest", "verified": false, "id": "1347243174322835462", "pinned_tweet_id": "1445228502765092868", "created_at": "2021-01-07T18:10:18.000Z", "public_metrics": {"followers_count": 2278, "following_count": 3931, "tweet_count": 85531, "listed_count": 10, "like_count": 267444, "media_count": 10633}, "name": "FatMiewChef"}, {"username": "realism_fan", "location": "intermontane superterrane", "description": "cascadian nationalist monarchy supporter, the fraser-columbia axis will rise again", "verified": false, "id": "1125642706149994496", "pinned_tweet_id": "1780950977337536961", "created_at": "2019-05-07T06:05:09.000Z", "public_metrics": {"followers_count": 7573, "following_count": 1424, "tweet_count": 30927, "listed_count": 59, "like_count": 53361, "media_count": 6594}, "name": "cascadian realism fan \ud83c\udf32"}, {"username": "fintech_shark", "location": "Digital Nomad", "description": "| Data Scientist in Fintech & Banking Domain |", "verified": false, "id": "1513599313695604736", "pinned_tweet_id": "1922002968187900243", "created_at": "2022-04-11T19:26:29.000Z", "public_metrics": {"followers_count": 15507, "following_count": 877, "tweet_count": 9868, "listed_count": 40, "like_count": 12918, "media_count": 867}, "name": "Shark"}, {"username": "BeIIyoftheBeast", "description": "Amateur investor ecstatically interjecting myself into finance guru twitter debates and the like. Can do basic math.", "verified": false, "id": "1416140245523857409", "pinned_tweet_id": "1600341405737447425", "created_at": "2021-07-16T20:58:46.000Z", "public_metrics": {"followers_count": 211, "following_count": 216, "tweet_count": 5840, "listed_count": 3, "like_count": 9231, "media_count": 1007}, "name": "Belly_of_the_Beast"}, {"username": "allcaps_maskson", "description": "GGMU", "verified": false, "id": "1333849746105098244", "created_at": "2020-12-01T19:06:46.000Z", "public_metrics": {"followers_count": 261, "following_count": 1445, "tweet_count": 19310, "listed_count": 0, "like_count": 335080, "media_count": 1081}, "name": "ratio\u262f\ufe0f\u262e\ufe0f"}, {"username": "Universal_Intel", "description": "\u2728", "verified": false, "id": "1336630691707023362", "pinned_tweet_id": "1429983025966719003", "created_at": "2020-12-09T11:16:35.000Z", "public_metrics": {"followers_count": 2624, "following_count": 213, "tweet_count": 16246, "listed_count": 18, "like_count": 18521, "media_count": 335}, "name": "\ud835\udd80\ud835\udd93\ud835\udd8e\ud835\udd9b\ud835\udd8a\ud835\udd97\ud835\udd98\ud835\udd86\ud835\udd91 \ud835\udd74\ud835\udd93\ud835\udd99\ud835\udd8a\ud835\udd91"}, {"username": "bedebriscomb", "description": "If someone proved to me that Christ is outside the truth and that in reality the truth were outside of Christ, then I should prefer to remain with Christ.", "verified": false, "id": "1687978832878559233", "pinned_tweet_id": "1991254091457261755", "created_at": "2023-08-06T00:08:22.000Z", "public_metrics": {"followers_count": 60, "following_count": 446, "tweet_count": 911, "listed_count": 0, "like_count": 1211, "media_count": 129}, "name": "Bede"}, {"username": "Dali_Yang", "location": "Chicago, IL", "description": "William C. Reavis Professor of Political Science, University of Chicago. DMs open", "verified": false, "id": "54131391", "pinned_tweet_id": "1742403049794994240", "created_at": "2009-07-06T05:55:08.000Z", "public_metrics": {"followers_count": 21416, "following_count": 8154, "tweet_count": 43142, "listed_count": 447, "like_count": 39299, "media_count": 988}, "name": "Dali L. Yang"}, {"username": "mranti", "description": "\u5b89\u66ff, Globus, Global Research. A veteran journalist on International Affairs, Harvard Nieman Fellow '08, TEDGlobal Speaker.", "verified": false, "id": "5709522", "created_at": "2007-05-02T10:08:45.000Z", "public_metrics": {"followers_count": 348746, "following_count": 11377, "tweet_count": 222167, "listed_count": 3362, "like_count": 422, "media_count": 3069}, "name": "Michael Anti"}, {"username": "iandenisjohnson", "location": "Berlin", "description": "China civil society, religion, politics. 2024-25 fellow @wiko_berlin. Founder @mjdanganguan. Pulitzer for international reporting. Author three books on China.", "verified": false, "id": "91069414", "pinned_tweet_id": "1992473222194020804", "created_at": "2009-11-19T09:23:17.000Z", "public_metrics": {"followers_count": 53839, "following_count": 1475, "tweet_count": 8506, "listed_count": 926, "like_count": 11177, "media_count": 540}, "name": "Ian Johnson"}, {"username": "shenlulushen", "location": "neither here nor there", "description": "ex WSJ, Protocol, CNN. shen-lu@bsky.social", "verified": false, "id": "2330671489", "created_at": "2014-02-06T18:17:02.000Z", "public_metrics": {"followers_count": 17563, "following_count": 2834, "tweet_count": 2066, "listed_count": 370, "like_count": 8576, "media_count": 117}, "name": "Shen Lu"}, {"username": "UselessTree", "location": "Oxford, England, UK", "description": "I teach Chinese politics and ancient philosophy at Williams College. Currently overseeing Williams-Exeter Programme at Oxford University.", "verified": false, "id": "316646439", "created_at": "2011-06-13T19:15:35.000Z", "public_metrics": {"followers_count": 16982, "following_count": 1970, "tweet_count": 16168, "listed_count": 367, "like_count": 4733, "media_count": 724}, "name": "Sam Crane"}, {"username": "joshchin", "location": "Seoul", "description": "Senior correspondent @WSJ | Co-author, SURVEILLANCE STATE: https://t.co/wa8OndOP1c", "verified": false, "id": "14831475", "created_at": "2008-05-19T11:57:08.000Z", "public_metrics": {"followers_count": 95950, "following_count": 3377, "tweet_count": 63, "listed_count": 1635, "like_count": 8851, "media_count": 0}, "name": "Josh Chin"}, {"username": "niubi", "location": "DC", "description": "Sinocism https://t.co/4IciuAHywl Co-founded https://t.co/e9DjtXQ6tc. Sharp China Podcast https://t.co/qVWELS0lYq", "verified": false, "id": "3512101", "pinned_tweet_id": "1743294028945170520", "created_at": "2007-04-05T11:57:26.000Z", "public_metrics": {"followers_count": 189918, "following_count": 5856, "tweet_count": 559, "listed_count": 3423, "like_count": 17433, "media_count": 35}, "name": "Bill Bishop"}, {"username": "xueqinjiang", "location": "Beijing, China", "description": "I analyze the past to predict the future.", "verified": false, "id": "1115395026", "created_at": "2013-01-23T22:11:38.000Z", "public_metrics": {"followers_count": 39226, "following_count": 353, "tweet_count": 2262, "listed_count": 191, "like_count": 201, "media_count": 666}, "name": "Jiang Xueqin"}, {"username": "historyinmemes", "description": "Daily history lessons. Education through memes!", "verified": false, "id": "855481986290524160", "pinned_tweet_id": "1997337990247723133", "created_at": "2017-04-21T18:02:54.000Z", "public_metrics": {"followers_count": 5974827, "following_count": 335, "tweet_count": 24716, "listed_count": 14179, "like_count": 4157, "media_count": 20071}, "name": "Historic Vids"}], "meta": {"result_count": 40}}