{"data": [{"location": "Palo Alto, CA", "name": "Lara Lu", "verified": false, "public_metrics": {"followers_count": 2599, "following_count": 173, "tweet_count": 310, "listed_count": 39, "like_count": 2450, "media_count": 63}, "created_at": "2009-06-12T12:01:16.000Z", "id": "46636556", "description": "Building the @grok Android App", "username": "larrabearr"}, {"name": "Handi Xu", "verified": false, "public_metrics": {"followers_count": 155, "following_count": 22, "tweet_count": 6, "listed_count": 7, "like_count": 21, "media_count": 2}, "created_at": "2025-05-05T20:54:20.000Z", "id": "1919495852210765824", "description": "", "username": "xu63006"}, {"name": "Byron Hsu", "verified": false, "public_metrics": {"followers_count": 4491, "following_count": 1691, "tweet_count": 2313, "listed_count": 70, "like_count": 8003, "media_count": 148}, "created_at": "2017-11-17T11:25:48.000Z", "id": "931483504604454912", "description": "ML system @xAI | @lmsysorg @liger_kernel @flyteorg @theASF", "username": "hsu_byron"}, {"name": "Andrew Zheng", "verified": false, "public_metrics": {"followers_count": 26147, "following_count": 2924, "tweet_count": 11989, "listed_count": 241, "like_count": 90549, "media_count": 1943}, "created_at": "2021-09-29T03:56:12.000Z", "id": "1443061994312003584", "description": "", "username": "aheze0", "pinned_tweet_id": "1676814080680808449"}, {"name": "Xuechen Li", "verified": false, "public_metrics": {"followers_count": 15384, "following_count": 944, "tweet_count": 223, "listed_count": 176, "like_count": 6820, "media_count": 2}, "created_at": "2015-06-27T09:16:15.000Z", "id": "3257593736", "description": "Previously @xai. Interested in the engineering and science for scaling. Opinions are my own. @Stanford PhD.", "username": "lxuechen"}, {"location": "Palo Alto", "name": "Mayank Agarwal", "verified": false, "public_metrics": {"followers_count": 128, "following_count": 216, "tweet_count": 51, "listed_count": 1, "like_count": 199, "media_count": 37}, "created_at": "2009-04-04T23:49:12.000Z", "id": "28897316", "description": "", "username": "mayankag"}, {"name": "Devin Fan", "verified": false, "public_metrics": {"followers_count": 1511, "following_count": 103, "tweet_count": 75, "listed_count": 16, "like_count": 851, "media_count": 0}, "created_at": "2025-04-16T04:21:21.000Z", "id": "1912360507165868032", "description": "", "username": "DevinFanFan"}, {"location": "Palo Alto", "name": "Diego", "verified": false, "public_metrics": {"followers_count": 6176, "following_count": 674, "tweet_count": 47, "listed_count": 52, "like_count": 362, "media_count": 10}, "created_at": "2023-04-18T00:56:07.000Z", "id": "1648128136997904384", "description": "seeking truth @xai", "username": "Diegopasini"}, {"name": "dane", "verified": false, "public_metrics": {"followers_count": 14898, "following_count": 361, "tweet_count": 15, "listed_count": 116, "like_count": 64, "media_count": 1}, "created_at": "2023-05-09T02:31:35.000Z", "id": "1655762298022113280", "description": "personality hire, part-time kubectlfish, and imperial ecologist @xai", "username": "danesonance", "pinned_tweet_id": "1884092180517785706"}, {"name": "Eric Jiang", "verified": false, "public_metrics": {"followers_count": 34353, "following_count": 670, "tweet_count": 569, "listed_count": 258, "like_count": 3946, "media_count": 131}, "created_at": "2020-01-20T15:34:40.000Z", "id": "1219282049070063617", "description": "Eat your veggies", "username": "veggie_eric", "pinned_tweet_id": "1935603857863987552"}, {"location": "Office", "name": "Pranjal", "verified": false, "public_metrics": {"followers_count": 3514, "following_count": 651, "tweet_count": 308, "listed_count": 58, "like_count": 1569, "media_count": 12}, "created_at": "2021-01-01T17:52:18.000Z", "id": "1345065226425622528", "description": "@xai", "username": "pranjalssh", "pinned_tweet_id": "1862657709994385694"}, {"name": "Santiago Uriarte", "verified": false, "public_metrics": {"followers_count": 1013, "following_count": 51, "tweet_count": 23, "listed_count": 34, "like_count": 18, "media_count": 3}, "created_at": "2022-12-12T11:53:05.000Z", "id": "1602270226627710976", "description": "Building things, currently building Grok", "username": "LiminallySanti"}, {"name": "Chaitu", "verified": false, "public_metrics": {"followers_count": 13424, "following_count": 219, "tweet_count": 503, "listed_count": 162, "like_count": 1022, "media_count": 15}, "created_at": "2013-11-11T09:08:11.000Z", "id": "2188015574", "description": "grok at @xai", "username": "chaitu"}, {"location": "SF", "name": "Tyler Storm", "verified": false, "public_metrics": {"followers_count": 7433, "following_count": 314, "tweet_count": 460, "listed_count": 77, "like_count": 2789, "media_count": 71}, "created_at": "2017-08-21T19:49:48.000Z", "id": "899720210084765696", "description": "speedrunning @xAI", "username": "tylervstorm"}, {"name": "Tech Dev Notes", "verified": false, "public_metrics": {"followers_count": 52391, "following_count": 0, "tweet_count": 12617, "listed_count": 306, "like_count": 19505, "media_count": 5492}, "created_at": "2022-12-19T15:38:51.000Z", "id": "1604863807574212611", "description": "Notes on tech | https://t.co/L0xyXaUV2y", "username": "techdevnotes", "pinned_tweet_id": "1990502867967570423"}, {"location": "Laptop", "name": "Arno", "verified": false, "public_metrics": {"followers_count": 9324, "following_count": 210, "tweet_count": 185, "listed_count": 116, "like_count": 251, "media_count": 3}, "created_at": "2022-04-25T20:04:35.000Z", "id": "1518682356332212224", "description": "grok web @xAI | prev founder @iudexai | prev eng @scale_AI, @googlex", "username": "arnogau"}, {"name": "Shayan", "verified": false, "public_metrics": {"followers_count": 9703, "following_count": 330, "tweet_count": 162, "listed_count": 105, "like_count": 2745, "media_count": 7}, "created_at": "2020-08-31T18:24:41.000Z", "id": "1300499698227261443", "description": "post-training and building agents @xAI | prev. @X, @Twitter", "username": "shayan_"}, {"name": "Chandra", "verified": false, "public_metrics": {"followers_count": 974, "following_count": 524, "tweet_count": 376, "listed_count": 17, "like_count": 511, "media_count": 7}, "created_at": "2011-10-31T23:43:52.000Z", "id": "402372223", "description": "creating bugs during day and solving them at night\nlurking @physical_int\n\n*repatiKosam*", "username": "ckkuchi"}, {"location": "SF", "name": "Yuchen He", "verified": false, "public_metrics": {"followers_count": 2472, "following_count": 759, "tweet_count": 163, "listed_count": 44, "like_count": 746, "media_count": 2}, "created_at": "2009-09-05T14:22:04.000Z", "id": "71810803", "description": "learning | prev xai,oai,meta,apple,uiuc,utaustin", "username": "YuchenHe07"}, {"name": "Jihui Yang", "verified": false, "public_metrics": {"followers_count": 2074, "following_count": 328, "tweet_count": 183, "listed_count": 42, "like_count": 619, "media_count": 3}, "created_at": "2012-07-02T12:58:35.000Z", "id": "624650524", "description": "feel the AGI", "username": "alsiens"}, {"location": "San Francisco Bay Area", "name": "Vincent Stark", "verified": false, "public_metrics": {"followers_count": 2206, "following_count": 134, "tweet_count": 774, "listed_count": 60, "like_count": 858, "media_count": 92}, "created_at": "2010-08-22T10:07:00.000Z", "id": "181491737", "description": "", "username": "theVincentStark"}, {"name": "Aditya Paliwal", "verified": false, "public_metrics": {"followers_count": 8647, "following_count": 337, "tweet_count": 490, "listed_count": 117, "like_count": 3357, "media_count": 39}, "created_at": "2013-07-06T12:09:48.000Z", "id": "1572675547", "description": "", "username": "VastoLorde95", "pinned_tweet_id": "1839813059659080061"}, {"location": "Palo Alto, CA", "name": "Wenqi Wang", "verified": false, "public_metrics": {"followers_count": 100, "following_count": 11, "tweet_count": 0, "listed_count": 2, "like_count": 0, "media_count": 0}, "created_at": "2024-11-15T01:04:42.000Z", "id": "1857228130987257856", "description": "Understanding\u2026", "username": "big_crabss_2024"}, {"name": "Minxuan Xie", "verified": false, "public_metrics": {"followers_count": 2916, "following_count": 139, "tweet_count": 334, "listed_count": 51, "like_count": 411, "media_count": 63}, "created_at": "2015-08-18T07:26:15.000Z", "id": "3318453596", "description": "@grok imagine @xai", "username": "MichelleShieh", "pinned_tweet_id": "1957564624468844613"}, {"location": "San Francisco, CA", "name": "Belce Do\u011fru Pattabi", "verified": false, "public_metrics": {"followers_count": 11174, "following_count": 379, "tweet_count": 314, "listed_count": 156, "like_count": 2212, "media_count": 8}, "created_at": "2017-02-23T18:28:56.000Z", "id": "834832429709828096", "description": "", "username": "belce_dogru", "pinned_tweet_id": "1968762410400911601"}, {"location": "Menlo Park, CA", "name": "Robinhood", "verified": true, "public_metrics": {"followers_count": 1221176, "following_count": 25, "tweet_count": 14340, "listed_count": 4164, "like_count": 13620, "media_count": 1898}, "created_at": "2013-03-13T17:42:06.000Z", "id": "1265037073", "description": "Trade. Invest. Earn.", "username": "RobinhoodApp", "pinned_tweet_id": "1995559179822510267"}, {"location": "San Francisco, CA", "name": "Ross", "verified": false, "public_metrics": {"followers_count": 38178, "following_count": 1456, "tweet_count": 1617, "listed_count": 487, "like_count": 4927, "media_count": 164}, "created_at": "2011-06-10T03:04:39.000Z", "id": "314341900", "description": "", "username": "rpoo", "pinned_tweet_id": "1673484908524888066"}, {"name": "Ebby Amir", "verified": false, "public_metrics": {"followers_count": 16933, "following_count": 835, "tweet_count": 427, "listed_count": 202, "like_count": 3506, "media_count": 47}, "created_at": "2011-11-28T07:00:52.000Z", "id": "423216326", "description": "\ud83d\udee0\ufe0f @xAI", "username": "ebbyamir", "pinned_tweet_id": "1943175624610152826"}, {"name": "manuela", "verified": false, "public_metrics": {"followers_count": 1660, "following_count": 856, "tweet_count": 13331, "listed_count": 26, "like_count": 19004, "media_count": 669}, "created_at": "2009-03-25T02:53:45.000Z", "id": "26410843", "description": "President @Strike. Prev @RobinhoodApp. Be authentic, feel alive. \ud83c\udde8\ud83c\uddf4\ud83c\udff3\ufe0f\u200d\ud83c\udf08", "username": "yorios9312"}, {"location": "Bay Area, CA", "name": "shreyshahi", "verified": false, "public_metrics": {"followers_count": 1183, "following_count": 697, "tweet_count": 1644, "listed_count": 13, "like_count": 7205, "media_count": 81}, "created_at": "2008-10-18T01:56:38.000Z", "id": "16834237", "description": "StatCat @ Robinhood", "username": "shreyshahi"}, {"location": "\ud83c\uddfa\ud83c\uddf8/\ud83c\uddee\ud83c\uddf3", "name": "Arpan Shah", "verified": false, "public_metrics": {"followers_count": 1830, "following_count": 1252, "tweet_count": 1069, "listed_count": 14, "like_count": 2075, "media_count": 73}, "created_at": "2010-06-16T07:21:25.000Z", "id": "156189944", "description": "GP @sparkcapital | prev: Partner @pearvc | Founder Flannel (Exit to @Plaid) | Founding team @robinhoodapp | @stanford | tweets are just my personal hottakes", "username": "Arpan_Shah_"}, {"location": "London", "name": "Patrick", "verified": false, "public_metrics": {"followers_count": 2927, "following_count": 298, "tweet_count": 2076, "listed_count": 27, "like_count": 19318, "media_count": 54}, "created_at": "2007-08-07T03:27:18.000Z", "id": "8010782", "description": "\ud83c\uddfa\ud83c\uddf8\ud83c\udde9\ud83c\uddea Aerospace, Hardware investor @IndicatorFund. Former Head of Intl and Crypto @robinhoodapp. Founded @Atlantic_Money. \u51fa\u6d77 investor @plaudAI, @ManusAI", "username": "PatrickKavanagh"}, {"location": "Palo Alto, CA", "name": "Omar", "verified": false, "public_metrics": {"followers_count": 137, "following_count": 52, "tweet_count": 113, "listed_count": 0, "like_count": 4587, "media_count": 12}, "created_at": "2020-03-25T03:15:23.000Z", "id": "1242651104539594754", "description": "Co-Founder @bonsai_app // Prev. Head of Fraud at @RobinhoodApp", "username": "OmarRayward"}, {"location": "San Francisco, CA", "name": "billy", "verified": false, "public_metrics": {"followers_count": 831, "following_count": 719, "tweet_count": 3735, "listed_count": 11, "like_count": 4252, "media_count": 639}, "created_at": "2009-08-27T21:10:26.000Z", "id": "69405304", "description": "aspiring breakfast restaurant owner and scratch golfer // building @greensgolf // ex-iOS @robinhoodapp", "username": "billy_the_kid"}, {"location": "Sunnyvale, CA", "name": "Jason Clavelli", "verified": false, "public_metrics": {"followers_count": 279, "following_count": 590, "tweet_count": 250, "listed_count": 0, "like_count": 5724, "media_count": 20}, "created_at": "2013-08-07T21:25:05.000Z", "id": "1653877206", "description": "eng", "username": "JClavelli", "pinned_tweet_id": "1866576934882381877"}, {"location": "Palo Alto, CA", "name": "Igor Babuschkin", "verified": false, "public_metrics": {"followers_count": 103066, "following_count": 864, "tweet_count": 1083, "listed_count": 1201, "like_count": 4653, "media_count": 51}, "created_at": "2020-02-28T02:25:13.000Z", "id": "1233216503626924033", "description": "Maybe the real ASI was the friends we made along the way. Co-founder @xAI, Research & Engineering", "username": "ibab", "pinned_tweet_id": "1955741698690322585"}, {"name": "Elon Musk", "verified": false, "public_metrics": {"followers_count": 229426077, "following_count": 1240, "tweet_count": 90685, "listed_count": 165492, "like_count": 187917, "media_count": 4256}, "created_at": "2009-06-02T20:12:29.000Z", "id": "44196397", "description": "", "username": "elonmusk", "pinned_tweet_id": "1997453175230738562"}, {"location": "Australia", "name": "Yaroslav", "verified": false, "public_metrics": {"followers_count": 47933, "following_count": 385, "tweet_count": 2344, "listed_count": 482, "like_count": 2692, "media_count": 431}, "created_at": "2013-01-03T22:16:20.000Z", "id": "1058927125", "description": "Making apps. Building tools. Surfing the information superhighway.\nPreviously @xAI @atlassian", "username": "512x512"}, {"name": "Eric Zelikman", "verified": false, "public_metrics": {"followers_count": 22373, "following_count": 2579, "tweet_count": 965, "listed_count": 344, "like_count": 9817, "media_count": 157}, "created_at": "2010-04-26T20:49:42.000Z", "id": "137463715", "description": "building ai for humans @humansand // was lgtm-ing @xAI, phd-ing @stanford", "username": "ericzelikman", "pinned_tweet_id": "1954032707148939775"}, {"name": "Edmund Loo", "verified": false, "public_metrics": {"followers_count": 149, "following_count": 182, "tweet_count": 28, "listed_count": 1, "like_count": 2462, "media_count": 0}, "created_at": "2017-07-19T20:43:54.000Z", "id": "887775024865624064", "description": "", "username": "edmundsayshi"}, {"name": "xAI", "verified": true, "public_metrics": {"followers_count": 1844183, "following_count": 38, "tweet_count": 188, "listed_count": 6130, "like_count": 207, "media_count": 68}, "created_at": "2023-05-25T00:06:30.000Z", "id": "1661523610111193088", "description": "", "username": "xai", "pinned_tweet_id": "1990530499752980638"}, {"name": "Greg Yang", "verified": false, "public_metrics": {"followers_count": 93467, "following_count": 741, "tweet_count": 2197, "listed_count": 1072, "like_count": 7210, "media_count": 397}, "created_at": "2019-02-05T07:57:07.000Z", "id": "1092693586263457792", "description": "xai cofounder.\nmake america grok again.\nmake       x        great again.", "username": "TheGregYang", "pinned_tweet_id": "1679168317897211910"}, {"location": "San Francisco, CA", "name": "Physical Intelligence", "verified": true, "public_metrics": {"followers_count": 29905, "following_count": 30, "tweet_count": 70, "listed_count": 352, "like_count": 48, "media_count": 45}, "created_at": "2024-03-11T20:25:24.000Z", "id": "1767285662087348224", "description": "Physical Intelligence (Pi), bringing AI into the physical world.", "username": "physical_int"}, {"name": "debbie boedijono", "verified": false, "public_metrics": {"followers_count": 176, "following_count": 191, "tweet_count": 618, "listed_count": 0, "like_count": 1, "media_count": 0}, "created_at": "2012-05-27T09:50:53.000Z", "id": "591686549", "description": "", "username": "debbieboedijono"}, {"name": "andy rung", "verified": false, "public_metrics": {"followers_count": 23, "following_count": 37, "tweet_count": 2, "listed_count": 0, "like_count": 0, "media_count": 0}, "created_at": "2012-05-28T23:47:05.000Z", "id": "593170085", "description": "", "username": "angaduyo"}, {"name": "thewesleychan", "verified": false, "public_metrics": {"followers_count": 66984, "following_count": 118, "tweet_count": 5109, "listed_count": 726, "like_count": 2717, "media_count": 417}, "created_at": "2008-10-07T07:40:16.000Z", "id": "16626951", "description": "Instagram/Snapchat: @thewesleychan", "username": "thewesleychan"}, {"location": "\u00dcT: -7.354767,112.760731", "name": "reza angga", "verified": false, "public_metrics": {"followers_count": 143, "following_count": 212, "tweet_count": 11895, "listed_count": 2, "like_count": 3, "media_count": 11}, "created_at": "2010-05-03T13:40:56.000Z", "id": "139722207", "description": "cowok absurd yang mentertawakan kehidupan", "username": "rplusaminh"}, {"name": "chevevalerina", "verified": false, "public_metrics": {"followers_count": 106, "following_count": 131, "tweet_count": 1286, "listed_count": 1, "like_count": 0, "media_count": 2}, "created_at": "2011-12-19T11:20:32.000Z", "id": "440753899", "description": "", "username": "chevevalerina"}, {"name": "philipwang", "verified": false, "public_metrics": {"followers_count": 91642, "following_count": 145, "tweet_count": 8594, "listed_count": 891, "like_count": 593, "media_count": 1153}, "created_at": "2008-10-08T23:05:49.000Z", "id": "16657990", "description": "Wong Fu Productions / Bopomofo Cafe. I used to say I was chasing peace of mind. But then I realized that \"peace\" never comes. Chase perspective.", "username": "philipwang"}, {"location": "Indonesia", "name": "Vany Vanessa", "verified": false, "public_metrics": {"followers_count": 452, "following_count": 242, "tweet_count": 16894, "listed_count": 3, "like_count": 122, "media_count": 59}, "created_at": "2009-09-19T16:26:47.000Z", "id": "75584864", "description": "samma studio \u2014 architecture & interior design studio based in bali.", "username": "thevanyvanessa"}, {"location": "\u00dcT: -7.282884,112.684027", "name": "Aveline Ganda", "verified": false, "public_metrics": {"followers_count": 110, "following_count": 9, "tweet_count": 4685, "listed_count": 1, "like_count": 0, "media_count": 52}, "created_at": "2009-12-05T04:13:49.000Z", "id": "94721424", "description": "", "username": "avelg"}, {"location": "Surabaya", "name": "Wulan Wu", "verified": false, "public_metrics": {"followers_count": 348, "following_count": 280, "tweet_count": 2944, "listed_count": 3, "like_count": 4, "media_count": 151}, "created_at": "2009-10-25T06:43:23.000Z", "id": "85026625", "description": "IG: @wulanwu Tiktok: @bukanwulanwu", "username": "bukanwulanwu"}, {"location": "Jakarta, Surabaya, Los Angeles", "name": "Bobby", "verified": false, "public_metrics": {"followers_count": 137, "following_count": 476, "tweet_count": 2534, "listed_count": 7, "like_count": 30, "media_count": 0}, "created_at": "2010-07-07T20:12:49.000Z", "id": "164001450", "description": "\ud83d\ude18", "username": "bobbypranoto", "pinned_tweet_id": "15437356387536896"}, {"name": "Christopher Pambudi", "verified": false, "public_metrics": {"followers_count": 150, "following_count": 302, "tweet_count": 2307, "listed_count": 1, "like_count": 621, "media_count": 30}, "created_at": "2009-09-25T10:31:43.000Z", "id": "77183751", "description": "", "username": "christopherAP"}, {"name": "debby wibowo", "verified": false, "public_metrics": {"followers_count": 305, "following_count": 144, "tweet_count": 7959, "listed_count": 2, "like_count": 115, "media_count": 53}, "created_at": "2009-10-12T05:14:16.000Z", "id": "81768695", "description": "instagram : debbywibowo // line: debbywibowo_", "username": "debbywibowo_"}, {"name": "Jeffri Lie", "verified": false, "public_metrics": {"followers_count": 28, "following_count": 41, "tweet_count": 1583, "listed_count": 0, "like_count": 3, "media_count": 0}, "created_at": "2010-02-06T08:41:12.000Z", "id": "111836450", "description": "", "username": "Jeff7Lie"}, {"location": "Melbourne, Australia", "name": "felisitas nathania", "verified": false, "public_metrics": {"followers_count": 77, "following_count": 142, "tweet_count": 3347, "listed_count": 0, "like_count": 1, "media_count": 19}, "created_at": "2010-10-01T11:11:34.000Z", "id": "197389178", "description": "proud of being who I am yet still on my way to figure it out", "username": "nsberry92"}, {"name": "Melissa", "verified": false, "public_metrics": {"followers_count": 101, "following_count": 147, "tweet_count": 3261, "listed_count": 0, "like_count": 0, "media_count": 25}, "created_at": "2010-12-27T09:10:21.000Z", "id": "231000917", "description": "Everything beautiful in its time\u2665\u200e", "username": "nixnixx"}, {"location": "East Java, Indonesia", "name": "Riyan Christianto", "verified": false, "public_metrics": {"followers_count": 673, "following_count": 758, "tweet_count": 13707, "listed_count": 1, "like_count": 1272, "media_count": 285}, "created_at": "2009-09-28T04:55:48.000Z", "id": "77929226", "description": "If you can't beat them, bluff them! \u2660\ufe0f", "username": "riyankebo"}, {"location": "cambridge, ma", "name": "aloysius davin", "verified": false, "public_metrics": {"followers_count": 51, "following_count": 57, "tweet_count": 64, "listed_count": 3, "like_count": 4, "media_count": 1}, "created_at": "2011-02-06T10:02:39.000Z", "id": "248137315", "description": "happy-go-lucky foodies", "username": "aloysiusdavin"}, {"location": "Perth, Western Australia", "name": "cindy hadiputra", "verified": false, "public_metrics": {"followers_count": 150, "following_count": 203, "tweet_count": 3116, "listed_count": 1, "like_count": 0, "media_count": 19}, "created_at": "2010-06-21T07:01:40.000Z", "id": "157915110", "description": "a.k.a cedhe :)", "username": "cindydianita"}, {"location": "Surabaya, Indonesia  ", "name": "GretnaTJ_24", "verified": false, "public_metrics": {"followers_count": 106, "following_count": 237, "tweet_count": 1273, "listed_count": 0, "like_count": 17, "media_count": 3}, "created_at": "2010-12-31T16:47:35.000Z", "id": "232599462", "description": "freedom for live, do whatever, YOLO", "username": "GretnaTJ24"}, {"location": "singapore", "name": "Ketty Yeo", "verified": false, "public_metrics": {"followers_count": 152, "following_count": 120, "tweet_count": 606, "listed_count": 1, "like_count": 5, "media_count": 29}, "created_at": "2011-04-14T08:35:01.000Z", "id": "281943629", "description": "=)", "username": "CupofKey"}, {"location": "Indonesia", "name": "Josephine", "verified": false, "public_metrics": {"followers_count": 423, "following_count": 459, "tweet_count": 669, "listed_count": 0, "like_count": 12, "media_count": 2}, "created_at": "2009-10-05T15:44:36.000Z", "id": "80054251", "description": "just an ordinary girl who loves to bake passionately.", "username": "Josephine_Nyoto"}, {"name": "Louisa Christy L", "verified": false, "public_metrics": {"followers_count": 250, "following_count": 588, "tweet_count": 5472, "listed_count": 0, "like_count": 4, "media_count": 248}, "created_at": "2009-09-14T13:05:16.000Z", "id": "74151031", "description": "God's daughter \u2665", "username": "christy_louisa"}, {"location": "Surabaya, Indonesia", "name": "William Ps", "verified": false, "public_metrics": {"followers_count": 35, "following_count": 57, "tweet_count": 220, "listed_count": 0, "like_count": 0, "media_count": 0}, "created_at": "2009-06-23T09:54:07.000Z", "id": "49936040", "description": "Only a thinker who wanders against the current..", "username": "Villier_Ps"}, {"location": "Surabaya. Indonesia. ", "name": "Catherina Gedalia", "verified": false, "public_metrics": {"followers_count": 365, "following_count": 210, "tweet_count": 14302, "listed_count": 4, "like_count": 445, "media_count": 168}, "created_at": "2010-05-15T04:47:45.000Z", "id": "144051871", "description": "instagram: @cathgedalia", "username": "cathgedalia"}, {"location": "Surabaya", "name": "michael", "verified": false, "public_metrics": {"followers_count": 122, "following_count": 145, "tweet_count": 940, "listed_count": 0, "like_count": 1, "media_count": 75}, "created_at": "2009-12-16T01:27:08.000Z", "id": "97105760", "description": "", "username": "jomichaelben"}, {"name": "RS", "verified": false, "public_metrics": {"followers_count": 402, "following_count": 843, "tweet_count": 32611, "listed_count": 0, "like_count": 14711, "media_count": 396}, "created_at": "2009-10-19T09:50:52.000Z", "id": "83564460", "description": "", "username": "blue_wonder92", "pinned_tweet_id": "1284432329482465281"}, {"location": "wherever you need me", "name": "Erwin Wongkar", "verified": false, "public_metrics": {"followers_count": 101, "following_count": 107, "tweet_count": 5290, "listed_count": 0, "like_count": 14, "media_count": 8}, "created_at": "2011-06-14T11:25:37.000Z", "id": "317062178", "description": "not an optimism, but the realistic", "username": "erwin_wongg"}, {"location": "\u00dcT: -7.284299,112.716513", "name": "Nila Sari", "verified": false, "public_metrics": {"followers_count": 261, "following_count": 289, "tweet_count": 2370, "listed_count": 2, "like_count": 156, "media_count": 9}, "created_at": "2010-08-21T16:29:17.000Z", "id": "181220015", "description": "", "username": "NeelaSaree"}, {"name": "dev\ud83c\udf6f\u26c5\ufe0f", "verified": false, "public_metrics": {"followers_count": 745, "following_count": 25, "tweet_count": 37214, "listed_count": 10, "like_count": 304, "media_count": 375}, "created_at": "2009-10-05T09:17:33.000Z", "id": "79974704", "description": "content creator; bullet journalist", "username": "devolyp"}, {"location": "Surabaya, Indonesia", "name": "DetriciaTedjawidjaja", "verified": false, "public_metrics": {"followers_count": 132, "following_count": 144, "tweet_count": 1439, "listed_count": 0, "like_count": 27, "media_count": 12}, "created_at": "2009-06-23T07:12:16.000Z", "id": "49912938", "description": "Psychologist & Lecturer (\u0e07 '\u0300\u2323'\u0301 )\u0e07\nIG: tedjawidjaja.detricia\nEmail: detricia.tedjawidjaja@gmail.com", "username": "detricia"}, {"name": "michael teddy", "verified": false, "public_metrics": {"followers_count": 80, "following_count": 79, "tweet_count": 1315, "listed_count": 0, "like_count": 3, "media_count": 4}, "created_at": "2010-09-01T17:59:51.000Z", "id": "185727982", "description": "", "username": "ted_ndut"}, {"location": "\u00dcT: -28.002303,153.428412", "name": "Deandra", "verified": false, "public_metrics": {"followers_count": 450, "following_count": 0, "tweet_count": 11390, "listed_count": 0, "like_count": 76, "media_count": 200}, "created_at": "2009-11-15T07:02:50.000Z", "id": "90115434", "description": "", "username": "rafaeladeandra"}, {"location": "\u00dcT: -7.281043,112.745028", "name": "Christian Soegiarto", "verified": false, "public_metrics": {"followers_count": 198, "following_count": 0, "tweet_count": 6988, "listed_count": 2, "like_count": 0, "media_count": 104}, "created_at": "2009-07-03T12:55:45.000Z", "id": "53376997", "description": "", "username": "chrissoegiarto"}, {"name": "\ud835\udcd4\ud835\udcff\ud835\udcee \u22c6. \ud801\ude5a \u030a", "verified": false, "public_metrics": {"followers_count": 1315, "following_count": 300, "tweet_count": 41163, "listed_count": 3, "like_count": 19055, "media_count": 5341}, "created_at": "2010-02-21T17:50:05.000Z", "id": "116233609", "description": "\u271f \ud835\ude40\ud835\ude69\ud835\ude5a\ud835\ude67\ud835\ude63\ud835\ude56\ud835\ude61 \ud835\ude3c\ud835\ude3e\ud835\ude40 \ud835\ude4f\ud835\ude3c\ud835\ude40\ud835\ude48\ud835\ude44\ud835\ude49 \ua51b \ua731\u029c\u026a\u0274\ud835\ude26\ud835\ude26 \u22c6\u02da\uff61\u0b68\u0b67\u02da", "username": "evetaem6v6", "pinned_tweet_id": "1974761948853248221"}, {"location": "Surabaya, Indonesia", "name": "Olivier Maron S", "verified": false, "public_metrics": {"followers_count": 506, "following_count": 550, "tweet_count": 11042, "listed_count": 1, "like_count": 115, "media_count": 218}, "created_at": "2009-07-08T03:16:18.000Z", "id": "54781179", "description": "Incision and Suture", "username": "oliviermaron"}, {"location": "Cyberjaya, Malaysia", "name": "Garin Adiputra go!!", "verified": false, "public_metrics": {"followers_count": 37, "following_count": 45, "tweet_count": 235, "listed_count": 0, "like_count": 0, "media_count": 0}, "created_at": "2009-09-29T15:32:47.000Z", "id": "78339484", "description": "It's hard.. But its worth trying :)", "username": "GarinAGGO"}, {"name": "Calvin Halim", "verified": false, "public_metrics": {"followers_count": 160, "following_count": 152, "tweet_count": 1160, "listed_count": 0, "like_count": 1, "media_count": 10}, "created_at": "2009-09-24T22:56:44.000Z", "id": "77066651", "description": "", "username": "calvin778"}, {"name": "kwispy", "verified": false, "public_metrics": {"followers_count": 493, "following_count": 228, "tweet_count": 19764, "listed_count": 0, "like_count": 1917, "media_count": 334}, "created_at": "2009-05-23T05:08:38.000Z", "id": "41979258", "description": "let\u2019s keep the economy wheel rolling, shop https://t.co/bf97VHngAI \u270c\ufe0f", "username": "kwiispyy"}, {"location": "\u00dcT: -7.294509,112.72968", "name": "otsweetly purnomo", "verified": false, "public_metrics": {"followers_count": 306, "following_count": 258, "tweet_count": 880, "listed_count": 0, "like_count": 0, "media_count": 2}, "created_at": "2010-02-02T15:26:00.000Z", "id": "110727421", "description": "", "username": "sweetlypurnomo"}, {"name": "Kim Jong Puss", "verified": false, "public_metrics": {"followers_count": 977, "following_count": 146, "tweet_count": 22716, "listed_count": 1, "like_count": 387, "media_count": 297}, "created_at": "2009-09-19T13:30:53.000Z", "id": "75548809", "description": "Please.", "username": "tasialoekito"}, {"name": "Teddy Richardo", "verified": false, "public_metrics": {"followers_count": 108, "following_count": 195, "tweet_count": 1059, "listed_count": 0, "like_count": 6, "media_count": 52}, "created_at": "2011-04-14T12:41:38.000Z", "id": "282035546", "description": "ig : tdyrichardo line: tdy.richardo", "username": "Tdyrichardo"}, {"name": "FX Eka P S", "verified": false, "public_metrics": {"followers_count": 123, "following_count": 159, "tweet_count": 1340, "listed_count": 0, "like_count": 1, "media_count": 0}, "created_at": "2010-09-14T05:56:51.000Z", "id": "190542402", "description": "", "username": "pekerempeng"}, {"location": "surabaya", "name": "emerentiana gillian", "verified": false, "public_metrics": {"followers_count": 298, "following_count": 228, "tweet_count": 10817, "listed_count": 0, "like_count": 171, "media_count": 95}, "created_at": "2010-01-17T12:13:43.000Z", "id": "105769522", "description": "use love for living a life", "username": "emerentianagill"}, {"location": "Berlin, Germany", "name": "Anthony Subandi", "verified": false, "public_metrics": {"followers_count": 599, "following_count": 600, "tweet_count": 8243, "listed_count": 4, "like_count": 604, "media_count": 121}, "created_at": "2009-09-25T07:24:09.000Z", "id": "77158792", "description": "summon the sassy salmon", "username": "kickabhee"}], "meta": {"result_count": 87}}