{"data": [{"id": "1873446117343653888", "public_metrics": {"followers_count": 6, "following_count": 37, "tweet_count": 0, "listed_count": 0, "like_count": 0, "media_count": 0}, "created_at": "2024-12-29T19:09:10.000Z", "name": "Massine Merzouk", "description": "", "username": "MassineMer84495", "verified": false}, {"id": "1275626051813679104", "public_metrics": {"followers_count": 466, "following_count": 380, "tweet_count": 90, "listed_count": 5, "like_count": 18908, "media_count": 6}, "created_at": "2020-06-24T03:05:33.000Z", "name": "erin keane", "description": "design / vibe facilitator", "username": "spacekeane", "verified": false}, {"id": "1823954870929649664", "public_metrics": {"followers_count": 3428, "following_count": 421, "tweet_count": 51, "listed_count": 38, "like_count": 3267, "media_count": 5}, "created_at": "2024-08-15T05:28:29.000Z", "name": "Andrew Musk", "description": "@_@", "username": "AndrewMusk", "verified": false}, {"id": "183339560", "public_metrics": {"followers_count": 4498, "following_count": 225, "tweet_count": 17, "listed_count": 33, "like_count": 19, "media_count": 1}, "created_at": "2010-08-26T19:24:30.000Z", "name": "Baris Akis", "description": "Co-Founder & Managing Partner   @humancapital Talent Engineering @xai", "username": "barisakis", "verified": false, "pinned_tweet_id": "1981511561677328574"}, {"id": "1227016726555975680", "public_metrics": {"followers_count": 10547, "following_count": 989, "tweet_count": 238, "listed_count": 62, "like_count": 1469, "media_count": 11}, "created_at": "2020-02-10T23:49:26.000Z", "name": "Zach Dell", "description": "Building @Basepowerco. Formerly @ThriveCapital @Blackstone. Grateful", "username": "ZachBDell", "verified": false, "pinned_tweet_id": "1975911656698810539"}, {"id": "416761602", "public_metrics": {"followers_count": 1369, "following_count": 198, "tweet_count": 156, "listed_count": 23, "like_count": 47, "media_count": 35}, "created_at": "2011-11-20T03:37:00.000Z", "name": "Jon Shulkin", "description": "", "username": "jonshulkin", "verified": false}, {"id": "1173974870", "public_metrics": {"followers_count": 2081, "following_count": 116, "tweet_count": 23, "listed_count": 23, "like_count": 164, "media_count": 3}, "created_at": "2013-02-13T05:14:04.000Z", "name": "anthony armstrong", "description": "", "username": "a2xai", "verified": false}, {"id": "1457115044047511552", "public_metrics": {"followers_count": 52, "following_count": 70, "tweet_count": 19, "listed_count": 0, "like_count": 2, "media_count": 3}, "location": "San Carlos, CA", "created_at": "2021-11-06T22:38:21.000Z", "name": "David Robertson", "description": "Engineer", "username": "davidrobe10", "verified": false}, {"id": "2345951964", "public_metrics": {"followers_count": 1421, "following_count": 738, "tweet_count": 758, "listed_count": 31, "like_count": 1154, "media_count": 130}, "location": "San Jose, CA", "created_at": "2014-02-16T00:45:52.000Z", "name": "spencer", "description": "Writing software and wrangling supercomputers.", "username": "SpencerSharkey", "verified": false, "pinned_tweet_id": "855077638720942081"}, {"id": "1838355640890331137", "public_metrics": {"followers_count": 3864, "following_count": 501, "tweet_count": 347, "listed_count": 60, "like_count": 1789, "media_count": 7}, "created_at": "2024-09-23T23:12:04.000Z", "name": "Lily Lim", "description": "ex-xAI Head Legal Eagle: Lily is an adventurer, former rocket scientist, and until recently launcher of products at the innovative Elon Musk AI start-up, xAI.", "username": "LiLiDuc22", "verified": false, "pinned_tweet_id": "1987241275058483479"}, {"id": "1272804486", "public_metrics": {"followers_count": 6555, "following_count": 94, "tweet_count": 44, "listed_count": 44, "like_count": 53, "media_count": 9}, "location": "El Segundo, CA", "created_at": "2013-03-16T17:05:51.000Z", "name": "Doug Bernauer", "description": "Radiant CEO, mass produced portable nuclear reactors starting in 2026!\nFormerly 12 years SpaceX - Electrical and Systems, Grasshopper Rocket, Boring Co., Mars", "username": "DougBernauer", "verified": false}, {"id": "118629205", "public_metrics": {"followers_count": 4524722, "following_count": 62, "tweet_count": 5916, "listed_count": 2823, "like_count": 2, "media_count": 2726}, "location": "Dubai, UAE", "created_at": "2010-03-01T08:18:23.000Z", "name": "Hamdan bin Mohammed", "description": "", "username": "HamdanMohammed", "verified": true}, {"id": "1706127194240516096", "public_metrics": {"followers_count": 66, "following_count": 42, "tweet_count": 83, "listed_count": 0, "like_count": 411, "media_count": 0}, "created_at": "2023-09-25T02:03:37.000Z", "name": "Johnathan Henley", "description": "", "username": "jhenley21", "verified": false}, {"id": "818904983349366784", "public_metrics": {"followers_count": 16, "following_count": 131, "tweet_count": 45, "listed_count": 1, "like_count": 270, "media_count": 2}, "created_at": "2017-01-10T19:38:57.000Z", "name": "Shea Carbognani", "description": "", "username": "shea_stock", "verified": false}, {"id": "15928389", "public_metrics": {"followers_count": 39480, "following_count": 1856, "tweet_count": 4667, "listed_count": 192, "like_count": 8982, "media_count": 125}, "location": "Los Angeles", "created_at": "2008-08-21T05:58:12.000Z", "name": "johnhering", "description": "founder & executive chairman @lookout", "username": "johnhering", "verified": false, "pinned_tweet_id": "1895125553969275360"}, {"id": "1763048919993565184", "public_metrics": {"followers_count": 42, "following_count": 8, "tweet_count": 0, "listed_count": 0, "like_count": 15, "media_count": 0}, "created_at": "2024-02-29T03:50:01.000Z", "name": "Dan Rowland", "description": "", "username": "sv_sparks", "verified": false}, {"id": "16359535", "public_metrics": {"followers_count": 423684, "following_count": 943, "tweet_count": 1084, "listed_count": 2885, "like_count": 1759, "media_count": 39}, "location": "earth", "created_at": "2008-09-19T04:48:39.000Z", "name": "david friedberg", "description": "https://t.co/zQ840VXPug", "username": "friedberg", "verified": false}, {"id": "1137701", "public_metrics": {"followers_count": 1426834, "following_count": 3432, "tweet_count": 13732, "listed_count": 12136, "like_count": 84743, "media_count": 1208}, "location": "San Francisco", "created_at": "2007-03-14T04:14:58.000Z", "name": "David Sacks", "description": "Tech founder & investor. Personal views only. Official account: @davidsacks47", "username": "DavidSacks", "verified": false}, {"id": "3840", "public_metrics": {"followers_count": 1036247, "following_count": 5773, "tweet_count": 65185, "listed_count": 16468, "like_count": 118952, "media_count": 13513}, "location": "austin ", "created_at": "2006-08-05T23:31:27.000Z", "name": "@jason", "description": "first investor in https://t.co/M6cblbFld9 Host: @twistartups @theallinpod; I also invest in 100 startups a year @launch & @founderuni jason@calacanis.com for life", "username": "Jason", "verified": false, "pinned_tweet_id": "1988070274332500101"}, {"id": "482440639", "public_metrics": {"followers_count": 3410, "following_count": 2671, "tweet_count": 1167, "listed_count": 24, "like_count": 27282, "media_count": 53}, "created_at": "2012-02-03T22:30:33.000Z", "name": "Romina", "description": "Head of Global Government Affairs @X | Views are mine", "username": "itsRoMeeNa", "verified": false}, {"id": "44553913", "public_metrics": {"followers_count": 33778, "following_count": 921, "tweet_count": 18193, "listed_count": 236, "like_count": 39988, "media_count": 1832}, "created_at": "2009-06-04T05:29:03.000Z", "name": "Nate Esparza", "description": "Ads Product @X | CU-Boulder Alumni Lead | Sports | Tech | Opinions are my own", "username": "Nate_Esparza", "verified": false, "pinned_tweet_id": "1993802049318998069"}, {"id": "726053744731807744", "public_metrics": {"followers_count": 25889, "following_count": 2747, "tweet_count": 2190, "listed_count": 310, "like_count": 15692, "media_count": 282}, "location": "Palo Alto, CA", "created_at": "2016-04-29T14:21:16.000Z", "name": "Bill Yuchen Lin", "description": "RL for coding @xAI. Affiliate Assistant Prof @UW. Ex: Research Scientist @allen_ai, Google, Meta FAIR. My views.", "username": "billyuchenlin", "verified": false, "pinned_tweet_id": "1961132255470129290"}, {"id": "3028301933", "public_metrics": {"followers_count": 6118, "following_count": 104, "tweet_count": 126, "listed_count": 70, "like_count": 3, "media_count": 1}, "created_at": "2015-02-10T15:47:41.000Z", "name": "Mike Snyder", "description": "", "username": "mike_megapack", "verified": false}, {"id": "574595266", "public_metrics": {"followers_count": 10339, "following_count": 844, "tweet_count": 854, "listed_count": 138, "like_count": 8578, "media_count": 118}, "location": "Earth", "created_at": "2012-05-08T16:12:13.000Z", "name": "Katia Karpenko", "description": "A somewhat-intelligent three-dimensional being. Writer. AI Filmmaker. Musician. Prev @xAI @Meta", "username": "KatiaEarth", "verified": false, "pinned_tweet_id": "1875240223711576468"}, {"id": "917036353832984578", "public_metrics": {"followers_count": 13891, "following_count": 2063, "tweet_count": 3116, "listed_count": 129, "like_count": 10308, "media_count": 136}, "location": "Stanford, California, USA", "created_at": "2017-10-08T14:37:59.000Z", "name": "Ray Hotate \u4fdd\u7acb\u601c", "description": "Member of Technical Staff @xAI / CS(AI)+Math @Stanford @StanfordAILab / prev PE @GoldmanSachs, Quant Research @ Cubist(Point72) / \u6771\u5927\u7406\u4e09, \u958b\u6210 '22 \ud83c\uddef\ud83c\uddf5\ud83c\uddfa\ud83c\uddf8", "username": "rayhotate", "verified": false, "pinned_tweet_id": "1759684605307916471"}, {"id": "1260917258970451969", "public_metrics": {"followers_count": 19196, "following_count": 1140, "tweet_count": 3929, "listed_count": 247, "like_count": 44583, "media_count": 338}, "location": "Palo Alto, CA", "created_at": "2020-05-14T12:58:02.000Z", "name": "heiner", "description": "Pretraining @xAI. Previously: @InflectionAI, @AIatMeta, @DeepMind, @Google, @LMU_Muenchen, PhD math-ph. Opinions my own. (Can be yours for a small fee.)", "username": "HeinrichKuttler", "verified": false}, {"id": "68538286", "public_metrics": {"followers_count": 43958, "following_count": 112, "tweet_count": 1534, "listed_count": 922, "like_count": 3618, "media_count": 280}, "location": "San Francisco", "created_at": "2009-08-24T23:08:53.000Z", "name": "Dan Hendrycks", "description": "\u2022 Center for AI Safety Director\n\u2022 xAI and Scale AI advisor\n\u2022 GELU/MMLU/MATH/HLE\n\u2022 PhD in AI\n\u2022 Analyzing AI models, companies, policies, and geopolitics", "username": "hendrycks", "verified": false, "pinned_tweet_id": "1897308828284412226"}, {"id": "532791696", "public_metrics": {"followers_count": 17541, "following_count": 248, "tweet_count": 32, "listed_count": 266, "like_count": 55, "media_count": 1}, "location": "Bay Area", "created_at": "2012-03-22T01:07:10.000Z", "name": "Zihang Dai", "description": "Working hard @xai", "username": "ZihangDai", "verified": false}, {"id": "3237721718", "public_metrics": {"followers_count": 43054, "following_count": 2798, "tweet_count": 8270, "listed_count": 768, "like_count": 23482, "media_count": 255}, "location": "Sunnyvale, CA", "created_at": "2015-06-06T09:14:20.000Z", "name": "Christian Szegedy", "description": "#deeplearning, #ai research scientist. Opinions are mine.", "username": "ChrSzegedy", "verified": false, "pinned_tweet_id": "1491339311283052548"}, {"id": "881959726958862337", "public_metrics": {"followers_count": 44623, "following_count": 456, "tweet_count": 643, "listed_count": 631, "like_count": 1535, "media_count": 45}, "location": "Stanford", "created_at": "2017-07-03T19:35:59.000Z", "name": "Yuhuai (Tony) Wu", "description": "Co-Founder @xAI. Grok Reasoning, STaR, Minerva, AlphaGeometry, Autoformalization, AlphaStar, Memorizing transformer.", "username": "Yuhu_ai_", "verified": false, "pinned_tweet_id": "1679194328672133120"}, {"id": "1442044614760828930", "public_metrics": {"followers_count": 14929, "following_count": 203, "tweet_count": 12, "listed_count": 223, "like_count": 6, "media_count": 0}, "created_at": "2021-09-26T08:33:31.000Z", "name": "Makro", "description": "", "username": "makro_ai", "verified": false}, {"id": "1937236128010240001", "public_metrics": {"followers_count": 15251, "following_count": 49, "tweet_count": 31, "listed_count": 126, "like_count": 1, "media_count": 10}, "location": "Memphis, TN", "created_at": "2025-06-23T19:48:12.000Z", "name": "xAI Memphis", "description": "", "username": "xAIMemphis", "verified": true}, {"id": "1853866883851620352", "public_metrics": {"followers_count": 158352, "following_count": 4, "tweet_count": 69, "listed_count": 590, "like_count": 35, "media_count": 9}, "location": "\ud83e\udd16 ", "created_at": "2024-11-05T18:28:12.000Z", "name": "Tesla Robotaxi", "description": "The future of autonomy", "username": "robotaxi", "verified": true, "pinned_tweet_id": "1963427931700531676"}, {"id": "1448778517353623566", "public_metrics": {"followers_count": 83, "following_count": 125, "tweet_count": 3, "listed_count": 2, "like_count": 185, "media_count": 0}, "location": "Austin, TX", "created_at": "2021-10-14T22:31:42.000Z", "name": "benj birchall", "description": "@basepowerco", "username": "benj_birchall", "verified": false}, {"id": "1443606139497746432", "public_metrics": {"followers_count": 848, "following_count": 1179, "tweet_count": 414, "listed_count": 3, "like_count": 857, "media_count": 9}, "location": "DC", "created_at": "2021-09-30T15:59:03.000Z", "name": "Audrey Cook", "description": "Communications Director @MarshaBlackburn", "username": "audreyjo_cook", "verified": false}, {"id": "1917716982465716227", "public_metrics": {"followers_count": 40741, "following_count": 3, "tweet_count": 28, "listed_count": 185, "like_count": 1, "media_count": 14}, "location": "Starbase, TX", "created_at": "2025-04-30T23:06:59.000Z", "name": "StarbaseTX", "description": "Located on the southern tip of Texas, Starbase is the newest city in the Rio Grande Valley", "username": "StarbaseTX", "verified": true}, {"id": "1922767944943271937", "public_metrics": {"followers_count": 17, "following_count": 7, "tweet_count": 0, "listed_count": 0, "like_count": 8, "media_count": 0}, "created_at": "2025-05-14T21:36:32.000Z", "name": "Jason Neal", "description": "", "username": "JasonENeal412", "verified": false}, {"id": "1775701785648238592", "public_metrics": {"followers_count": 44, "following_count": 24, "tweet_count": 5, "listed_count": 0, "like_count": 22, "media_count": 3}, "location": "Memphis, TN", "created_at": "2024-04-04T01:48:05.000Z", "name": "Gigi Campbell", "description": "Power AI and AI Power", "username": "GigiZhang461790", "verified": false}, {"id": "1909390269533011968", "public_metrics": {"followers_count": 312218, "following_count": 0, "tweet_count": 1869516, "listed_count": 301, "like_count": 28, "media_count": 29731}, "location": "+1 (833) 987-4675", "created_at": "2025-04-07T23:38:22.000Z", "name": "gork", "description": "just gorkin' it", "username": "gork", "verified": false}, {"id": "1346873610875654147", "public_metrics": {"followers_count": 92403, "following_count": 198, "tweet_count": 9874, "listed_count": 865, "like_count": 147, "media_count": 3097}, "location": "Nashville, TN", "created_at": "2021-01-06T17:37:54.000Z", "name": "Senator Bill Hagerty", "description": "Husband | Father of four | Businessman | Community Volunteer | Conservative Republican | U.S. Senator | Former U.S. Ambassador to Japan | Proud Tennessean", "username": "SenatorHagerty", "verified": true}, {"id": "90636188", "public_metrics": {"followers_count": 2147883, "following_count": 241, "tweet_count": 61783, "listed_count": 31829, "like_count": 15525, "media_count": 30662}, "location": "Oxfordshire, UK", "created_at": "2009-11-17T14:08:21.000Z", "name": "Atlassian Williams Racing", "description": "The season finale \ud83c\udde6\ud83c\uddea", "username": "WilliamsRacing", "verified": true}, {"id": "6102602", "public_metrics": {"followers_count": 8884, "following_count": 1410, "tweet_count": 27021, "listed_count": 285, "like_count": 18347, "media_count": 1240}, "location": "\u2605 Dubai", "created_at": "2007-05-17T10:56:40.000Z", "name": "Stephanie Terroir", "description": "@X // Brand Strategy | IA | UX | UI - Certified LEGO Serious Play facilitator - \u2764\ufe0e Design, Data viz, Open web, EDM - #GoBlue!", "username": "stephterroir", "verified": false, "pinned_tweet_id": "1681898096920281092"}, {"id": "17282363", "public_metrics": {"followers_count": 7298, "following_count": 3005, "tweet_count": 1107, "listed_count": 238, "like_count": 36656, "media_count": 65}, "location": "Nashville, TN", "created_at": "2008-11-10T06:21:05.000Z", "name": "Michael Hendrix", "description": "Policy Director for @GovBillLee || Husband to @sarahruthb", "username": "michael_hendrix", "verified": false}, {"id": "2764948779", "public_metrics": {"followers_count": 3600, "following_count": 444, "tweet_count": 1081, "listed_count": 36, "like_count": 914, "media_count": 353}, "location": "Nashville, TN", "created_at": "2014-09-08T19:15:54.000Z", "name": "Stuart C. McWhorter", "description": "Deputy Governor to @GovBillLee and @TNECD Commissioner. Husband and father of five. Co-founder of Clayton Associates. Entrepreneur.", "username": "CommishTNECD", "verified": false}, {"id": "1194653647159939079", "public_metrics": {"followers_count": 16292, "following_count": 303, "tweet_count": 15, "listed_count": 39, "like_count": 46748, "media_count": 0}, "created_at": "2019-11-13T16:30:15.000Z", "name": "Baxter Lee", "description": "Husband, Father, Life Long Learner, and Entrepreneur.", "username": "wBaxterLee", "verified": false}, {"id": "317386234", "public_metrics": {"followers_count": 2837, "following_count": 2450, "tweet_count": 999, "listed_count": 148, "like_count": 94, "media_count": 695}, "location": "TN-08", "created_at": "2011-06-14T21:20:06.000Z", "name": "David Kustoff", "description": "Congressman representing TN-08. Former United States Attorney for the Western District of Tennessee. Campaign account.", "username": "DavidKustoff", "verified": false}, {"id": "2575250046", "public_metrics": {"followers_count": 697, "following_count": 66, "tweet_count": 227, "listed_count": 0, "like_count": 47, "media_count": 171}, "location": "White City, Oregon", "created_at": "2014-06-18T18:10:50.000Z", "name": "Pavati Wake", "description": "PAVATI Wake and Surf Boats are the first and only all aluminum V-Drive boats in the world. The Revolution Has Begun.\nPhone: 1.877.475.1025", "username": "PavatiWake", "verified": false, "pinned_tweet_id": "1047911387580649472"}, {"id": "164895405", "public_metrics": {"followers_count": 291402, "following_count": 754, "tweet_count": 14991, "listed_count": 1241, "like_count": 4003, "media_count": 4501}, "location": "Long Island, NY", "created_at": "2010-07-10T01:32:23.000Z", "name": "Frankie Borrelli", "description": "Barstool Sports | Pizza Maker | @Foreplaypod", "username": "FrankieBorrelli", "verified": false, "pinned_tweet_id": "1721703722416214078"}, {"id": "1100064156504543233", "public_metrics": {"followers_count": 85653, "following_count": 331, "tweet_count": 12344, "listed_count": 780, "like_count": 5849, "media_count": 5705}, "location": "Washington, DC", "created_at": "2019-02-25T16:05:07.000Z", "name": "Office of Nuclear Energy | US Department of Energy", "description": "@ENERGY\u2019s home for nuclear energy research, demos, and deployment.  RT/Mentions aren't endorsements.", "username": "GovNuclear", "verified": false}, {"id": "3291691", "public_metrics": {"followers_count": 1913173, "following_count": 1064, "tweet_count": 12091, "listed_count": 16861, "like_count": 16484, "media_count": 742}, "location": "In the Arena", "created_at": "2007-04-03T06:02:29.000Z", "name": "Chamath Palihapitiya", "description": "God is in the details.", "username": "chamath", "verified": false, "pinned_tweet_id": "1945396654317736375"}, {"id": "847263121865441281", "public_metrics": {"followers_count": 13859, "following_count": 331, "tweet_count": 150, "listed_count": 150, "like_count": 328, "media_count": 35}, "location": "Palo Alto, CA", "created_at": "2017-03-30T01:44:04.000Z", "name": "Qian Huang", "description": "prev @xai | CS PhD student @StanfordAILab (on leave)", "username": "qhwang3", "verified": false}, {"id": "1093044471447646209", "public_metrics": {"followers_count": 5715, "following_count": 101, "tweet_count": 89, "listed_count": 70, "like_count": 64, "media_count": 13}, "location": "Palo Alto", "created_at": "2019-02-06T07:11:24.000Z", "name": "Yiwen Yuan", "description": "@xai | prev @kumo_ai_team @palantirtech @CarnegieMellon", "username": "yiwenyuan98", "verified": false}, {"id": "478246349", "public_metrics": {"followers_count": 48667, "following_count": 387, "tweet_count": 234, "listed_count": 233, "like_count": 531, "media_count": 22}, "created_at": "2012-01-30T02:27:43.000Z", "name": "agracias", "description": "Founder and Managing Partner, Valor Equity Partners", "username": "AntonioGracias", "verified": false}, {"id": "1234260054368342016", "public_metrics": {"followers_count": 541064, "following_count": 8, "tweet_count": 3272, "listed_count": 2770, "like_count": 3693, "media_count": 1187}, "location": "The Poker Table", "created_at": "2020-03-01T23:31:51.000Z", "name": "The All-In Podcast", "description": "@chamath, @jason, @davidsacks, and @friedberg cover all things economic, tech, political, social, and poker.", "username": "theallinpod", "verified": true, "pinned_tweet_id": "1997458623191273668"}, {"id": "1882543731179495424", "public_metrics": {"followers_count": 252258, "following_count": 39, "tweet_count": 636, "listed_count": 840, "like_count": 0, "media_count": 323}, "created_at": "2025-01-23T21:40:27.000Z", "name": "Lee Zeldin", "description": "17th Administrator of the Environmental Protection Agency @EPA, proudly serving in President Donald Trump\u2019s Cabinet", "username": "epaleezeldin", "verified": true}, {"id": "1577705091737432070", "public_metrics": {"followers_count": 56713, "following_count": 215, "tweet_count": 10657, "listed_count": 509, "like_count": 80717, "media_count": 994}, "location": "Earth", "created_at": "2022-10-05T17:00:03.000Z", "name": "Yun-Ta Tsai", "description": "Sr. Staff Engineer  @Tesla_AI", "username": "yunta_tsai", "verified": false, "pinned_tweet_id": "1949190558385144060"}, {"id": "1881505291637833728", "public_metrics": {"followers_count": 8, "following_count": 18, "tweet_count": 0, "listed_count": 0, "like_count": 1, "media_count": 0}, "created_at": "2025-01-21T00:53:36.000Z", "name": "Cory Miller", "description": "", "username": "miller_cor17487", "verified": false}, {"id": "43268008", "public_metrics": {"followers_count": 129, "following_count": 1116, "tweet_count": 878, "listed_count": 1, "like_count": 7268, "media_count": 149}, "created_at": "2009-05-29T04:03:33.000Z", "name": "\ud83c\udf35buckdish \ud83c\udf2e", "description": "Driven", "username": "Buckdish", "verified": false}, {"id": "1879650942410481666", "public_metrics": {"followers_count": 3723389, "following_count": 4, "tweet_count": 1489, "listed_count": 6478, "like_count": 40, "media_count": 56}, "created_at": "2025-01-15T22:04:52.000Z", "name": "President Donald J. Trump", "description": "45th & 47th President of the United States. The Golden Age of America Begins Right Now.", "username": "POTUS", "verified": true, "pinned_tweet_id": "1881408246067744887"}, {"id": "2829177691", "public_metrics": {"followers_count": 6617, "following_count": 573, "tweet_count": 107, "listed_count": 85, "like_count": 334, "media_count": 3}, "location": "San Francisco", "created_at": "2014-09-24T02:32:33.000Z", "name": "Uday Ruddarraju", "description": "Compute and Intelligence - previously @ xAI, Robinhood, ebay", "username": "udayruddarraju", "verified": false, "pinned_tweet_id": "1942814000460513349"}, {"id": "302209556", "public_metrics": {"followers_count": 14069, "following_count": 388, "tweet_count": 3012, "listed_count": 251, "like_count": 4836, "media_count": 1610}, "location": "Tennessee, USA", "created_at": "2011-05-20T19:59:21.000Z", "name": "Speaker Cameron Sexton", "description": "Tennessee State Representative for the 25th District | Speaker of the Tennessee House of Representatives", "username": "CSexton25", "verified": false}, {"id": "17852780", "public_metrics": {"followers_count": 25450, "following_count": 4644, "tweet_count": 8763, "listed_count": 220, "like_count": 2215, "media_count": 3526}, "location": "Fairfield, OH", "created_at": "2008-12-03T23:23:47.000Z", "name": "IHRA", "description": "Official Twitter page of the International Hot Rod Association (IHRA)", "username": "IHRA", "verified": false, "pinned_tweet_id": "1987962257146319197"}, {"id": "229615725", "public_metrics": {"followers_count": 3268, "following_count": 723, "tweet_count": 6341, "listed_count": 84, "like_count": 1520, "media_count": 836}, "location": "Memphis by way of Atlanta GA", "created_at": "2010-12-22T21:35:12.000Z", "name": "kemp conrad", "description": "Husband,Dad,Global #CRE Advisor via C&W|CA & Investor-Board Member Arrowrock-former Memphis City Councilman & 2x Chairman, PURE Youth Disciple,Endurance Athlete", "username": "kempsuper9", "verified": false}, {"id": "893481762957004800", "public_metrics": {"followers_count": 84, "following_count": 141, "tweet_count": 551, "listed_count": 2, "like_count": 1439, "media_count": 90}, "location": "USA", "created_at": "2017-08-04T14:40:27.000Z", "name": "Alex", "description": "\u270c\ufe0f\u270c\ufe0f", "username": "alexroach__", "verified": false}, {"id": "589369459", "public_metrics": {"followers_count": 13279, "following_count": 24, "tweet_count": 80, "listed_count": 125, "like_count": 47, "media_count": 1}, "location": "Brownsville, TX", "created_at": "2012-05-24T19:36:41.000Z", "name": "Shana Diez", "description": "Rocket woman, mom, adventure seeker", "username": "ShanaDiez", "verified": false}, {"id": "858716964", "public_metrics": {"followers_count": 1106132, "following_count": 1310, "tweet_count": 104150, "listed_count": 4350, "like_count": 104016, "media_count": 18723}, "location": "New York, NY", "created_at": "2012-10-02T21:14:31.000Z", "name": "PFT Commenter", "description": "I do Pardon My Take podcast w/ @barstoolbigcat & Macrodosing @TheDozenTrivia. Banned from Tortoise Forum. organ donor. Played the freebird solo once.", "username": "PFTCommenter", "verified": false, "pinned_tweet_id": "1374190939732856833"}, {"id": "887992016", "public_metrics": {"followers_count": 17071, "following_count": 1826, "tweet_count": 322, "listed_count": 239, "like_count": 4291, "media_count": 51}, "location": "San Francisco, CA", "created_at": "2012-10-18T02:57:44.000Z", "name": "Luke Metz", "description": "Thinking Machines\n\nPreviously: OpenAI, Google Brain", "username": "Luke_Metz", "verified": false}, {"id": "2533341854", "public_metrics": {"followers_count": 18890, "following_count": 1462, "tweet_count": 2302, "listed_count": 208, "like_count": 36810, "media_count": 239}, "location": "New York, NY", "created_at": "2014-05-29T20:24:26.000Z", "name": "Chris Park", "description": "\ud835\udd4f | @X @API @XDevelopers", "username": "chrisparkX", "verified": false, "pinned_tweet_id": "1866979874197606606"}, {"id": "1179892477714718721", "public_metrics": {"followers_count": 4740889, "following_count": 5775, "tweet_count": 92653, "listed_count": 13435, "like_count": 133960, "media_count": 59941}, "location": "Earth ", "created_at": "2019-10-03T22:54:31.000Z", "name": "Science girl", "description": "science in context, art history and some puzzles to solve", "username": "sciencegirl", "verified": false, "pinned_tweet_id": "1996911473235300528"}, {"id": "734677275216470016", "public_metrics": {"followers_count": 33393, "following_count": 473, "tweet_count": 639, "listed_count": 462, "like_count": 1700, "media_count": 22}, "location": "Bay Area", "created_at": "2016-05-23T09:28:06.000Z", "name": "Guodong Zhang", "description": "@xAI", "username": "Guodzh", "verified": false}, {"id": "8475752", "public_metrics": {"followers_count": 1218, "following_count": 834, "tweet_count": 5198, "listed_count": 19, "like_count": 5899, "media_count": 807}, "location": "McKinney, TX", "created_at": "2007-08-28T01:51:49.000Z", "name": "Phil Holland", "description": "@xai Human Data Team Lead (X Domain) | Learning in order to teach in order to learn | USAF Veteran \ud83c\uddfa\ud83c\uddf8 | Grammy Nominee", "username": "Phil_Holland", "verified": false}, {"id": "636513296", "public_metrics": {"followers_count": 703592, "following_count": 2008, "tweet_count": 10044, "listed_count": 4443, "like_count": 36418, "media_count": 1298}, "location": "Palo Alto", "created_at": "2012-07-15T22:44:07.000Z", "name": "Nikita Bier", "description": "head of product @x, advisor @solana, venture partner @lightspeedvp, ex-founder @gasappteam (acq by discord), ex-founder @thetbhapp (acq by facebook)", "username": "nikitabier", "verified": false}, {"id": "1864025559778410496", "public_metrics": {"followers_count": 72, "following_count": 189, "tweet_count": 16, "listed_count": 0, "like_count": 137, "media_count": 1}, "location": "Memphis, TN", "created_at": "2024-12-03T19:15:31.000Z", "name": "Philip Spinosa Jr", "description": "Founder & President of WellFreight | Memphis City Councilman", "username": "PCSJr901", "verified": false}, {"id": "1788335413456777216", "public_metrics": {"followers_count": 1434, "following_count": 217, "tweet_count": 219, "listed_count": 16, "like_count": 616, "media_count": 1}, "location": "Brownsville, texas", "created_at": "2024-05-08T22:29:38.000Z", "name": "Ani V", "description": "Lead designer and builder of Starship stands at SpaceX", "username": "AniXSFS", "verified": false}, {"id": "137463715", "public_metrics": {"followers_count": 22373, "following_count": 2579, "tweet_count": 965, "listed_count": 344, "like_count": 9817, "media_count": 157}, "created_at": "2010-04-26T20:49:42.000Z", "name": "Eric Zelikman", "description": "building ai for humans @humansand // was lgtm-ing @xAI, phd-ing @stanford", "username": "ericzelikman", "verified": false, "pinned_tweet_id": "1954032707148939775"}, {"id": "446719282", "public_metrics": {"followers_count": 205871, "following_count": 1713, "tweet_count": 3583, "listed_count": 1505, "like_count": 10263, "media_count": 520}, "location": "Palo Alto, CA", "created_at": "2011-12-26T02:48:08.000Z", "name": "Shivon Zilis", "description": "Artificial intelligence, biological intelligence, and whatever exists in between and beyond. Made in Canada.", "username": "shivon", "verified": false}, {"id": "5943622", "public_metrics": {"followers_count": 1904648, "following_count": 28132, "tweet_count": 12196, "listed_count": 20778, "like_count": 269888, "media_count": 2479}, "location": "Menlo Park, CA", "created_at": "2007-05-10T23:39:54.000Z", "name": "Marc Andreessen \ud83c\uddfa\ud83c\uddf8", "description": "Build.", "username": "pmarca", "verified": false, "pinned_tweet_id": "1902724994607570975"}, {"id": "15506669", "public_metrics": {"followers_count": 6970603, "following_count": 528, "tweet_count": 484, "listed_count": 13266, "like_count": 1513, "media_count": 209}, "created_at": "2008-07-20T22:38:36.000Z", "name": "Jeff Bezos", "description": "Amazon. Blue Origin. Washington Post. Bezos Earth Fund. Bezos Academy.", "username": "JeffBezos", "verified": false, "pinned_tweet_id": "1283508547897171969"}, {"id": "1227664927218962432", "public_metrics": {"followers_count": 936, "following_count": 258, "tweet_count": 555, "listed_count": 29, "like_count": 2795, "media_count": 156}, "location": "Fingal, Ireland", "created_at": "2020-02-12T18:45:10.000Z", "name": "Al Mc D", "description": "", "username": "almc_d", "verified": false, "pinned_tweet_id": "1947037410614804664"}, {"id": "20400398", "public_metrics": {"followers_count": 11654, "following_count": 243, "tweet_count": 4100, "listed_count": 210, "like_count": 3872, "media_count": 1050}, "location": "Franklin, Tennessee", "created_at": "2009-02-08T23:09:59.000Z", "name": "Jack Johnson", "description": "Tennessee Senate Majority Leader and State Senator for the 27th district, representing Williamson County.", "username": "SenJohnson", "verified": false}, {"id": "1816187761222680576", "public_metrics": {"followers_count": 23, "following_count": 170, "tweet_count": 0, "listed_count": 0, "like_count": 1374, "media_count": 0}, "created_at": "2024-07-24T19:04:48.000Z", "name": "Peter Stoffel", "description": "", "username": "Peter862922", "verified": false}, {"id": "1845238708779483138", "public_metrics": {"followers_count": 9561, "following_count": 339, "tweet_count": 147, "listed_count": 67, "like_count": 5547, "media_count": 6}, "location": "San Francisco, CA", "created_at": "2024-10-12T23:03:36.000Z", "name": "James Musk", "description": "Currently \u26f3\ufe0f\ud83c\udfbe\ud83c\udfc4\ud83c\udffb\u200d\u2642\ufe0f\ud83e\ude81Formerly Engineering @X @Tesla_AI", "username": "jmusk", "verified": false}, {"id": "525897849", "public_metrics": {"followers_count": 716, "following_count": 341, "tweet_count": 830, "listed_count": 4, "like_count": 860, "media_count": 56}, "location": "Tennessee, USA", "created_at": "2012-03-16T00:51:59.000Z", "name": "Briana Hamilton", "description": "JustHappyToBeHere S-E-M-I-N-O-L-E-S", "username": "BreezyHam24", "verified": false}, {"id": "1216020086", "public_metrics": {"followers_count": 368, "following_count": 984, "tweet_count": 536, "listed_count": 8, "like_count": 5021, "media_count": 30}, "location": "America // Canada", "created_at": "2013-02-24T17:02:43.000Z", "name": "Troy B. Parkes", "description": "", "username": "TroyParkes", "verified": false}, {"id": "112897482", "public_metrics": {"followers_count": 676, "following_count": 518, "tweet_count": 23213, "listed_count": 8, "like_count": 6482, "media_count": 1359}, "location": "Memphis, TN", "created_at": "2010-02-10T02:03:58.000Z", "name": "Morgan", "description": "", "username": "MorgannHunt", "verified": false, "pinned_tweet_id": "1267982820594630656"}, {"id": "1589027596808777728", "public_metrics": {"followers_count": 1111, "following_count": 5376, "tweet_count": 812, "listed_count": 2, "like_count": 1107, "media_count": 157}, "location": "San Francisco, CA", "created_at": "2022-11-05T22:51:47.000Z", "name": "Anto Patrex", "description": "Building \u2018Cursor for robotics\u2019 @Cosmicbrainai \ud83c\uddfa\ud83c\uddf8\ud83c\uddfa\ud83c\uddf8 ~ @xai @nasa @stanford", "username": "antopatrex1", "verified": false}, {"id": "1604863807574212611", "public_metrics": {"followers_count": 52391, "following_count": 0, "tweet_count": 12617, "listed_count": 306, "like_count": 19505, "media_count": 5492}, "created_at": "2022-12-19T15:38:51.000Z", "name": "Tech Dev Notes", "description": "Notes on tech | https://t.co/L0xyXaUV2y", "username": "techdevnotes", "verified": false, "pinned_tweet_id": "1990502867967570423"}, {"id": "1084924525232513025", "public_metrics": {"followers_count": 153014, "following_count": 159, "tweet_count": 4876, "listed_count": 841, "like_count": 913, "media_count": 2533}, "location": "State of Tennessee", "created_at": "2019-01-14T21:25:38.000Z", "name": "Gov. Bill Lee", "description": "50th Governor of Tennessee", "username": "GovBillLee", "verified": true, "pinned_tweet_id": "1940082190676893985"}, {"id": "278145569", "public_metrics": {"followers_count": 1568849, "following_count": 2048, "tweet_count": 23911, "listed_count": 5023, "like_count": 2323, "media_count": 5104}, "location": "Brentwood, TN", "created_at": "2011-04-06T18:05:33.000Z", "name": "Sen. Marsha Blackburn", "description": "I am honored to serve the people of Tennessee.", "username": "MarshaBlackburn", "verified": true}, {"id": "261066736", "public_metrics": {"followers_count": 6945, "following_count": 670, "tweet_count": 7992, "listed_count": 8, "like_count": 23317, "media_count": 671}, "location": "Burlison, TN", "created_at": "2011-03-05T04:52:30.000Z", "name": "Brandon Kyle Hanks", "description": "https://t.co/zJ2Dgzy6A2 https://t.co/8WF53os9oh https://t.co/f8mTpuoEjI", "username": "Brandon_K_Hanks", "verified": false}, {"id": "1863271160747610112", "public_metrics": {"followers_count": 1461333, "following_count": 315, "tweet_count": 725, "listed_count": 2302, "like_count": 6393, "media_count": 67}, "created_at": "2024-12-01T17:17:27.000Z", "name": "Kash Patel", "description": "Fmr Chief of Staff @DeptofDefense, Dep. Dir. of Nat\u2019l Intel, Led Russia Gate probe. Fmr public defender. Founder, Kash Foundation. Fmr DOJ Pros. #GG", "username": "Kash_Patel", "verified": true}, {"id": "1092693586263457792", "public_metrics": {"followers_count": 93467, "following_count": 741, "tweet_count": 2197, "listed_count": 1072, "like_count": 7210, "media_count": 397}, "created_at": "2019-02-05T07:57:07.000Z", "name": "Greg Yang", "description": "xai cofounder.\nmake america grok again.\nmake       x        great again.", "username": "TheGregYang", "verified": false, "pinned_tweet_id": "1679168317897211910"}, {"id": "59163389", "public_metrics": {"followers_count": 262, "following_count": 578, "tweet_count": 1961, "listed_count": 4, "like_count": 9223, "media_count": 213}, "location": "Memphis, TN", "created_at": "2009-07-22T16:00:12.000Z", "name": "Christian Kauffman", "description": "", "username": "Mck1991", "verified": false}, {"id": "18208354", "public_metrics": {"followers_count": 15414795, "following_count": 3969, "tweet_count": 45814, "listed_count": 27683, "like_count": 859, "media_count": 4272}, "created_at": "2008-12-18T04:01:47.000Z", "name": "Joe Rogan", "description": "Dragon Believer", "username": "joerogan", "verified": false, "pinned_tweet_id": "1851117181964046431"}, {"id": "478650998", "public_metrics": {"followers_count": 217914, "following_count": 2292, "tweet_count": 27324, "listed_count": 660, "like_count": 56666, "media_count": 7400}, "location": "Shanghai, People's Republic of", "created_at": "2012-01-30T14:28:01.000Z", "name": "The Wonton Don", "description": "@barstoolsports foreign correspondent | Crab Rangoon Chef | Cultural Cosmonaut. IG : thewontondon", "username": "DonnieDoesWorld", "verified": false, "pinned_tweet_id": "1993482326966436180"}, {"id": "1780659071601012736", "public_metrics": {"followers_count": 2214, "following_count": 154, "tweet_count": 152, "listed_count": 47, "like_count": 297, "media_count": 2}, "created_at": "2024-04-17T18:06:33.000Z", "name": "Rob Keele", "description": "GC @skydio. ML/AI & aerospace lawyer, used to lead legal @xai. Humanist in an infinite loop of being impressed by, and disappointed by, humans. Opinions my own.", "username": "keelelaw_io", "verified": false}, {"id": "2300690840", "public_metrics": {"followers_count": 832, "following_count": 235, "tweet_count": 38, "listed_count": 23, "like_count": 49, "media_count": 0}, "created_at": "2014-01-20T03:26:25.000Z", "name": "Pablo Mendoza", "description": "", "username": "pablo_pensees", "verified": false}, {"id": "1264901941", "public_metrics": {"followers_count": 16711, "following_count": 1201, "tweet_count": 4277, "listed_count": 205, "like_count": 13069, "media_count": 907}, "location": "San Francisco, CA", "created_at": "2013-03-13T16:37:56.000Z", "name": "Mati Roy", "description": "CTO at @askaichamp - expert data for AI training | ex OpenAI, xAI \ud83e\udd16", "username": "matiroy", "verified": false, "pinned_tweet_id": "1941861869196611647"}, {"id": "1023014000", "public_metrics": {"followers_count": 48307, "following_count": 572, "tweet_count": 771, "listed_count": 715, "like_count": 3736, "media_count": 90}, "location": "London, UK", "created_at": "2012-12-19T22:26:25.000Z", "name": "Toby Pohlen", "description": "Founding member @xAI. Previously @GoogleDeepMind. @RWTH alumnus.", "username": "TobyPhln", "verified": false}, {"id": "3339261074", "public_metrics": {"followers_count": 115115, "following_count": 159, "tweet_count": 3860, "listed_count": 837, "like_count": 1359, "media_count": 480}, "location": "California, USA", "created_at": "2015-08-25T16:47:18.000Z", "name": "Pat Gelsinger", "description": "Values are most enduring thing leaders create. Engineering pioneer, proud grandfather, philanthropist, Christian, farm boy at heart.", "username": "PGelsinger", "verified": false}], "meta": {"result_count": 100, "next_token": "8418OI3EUCR1IZZZ"}}