{"data": [{"pinned_tweet_id": "1984682700960383309", "name": "yujin", "created_at": "2025-07-24T15:34:11.000Z", "username": "wheresyujin", "description": "ham", "id": "1948406037255454720", "verified": false, "public_metrics": {"followers_count": 5201, "following_count": 0, "tweet_count": 62, "listed_count": 16, "like_count": 203, "media_count": 53}}, {"location": "San Francisco", "pinned_tweet_id": "1972139700044681416", "name": "seth", "created_at": "2014-12-27T00:06:39.000Z", "username": "sethsetse", "description": "cofounder @a0_dev (yc w25) | #1 tech twitter vibe poster | DJ | pink tesla owner", "id": "2942968859", "verified": false, "public_metrics": {"followers_count": 6963, "following_count": 1995, "tweet_count": 4465, "listed_count": 26, "like_count": 11983, "media_count": 718}}, {"pinned_tweet_id": "1761586619541344448", "name": "Rota", "created_at": "2017-07-13T13:56:55.000Z", "username": "pli_cachete", "description": "Behold, I Am Doing a New Thing", "id": "885498275696193536", "verified": false, "public_metrics": {"followers_count": 23350, "following_count": 3323, "tweet_count": 11999, "listed_count": 123, "like_count": 159221, "media_count": 1228}}, {"location": "SF", "pinned_tweet_id": "1933643181993963842", "name": "Nick Linck", "created_at": "2012-03-24T22:17:01.000Z", "username": "nick_linck", "description": "moving people up maslow\u2019s hierarchy with @theResidency \n\nprev: ai @ ibm research + \ud83d\udc68\u200d\ud83c\udf93 umich + zfellows", "id": "535848045", "verified": false, "public_metrics": {"followers_count": 5785, "following_count": 1654, "tweet_count": 3528, "listed_count": 40, "like_count": 8733, "media_count": 235}}, {"location": "nyc", "name": "mephisto", "created_at": "2020-09-21T03:55:37.000Z", "username": "karan4d", "description": "head of behavior & cofounder @nousresearch", "id": "1307891177572782080", "verified": false, "public_metrics": {"followers_count": 22499, "following_count": 2458, "tweet_count": 24275, "listed_count": 458, "like_count": 43426, "media_count": 2188}}, {"name": "sarah", "created_at": "2012-07-17T00:53:07.000Z", "username": "atheorist", "description": "solve physics - my views evolve - optimist", "id": "700083331", "verified": false, "public_metrics": {"followers_count": 10966, "following_count": 1786, "tweet_count": 3264, "listed_count": 48, "like_count": 46083, "media_count": 106}}, {"location": "Tokyo, Japan", "pinned_tweet_id": "1823178623513239992", "name": "Sakana AI", "created_at": "2010-11-23T10:20:07.000Z", "username": "SakanaAILabs", "description": "We are building a world class AI R&D company in Tokyo. We want to develop AI solutions for Japan\u2019s needs, and democratize AI in Japan. https://t.co/1q07mb3TzE", "id": "218811492", "verified": true, "public_metrics": {"followers_count": 57453, "following_count": 0, "tweet_count": 691, "listed_count": 729, "like_count": 1, "media_count": 263}}, {"location": "Pittsburgh, PA", "name": "Luis von Ahn", "created_at": "2007-08-23T12:55:10.000Z", "username": "LuisvonAhn", "description": "CEO & co-founder of @duolingo. Invented reCAPTCHA. MacArthur Fellow. Former computer science professor at Carnegie Mellon. Proud Guatemalan. @LvA_Foundation.", "id": "8381682", "verified": false, "public_metrics": {"followers_count": 174766, "following_count": 123, "tweet_count": 1762, "listed_count": 1156, "like_count": 1415, "media_count": 152}}, {"location": "San Francisco", "pinned_tweet_id": "1988089285699137640", "name": "Abdullah Nauman", "created_at": "2017-12-25T16:36:59.000Z", "username": "_AbdullahNauman", "description": "cofounder @_claybird | in a few months, every video ad you see will be made just for you", "id": "945332556584628224", "verified": false, "public_metrics": {"followers_count": 1387, "following_count": 894, "tweet_count": 1140, "listed_count": 10, "like_count": 2676, "media_count": 50}}, {"pinned_tweet_id": "1942402159879823840", "name": "Miller Murray", "created_at": "2012-08-07T01:28:48.000Z", "username": "MillerMurray", "description": "Ads & Apps | ex-@X, current: @samsung", "id": "741866810", "verified": false, "public_metrics": {"followers_count": 96, "following_count": 320, "tweet_count": 110, "listed_count": 2, "like_count": 567, "media_count": 4}}, {"location": "San Francisco, CA", "name": "ahmad khan", "created_at": "2021-04-20T17:39:41.000Z", "username": "khan_ahmad12", "description": "Co-Founder @ Anytool (YC W26), Formerly @OpenAI @openmind_agi @moonvalley, Math Nerd @uwaterloo", "id": "1384562372723965958", "verified": false, "public_metrics": {"followers_count": 653, "following_count": 1498, "tweet_count": 636, "listed_count": 5, "like_count": 954, "media_count": 30}}, {"location": "California", "pinned_tweet_id": "1989590126440452339", "name": "Jonathan Feng", "created_at": "2013-06-05T04:43:59.000Z", "username": "jonathan_feng", "description": "sales swiss army knife @xai", "id": "1484049996", "verified": false, "public_metrics": {"followers_count": 956, "following_count": 275, "tweet_count": 219, "listed_count": 20, "like_count": 1122, "media_count": 15}}, {"location": "Seattle, WA", "name": "Apoorva Krishnamurthy", "created_at": "2023-05-03T17:41:38.000Z", "username": "ApoorvaKrish", "description": "AI for security + secure AI \ud83e\udd16 Applied Research @Microsoft, MS CS @GeorgiaTech, prev: @Google, D. E. Shaw", "id": "1653817075117486080", "verified": false, "public_metrics": {"followers_count": 84, "following_count": 753, "tweet_count": 3, "listed_count": 0, "like_count": 1312, "media_count": 1}}, {"location": "sf", "name": "Jonathan Shobrook", "created_at": "2025-09-27T03:28:39.000Z", "username": "jshobrook", "description": "building @xai, prev. @hf0 (W23)", "id": "1971778932631654402", "verified": false, "public_metrics": {"followers_count": 122, "following_count": 372, "tweet_count": 7, "listed_count": 4, "like_count": 503, "media_count": 0}}, {"location": "Menlo Park", "pinned_tweet_id": "1842303505777951081", "name": "Abhijeet Awasthi @ NeurIPS", "created_at": "2013-07-07T19:45:32.000Z", "username": "awasthi_a_", "description": "AI Research Scientist @Meta\nFormerly: PhD @iitbombay,  @msftresearch,  @GoogleAI, @IITKgp", "id": "1575883890", "verified": false, "public_metrics": {"followers_count": 521, "following_count": 1011, "tweet_count": 745, "listed_count": 7, "like_count": 4798, "media_count": 19}}, {"location": "El Segundo, CA", "pinned_tweet_id": "1996631389769449615", "name": "henry", "created_at": "2023-05-04T20:26:15.000Z", "username": "kingofstrato", "description": "inventor with a killer instinct", "id": "1654220854010544128", "verified": false, "public_metrics": {"followers_count": 658, "following_count": 292, "tweet_count": 157, "listed_count": 7, "like_count": 1777, "media_count": 18}}, {"location": "San Francisco, CA", "pinned_tweet_id": "1981816418762146200", "name": "Quentin Romero Lauro", "created_at": "2014-08-10T19:06:18.000Z", "username": "Qromerolauro", "description": "Co-Founder & CEO at Inspector (YC F25); previously @character_ai @Berkeley_EECS @cmuhcii", "id": "2722244400", "verified": false, "public_metrics": {"followers_count": 852, "following_count": 710, "tweet_count": 274, "listed_count": 6, "like_count": 1711, "media_count": 51}}, {"location": "my 15\u00b0C bedroom ", "pinned_tweet_id": "1970939925811081695", "name": "aidanmao", "created_at": "2025-09-11T17:49:50.000Z", "username": "aidanyuminy", "description": "building stuff and things\n\ni do not interact with robots", "id": "1966197463825395712", "verified": false, "public_metrics": {"followers_count": 29, "following_count": 96, "tweet_count": 211, "listed_count": 0, "like_count": 289, "media_count": 6}}, {"name": "Stephen Ni", "created_at": "2022-08-07T22:22:09.000Z", "username": "stephen_turtles", "description": "building @getBluma (YC F25) | prev @Shopify", "id": "1556405306359422976", "verified": false, "public_metrics": {"followers_count": 155, "following_count": 44, "tweet_count": 6, "listed_count": 1, "like_count": 39, "media_count": 0}}, {"location": "San Francisco", "name": "Sasha Malysheva", "created_at": "2023-09-21T23:21:38.000Z", "username": "aimalysheva", "description": "https://t.co/vZIH2UUldZ founder, @southparkcommons founder fellow, PhD in RL | ex-DeepMind, Google X", "id": "1704999297643913216", "verified": false, "public_metrics": {"followers_count": 231, "following_count": 454, "tweet_count": 57, "listed_count": 2, "like_count": 1477, "media_count": 31}}, {"location": "san francisco", "pinned_tweet_id": "1970503694346264631", "name": "Daksh Gupta", "created_at": "2022-08-29T17:24:41.000Z", "username": "dakshgup", "description": "ceo @greptile", "id": "1564302974217687041", "verified": false, "public_metrics": {"followers_count": 13645, "following_count": 819, "tweet_count": 2684, "listed_count": 67, "like_count": 6949, "media_count": 334}}, {"location": "Mountain View, CA, USA", "name": "Nazneen Rajani \u2708\ufe0fNeurIPS '25 \u2708\ufe0f", "created_at": "2008-06-12T12:14:28.000Z", "username": "nazneenrajani", "description": "building @collinearAI \ud83e\uddea | MIT 35u35 | UN AI Advisory Body | Featured in NYT, Quanta, Science, MIT TR| Previously: @huggingface \ud83e\udd17, @SFResearch, PhD @utcompsci", "id": "15095910", "verified": false, "public_metrics": {"followers_count": 5302, "following_count": 2091, "tweet_count": 3479, "listed_count": 84, "like_count": 10407, "media_count": 168}}, {"pinned_tweet_id": "1797754809342406870", "name": "SellRaze", "created_at": "2020-08-05T16:29:28.000Z", "username": "SellRaze", "description": "Sell your items using just a picture. Track inventory across your favorite marketplaces, all in one place. \u2709\ufe0f info@sellraze.com", "id": "1291048617428619264", "verified": false, "public_metrics": {"followers_count": 4305, "following_count": 2, "tweet_count": 20, "listed_count": 6, "like_count": 22, "media_count": 8}}, {"location": "Paris", "pinned_tweet_id": "1986177621357691263", "name": "Ariel", "created_at": "2011-11-11T20:03:52.000Z", "username": "redtachyon", "description": "p/hd | Big RL energy | soon-to-be-ex-Meta | Prev. lead maintainer of Gym(nasium)", "id": "410212936", "verified": false, "public_metrics": {"followers_count": 3743, "following_count": 238, "tweet_count": 2030, "listed_count": 30, "like_count": 3027, "media_count": 200}}, {"location": "San Francisco, CA", "name": "Jon Chu // Khosla Ventures", "created_at": "2009-06-13T05:01:33.000Z", "username": "jonchu", "description": "Partner @ KV, 2x founder, OG @ PLTR, OPEN, Docker, ML @ Meta // Investor in Sakana, Databricks, Anthropic, Figma, Bun, Runlayer, Coframe, General Agents++", "id": "46830596", "verified": false, "public_metrics": {"followers_count": 8947, "following_count": 516, "tweet_count": 2605, "listed_count": 0, "like_count": 1178, "media_count": 33}}, {"location": "San Francisco, CA", "pinned_tweet_id": "1985858474123940112", "name": "Sri Malireddi", "created_at": "2024-04-11T14:32:27.000Z", "username": "srimalireddi", "description": "Building real-time semantic search for Conversational AI - @usemoss (YC F25)", "id": "1778430826331643905", "verified": false, "public_metrics": {"followers_count": 446, "following_count": 327, "tweet_count": 110, "listed_count": 4, "like_count": 160, "media_count": 7}}, {"pinned_tweet_id": "1919992325993910746", "name": "youssef", "created_at": "2015-07-28T23:31:21.000Z", "username": "tripz_cs", "description": "developer & esports player\n3x lan winner\n@thisisteamexe\nhttps://t.co/n8lPPNMFPX\nhttps://t.co/n2DXPzv9i6", "id": "3299901822", "verified": false, "public_metrics": {"followers_count": 1976, "following_count": 704, "tweet_count": 8377, "listed_count": 7, "like_count": 7116, "media_count": 501}}, {"location": "San Francisco, CA", "name": "Lucas Mantovani", "created_at": "2025-01-25T15:36:38.000Z", "username": "lrmantovani_", "description": "Founder @Velvet_Videos (YCF25). Former Meta FAIR.", "id": "1883177057477402624", "verified": false, "public_metrics": {"followers_count": 193, "following_count": 362, "tweet_count": 17, "listed_count": 1, "like_count": 6010, "media_count": 1}}, {"pinned_tweet_id": "1965914982622822678", "name": "VERITAS", "created_at": "2025-08-15T02:18:51.000Z", "username": "veritaschips", "description": "Luxury goods. Verified.\n\nBacked by (TBA), (TBA), & (TBA)", "id": "1956178706948612100", "verified": true, "public_metrics": {"followers_count": 459, "following_count": 0, "tweet_count": 181, "listed_count": 4, "like_count": 649, "media_count": 17}}, {"pinned_tweet_id": "1841389584804163881", "name": "parth", "created_at": "2017-01-11T01:25:52.000Z", "username": "parth220", "description": "Spiritual Ronin | agent whisperer @hud_evals, yc w25, human @earth | \ud83d\udc68\ud83c\udffd\u200d\ud83d\udcbb\u26a1\ufe0f\ud83c\udf31", "id": "818992288726745088", "verified": false, "public_metrics": {"followers_count": 1556, "following_count": 1378, "tweet_count": 1425, "listed_count": 11, "like_count": 22631, "media_count": 141}}, {"pinned_tweet_id": "1985549116504752464", "name": "Alison Chen", "created_at": "2025-09-03T17:31:37.000Z", "username": "AlisonChen56187", "description": "Exploring startups l Product Manager", "id": "1963293768515264512", "verified": false, "public_metrics": {"followers_count": 2228, "following_count": 181, "tweet_count": 151, "listed_count": 2, "like_count": 380, "media_count": 42}}, {"location": "Boston, MA", "name": "Andre Kirby", "created_at": "2023-10-15T23:53:52.000Z", "username": "andrefkirby", "description": "investing early @GenesisFundBOS", "id": "1713704724229140480", "verified": false, "public_metrics": {"followers_count": 180, "following_count": 429, "tweet_count": 43, "listed_count": 0, "like_count": 556, "media_count": 1}}, {"location": "San Francisco, CA", "name": "Yuri Sagalov", "created_at": "2008-04-27T23:40:35.000Z", "username": "yuris", "description": "Dad, husband, brother, son, friend, founder, investor (Supabase, Legora, DecagonAI,+++). \n\nMD @GeneralCatalyst. Previously @WayfinderVC @YCombinator.", "id": "14562935", "verified": false, "public_metrics": {"followers_count": 26457, "following_count": 633, "tweet_count": 10503, "listed_count": 414, "like_count": 22651, "media_count": 1449}}, {"location": "New York, NY", "name": "Vamsi Varanasi", "created_at": "2012-12-19T12:55:53.000Z", "username": "feynmanpoint", "description": "biophysical theory @princeton & AI x science @southpkcommons // fmrly @soraidinc (acq. by @clear) @stanford", "id": "1022028986", "verified": false, "public_metrics": {"followers_count": 182, "following_count": 411, "tweet_count": 80, "listed_count": 2, "like_count": 422, "media_count": 2}}, {"pinned_tweet_id": "1898144704077652443", "name": "sathvik", "created_at": "2021-01-27T23:55:39.000Z", "username": "vikvang1", "description": "scout @aforevc | prev @perplexity_ai @startupxchange", "id": "1354578798331785217", "verified": false, "public_metrics": {"followers_count": 3924, "following_count": 1202, "tweet_count": 908, "listed_count": 17, "like_count": 2424, "media_count": 161}}, {"location": "Boston, MA", "pinned_tweet_id": "1441099246623621126", "name": "Julian", "created_at": "2016-02-28T21:47:23.000Z", "username": "Ju1ianZ", "description": "Co-founder & COO @Neuroptima | Big productivity guy | Contact: julian@neuroptima.com", "id": "704060353416658944", "verified": false, "public_metrics": {"followers_count": 674, "following_count": 503, "tweet_count": 3196, "listed_count": 1, "like_count": 28034, "media_count": 186}}, {"location": "San Francisco, CA", "pinned_tweet_id": "1975111958497284346", "name": "Toni Lopez", "created_at": "2011-12-24T17:25:18.000Z", "username": "tonilopezmr", "description": "Karumi (YC F25)\n\nhttps://t.co/cGBhIMh2w4", "id": "445643755", "verified": false, "public_metrics": {"followers_count": 3287, "following_count": 1130, "tweet_count": 5776, "listed_count": 42, "like_count": 4333, "media_count": 618}}, {"location": "Charleston, SC", "pinned_tweet_id": "1968931159892533662", "name": "Nate Matherson", "created_at": "2014-05-28T02:43:49.000Z", "username": "NateMatherson", "description": "Head of Growth @numeral | 2-time YC founder, investor in 130+ startups", "id": "2528893699", "verified": false, "public_metrics": {"followers_count": 2695, "following_count": 743, "tweet_count": 2351, "listed_count": 41, "like_count": 4926, "media_count": 438}}, {"location": "sf", "name": "ryan", "created_at": "2023-04-13T00:27:57.000Z", "username": "sidequestryan", "description": "launch videos\n@fdotinc", "id": "1646309135854759946", "verified": false, "public_metrics": {"followers_count": 391, "following_count": 522, "tweet_count": 201, "listed_count": 4, "like_count": 1774, "media_count": 29}}, {"name": "Brandon Saw", "created_at": "2010-10-27T00:32:23.000Z", "username": "brdnsaw", "description": "something new in \ud83c\udfae ex: dir of product @100thieves, @angellist, @bessemervp, @penn", "id": "208285085", "verified": false, "public_metrics": {"followers_count": 577, "following_count": 1176, "tweet_count": 105, "listed_count": 27, "like_count": 3368, "media_count": 3}}, {"location": "de_dust2", "pinned_tweet_id": "1866292277062070527", "name": "Alex Lin", "created_at": "2017-01-30T23:57:20.000Z", "username": "alexlin", "description": "founder @joinstacked, a new creator membership platform | @valhalla", "id": "826217765849616385", "verified": false, "public_metrics": {"followers_count": 27151, "following_count": 3323, "tweet_count": 4354, "listed_count": 96, "like_count": 45878, "media_count": 486}}, {"pinned_tweet_id": "1986679932572082501", "name": "Ankit DP", "created_at": "2024-10-25T17:03:33.000Z", "username": "ankitdp_", "description": "Product Lead @ Microsoft AI. x-Deepmind & creator of Gemini Canvas", "id": "1849859263696601099", "verified": false, "public_metrics": {"followers_count": 919, "following_count": 295, "tweet_count": 612, "listed_count": 24, "like_count": 956, "media_count": 37}}, {"location": "San Francisco, CA", "pinned_tweet_id": "1901296271673233548", "name": "ronin", "created_at": "2011-02-05T07:52:44.000Z", "username": "seatedro", "description": "i dabble in some programming @ExaAILabs", "id": "247652246", "verified": false, "public_metrics": {"followers_count": 13877, "following_count": 600, "tweet_count": 19953, "listed_count": 130, "like_count": 49445, "media_count": 2791}}, {"location": "New York, USA", "pinned_tweet_id": "1677040728386486272", "name": "Dillon Erb", "created_at": "2010-08-08T20:02:26.000Z", "username": "dlnrb", "description": "building something new @ Autonomous Technologies Group \u2014 prev: CEO / co-founder @hellopaperspace (acquired by @digitalocean)", "id": "176175447", "verified": false, "public_metrics": {"followers_count": 539, "following_count": 1026, "tweet_count": 313, "listed_count": 23, "like_count": 1443, "media_count": 7}}, {"name": "Aru", "created_at": "2023-03-18T21:35:23.000Z", "username": "aquaticaru", "description": "@slashyai (YC S25)", "id": "1637206049991151620", "verified": false, "public_metrics": {"followers_count": 462, "following_count": 968, "tweet_count": 1598, "listed_count": 1, "like_count": 1763, "media_count": 294}}, {"location": "Atlanta, Georgia", "name": "Yamil", "created_at": "2017-02-27T13:47:23.000Z", "username": "yamilqs", "description": "\ud83c\uddf5\ud83c\uddea | Founder @gthackerhouse | Building apps | Learning languages | CS @georgiatech", "id": "836211126270582785", "verified": false, "public_metrics": {"followers_count": 157, "following_count": 741, "tweet_count": 277, "listed_count": 0, "like_count": 732, "media_count": 30}}, {"location": "San Francisco, CA", "pinned_tweet_id": "1986463874435178651", "name": "Nadav Shanun", "created_at": "2025-01-14T20:44:59.000Z", "username": "Cookiesarefunnn", "description": "San Fran, Prev @nasa @ycombinator @DeptofWar, 1 exit. Building a way to download your brain https://t.co/WTkhqtw3dZ", "id": "1879268454433488896", "verified": false, "public_metrics": {"followers_count": 1587, "following_count": 1685, "tweet_count": 321, "listed_count": 5, "like_count": 27806, "media_count": 56}}, {"location": "sf", "name": "anprim", "created_at": "2006-10-18T20:47:42.000Z", "username": "4nprim", "description": "every day is wonderful", "id": "9424", "verified": false, "public_metrics": {"followers_count": 51, "following_count": 77, "tweet_count": 97, "listed_count": 3, "like_count": 6, "media_count": 0}}, {"location": "Stanford", "pinned_tweet_id": "1617979122625712128", "name": "Andrej Karpathy", "created_at": "2009-04-21T06:49:15.000Z", "username": "karpathy", "description": "Building @EurekaLabsAI. Previously Director of AI @ Tesla, founding team @ OpenAI, CS231n/PhD @ Stanford. I like to train large deep neural nets.", "id": "33836629", "verified": false, "public_metrics": {"followers_count": 1502798, "following_count": 1031, "tweet_count": 9852, "listed_count": 18811, "like_count": 21014, "media_count": 834}}, {"location": "San Francisco, CA", "pinned_tweet_id": "1006247734691545089", "name": "Alec Radford", "created_at": "2012-10-23T00:51:38.000Z", "username": "AlecRad", "description": "ML developer/researcher at OpenAI", "id": "898805695", "verified": false, "public_metrics": {"followers_count": 60367, "following_count": 298, "tweet_count": 560, "listed_count": 1331, "like_count": 481, "media_count": 76}}, {"location": "London", "name": "Shane Legg", "created_at": "2009-05-02T18:39:09.000Z", "username": "ShaneLegg", "description": "Co-founder and Chief AGI Scientist, Google DeepMind", "id": "37254334", "verified": false, "public_metrics": {"followers_count": 60957, "following_count": 58, "tweet_count": 459, "listed_count": 1317, "like_count": 1701, "media_count": 17}}, {"location": "San Francisco ", "name": "Arnav Sahu", "created_at": "2014-09-02T03:29:11.000Z", "username": "arnavsahu341", "description": "Partner @peakxvpartners (fka Sequoia India) in the Bay Area. \nWorked at @ycombinator, @sparkcapital, @appdynamics, @blackstone @wolfia_app. Always the underdog.", "id": "2785103736", "verified": false, "public_metrics": {"followers_count": 5347, "following_count": 857, "tweet_count": 2227, "listed_count": 33, "like_count": 3239, "media_count": 35}}, {"location": "San Francisco", "pinned_tweet_id": "1907664149238186461", "name": "Sean Cai", "created_at": "2022-06-14T06:53:49.000Z", "username": "SeanZCai", "description": "lukewarm takes & excited accountability\n\nSubstack at: https://t.co/L2tbAjjyls", "id": "1536602743254618112", "verified": false, "public_metrics": {"followers_count": 1049, "following_count": 155, "tweet_count": 143, "listed_count": 5, "like_count": 150, "media_count": 11}}, {"location": "sf", "name": "Daniel Rupawalla", "created_at": "2025-05-22T17:19:10.000Z", "username": "rupawalladaniel", "description": "data | prev. acq by US News / ex-YC", "id": "1925602299789156352", "verified": false, "public_metrics": {"followers_count": 650, "following_count": 797, "tweet_count": 355, "listed_count": 4, "like_count": 1144, "media_count": 43}}, {"location": "sf", "name": "Abhijay Rana", "created_at": "2022-01-17T16:16:22.000Z", "username": "abhijaymrana", "description": "elucidating LMs | was @ucberkeley @ycombinator (s25)", "id": "1483110929109708801", "verified": false, "public_metrics": {"followers_count": 413, "following_count": 376, "tweet_count": 382, "listed_count": 3, "like_count": 1961, "media_count": 49}}, {"location": "San Francisco, CA", "name": "Avi Konduru", "created_at": "2014-09-04T22:55:35.000Z", "username": "avikonduru", "description": "Navigating @ Shor (YC S25) \ud83c\udf0a https://t.co/JuWbCAwIDJ", "id": "2790790531", "verified": false, "public_metrics": {"followers_count": 620, "following_count": 293, "tweet_count": 910, "listed_count": 2, "like_count": 1715, "media_count": 87}}, {"location": "Links \u2192", "name": "Brycent", "created_at": "2014-07-11T06:44:37.000Z", "username": "brycent", "description": "Creator VC, Streaming Venture & Startups Live on \u2192 https://t.co/f2EYw2dv49 | \nBuilding Early-Stage Startup Media @vesting_tv | \ud83d\udce7: hi@brycent.com", "id": "2697947171", "verified": false, "public_metrics": {"followers_count": 215323, "following_count": 5078, "tweet_count": 98050, "listed_count": 957, "like_count": 111959, "media_count": 4761}}, {"location": "San Francisco, California", "pinned_tweet_id": "1993779374630556017", "name": "Windsor Nguy\u1ec5n", "created_at": "2017-08-11T00:43:18.000Z", "username": "WindsorNguyen", "description": "Co-Founder & CTO @DedalusLabs\nPreviously @PrincetonCS, @ptonaialignment", "id": "895807803067072512", "verified": false, "public_metrics": {"followers_count": 820, "following_count": 1049, "tweet_count": 894, "listed_count": 3, "like_count": 7001, "media_count": 31}}, {"location": "Bay Area", "name": "Alex", "created_at": "2025-06-18T09:17:03.000Z", "username": "alexscraping", "description": "Making the internet machine readable at scale", "id": "1935265427141312514", "verified": false, "public_metrics": {"followers_count": 5696, "following_count": 551, "tweet_count": 96, "listed_count": 29, "like_count": 2702, "media_count": 6}}, {"location": "F \u2661", "pinned_tweet_id": "1991902253209518553", "name": "niki \u2661 \u8be9\u83f2", "created_at": "2019-09-22T18:00:22.000Z", "username": "lolz_niki", "description": "goofin\u2019 & gaffin\u2019 on https://t.co/6TdqhLrtMD", "id": "1175832196906725376", "verified": false, "public_metrics": {"followers_count": 42028, "following_count": 464, "tweet_count": 4434, "listed_count": 63, "like_count": 13969, "media_count": 208}}, {"location": "San Francisco", "pinned_tweet_id": "1983058532980465995", "name": "wen", "created_at": "2023-06-26T16:13:39.000Z", "username": "wen_rahme", "description": "Founder @MetorialAI (YC F25) | @NYUAbuDhabi '25 | building a \ud83e\udd84", "id": "1673363821338017793", "verified": false, "public_metrics": {"followers_count": 647, "following_count": 217, "tweet_count": 175, "listed_count": 5, "like_count": 339, "media_count": 38}}, {"name": "Standard Capital", "created_at": "2025-04-04T00:24:30.000Z", "username": "Standard_Cap", "description": "The AI-native Series A firm.", "id": "1907952192155475968", "verified": true, "public_metrics": {"followers_count": 6442, "following_count": 3, "tweet_count": 99, "listed_count": 29, "like_count": 475, "media_count": 2}}, {"location": "San Francisco, CA", "pinned_tweet_id": "1997140014166430068", "name": "Lisha", "created_at": "2013-05-13T22:14:12.000Z", "username": "lishali88", "description": "Building \ud83c\udf39 @rosebud_ai. Make games.\nPhD math/AI Berkeley \nI talk about physics on Tiktok https://t.co/XYaIkndTQa\n\ud83d\udc7c Angel investor: https://t.co/VMlOAnTC1j", "id": "1426476636", "verified": false, "public_metrics": {"followers_count": 17474, "following_count": 1162, "tweet_count": 3793, "listed_count": 544, "like_count": 33471, "media_count": 481}}, {"location": "Seattle, US", "pinned_tweet_id": "1663936258991853575", "name": "Nouha Dziri @NeurIPS25", "created_at": "2011-02-11T22:54:37.000Z", "username": "nouhadziri", "description": "Research Scientist @allen_ai, PhD in NLP \ud83e\udd16 UofA. Ex @GoogleDeepMind @MSFTResearch @MilaQuebec \ud83d\udea8\ud83d\udea8 my blogs about LLMs reasoning: https://t.co/zJCt9jdqKb", "id": "250846437", "verified": false, "public_metrics": {"followers_count": 5977, "following_count": 687, "tweet_count": 1076, "listed_count": 105, "like_count": 4675, "media_count": 168}}, {"location": "NYC", "name": "Jinseo Park", "created_at": "2022-10-09T07:23:12.000Z", "username": "64json", "description": "Co-Founder / CTO @ Flint", "id": "1579009522810597376", "verified": false, "public_metrics": {"followers_count": 140, "following_count": 61, "tweet_count": 3, "listed_count": 1, "like_count": 19, "media_count": 0}}, {"pinned_tweet_id": "1982475933711044609", "name": "Multifactor (YC F25)", "created_at": "2018-02-05T05:33:35.000Z", "username": "MultifactorCOM", "description": "We're redefining \"zero-trust\" for the agentic era.", "id": "960385895244341248", "verified": false, "public_metrics": {"followers_count": 318, "following_count": 89, "tweet_count": 115, "listed_count": 7, "like_count": 155, "media_count": 28}}, {"location": "San Francisco, CA", "pinned_tweet_id": "1981534567216640476", "name": "Michelle Julia", "created_at": "2019-06-07T19:58:34.000Z", "username": "howdymj", "description": "stanford ai / youngest patent holder @ apple", "id": "1137086467728035840", "verified": false, "public_metrics": {"followers_count": 2102, "following_count": 160, "tweet_count": 843, "listed_count": 7, "like_count": 1174, "media_count": 83}}, {"name": "Kshitij", "created_at": "2023-05-30T16:21:05.000Z", "username": "KshitijTeotia", "description": "eecs @ berkeley | builder", "id": "1663581112613093378", "verified": false, "public_metrics": {"followers_count": 118, "following_count": 155, "tweet_count": 58, "listed_count": 0, "like_count": 1085, "media_count": 13}}, {"location": "San Francisco, CA", "name": "Ayush Jaiswal", "created_at": "2014-12-13T18:20:54.000Z", "username": "ayushjaiswal", "description": "Founder mode @xai", "id": "2928857970", "verified": false, "public_metrics": {"followers_count": 28905, "following_count": 2987, "tweet_count": 7381, "listed_count": 181, "like_count": 12954, "media_count": 1016}}, {"pinned_tweet_id": "1991979559940767938", "name": "Handle Marketplace", "created_at": "2025-10-18T22:36:50.000Z", "username": "XHandles", "description": "Explore and request inactive X handles. Now available to all Premium+ and Premium Business Full Access members.", "id": "1979678011843883008", "verified": true, "public_metrics": {"followers_count": 28835, "following_count": 1, "tweet_count": 301, "listed_count": 78, "like_count": 342, "media_count": 4}}, {"location": "San Francisco", "pinned_tweet_id": "1993781749906858413", "name": "gabriel", "created_at": "2019-03-02T20:29:12.000Z", "username": "GabrielPeterss4", "description": "sora research at @OpenAI, previously at midjourney, swedish high school dropout", "id": "1101942551349731335", "verified": false, "public_metrics": {"followers_count": 60924, "following_count": 570, "tweet_count": 5791, "listed_count": 462, "like_count": 15388, "media_count": 220}}, {"location": "San Francisco, CA", "name": "EO", "created_at": "2022-11-11T08:19:41.000Z", "username": "eostudi0", "description": "Real Interviews with Founders and VCs \ud83d\udce8 business: partner@eoeoeo.net", "id": "1590982181588848641", "verified": false, "public_metrics": {"followers_count": 1379, "following_count": 1315, "tweet_count": 161, "listed_count": 10, "like_count": 306, "media_count": 85}}, {"location": "new york", "name": "Shayne Coplan \ud83e\udd85", "created_at": "2015-08-29T00:04:15.000Z", "username": "shayne_coplan", "description": "CEO @Polymarket. Ethereum since \u201914. I love music and collect art.", "id": "3474685637", "verified": false, "public_metrics": {"followers_count": 150758, "following_count": 807, "tweet_count": 1152, "listed_count": 1181, "like_count": 43511, "media_count": 60}}, {"location": "NY", "pinned_tweet_id": "1993348457269231883", "name": "Scyfyyy", "created_at": "2021-01-06T23:58:54.000Z", "username": "scyfyyy", "description": "#1 Femboy NA | \ud83c\uddf0\ud83c\uddf7 18 | https://t.co/SIbsdwpVXt", "id": "1346969469827088385", "verified": false, "public_metrics": {"followers_count": 316, "following_count": 37, "tweet_count": 43, "listed_count": 0, "like_count": 178, "media_count": 16}}, {"location": "San Francisco, USA", "pinned_tweet_id": "1948813582936031330", "name": "Abdulla", "created_at": "2021-12-10T08:29:49.000Z", "username": "abdullaababakre", "description": "Uyghur | CEO @interviewcoder | Destroying leetcode", "id": "1469222769632038915", "verified": false, "public_metrics": {"followers_count": 3549, "following_count": 1720, "tweet_count": 3880, "listed_count": 13, "like_count": 8324, "media_count": 427}}, {"location": "Bay Area (Oakland!)  ", "pinned_tweet_id": "1578442859828518912", "name": "Danielle Strachman \ud83d\udc97 \ud83d\udc08 \ud83d\udc83 \ud83e\udeb4 \ud83c\udfb8 \ud83c\udfa8 \ud83d\udc15", "created_at": "2008-04-27T18:15:47.000Z", "username": "DStrachman", "description": "Bringing freedom & autonomy to young people. Built @thielfellowship and @1517fund. First investor @luminartech @lambdaAPI @loom @Mach_Industries @RainmakerCorp", "id": "14560214", "verified": false, "public_metrics": {"followers_count": 23659, "following_count": 4438, "tweet_count": 23671, "listed_count": 324, "like_count": 83828, "media_count": 1138}}, {"pinned_tweet_id": "1985757310321360989", "name": "BabyyBaconator / Chantel", "created_at": "2020-06-28T06:19:09.000Z", "username": "BabyyBaconator", "description": "Twitch Partner: https://t.co/gri5oFiwen | Collab: babyybaconator@gmail.com \ud83c\udde8\ud83c\udde6 |", "id": "1277124290966687751", "verified": false, "public_metrics": {"followers_count": 2459, "following_count": 655, "tweet_count": 2458, "listed_count": 9, "like_count": 5368, "media_count": 590}}, {"location": "Zoom", "pinned_tweet_id": "1932144389914034419", "name": "Arfur Rock", "created_at": "2024-05-18T11:51:59.000Z", "username": "ArfurRock", "description": "anon GP at your favorite multi-stage VC // OS intel for the private markets", "id": "1791798850644021248", "verified": false, "public_metrics": {"followers_count": 37543, "following_count": 3675, "tweet_count": 771, "listed_count": 204, "like_count": 7681, "media_count": 137}}, {"location": "San Francisco, CA", "name": "Jeff Mao", "created_at": "2018-01-23T04:34:58.000Z", "username": "JeffMao_", "description": "Founder @SellRaze, dropout (@georgiatech), and 10x Kahoot world champ | @zfellows | @ycombinator", "id": "955660104187174912", "verified": false, "public_metrics": {"followers_count": 394, "following_count": 216, "tweet_count": 83, "listed_count": 2, "like_count": 953, "media_count": 14}}, {"location": "Palo Alto, CA", "pinned_tweet_id": "1955741698690322585", "name": "Igor Babuschkin", "created_at": "2020-02-28T02:25:13.000Z", "username": "ibab", "description": "Maybe the real ASI was the friends we made along the way. Co-founder @xAI, Research & Engineering", "id": "1233216503626924033", "verified": false, "public_metrics": {"followers_count": 103066, "following_count": 864, "tweet_count": 1083, "listed_count": 1201, "like_count": 4653, "media_count": 51}}, {"location": "Toronto, Ontario", "name": "Claire Cheng", "created_at": "2011-07-27T18:00:13.000Z", "username": "chengstaa", "description": "leading human data @cohereAI \ud83d\udc69\ud83c\udffb\u200d\ud83c\udf73", "id": "343518611", "verified": false, "public_metrics": {"followers_count": 592, "following_count": 726, "tweet_count": 109, "listed_count": 8, "like_count": 2605, "media_count": 6}}, {"pinned_tweet_id": "1963620509054374180", "name": "Varadh", "created_at": "2010-01-04T16:03:39.000Z", "username": "varadh", "description": "optimistic - prev built parts of broadcast, opendoor, polymail https://t.co/l518xYTzxT", "id": "101794844", "verified": false, "public_metrics": {"followers_count": 6784, "following_count": 6792, "tweet_count": 6371, "listed_count": 134, "like_count": 93824, "media_count": 437}}, {"location": "san diego baby", "name": "ricky", "created_at": "2018-06-27T15:42:46.000Z", "username": "drf0k", "description": "building an ai-interface to keep you active @stridan_app | cs @ucla | @nasa | @ hackerfund | backed by god", "id": "1011998277904941057", "verified": false, "public_metrics": {"followers_count": 315, "following_count": 527, "tweet_count": 2296, "listed_count": 0, "like_count": 121481, "media_count": 318}}, {"location": "San Francisco, CA", "name": "Alisa", "created_at": "2025-05-13T03:50:30.000Z", "username": "_alisawu", "description": "building @getBluma (YC F25) - prev swe @zoox - engineering @uwaterloo", "id": "1922137314412920832", "verified": false, "public_metrics": {"followers_count": 4421, "following_count": 515, "tweet_count": 538, "listed_count": 16, "like_count": 2304, "media_count": 35}}, {"location": "Palo Alto, CA", "pinned_tweet_id": "1994890529470124153", "name": "Oleg Kostour \ud83c\uddfa\ud83c\udde6", "created_at": "2009-06-14T23:16:24.000Z", "username": "OlegKostour", "description": "Kyiv-born founder of @coupleapp (10M installs, W12) & @AtlasGridAI (YC F25). Waterloo. Exits w/ @Dropbox & @Life360. Grew L360 from 3M to 90M MAU. My bad, Gen Z", "id": "47201498", "verified": false, "public_metrics": {"followers_count": 13208, "following_count": 6375, "tweet_count": 26732, "listed_count": 209, "like_count": 52689, "media_count": 3522}}, {"location": "dc: amarin1105", "pinned_tweet_id": "1985453679722279258", "name": "amarin", "created_at": "2024-12-27T03:28:36.000Z", "username": "amarin1105", "description": "\ud83c\uddf2\ud83c\uddf3 @DualityValorant \u2022 dev @ https://t.co/hCue2cPEYh \u2022 machine learning, applied maths, valorant, cs, kovaaks \u2022 0.01x engineer \u2022 @erkhesiin", "id": "1872484670857687040", "verified": false, "public_metrics": {"followers_count": 95, "following_count": 102, "tweet_count": 3267, "listed_count": 1, "like_count": 12076, "media_count": 532}}, {"location": "San Francisco", "pinned_tweet_id": "1966983728338800855", "name": "44ron", "created_at": "2024-09-30T20:44:14.000Z", "username": "44ron44", "description": "(\uff89\u25d5\u30ee\u25d5)\uff89*:\uff65\uff9fThe Technographer // I do it for the lore \u30ce( \u25d5_\u25d5\u30ce)", "id": "1840855091445977089", "verified": false, "public_metrics": {"followers_count": 524, "following_count": 400, "tweet_count": 647, "listed_count": 3, "like_count": 2582, "media_count": 51}}, {"name": "Daniel Kan", "created_at": "2009-06-29T21:25:24.000Z", "username": "danielkan", "description": "", "id": "52194809", "verified": false, "public_metrics": {"followers_count": 8005, "following_count": 80, "tweet_count": 259, "listed_count": 100, "like_count": 484, "media_count": 24}}, {"pinned_tweet_id": "1982596712503161125", "name": "Kevin Le", "created_at": "2025-08-08T23:38:19.000Z", "username": "xkevin_le", "description": "Building CHAD IDE https://t.co/Un7Ib9uiix (YC F25) | prev: Meta, YC(x2), UIUC", "id": "1953963934337445888", "verified": false, "public_metrics": {"followers_count": 1276, "following_count": 277, "tweet_count": 485, "listed_count": 10, "like_count": 802, "media_count": 83}}, {"pinned_tweet_id": "1957106216015925279", "name": "Bonnie", "created_at": "2022-08-15T01:09:04.000Z", "username": "bonniewords", "description": "\u02d9\u1d55\u02d9 LIVE: https://t.co/gs0WYXhuPZ \u2022 \u26c7\u2603\ufe0econtact: bonnie@unitedtalent.com \u2022 \u25c7 \u2022", "id": "1558984045329088512", "verified": false, "public_metrics": {"followers_count": 52112, "following_count": 516, "tweet_count": 363, "listed_count": 66, "like_count": 5122, "media_count": 27}}, {"location": "Tokyo-to, Japan", "name": "Yingtao Tian", "created_at": "2010-02-21T06:38:44.000Z", "username": "alanyttian", "description": "\u2191 profile picture is dreamed by Anime GAN /\ncooking computational and ML sauce at Sakana AI  / \nbefore: google {brain,deepmind} \u2190 stony brook u \u2190 fudan u", "id": "116117652", "verified": false, "public_metrics": {"followers_count": 3619, "following_count": 4960, "tweet_count": 3828, "listed_count": 67, "like_count": 9443, "media_count": 265}}, {"pinned_tweet_id": "1994073607350440423", "name": "Tanishq Abraham @ NeurIPS", "created_at": "2011-12-20T03:45:50.000Z", "username": "iScienceLuvr", "description": "CEO @SophontAI |\nFounder @MedARC_AI |\nPhD at 19 (2023) |\nex Research Director Stability AI | \nBiomed. engineer @ 14 |\nTEDx talk\u27a1https://t.co/xPxwKTq6Qb", "id": "441465751", "verified": false, "public_metrics": {"followers_count": 84561, "following_count": 1333, "tweet_count": 18914, "listed_count": 1254, "like_count": 111057, "media_count": 2647}}, {"pinned_tweet_id": "1989387788069081130", "name": "Sophont", "created_at": "2025-03-24T08:44:17.000Z", "username": "SophontAI", "description": "WE'RE HIRING! (see website) Multimodal foundation models are the future of medical AI, and medical AI is the future of healthcare.", "id": "1904091830142251008", "verified": false, "public_metrics": {"followers_count": 2726, "following_count": 17, "tweet_count": 67, "listed_count": 27, "like_count": 51, "media_count": 9}}, {"pinned_tweet_id": "1420079737100189708", "name": "eric cohen", "created_at": "2012-11-29T03:44:58.000Z", "username": "ericbluewatch", "description": "", "id": "977533789", "verified": false, "public_metrics": {"followers_count": 635, "following_count": 1967, "tweet_count": 556, "listed_count": 10, "like_count": 5287, "media_count": 2}}, {"location": "California, USA", "name": "Yuandong Tian", "created_at": "2009-12-19T17:18:23.000Z", "username": "tydsh", "description": "ex-Research Scientist Director in Meta FAIR. Reasoning, Optimization and Understanding LLM. Novelist in spare time. PhD in @CMU_Robotics.", "id": "97939183", "verified": false, "public_metrics": {"followers_count": 39514, "following_count": 913, "tweet_count": 1077, "listed_count": 349, "like_count": 2953, "media_count": 127}}, {"name": "sky", "created_at": "2024-03-23T18:12:46.000Z", "username": "skydotcs", "description": "fun guy", "id": "1771600890237198336", "verified": false, "public_metrics": {"followers_count": 8433, "following_count": 1214, "tweet_count": 13550, "listed_count": 48, "like_count": 53715, "media_count": 2511}}, {"location": "SF", "name": "Jiali", "created_at": "2019-10-14T18:56:39.000Z", "username": "jialiiiz", "description": "neuro phd building @try_soma (software that measures your brain).  prev @UniofOxford @NIH", "id": "1183818891526578177", "verified": false, "public_metrics": {"followers_count": 197, "following_count": 219, "tweet_count": 431, "listed_count": 0, "like_count": 616, "media_count": 49}}, {"location": "Atlanta", "pinned_tweet_id": "1993365227157528943", "name": "Anthony Peng", "created_at": "2021-01-07T19:51:23.000Z", "username": "RealAnthonyPeng", "description": "CS PhD @GeorgiaTech | Intern @Meta, @IBMResearch, @intel | Outcomes are what count; don\u2019t let good processes excuse bad results.", "id": "1347269569065451523", "verified": false, "public_metrics": {"followers_count": 494, "following_count": 1025, "tweet_count": 214, "listed_count": 12, "like_count": 533, "media_count": 40}}, {"location": "Tokyo, Japan", "name": "Kris Wu", "created_at": "2018-12-09T07:29:30.000Z", "username": "yh_kris", "description": "VLA Dev Team Lead @airoa_org | prev Research Scientist @nvidia | Ph.D. @UCSanDiego", "id": "1071668144027004928", "verified": false, "public_metrics": {"followers_count": 593, "following_count": 111, "tweet_count": 147, "listed_count": 11, "like_count": 1972, "media_count": 0}}, {"location": "priv @cynicaltouch", "pinned_tweet_id": "1996283869490798594", "name": "\u06df", "created_at": "2020-02-05T14:25:21.000Z", "username": "notunslee", "description": "\u571f perfection, much like fear, is unique to each of us. \u571f\n\n\ud83d\udc8d", "id": "1225062804136304641", "verified": false, "public_metrics": {"followers_count": 413, "following_count": 435, "tweet_count": 9610, "listed_count": 2, "like_count": 43391, "media_count": 1479}}], "meta": {"result_count": 100, "next_token": "7DIEMMIHNQFHIZZZ"}}