{"data": [{"name": "Derya Unutmaz, MD", "public_metrics": {"followers_count": 326653, "following_count": 7201, "tweet_count": 33325, "listed_count": 1075, "like_count": 80345, "media_count": 3395}, "username": "DeryaTR_", "verified": false, "description": "Professor, biomedical engineer & scientist, immunologist, longevity & cancer immunology. ALL IN ON AI &\ud83c\uddfa\ud83c\uddf8 Interests: BioAI, robotics, Space Scifi, Singularity", "pinned_tweet_id": "1994489739064570017", "created_at": "2020-02-13T23:26:42.000Z", "id": "1228098150012981249", "location": "Connecticut, USA"}, {"name": "The Librarian", "public_metrics": {"followers_count": 2283, "following_count": 106, "tweet_count": 645, "listed_count": 28, "like_count": 2216, "media_count": 77}, "username": "usvlibrarian", "verified": false, "description": "Chief AI Officer @USV. \n\nProgrammable Money\nProgrammable Energy\nProgrammable Intelligence\nProgrammable Biology", "pinned_tweet_id": "1983991090324570423", "created_at": "2024-05-10T18:57:49.000Z", "id": "1789006906868002817", "location": "New York"}, {"name": "Colin Camerer", "public_metrics": {"followers_count": 15931, "following_count": 2846, "tweet_count": 40523, "listed_count": 426, "like_count": 10730, "media_count": 1031}, "username": "CFCamerer", "verified": false, "description": "dad, behavioral & neuroeconomist", "created_at": "2012-08-20T06:09:31.000Z", "id": "768948493", "location": "Pasadena CA USA"}, {"name": "Sam Odio", "public_metrics": {"followers_count": 1408, "following_count": 136, "tweet_count": 1304, "listed_count": 97, "like_count": 96, "media_count": 49}, "username": "sodio", "verified": false, "description": "2x founder with 10 years of building user-centered ML/AI products.", "created_at": "2008-03-24T03:00:27.000Z", "id": "14205130", "location": "Seattle, WA"}, {"name": "\u24bf\u24d0\u24d2\u24da \u24bd\u24d8\u24d3\u24d0\u24e1\u24e8", "public_metrics": {"followers_count": 64378, "following_count": 8740, "tweet_count": 4932, "listed_count": 1189, "like_count": 3756, "media_count": 510}, "username": "jackhidary", "verified": false, "description": "Author of AI or DIE - A guide for leaders (coming out soon); and of Quantum Computing: An Applied Approach. CEO of @SandboxAQ, #AI and #Quantum.", "created_at": "2008-11-13T03:52:43.000Z", "id": "17356547", "location": "Josephson Junction"}, {"name": "R.91.129 | savannah", "public_metrics": {"followers_count": 3969, "following_count": 2184, "tweet_count": 442, "listed_count": 120, "like_count": 7414, "media_count": 107}, "username": "r91_129", "verified": false, "description": "cofounder & ceo @wideworlds_ai \u2736\u22c6\uff61\u00b0\u2729 prev @meta @magicleap @MIT @medialab. board @FilmgateMiami. building worlds, platforms & sustainable ecosystems for artists", "pinned_tweet_id": "1989151891192967523", "created_at": "2010-05-22T15:28:42.000Z", "id": "146874162", "location": "Los Angeles"}, {"name": "Shivam Bairoliya", "public_metrics": {"followers_count": 62, "following_count": 446, "tweet_count": 1, "listed_count": 0, "like_count": 358, "media_count": 0}, "username": "BairoliyaShivam", "verified": false, "description": "SWE @ Bloomberg | Purdue CS\u2019 22 | All opinions are my own", "created_at": "2019-07-29T22:28:02.000Z", "id": "1155968251308007424", "location": "New York, NY"}, {"name": "Synthetic_soul", "public_metrics": {"followers_count": 37408, "following_count": 191, "tweet_count": 1204, "listed_count": 344, "like_count": 3920, "media_count": 693}, "username": "Synthetic_Copy", "verified": false, "description": "designer/artist\ncrafted hallucinations of past, present, and future", "pinned_tweet_id": "1855085440342040848", "created_at": "2024-10-16T01:25:20.000Z", "id": "1846361722267095040", "location": "New York, USA"}, {"name": "gaut", "public_metrics": {"followers_count": 148267, "following_count": 1813, "tweet_count": 31470, "listed_count": 1572, "like_count": 71230, "media_count": 5140}, "username": "0xgaut", "verified": false, "description": "cofounder / core contributor @universaldotxyz", "created_at": "2011-03-07T05:02:51.000Z", "id": "262018615"}, {"name": "Wiley Jones @ DOSS", "public_metrics": {"followers_count": 1488, "following_count": 2540, "tweet_count": 11812, "listed_count": 26, "like_count": 9735, "media_count": 582}, "username": "wileycwj", "verified": false, "description": "(unironically) Father, husband, CEO. In search of whimsy. Socially doomscrolling, fiscally touching grass. Building @doss_hq.", "pinned_tweet_id": "1929570974103445913", "created_at": "2011-01-06T01:22:22.000Z", "id": "234590704", "location": "San Francisco, CA"}, {"name": "cat", "public_metrics": {"followers_count": 12486, "following_count": 3336, "tweet_count": 17884, "listed_count": 85, "like_count": 461503, "media_count": 944}, "username": "a_musingcat", "verified": false, "description": "research @ dexters laboratory for applied memetics. the storyteller takes it all.", "pinned_tweet_id": "1996997670603575801", "created_at": "2019-10-16T12:24:34.000Z", "id": "1184444946427928577", "location": "San Francisco, CA"}, {"name": "Sarah Chieng @ NeurIPS", "public_metrics": {"followers_count": 16639, "following_count": 1187, "tweet_count": 2011, "listed_count": 129, "like_count": 1086, "media_count": 205}, "username": "SarahChieng", "verified": false, "description": "\ud83c\udf1f @Cerebras\n\ud83c\udf1f prev. @ExaAiLabs, @shopthrifthouse @MIT\n\ud83c\udf1f @milksandmatcha on TikTok\n\nCurrently in SF | DMs Open", "pinned_tweet_id": "1976443693369544875", "created_at": "2022-03-11T18:52:48.000Z", "id": "1502356865794985986"}, {"name": "Sawyer Hood", "public_metrics": {"followers_count": 10331, "following_count": 1494, "tweet_count": 2461, "listed_count": 151, "like_count": 8599, "media_count": 435}, "username": "sawyerhood", "verified": false, "description": "Software Engineer that is building weird shit in public, latest projects: https://t.co/BM3vMEmAaQ and https://t.co/rQyv2zpSkj. Prev: @figma, @facebook.", "pinned_tweet_id": "1961435587766095883", "created_at": "2009-08-19T22:38:09.000Z", "id": "67145675", "location": "San Francisco, CA"}, {"name": "Brian Lovin", "public_metrics": {"followers_count": 66524, "following_count": 1835, "tweet_count": 26635, "listed_count": 1319, "like_count": 58307, "media_count": 1882}, "username": "brian_lovin", "verified": false, "description": "Product design @notionhq", "pinned_tweet_id": "1870211054887940479", "created_at": "2012-01-15T22:54:05.000Z", "id": "465068802", "location": "San Francisco"}, {"name": "Nathan Stoll", "public_metrics": {"followers_count": 1402, "following_count": 372, "tweet_count": 91, "listed_count": 46, "like_count": 186, "media_count": 2}, "username": "nathanstoll", "verified": false, "description": "Happiest on top of mountains.", "created_at": "2009-03-13T02:47:11.000Z", "id": "24111741", "location": "Pescadero & San Francisco, CA"}, {"name": "Taelin", "public_metrics": {"followers_count": 65002, "following_count": 2073, "tweet_count": 16800, "listed_count": 697, "like_count": 47572, "media_count": 888}, "username": "VictorTaelin", "verified": false, "description": "Kind / Bend / HVM / INets / \u03bbCalculus", "pinned_tweet_id": "1791213162525524076", "created_at": "2011-03-26T03:28:43.000Z", "id": "272239060", "location": "S\u00e3o Paulo"}, {"name": "Frank", "public_metrics": {"followers_count": 1423, "following_count": 835, "tweet_count": 1330, "listed_count": 17, "like_count": 3914, "media_count": 135}, "username": "frank_", "verified": false, "description": "The power of ideas.\nDesigning AI at @NotionHQ.\nNotion AI, Meeting Notes, more on the way.", "pinned_tweet_id": "1992638884371706016", "created_at": "2024-02-05T19:21:47.000Z", "id": "1754586083466391553", "location": "San Francisco, CA"}, {"name": "Paul Murphy", "public_metrics": {"followers_count": 19227, "following_count": 4701, "tweet_count": 7029, "listed_count": 315, "like_count": 75281, "media_count": 602}, "username": "paulbz", "verified": false, "description": "Partner at Lightspeed and former founder", "created_at": "2007-04-05T10:04:20.000Z", "id": "3506231", "location": "London / Madrid"}, {"name": "Miriam Rivera", "public_metrics": {"followers_count": 2669, "following_count": 822, "tweet_count": 2238, "listed_count": 74, "like_count": 2621, "media_count": 57}, "username": "miriamulu1", "verified": false, "description": "CEO and Managing Director Ulu Ventures. We support diverse early stage IT entrepreneurs. Kauffman Foundation BOD  @KauffmanFellows", "created_at": "2017-05-17T01:26:32.000Z", "id": "864653327371390976", "location": "Palo Alto, CA"}, {"name": "Andy Masley", "public_metrics": {"followers_count": 8127, "following_count": 2084, "tweet_count": 14078, "listed_count": 70, "like_count": 82434, "media_count": 1623}, "username": "AndyMasley", "verified": false, "description": "When the going gets weird the weird turn pro.\n\nDirector of EA DC.", "created_at": "2015-05-21T03:39:19.000Z", "id": "3221956309", "location": "Washington DC"}, {"name": "Chris Kennedy", "public_metrics": {"followers_count": 637, "following_count": 490, "tweet_count": 1569, "listed_count": 12, "like_count": 8390, "media_count": 50}, "username": "ChrisJKennedy", "verified": false, "description": "Geoeconomics for @Bloomberg Economics. Former @WhiteHouse, @StateDept, @GeorgeMasonU, Pappyland. Views my own.", "created_at": "2009-07-06T17:34:06.000Z", "id": "54272848", "location": "Washington, D.C."}, {"name": "Max Sapo", "public_metrics": {"followers_count": 539, "following_count": 703, "tweet_count": 758, "listed_count": 8, "like_count": 838, "media_count": 149}, "username": "MaxHappyverse", "verified": false, "description": "Co-Founder  & CEO @ Happyverse AI. Ex-Google TPU team & Etched. Stanford MBA/MS grad. Georgia Tech drop out. Dad.", "pinned_tweet_id": "1988412298994856301", "created_at": "2023-01-15T22:34:05.000Z", "id": "1614752758128869377", "location": "San Francisco, CA"}, {"name": "Richard", "public_metrics": {"followers_count": 371, "following_count": 31, "tweet_count": 6, "listed_count": 3, "like_count": 38, "media_count": 3}, "username": "ResearchNgo", "verified": false, "description": "More abstract/philosophical tweets by @richardmcngo", "created_at": "2025-11-03T03:27:25.000Z", "id": "1985186989940056064"}, {"name": "Build Canada", "public_metrics": {"followers_count": 10549, "following_count": 0, "tweet_count": 1329, "listed_count": 59, "like_count": 1950, "media_count": 225}, "username": "build_canada", "verified": false, "description": "We believe Canada should be the most prosperous country in the world \ud83c\udfd7\ufe0f\ud83c\udde8\ud83c\udde6", "pinned_tweet_id": "1994452296931921957", "created_at": "2025-01-22T19:45:31.000Z", "id": "1882152594484682752", "location": "Canada"}, {"name": "Gilad Bracha", "public_metrics": {"followers_count": 3912, "following_count": 125, "tweet_count": 2826, "listed_count": 158, "like_count": 4965, "media_count": 71}, "username": "Gilad_Bracha", "verified": false, "description": "http://t.co/grDdm11PzP", "created_at": "2009-05-16T21:27:53.000Z", "id": "40545671"}, {"name": "Matt Sullivan", "public_metrics": {"followers_count": 7569, "following_count": 3181, "tweet_count": 15428, "listed_count": 197, "like_count": 16001, "media_count": 1331}, "username": "sullduggery", "verified": false, "description": "Senior Producer, @PabloFindsOut. Writer, Rolling Stone et al. Author, Can't Knock the Hustle. Past: Editor @ NYT, Guardian, Atlantic, Esquire, B/R Mag.", "pinned_tweet_id": "1990801767022657857", "created_at": "2009-03-31T05:03:40.000Z", "id": "27818323", "location": "Brooklyn, NY"}, {"name": "Tuhin Srivastava", "public_metrics": {"followers_count": 2036, "following_count": 506, "tweet_count": 498, "listed_count": 27, "like_count": 1627, "media_count": 8}, "username": "tuhinone", "verified": false, "description": "Building @basetenco.", "created_at": "2012-08-08T20:52:39.000Z", "id": "745924843", "location": "San Francisco, CA"}, {"name": "Dagsen", "public_metrics": {"followers_count": 3052, "following_count": 1142, "tweet_count": 1980, "listed_count": 5, "like_count": 26403, "media_count": 145}, "username": "dagsen", "verified": false, "description": "", "created_at": "2015-02-05T17:41:24.000Z", "id": "3010389594", "location": "California, USA"}, {"name": "Richard Terry-Lloyd", "public_metrics": {"followers_count": 578, "following_count": 178, "tweet_count": 1110, "listed_count": 27, "like_count": 135, "media_count": 204}, "username": "mr_rtl", "verified": false, "description": "CRO, Bay Area", "created_at": "2009-04-23T02:09:34.000Z", "id": "34492892", "location": "San Francisco"}, {"name": "MelodyArc", "public_metrics": {"followers_count": 6, "following_count": 0, "tweet_count": 0, "listed_count": 1, "like_count": 0, "media_count": 0}, "username": "byMelodyArc", "verified": false, "description": "Customer service should be easy, expected, and mandatory.", "created_at": "2022-01-28T20:26:36.000Z", "id": "1487160170488766468"}, {"name": "Niko McCarty.", "public_metrics": {"followers_count": 44440, "following_count": 1072, "tweet_count": 3767, "listed_count": 362, "like_count": 15822, "media_count": 975}, "username": "NikoMcCarty", "verified": false, "description": "Founding Editor @AsimovPress / Subscribe!", "pinned_tweet_id": "1820918122691305486", "created_at": "2016-11-19T03:03:29.000Z", "id": "799810295954804736", "location": "Subscribe to Asimov Press"}, {"name": "tree", "public_metrics": {"followers_count": 235, "following_count": 5652, "tweet_count": 56, "listed_count": 4, "like_count": 44218, "media_count": 14}, "username": "series_ay", "verified": false, "description": "technology brother \ud83e\udee1\ud83c\uddfa\ud83c\uddf2", "created_at": "2021-09-09T14:57:46.000Z", "id": "1435980542571339776"}, {"name": "Kevin Procopio", "public_metrics": {"followers_count": 154, "following_count": 2776, "tweet_count": 228, "listed_count": 3, "like_count": 8494, "media_count": 3}, "username": "procopio_kevin", "verified": false, "description": "ex-@meta, ex-@amazon, ex-@charlesriverinc | AI, ML, math, and emerging tech | Favoriting tweets is not an endorsement, opinions my own, etc.", "created_at": "2015-11-30T07:01:29.000Z", "id": "4326408016", "location": "NYC"}, {"name": "KP", "public_metrics": {"followers_count": 66075, "following_count": 2134, "tweet_count": 46583, "listed_count": 1137, "like_count": 102298, "media_count": 3678}, "username": "thisiskp_", "verified": false, "description": "The \"Build In Public\" Guy. Head of Community at @Netlify. Vibe Coder. Prev: @PaddleHQ @joinODF", "pinned_tweet_id": "1986464532404039705", "created_at": "2016-01-07T17:57:51.000Z", "id": "4736729423", "location": "Atlanta, GA"}, {"name": "Darian Shirazi", "public_metrics": {"followers_count": 24706, "following_count": 447, "tweet_count": 1778, "listed_count": 471, "like_count": 21801, "media_count": 92}, "username": "darian314", "verified": false, "description": "managing partner @GradientVC", "created_at": "2008-01-28T08:06:08.000Z", "id": "12776692", "location": "San Francisco, CA"}, {"name": "Luke Drago", "public_metrics": {"followers_count": 2498, "following_count": 641, "tweet_count": 955, "listed_count": 31, "like_count": 2806, "media_count": 207}, "username": "luke_drago_", "verified": false, "description": "building a human future @workshoplabspbc", "pinned_tweet_id": "1942955875544740351", "created_at": "2024-12-30T21:53:57.000Z", "id": "1873849981108637696"}, {"name": "Liam", "public_metrics": {"followers_count": 1909, "following_count": 1274, "tweet_count": 1166, "listed_count": 16, "like_count": 18096, "media_count": 55}, "username": "liamfmatteson", "verified": false, "description": "Designer @Browserbase building @TryDirector \u2022 Early @CopilotMoney @TrustVanta, and other startups.", "pinned_tweet_id": "1991545010622460064", "created_at": "2010-08-23T23:23:08.000Z", "id": "182150987", "location": "San Francisco, CA"}, {"name": "Eric Zelikman", "public_metrics": {"followers_count": 22370, "following_count": 2579, "tweet_count": 965, "listed_count": 344, "like_count": 9817, "media_count": 157}, "username": "ericzelikman", "verified": false, "description": "building ai for humans @humansand // was lgtm-ing @xAI, phd-ing @stanford", "pinned_tweet_id": "1954032707148939775", "created_at": "2010-04-26T20:49:42.000Z", "id": "137463715"}, {"name": "Johnnie Manzari", "public_metrics": {"followers_count": 11493, "following_count": 108, "tweet_count": 212, "listed_count": 431, "like_count": 228, "media_count": 21}, "username": "johnnie", "verified": false, "description": "Interaction Designer", "created_at": "2009-04-30T20:50:42.000Z", "id": "36768736"}, {"name": "Tasklet AI", "public_metrics": {"followers_count": 363, "following_count": 1, "tweet_count": 32, "listed_count": 11, "like_count": 47, "media_count": 1}, "username": "taskletai", "verified": false, "description": "Automate your business with AI agents\n\nAI that connects with everything and triggers on anything: any HTTP API, MCP, computer use, webhooks & more.", "created_at": "2025-06-16T23:33:42.000Z", "id": "1934756217123164160", "location": "San Francisco, CA"}, {"name": "Cheng Lou", "public_metrics": {"followers_count": 23574, "following_count": 364, "tweet_count": 7535, "listed_count": 475, "like_count": 3878, "media_count": 508}, "username": "_chenglou", "verified": false, "description": "Worked on: @reactjs, @messenger, @reasonml, @rescriptlang & @midjourney", "pinned_tweet_id": "1886858666202268100", "created_at": "2015-01-11T08:48:11.000Z", "id": "2972744345", "location": "California, USA"}, {"name": "Superconductor", "public_metrics": {"followers_count": 209, "following_count": 27, "tweet_count": 18, "listed_count": 2, "like_count": 41, "media_count": 0}, "username": "SuperconductDev", "verified": false, "description": "https://t.co/eUixT6T7Lb", "created_at": "2025-06-13T05:36:25.000Z", "id": "1933397930633056256"}, {"name": "\u2736 Ando", "public_metrics": {"followers_count": 1718, "following_count": 3, "tweet_count": 17, "listed_count": 8, "like_count": 8, "media_count": 12}, "username": "andocorporation", "verified": true, "description": "Work communication designed for human + agent collaboration. Our team is cooking quietly, Ando is available in very private alpha.", "created_at": "2024-10-24T19:30:54.000Z", "id": "1849534028002570240", "location": "San Francisco"}, {"name": "Jeremy Giffon", "public_metrics": {"followers_count": 27819, "following_count": 402, "tweet_count": 3399, "listed_count": 395, "like_count": 11238, "media_count": 219}, "username": "jeremygiffon", "verified": false, "description": "He that observes the wind sows not; and he that looks at the clouds will not reap.", "created_at": "2010-12-20T20:35:06.000Z", "id": "228839304"}, {"name": "Tiancheng Hu", "public_metrics": {"followers_count": 1085, "following_count": 2031, "tweet_count": 264, "listed_count": 5, "like_count": 474, "media_count": 45}, "username": "tiancheng_hu", "verified": false, "description": "PhD student @CambridgeLTL @Cambridge_Uni. @Apple Scholar, @Gates_Cambridge Scholar. Previously @MSP_UTD @UT_Dallas @ETH_en @EPFL_en. Interested in NLP and CSS", "created_at": "2021-07-27T07:22:11.000Z", "id": "1419920804255502338"}, {"name": "paske", "public_metrics": {"followers_count": 942, "following_count": 4933, "tweet_count": 4047, "listed_count": 5, "like_count": 68845, "media_count": 301}, "username": "LautaroPaske", "verified": false, "description": "simple is smart. horse around & find out. founding eng @ https://t.co/XRXTA029Rm", "created_at": "2013-11-23T19:21:47.000Z", "id": "2211207528", "location": "\ud83c\udde6\ud83c\uddf7"}, {"name": "Arya Irani \ud83c\uddfa\ud83c\udde6", "public_metrics": {"followers_count": 411, "following_count": 126, "tweet_count": 1107, "listed_count": 6, "like_count": 1297, "media_count": 46}, "username": "aryairani", "verified": false, "description": "Cofounder @ Unison Computing;\nAlumnus @ Georgia Tech and University of Hawaii", "pinned_tweet_id": "1224889412967899136", "created_at": "2009-07-31T04:02:11.000Z", "id": "61686345", "location": "Somerville, MA"}, {"name": "David Booth", "public_metrics": {"followers_count": 14075, "following_count": 2410, "tweet_count": 3663, "listed_count": 252, "like_count": 6968, "media_count": 149}, "username": "david__booth", "verified": false, "description": "Partner, Ecosystem @a16z || Formerly: EIR @Blackbirdvc; Co-Founder & CEO at On Deck (now @joinODF, @solofounding); early-ish @AngelList, @Cartainc.", "pinned_tweet_id": "1981377270792253847", "created_at": "2009-06-30T23:19:42.000Z", "id": "52556921", "location": "San Francisco / NZ "}, {"name": "Molly Welch", "public_metrics": {"followers_count": 1207, "following_count": 1296, "tweet_count": 353, "listed_count": 19, "like_count": 5487, "media_count": 20}, "username": "molwelch", "verified": false, "description": "AI VC @radicalvcfund\n\nbefore: @googleAI, @stanford, @harvardHBS & @kennedy_school", "pinned_tweet_id": "104364020244561922", "created_at": "2011-06-17T00:47:33.000Z", "id": "318761388", "location": "San Francisco,CA"}, {"name": "Eric Beinhocker", "public_metrics": {"followers_count": 6786, "following_count": 781, "tweet_count": 3378, "listed_count": 237, "like_count": 3513, "media_count": 132}, "username": "EricBeinhocker", "verified": false, "description": "INET Oxford and Blavatnik School of Government. Author The Origin of Wealth.  No longer posting on X, find me on BlueSky and LinkedIn.", "pinned_tweet_id": "1864016544814039095", "created_at": "2012-05-23T21:28:27.000Z", "id": "588596248", "location": "London & Oxford, UK"}, {"name": "StrongDM", "public_metrics": {"followers_count": 759, "following_count": 467, "tweet_count": 1468, "listed_count": 25, "like_count": 1503, "media_count": 520}, "username": "strongdm", "verified": false, "description": "We are the leader in Zero Trust PAM. We enable precise control over privileged actions and grant secure, compliant, frustration-free access to infrastructure.", "created_at": "2015-04-14T14:22:55.000Z", "id": "3156395480", "location": "Burlingame, CA"}, {"name": "Vignesh Mohankumar", "public_metrics": {"followers_count": 1975, "following_count": 433, "tweet_count": 348, "listed_count": 45, "like_count": 2063, "media_count": 27}, "username": "vig_xyz", "verified": false, "description": "Applied AI consultant https://t.co/oArHY2x6Xm. Prev @Drift @Kensho", "created_at": "2012-07-18T12:17:38.000Z", "id": "702954493", "location": "New York, NY"}, {"name": "Yuandong Tian", "public_metrics": {"followers_count": 39514, "following_count": 913, "tweet_count": 1077, "listed_count": 349, "like_count": 2953, "media_count": 127}, "username": "tydsh", "verified": false, "description": "ex-Research Scientist Director in Meta FAIR. Reasoning, Optimization and Understanding LLM. Novelist in spare time. PhD in @CMU_Robotics.", "created_at": "2009-12-19T17:18:23.000Z", "id": "97939183", "location": "California, USA"}, {"name": "EJ Lawless", "public_metrics": {"followers_count": 2446, "following_count": 1094, "tweet_count": 6413, "listed_count": 62, "like_count": 22450, "media_count": 236}, "username": "elawless", "verified": false, "description": "Vibing. Techno optimist. \u2764\ufe0f @clairevo \ud83d\udc66\ud83c\udffb\ud83d\udc66\ud83c\udffb.", "created_at": "2007-07-10T17:59:56.000Z", "id": "7379182", "location": "30.399941,-97.705223"}, {"name": "Mark Brocato", "public_metrics": {"followers_count": 1182, "following_count": 192, "tweet_count": 919, "listed_count": 35, "like_count": 483, "media_count": 42}, "username": "realmarkbrocato", "verified": false, "description": "CEO & founder of Fabricate, acquired by @tonicfakedata. Creator of Mockaroo. 15+ years in synthetic data.", "created_at": "2011-11-24T16:22:15.000Z", "id": "420427987"}, {"name": "Ben Thomas", "public_metrics": {"followers_count": 332, "following_count": 802, "tweet_count": 511, "listed_count": 1, "like_count": 2083, "media_count": 94}, "username": "Ben_Thomas_o7", "verified": false, "description": "Events @rootsofprogress | but my views | economics, housing, technology, progress, bible | personal tinkering & writing at https://t.co/Dp3f8tisBl", "pinned_tweet_id": "1979615863474167955", "created_at": "2021-12-11T18:57:23.000Z", "id": "1469743002373574657", "location": "Bay Area"}, {"name": "Jes\u00fas Fern\u00e1ndez-Villaverde", "public_metrics": {"followers_count": 34677, "following_count": 68, "tweet_count": 3006, "listed_count": 278, "like_count": 1368, "media_count": 397}, "username": "JesusFerna7026", "verified": false, "description": "Howard Marks Presidential Professor of Economics at the University of Pennsylvania and John H. Makin Visiting Scholar at the AEI. \n\nAll opinions are my own.", "pinned_tweet_id": "1946676441254645842", "created_at": "2024-06-30T15:48:09.000Z", "id": "1807440907647565824", "location": "Haverford, PA"}, {"name": "Stephen North", "public_metrics": {"followers_count": 812, "following_count": 816, "tweet_count": 2046, "listed_count": 67, "like_count": 876, "media_count": 23}, "username": "magneticnorth", "verified": false, "description": "visualization, https://t.co/4laXDO6RzC", "created_at": "2008-03-14T18:44:45.000Z", "id": "14148549", "location": "Oldwick"}, {"name": "S\u00e9b Krier", "public_metrics": {"followers_count": 14773, "following_count": 7136, "tweet_count": 30588, "listed_count": 292, "like_count": 97797, "media_count": 3205}, "username": "sebkrier", "verified": false, "description": "\ud83e\udebc AGI policy dev lead @GoogleDeepMind | rekkid junkie, dimensional glider, deep ArXiv dweller, interstellar fugitive, uncertain |  \ud83d\udef8", "pinned_tweet_id": "1971577178442596670", "created_at": "2013-12-16T14:18:24.000Z", "id": "2228640597", "location": "New York"}, {"name": "Evan Miyazono", "public_metrics": {"followers_count": 1284, "following_count": 899, "tweet_count": 642, "listed_count": 46, "like_count": 2147, "media_count": 29}, "username": "emiyazono", "verified": false, "description": "Charting paths to less risky, more governable AI via provable safety properties at Atlas Computing\n(\ud83e\udd8b @miyazono.bsky.social)", "pinned_tweet_id": "1524312960130191361", "created_at": "2010-01-24T01:26:51.000Z", "id": "107867367", "location": "Palo Alto, CA"}, {"name": "Ethan W. Anderson", "public_metrics": {"followers_count": 729, "following_count": 1686, "tweet_count": 1803, "listed_count": 4, "like_count": 12870, "media_count": 247}, "username": "Ethan_is_online", "verified": false, "description": "Generalist. Tall. COO @SFCompute.", "pinned_tweet_id": "1345634191199801350", "created_at": "2020-09-29T18:53:10.000Z", "id": "1311016102722371586", "location": "SF "}, {"name": "Peter Steinberger", "public_metrics": {"followers_count": 50970, "following_count": 2082, "tweet_count": 125337, "listed_count": 1507, "like_count": 54029, "media_count": 7604}, "username": "steipete", "verified": false, "description": "Polyagentmorous. Came back from retirement to mess with AI and help a lobster take over the world @clawdbot\ud83e\udd9e", "pinned_tweet_id": "1978174075110322199", "created_at": "2009-03-19T22:54:05.000Z", "id": "25401953", "location": "Vienna & London"}, {"name": "Anjney Midha", "public_metrics": {"followers_count": 32157, "following_count": 2698, "tweet_count": 3999, "listed_count": 432, "like_count": 10717, "media_count": 524}, "username": "AnjneyMidha", "verified": false, "description": "amp up the bitter lessons", "pinned_tweet_id": "1973843548207538280", "created_at": "2011-05-08T20:38:38.000Z", "id": "295339039", "location": "San Francisco, CA"}, {"name": "Art Min", "public_metrics": {"followers_count": 189, "following_count": 344, "tweet_count": 217, "listed_count": 0, "like_count": 93, "media_count": 31}, "username": "artmin", "verified": false, "description": "Ex-Microsoft, Dell, startups. Focusing on AI alignment interventions @campdotorg. Tracking the chaos of it all @AlignmentWen", "pinned_tweet_id": "1988300935635063268", "created_at": "2024-04-26T03:20:22.000Z", "id": "1783697580209459201", "location": "Seattle"}, {"name": "Abi Olvera", "public_metrics": {"followers_count": 753, "following_count": 1130, "tweet_count": 1716, "listed_count": 13, "like_count": 2801, "media_count": 65}, "username": "Abi0lvera", "verified": false, "description": "I write about AI and progress. Bulletin of Atomic Scientists AI Fellow. Founder DC Abundance. Emergent Ventures grantee. Ex-diplomat. Views my own.", "created_at": "2008-11-02T20:35:11.000Z", "id": "17119304", "location": "Washington, DC"}, {"name": "Jerusalem", "public_metrics": {"followers_count": 44642, "following_count": 1362, "tweet_count": 4456, "listed_count": 517, "like_count": 34354, "media_count": 879}, "username": "JerusalemDemsas", "verified": false, "description": "yes, like the city | Editor & CEO @TheArgumentMag | she/her | President of Libbing Out", "pinned_tweet_id": "1957249472016105711", "created_at": "2011-08-07T05:05:35.000Z", "id": "350078359", "location": "Washington, DC"}, {"name": "Alex Tamkin", "public_metrics": {"followers_count": 6277, "following_count": 1588, "tweet_count": 1030, "listed_count": 0, "like_count": 5132, "media_count": 191}, "username": "AlexTamkin", "verified": false, "description": "machine learning, science & society @AnthropicAI | recently: Clio, Anthropic Economic Index, Claude Artifacts | prev: phd @StanfordAILab, @stanfordnlp", "pinned_tweet_id": "1867326310860923029", "created_at": "2012-09-25T21:18:59.000Z", "id": "846245360", "location": "San Francisco, CA"}, {"name": "\u56db\u5ddd\u9ebb\u8fa3\u71d9", "public_metrics": {"followers_count": 2821, "following_count": 226, "tweet_count": 725, "listed_count": 13, "like_count": 3488, "media_count": 93}, "username": "sichuan_mala", "verified": false, "description": "I recognize the lion by its claw\n\n\u201cSichuan is compromised.\u201d - Nucleus Genomics", "pinned_tweet_id": "1992070155715874878", "created_at": "2024-09-08T09:56:39.000Z", "id": "1832719675140255744", "location": "Navigating the ambiguity"}, {"name": "Sam Stowers \ud83c\udf0e \ud83d\udcaa \ud83c\udf39", "public_metrics": {"followers_count": 1621, "following_count": 1147, "tweet_count": 1354, "listed_count": 43, "like_count": 1787, "media_count": 170}, "username": "sammakesthings", "verified": false, "description": "AI Engineer @ Weights & Biases, ex-healthtech founder, nerd re: Effective Altruism & BCI tech. Also I spin fire & make chaotic art.\n\n\ud83c\udf0e \ud83d\udcaa \ud83c\udf39", "pinned_tweet_id": "1982898012457419174", "created_at": "2014-02-09T00:33:35.000Z", "id": "2334290077", "location": "San Francisco, CA"}, {"name": "Andreas Stuhlm\u00fcller", "public_metrics": {"followers_count": 3155, "following_count": 188, "tweet_count": 902, "listed_count": 112, "like_count": 1649, "media_count": 190}, "username": "stuhlmueller", "verified": false, "description": "At NeurIPS \u2708\ufe0f - Cofounder & CEO @elicitorg - scale up good reasoning\n\nhttps://t.co/YaXuuHFiYP", "pinned_tweet_id": "1993736265775370460", "created_at": "2008-07-06T00:04:31.000Z", "id": "15329197"}, {"name": "omar", "public_metrics": {"followers_count": 840, "following_count": 564, "tweet_count": 4532, "listed_count": 8, "like_count": 18827, "media_count": 465}, "username": "omarabdulrahim_", "verified": false, "description": "product designer at @net_email_app, prev @replitdesign", "pinned_tweet_id": "1993019822222020701", "created_at": "2014-09-26T22:52:02.000Z", "id": "2833309496", "location": "Oakland, CA"}, {"name": "Dmitrii Kovanikov", "public_metrics": {"followers_count": 57005, "following_count": 230, "tweet_count": 35920, "listed_count": 532, "like_count": 84734, "media_count": 2070}, "username": "ChShersh", "verified": false, "description": "Dysfunctional Programming account #1. Senior SWE at Bloomberg. I write C++ for money. ex-Haskell, ex-OCaml. All opinions are my own.", "pinned_tweet_id": "1970474189732638964", "created_at": "2013-10-30T11:38:47.000Z", "id": "2164623379", "location": "London, UK"}, {"name": "Apurva Mehta", "public_metrics": {"followers_count": 950, "following_count": 208, "tweet_count": 1027, "listed_count": 12, "like_count": 1426, "media_count": 42}, "username": "apurva1618", "verified": false, "description": "Co-Founder and CEO of Responsive (https://t.co/r373WoUG67, @responsive_apps). Views are my own.", "created_at": "2011-02-11T11:43:44.000Z", "id": "250586750", "location": "Menlo Park, CA, USA"}, {"name": "Jolie", "public_metrics": {"followers_count": 1231, "following_count": 813, "tweet_count": 427, "listed_count": 2, "like_count": 5778, "media_count": 81}, "username": "joliegans", "verified": false, "description": "Distressed scientist | prev @mit, @uoft, @who, built/filmed some things https://t.co/OkcKbDPkoY", "pinned_tweet_id": "1939050520058192099", "created_at": "2023-09-21T04:42:11.000Z", "id": "1704717589362905088", "location": "SF & Canada"}, {"name": "saurav kumar", "public_metrics": {"followers_count": 316, "following_count": 593, "tweet_count": 33, "listed_count": 5, "like_count": 334, "media_count": 8}, "username": "sauravml", "verified": false, "description": "https://t.co/O6pcA9jJV2", "created_at": "2019-02-14T02:43:05.000Z", "id": "1095876051127812096", "location": "San Francisco"}, {"name": "Luis Garicano \ud83c\uddea\ud83c\uddfa\ud83c\uddfa\ud83c\udde6", "public_metrics": {"followers_count": 107554, "following_count": 704, "tweet_count": 33932, "listed_count": 1719, "like_count": 20932, "media_count": 4060}, "username": "lugaricano", "verified": false, "description": "Professor at LSE @LSEPublicPolicy. Recovering MEP.\nSubstack on econ, tech and EU at https://t.co/08wJlO9hUk \n\"Crisis Cycle\" with PUP out in June 2025.", "pinned_tweet_id": "1987795423978017262", "created_at": "2010-02-26T15:27:06.000Z", "id": "117773253", "location": "London, UK"}, {"name": "Yeng Tan", "public_metrics": {"followers_count": 393, "following_count": 1426, "tweet_count": 487, "listed_count": 1, "like_count": 707, "media_count": 94}, "username": "YengT9", "verified": false, "description": "Lekondo (Third Space For Fashion)", "pinned_tweet_id": "1975206149701190027", "created_at": "2025-04-22T01:36:36.000Z", "id": "1914493419516198912", "location": "manhattan, nyc"}, {"name": "tom cunningham", "public_metrics": {"followers_count": 2539, "following_count": 2724, "tweet_count": 304, "listed_count": 42, "like_count": 10908, "media_count": 37}, "username": "testingham", "verified": false, "description": "Economics & AI @ @METR_Evals (ex-openai) https://t.co/FZobuYjdOc", "pinned_tweet_id": "1986485626695532751", "created_at": "2009-03-04T07:53:39.000Z", "id": "22747327", "location": "San Francisco, CA"}, {"name": "halle marchese", "public_metrics": {"followers_count": 313, "following_count": 715, "tweet_count": 3, "listed_count": 1, "like_count": 2643, "media_count": 0}, "username": "halle_marchese", "verified": false, "description": "communications + marketing operations @thrivecapital", "created_at": "2023-08-17T13:26:22.000Z", "id": "1692165954426306560", "location": "San Francisco"}, {"name": "\ud835\udc12\ud835\udc2e\ud835\udc29\ud835\udc2b\ud835\udc28\ud835\udc2d\ud835\udc1e\ud835\udc1e\ud835\udc26 \ud835\udc12\ud835\udc1a\ud835\udc2b\ud835\udc24\ud835\udc1a\ud835\udc2b", "public_metrics": {"followers_count": 744, "following_count": 228, "tweet_count": 66, "listed_count": 4, "like_count": 1, "media_count": 38}, "username": "SuproteemSarkar", "verified": false, "description": "Assistant Professor @UChicago @ChicagoBooth | AB/SM \u201819 PhD \u201825 @Harvard", "created_at": "2012-05-20T20:08:32.000Z", "id": "585953735"}, {"name": "Ethan Toven-Lindsey", "public_metrics": {"followers_count": 2065, "following_count": 1726, "tweet_count": 17598, "listed_count": 85, "like_count": 8256, "media_count": 487}, "username": "Ethan_Lindsey", "verified": false, "description": "A screaming comes across the sky. | Married to @batlinds. | Father. | #gobears | VP, News, KQED | elindsey@kqed.org | *af28fd87", "pinned_tweet_id": "1664477042153508864", "created_at": "2007-05-05T03:20:52.000Z", "id": "5780882", "location": "\u00dcT: 34.021905,-118.383707"}, {"name": "Kane \u8b1d\u51f1\u582f", "public_metrics": {"followers_count": 33911, "following_count": 2461, "tweet_count": 28505, "listed_count": 465, "like_count": 104979, "media_count": 6751}, "username": "kane", "verified": false, "description": "Compulsive tinkerer. Seed investor https://t.co/GMzaIwCF35. Machine enjoyer @machinepix.", "pinned_tweet_id": "1950210563952234770", "created_at": "2009-01-23T04:13:12.000Z", "id": "19380775", "location": "San Francisco, CA"}, {"name": "Arnold Kling", "public_metrics": {"followers_count": 4235, "following_count": 7, "tweet_count": 4125, "listed_count": 119, "like_count": 14, "media_count": 9}, "username": "KlingBlog", "verified": false, "description": "Economist, author of several books, including The Three Languages of Politics and Specialization and Trade. https://t.co/6Ifgdwf15K", "created_at": "2014-11-13T20:36:14.000Z", "id": "2875572321"}, {"name": "Eleanor Berger", "public_metrics": {"followers_count": 3219, "following_count": 1963, "tweet_count": 9706, "listed_count": 74, "like_count": 10246, "media_count": 918}, "username": "intellectronica", "verified": false, "description": "\ud83d\udc69\u200d\ud83d\udcbb Expert AI Leadership (ex @google @microsoft startups ...)\n\n\ud83d\udc69\u200d\ud83d\udcbc Consulting https://t.co/IeRoS5BR3f\n\n\ud83d\udc69\u200d\ud83c\udfeb Teaching https://t.co/D5YmOH0muP", "created_at": "2011-01-31T01:10:55.000Z", "id": "245158626", "location": "Z\u00fcrich, Switzerland"}, {"name": "Bharat Chandar", "public_metrics": {"followers_count": 1487, "following_count": 429, "tweet_count": 306, "listed_count": 24, "like_count": 983, "media_count": 49}, "username": "BharatKChandar", "verified": false, "description": "Research at Stanford Digital Economy Lab and Institute for Human-Centered AI \n\nPhD in Economics from Stanford GSB\n\nSubstack: https://t.co/gR3Gwu4PwR", "pinned_tweet_id": "1960242091159667116", "created_at": "2017-10-16T16:33:27.000Z", "id": "919964516913373184"}, {"name": "Harshita Arora", "public_metrics": {"followers_count": 7288, "following_count": 432, "tweet_count": 145, "listed_count": 148, "like_count": 6604, "media_count": 8}, "username": "aroraharshita33", "verified": false, "description": "Visiting Partner at @ycombinator. Co-founder of AtoB (https://t.co/K4GSvO9VhC).", "created_at": "2015-06-12T09:14:54.000Z", "id": "3243052266", "location": "San Francisco"}, {"name": "Rana Hanocka", "public_metrics": {"followers_count": 5999, "following_count": 388, "tweet_count": 585, "listed_count": 71, "like_count": 1109, "media_count": 140}, "username": "RanaHanocka", "verified": false, "description": "Assistant Professor @uchicago @uchicagocs. PhD from @TelAvivUni. Interested in computer graphics, machine learning, & computer vision \ud83e\udd16", "pinned_tweet_id": "1956157057356455968", "created_at": "2012-10-29T17:07:54.000Z", "id": "912843830", "location": "Chicago, IL"}, {"name": "Kevin Scott", "public_metrics": {"followers_count": 30384, "following_count": 674, "tweet_count": 855, "listed_count": 545, "like_count": 596, "media_count": 32}, "username": "kevin_scott", "verified": false, "description": "Chief Technology Officer @Microsoft; Host of #BehindTheTech podcast https://t.co/05oKfZqU3e; Author of \"Reprogramming the American Dream\"", "created_at": "2007-03-12T06:23:18.000Z", "id": "991451", "location": "Los Gatos, CA"}, {"name": "Scott Ring", "public_metrics": {"followers_count": 62, "following_count": 185, "tweet_count": 23, "listed_count": 0, "like_count": 96, "media_count": 0}, "username": "RingScottS", "verified": false, "description": "", "created_at": "2013-09-18T14:17:26.000Z", "id": "1879645808"}, {"name": "Maggie Eastland", "public_metrics": {"followers_count": 658, "following_count": 377, "tweet_count": 103, "listed_count": 11, "like_count": 1508, "media_count": 4}, "username": "eastland_maggie", "verified": false, "description": "Tech Reporter for Bloomberg: Chips & AI policy meastland@bloomberg.net or maggieeastland.21 on signal", "created_at": "2021-11-05T18:16:39.000Z", "id": "1456686870331600900", "location": "New York, NY"}, {"name": "wabi", "public_metrics": {"followers_count": 14790, "following_count": 43, "tweet_count": 601, "listed_count": 101, "like_count": 3407, "media_count": 24}, "username": "wabi", "verified": true, "description": "the first personal software platform. join discord and skip the waitlist: https://t.co/y9XITAV0jH", "pinned_tweet_id": "1976330759133868131", "created_at": "2008-05-15T10:46:38.000Z", "id": "14784489", "location": "SF"}, {"name": "Amy Tam", "public_metrics": {"followers_count": 124, "following_count": 86, "tweet_count": 35, "listed_count": 1, "like_count": 82, "media_count": 2}, "username": "amytam01", "verified": false, "description": "investor @ Bloomberg Beta", "created_at": "2019-03-13T02:05:11.000Z", "id": "1105650983630041088"}, {"name": "em herrera", "public_metrics": {"followers_count": 36468, "following_count": 4982, "tweet_count": 22191, "listed_count": 262, "like_count": 28074, "media_count": 987}, "username": "EmilyHerrera", "verified": false, "description": "I run https://t.co/hT5UCqsEgX | Exec Director @ https://t.co/rURzTAu7IB | Advisor, Creators @stanford | prev @slow @nightmedia | Creators & Capital", "pinned_tweet_id": "1881086921520369892", "created_at": "2013-08-08T03:05:08.000Z", "id": "1654429820"}, {"name": "Liz Dorman", "public_metrics": {"followers_count": 1499, "following_count": 862, "tweet_count": 456, "listed_count": 14, "like_count": 3338, "media_count": 42}, "username": "lizwandersworld", "verified": false, "description": "something new for the future of computing \ud83c\udf2c\ufe0fexploring the \ud83d\uddfa ex @humane apple @princeton cs + arc", "created_at": "2021-08-09T21:33:07.000Z", "id": "1424846146774634503"}, {"name": "Anna Mitchell", "public_metrics": {"followers_count": 2737, "following_count": 901, "tweet_count": 2065, "listed_count": 24, "like_count": 7968, "media_count": 277}, "username": "annarmitchell", "verified": false, "description": "balancing exit and voice \ud83d\udde3\n\nmarketing @cognition. prev. growth @rippling, @schmidtfutures, EIC of @stanfordreview", "pinned_tweet_id": "1908955523376185630", "created_at": "2015-08-20T23:46:07.000Z", "id": "3433456251", "location": "San Francisco"}, {"name": "Alex Van Riesen", "public_metrics": {"followers_count": 1, "following_count": 1, "tweet_count": 0, "listed_count": 0, "like_count": 0, "media_count": 0}, "username": "MisterAVR", "verified": false, "description": "", "created_at": "2025-08-30T23:01:32.000Z", "id": "1961927106780344320"}, {"name": "Paul Bohm", "public_metrics": {"followers_count": 10813, "following_count": 7892, "tweet_count": 6191, "listed_count": 389, "like_count": 23084, "media_count": 604}, "username": "paulbohm", "verified": false, "description": "Collective Intelligence and Social Coordination.\n\nEx-Dropbox. About to release something new.", "pinned_tweet_id": "1962225757549187474", "created_at": "2007-02-23T13:24:36.000Z", "id": "790774", "location": "New York, USA"}, {"name": "Dan Shapiro", "public_metrics": {"followers_count": 10437, "following_count": 97, "tweet_count": 13477, "listed_count": 726, "like_count": 5661, "media_count": 766}, "username": "danshapiro", "verified": false, "description": "CEO @Glowforge and https://t.co/7QcGGhWs9L, Wharton research fellow in AI. He/him. FormerGoogle, Sparkbuy, Ontela. Author, The Startup CEO Guidebook. Lucky dad.", "pinned_tweet_id": "731635940804853761", "created_at": "2007-08-09T03:57:22.000Z", "id": "8070502", "location": "Seattle, WA"}, {"name": "Chris Barber", "public_metrics": {"followers_count": 3825, "following_count": 1038, "tweet_count": 1433, "listed_count": 70, "like_count": 9556, "media_count": 129}, "username": "chrisbarber", "verified": false, "description": "Startups, AGI prep, emotions & intuition, walkability. For highlights start here: https://t.co/McbpWBneP2", "pinned_tweet_id": "1927854298513428992", "created_at": "2013-06-18T22:34:22.000Z", "id": "1529019518", "location": "San Diego"}, {"name": "andrewfriedman", "public_metrics": {"followers_count": 9, "following_count": 78, "tweet_count": 40, "listed_count": 0, "like_count": 116, "media_count": 2}, "username": "friedmanmuse", "verified": false, "description": "all things dodgers | andrew friedman \ud83d\udc99", "created_at": "2025-05-30T16:26:39.000Z", "id": "1928487543550652418"}], "meta": {"result_count": 100, "next_token": "K3HU91AJFA71IZZZ"}}