{"data": [{"verified": false, "name": "Umesh Khanna \ud83c\udde8\ud83c\udde6\ud83c\uddfa\ud83c\uddf8", "id": "3433971723", "location": "San Francisco, CA", "username": "forwarddeploy", "description": "@xai talent engineering | \ud83d\udc7c forward deployed angels |  \ud83c\udf93 @uwaterloo", "created_at": "2015-08-21T10:15:31.000Z", "public_metrics": {"followers_count": 3761, "following_count": 2720, "tweet_count": 907, "listed_count": 32, "like_count": 6898, "media_count": 158}, "pinned_tweet_id": "1996275547647918176"}, {"verified": false, "name": "erin keane", "id": "1275626051813679104", "username": "spacekeane", "description": "design / vibe facilitator", "created_at": "2020-06-24T03:05:33.000Z", "public_metrics": {"followers_count": 466, "following_count": 380, "tweet_count": 90, "listed_count": 5, "like_count": 18908, "media_count": 6}}, {"verified": false, "name": "cinesthetic.", "id": "907173236097646592", "location": "Cin\u00e9ma du Panth\u00e9on", "username": "TheCinesthetic", "description": "motion picture person. cinema, music, tv and beyond. For Ads, Promotion / Partnership- DM or Email: thecinesthetic@gmail.com", "created_at": "2017-09-11T09:25:28.000Z", "public_metrics": {"followers_count": 1459957, "following_count": 205, "tweet_count": 141644, "listed_count": 3859, "like_count": 43354, "media_count": 84220}, "pinned_tweet_id": "1995078602438942973"}, {"verified": false, "name": "Leonie Engel", "id": "1036360729283178502", "location": "Palo Alto, CA", "username": "nonieengel", "description": "imagining worlds at @xai | prev. @pika_labs and @elevenlabsio", "created_at": "2018-09-02T21:10:27.000Z", "public_metrics": {"followers_count": 3322, "following_count": 1797, "tweet_count": 4255, "listed_count": 54, "like_count": 15425, "media_count": 262}, "pinned_tweet_id": "1639748818945323009"}, {"verified": false, "name": "Svenn \u26a1\ufe0f", "id": "96000468", "location": "Oslo, Norway", "username": "svennpetter", "description": "24/7 FSD & Optimus news | $TSLA investor since 2015 | Working on EV charging @ Circle K eMobility\u26a1\ufe0f", "created_at": "2009-12-10T22:36:44.000Z", "public_metrics": {"followers_count": 2180, "following_count": 6199, "tweet_count": 4060, "listed_count": 14, "like_count": 38567, "media_count": 101}, "pinned_tweet_id": "1816407524221895160"}, {"verified": false, "name": "Charles Teh", "id": "3334848194", "location": "Kuala Lumpur, Malaysia", "username": "charlestehio", "description": "\ud83e\udd29 https://t.co/eMAcPg95xV (Black Friday Promo)\n\ud83e\udd14 https://t.co/oaqTrVjcRk\n\ud83d\udcbc https://t.co/YRjmnDk1fz\n\ud83d\udd0d https://t.co/FhP1Kh3VYw\n\ud83d\udc10 https://t.co/BDHor0IHdG", "created_at": "2015-08-25T07:12:54.000Z", "public_metrics": {"followers_count": 1202, "following_count": 1035, "tweet_count": 7609, "listed_count": 12, "like_count": 6199, "media_count": 764}, "pinned_tweet_id": "1987798134802792475"}, {"verified": false, "name": "Women Posting W's", "id": "1213020143137124352", "location": "submissions in community group", "username": "womenpostingws", "description": "celebrating wins, wholesome, funny, and girly things :) waking up every day is a win, be proud of yourself \ud83e\udef6", "created_at": "2020-01-03T08:51:59.000Z", "public_metrics": {"followers_count": 872314, "following_count": 84, "tweet_count": 4876, "listed_count": 790, "like_count": 1474, "media_count": 2704}, "pinned_tweet_id": "1818704860486959356"}, {"verified": false, "name": "YUHONG LI", "id": "1576463155508793349", "location": "Middle of Nowhere", "username": "0xyuliyuli", "description": "Boop", "created_at": "2022-10-02T06:44:51.000Z", "public_metrics": {"followers_count": 488, "following_count": 1814, "tweet_count": 319, "listed_count": 5, "like_count": 2012, "media_count": 57}, "pinned_tweet_id": "1701275018473210010"}, {"verified": false, "name": "Beibin Li", "id": "157905985", "username": "beibin79", "description": "Member of Technical Staff @xai", "created_at": "2010-06-21T06:18:35.000Z", "public_metrics": {"followers_count": 285, "following_count": 281, "tweet_count": 222, "listed_count": 11, "like_count": 302, "media_count": 7}}, {"verified": false, "name": "Yihe Deng", "id": "1462223072203722756", "username": "Yihe__Deng", "description": "multimodal @xAI  @GoogleDeepMind @GoogleAI @MSFTResearch @AWS  @UCLA", "created_at": "2021-11-21T00:55:36.000Z", "public_metrics": {"followers_count": 4065, "following_count": 1325, "tweet_count": 201, "listed_count": 43, "like_count": 1763, "media_count": 35}, "pinned_tweet_id": "1948194764777783324"}, {"verified": false, "name": "Adem Vessell", "id": "1838877460907343872", "location": "Archai Field", "username": "AdemVessell", "description": "I'm with AI. Optimist. Accelerate! Homegrown Engineer Dad. I love xAI and Grok. Cognitive Architect. Creator of things. issues and problems make-go-awayer", "created_at": "2024-09-25T09:45:35.000Z", "public_metrics": {"followers_count": 1529, "following_count": 541, "tweet_count": 14397, "listed_count": 11, "like_count": 32201, "media_count": 2423}, "pinned_tweet_id": "1979373873998237776"}, {"verified": true, "name": "Chat", "id": "1928879631526141952", "location": "Palo Alto", "username": "chat", "description": "Chat freely. Fully encrypted messaging powered by X.", "created_at": "2025-05-31T18:22:04.000Z", "public_metrics": {"followers_count": 15010, "following_count": 1, "tweet_count": 3, "listed_count": 95, "like_count": 0, "media_count": 1}}, {"verified": false, "name": "Dr. Clown, PhD", "id": "1667904233419440129", "location": "\ud83c\udfaa Clown World \ud83c\udfaa", "username": "DrClownPhD", "description": "\ud83c\udfaa Join my circus and let's laugh at the world's current absurdities together!  | \ud83c\udfad Trustworthy fake news & memes", "created_at": "2023-06-11T14:39:21.000Z", "public_metrics": {"followers_count": 202936, "following_count": 2142, "tweet_count": 3384, "listed_count": 415, "like_count": 153996, "media_count": 2031}, "pinned_tweet_id": "1995820785542340661"}, {"verified": false, "name": "Zhejian Peng", "id": "1950658660201627649", "location": "Palo Alto, CA", "username": "zjpeng94", "description": "MTS@xAI", "created_at": "2025-07-30T20:44:07.000Z", "public_metrics": {"followers_count": 150, "following_count": 77, "tweet_count": 43, "listed_count": 5, "like_count": 183, "media_count": 6}, "pinned_tweet_id": "1955801549890052109"}, {"verified": false, "name": "Leon Gao", "id": "707132534274981888", "location": "Santa Clara, CA", "username": "Leon_Gao_19", "description": "Member of Technical Staff @thinkymachines", "created_at": "2016-03-08T09:15:08.000Z", "public_metrics": {"followers_count": 19, "following_count": 96, "tweet_count": 4, "listed_count": 0, "like_count": 27, "media_count": 0}}, {"verified": false, "name": "Kaylee George", "id": "766071352306655232", "username": "krgeorge", "description": "mts @xAI. prev @stanford", "created_at": "2016-08-18T00:36:58.000Z", "public_metrics": {"followers_count": 1476, "following_count": 1225, "tweet_count": 799, "listed_count": 20, "like_count": 6688, "media_count": 67}}, {"verified": false, "name": "Andrew Wilkinson", "id": "3302", "location": "Victoria, Canada", "username": "awilkinson", "description": "Co-founder of Tiny w/ @_Sparling_. We own @Dribbble, @Serato, @Letterboxd, @AeroPress, and 35+ other wonderful companies. Author of Never Enough.", "created_at": "2006-07-28T02:16:08.000Z", "public_metrics": {"followers_count": 362197, "following_count": 3878, "tweet_count": 21274, "listed_count": 5042, "like_count": 34048, "media_count": 728}, "pinned_tweet_id": "1920962397407178934"}, {"verified": false, "name": "DoorDash Crimson", "id": "1866282699050434560", "location": "Spokane, WA", "username": "DoorDashCrimson", "description": "milady\nNYSE\n21e8\nThe Magic Word Company \nWe thank you for your time\nI just picked this up idk what it does\nalso found @drivebiartist", "created_at": "2024-12-10T00:44:10.000Z", "public_metrics": {"followers_count": 564, "following_count": 1111, "tweet_count": 49825, "listed_count": 3, "like_count": 35228, "media_count": 4649}, "pinned_tweet_id": "1997456725004435499"}, {"verified": false, "name": "Inconvenient Truths by Jennifer Zeng", "id": "2313027666", "location": "New York, USA ", "username": "jenniferzeng97", "description": "Member of International Press Association. CCP & China affairs.\nSupport: https://t.co/3leIMfq0bV\nAlso @JenniferZeng15", "created_at": "2014-01-27T04:58:03.000Z", "public_metrics": {"followers_count": 258428, "following_count": 531, "tweet_count": 45183, "listed_count": 1766, "like_count": 52426, "media_count": 11551}, "pinned_tweet_id": "1997504204286332941"}, {"verified": false, "name": "Evan Zhao", "id": "975021380767965185", "location": "Boston, MA", "username": "EvanZhao6", "description": "Co-founder/CEO of Pacagen", "created_at": "2018-03-17T14:49:47.000Z", "public_metrics": {"followers_count": 1546, "following_count": 566, "tweet_count": 2344, "listed_count": 11, "like_count": 63342, "media_count": 100}}, {"verified": false, "name": "Georges Harik", "id": "6096152", "username": "gharik", "description": "humans& co-founder, 7th employee google, co-created adwords online, co-created adsense targeting, worked on ai, gmail, calendar, bought android.", "created_at": "2007-05-17T03:41:04.000Z", "public_metrics": {"followers_count": 5758, "following_count": 4153, "tweet_count": 560, "listed_count": 180, "like_count": 5278, "media_count": 2}}, {"verified": false, "name": "cyber_security_puns", "id": "1912376894563184640", "location": "APT", "username": "PunsCyber", "description": "About me: T1005\n\nI post daily infosec dad jokes in En/Ru. My source code is written in puns. All puns are original content, but Grok provides punpics support.", "created_at": "2025-04-16T05:26:16.000Z", "public_metrics": {"followers_count": 512, "following_count": 1048, "tweet_count": 944, "listed_count": 5, "like_count": 3078, "media_count": 136}, "pinned_tweet_id": "1990594793320427890"}, {"verified": false, "name": "Parsa T", "id": "838842836", "location": "San Francisco, CA", "username": "ParsaTajik", "description": "mts @xAI | prev infra @Affirm & founded @ Rush (GEO platform) + https://t.co/seNdHQR09g | @joinodf ODF24", "created_at": "2012-09-22T01:09:03.000Z", "public_metrics": {"followers_count": 6034, "following_count": 523, "tweet_count": 1309, "listed_count": 64, "like_count": 2278, "media_count": 109}, "pinned_tweet_id": "1995210011081953607"}, {"verified": false, "name": "brian", "id": "1064016186789134336", "location": "Bay Area for work, LA for food", "username": "soupdumplingcat", "description": "very online (mentally), bay area (physically); working on local first, context engineering & evals", "created_at": "2018-11-18T04:43:22.000Z", "public_metrics": {"followers_count": 266, "following_count": 1409, "tweet_count": 2449, "listed_count": 5, "like_count": 24404, "media_count": 284}, "pinned_tweet_id": "1074880515495219200"}, {"verified": false, "name": "Raman Khatri", "id": "1671339873607774210", "location": "Palo Alto, CA", "username": "RamanKhatriTech", "description": "building cool stuff @xAI and @XEng", "created_at": "2023-06-21T02:11:08.000Z", "public_metrics": {"followers_count": 2125, "following_count": 310, "tweet_count": 851, "listed_count": 27, "like_count": 1381, "media_count": 167}, "pinned_tweet_id": "1913300474708852809"}, {"verified": false, "name": "Kane", "id": "466007874", "location": "Raleigh, NC", "username": "shmkane", "description": "swe @getbestlifeapp / opinions my own / $TSLA / \ud83c\uddfa\ud83c\uddf8\ud83c\udde8\ud83c\udde6", "created_at": "2012-01-16T23:46:10.000Z", "public_metrics": {"followers_count": 504, "following_count": 316, "tweet_count": 5134, "listed_count": 1, "like_count": 31068, "media_count": 740}, "pinned_tweet_id": "1775932978251661686"}, {"verified": false, "name": "Blind", "id": "743256483798781952", "location": "San Francisco, CA", "username": "JoinBlind", "description": "workplace anon social", "created_at": "2016-06-16T01:38:49.000Z", "public_metrics": {"followers_count": 56748, "following_count": 191, "tweet_count": 5697, "listed_count": 259, "like_count": 3791, "media_count": 1505}}, {"verified": false, "name": "Adrian", "id": "4432713012", "location": "San Francisco, CA", "username": "ahsu___", "description": "I am Taiwanese \ud83c\udf3b eng @x / @twitter. play jazz", "created_at": "2015-12-02T16:11:22.000Z", "public_metrics": {"followers_count": 4185, "following_count": 536, "tweet_count": 671, "listed_count": 53, "like_count": 7598, "media_count": 62}, "pinned_tweet_id": "1791687605425471719"}, {"verified": false, "name": "spencer", "id": "2345951964", "location": "San Jose, CA", "username": "SpencerSharkey", "description": "Writing software and wrangling supercomputers.", "created_at": "2014-02-16T00:45:52.000Z", "public_metrics": {"followers_count": 1421, "following_count": 738, "tweet_count": 758, "listed_count": 31, "like_count": 1154, "media_count": 130}, "pinned_tweet_id": "855077638720942081"}, {"verified": true, "name": "BLACKBOX AI", "id": "1450927152501772295", "location": "San Francisco", "username": "blackboxai", "description": "Building Full Self Coding.", "created_at": "2021-10-20T20:49:33.000Z", "public_metrics": {"followers_count": 13644, "following_count": 867, "tweet_count": 4857, "listed_count": 128, "like_count": 8542, "media_count": 1838}, "pinned_tweet_id": "1997107578686656963"}, {"verified": false, "name": "Jon Shulkin", "id": "416761602", "username": "jonshulkin", "description": "", "created_at": "2011-11-20T03:37:00.000Z", "public_metrics": {"followers_count": 1369, "following_count": 198, "tweet_count": 156, "listed_count": 23, "like_count": 47, "media_count": 35}}, {"verified": true, "name": "TBPN", "id": "1838288550569349120", "username": "tbpn", "description": "Technology's daily show. Hosted by @johncoogan & @jordihays. Streaming live 11a-2p PT every weekday and available on Apple, Spotify, & YouTube.", "created_at": "2024-09-23T18:45:29.000Z", "public_metrics": {"followers_count": 132182, "following_count": 984, "tweet_count": 8403, "listed_count": 555, "like_count": 8976, "media_count": 4175}, "pinned_tweet_id": "1997019838422962328"}, {"verified": false, "name": "Road To Success", "id": "1534508868213952512", "username": "_RoadToSuccess_", "description": "Navigate your success path. Daily doses of inspiration, strategies, and real stories.", "created_at": "2022-06-08T12:13:45.000Z", "public_metrics": {"followers_count": 302053, "following_count": 23, "tweet_count": 4176, "listed_count": 808, "like_count": 5414, "media_count": 2791}, "pinned_tweet_id": "1996859590756258172"}, {"verified": false, "name": "Ayush Jaiswal", "id": "2928857970", "location": "San Francisco, CA", "username": "ayushjaiswal", "description": "Founder mode @xai", "created_at": "2014-12-13T18:20:54.000Z", "public_metrics": {"followers_count": 28905, "following_count": 2987, "tweet_count": 7381, "listed_count": 181, "like_count": 12954, "media_count": 1016}}, {"verified": false, "name": "Alex Atallah", "id": "54317637", "location": "New York City", "username": "xanderatallah", "description": "CEO @OpenRouterAI, the largest LLM marketplace. Previously: co-founder & CTO @OpenSea.", "created_at": "2009-07-06T20:12:05.000Z", "public_metrics": {"followers_count": 54353, "following_count": 3268, "tweet_count": 4526, "listed_count": 846, "like_count": 13293, "media_count": 402}, "pinned_tweet_id": "1961790452438274219"}, {"verified": false, "name": "Allegra Jacchia", "id": "964545706198528000", "location": "Los Angeles, CA", "username": "allegrajacchia", "description": "Creators @x", "created_at": "2018-02-16T17:03:11.000Z", "public_metrics": {"followers_count": 3398, "following_count": 433, "tweet_count": 344, "listed_count": 32, "like_count": 1786, "media_count": 67}, "pinned_tweet_id": "1968907003259940987"}, {"verified": false, "name": "frye", "id": "1554117546235740161", "username": "___frye", "description": "just here to have fun in the replies", "created_at": "2022-08-01T14:51:25.000Z", "public_metrics": {"followers_count": 9524, "following_count": 397, "tweet_count": 23038, "listed_count": 58, "like_count": 159894, "media_count": 3473}}, {"verified": false, "name": "Shen Zhuoran", "id": "4891116613", "location": "San Jose, CA, United States", "username": "CMS_Flash", "description": "Reasoning/coding @xai. Ex-@GoogleAI Resident/@augmentcode. Alum @HKUniversity. \ud83d\udc8e Terran @StarCraft II.", "created_at": "2016-02-11T04:27:15.000Z", "public_metrics": {"followers_count": 1865, "following_count": 177, "tweet_count": 856, "listed_count": 35, "like_count": 1513, "media_count": 50}}, {"verified": false, "name": "Seongsik Kim", "id": "1909641540567478272", "username": "SeongsikKi5837", "description": "", "created_at": "2025-04-08T16:16:46.000Z", "public_metrics": {"followers_count": 152, "following_count": 49, "tweet_count": 5, "listed_count": 8, "like_count": 91, "media_count": 1}}, {"verified": false, "name": "Norman Mu @ NeurIPS", "id": "1200006502544793600", "location": "San Francisco, CA", "username": "TheNormanMu", "description": "", "created_at": "2019-11-28T11:00:27.000Z", "public_metrics": {"followers_count": 2900, "following_count": 867, "tweet_count": 366, "listed_count": 42, "like_count": 2269, "media_count": 59}}, {"verified": false, "name": "Crystal", "id": "1801279481321238528", "username": "crystalsssup", "description": "Staff @Kimi_Moonshot\nprev. co-maker of ModelizeAI & gemsouls\n\"Personality goes a long way\"\n@UCSanDiego", "created_at": "2024-06-13T15:48:13.000Z", "public_metrics": {"followers_count": 18562, "following_count": 862, "tweet_count": 1376, "listed_count": 196, "like_count": 2279, "media_count": 202}, "pinned_tweet_id": "1944287779896328668"}, {"verified": false, "name": "Arthur Coutinho-Doyal", "id": "1968546356810891264", "username": "AcoutinhoDoyal", "description": "", "created_at": "2025-09-18T05:25:00.000Z", "public_metrics": {"followers_count": 13, "following_count": 18, "tweet_count": 7, "listed_count": 0, "like_count": 3, "media_count": 6}}, {"verified": false, "name": "Yifei Zhou", "id": "1547790583334285313", "username": "YifeiZhou02", "description": "MTS @xai | PhD student @berkeley_ai (on leave), working on RL for LLM agents, prev @AIatMeta, Opinions my own", "created_at": "2022-07-15T03:50:20.000Z", "public_metrics": {"followers_count": 2785, "following_count": 575, "tweet_count": 313, "listed_count": 37, "like_count": 632, "media_count": 34}}, {"verified": false, "name": "Aditya Gupta", "id": "2269061347", "location": "San Francisco, CA", "username": "adityagupta", "description": "@xAI", "created_at": "2013-12-30T15:53:37.000Z", "public_metrics": {"followers_count": 7935, "following_count": 257, "tweet_count": 321, "listed_count": 71, "like_count": 927, "media_count": 14}}, {"verified": false, "name": "Shuyang Gao", "id": "1844878302747688960", "username": "ShuyangGao62860", "description": "MTS, RL @xAI; views are my own. Ex: @moveworks @amazon @usc_isi", "created_at": "2024-10-11T23:10:44.000Z", "public_metrics": {"followers_count": 591, "following_count": 31, "tweet_count": 21, "listed_count": 18, "like_count": 3, "media_count": 0}, "pinned_tweet_id": "1969240703080546376"}, {"verified": false, "name": "Hanyu Xue", "id": "2764212415", "username": "x_hanyu", "description": "@xAI researcher. focus on next Grok now. (pre Microsoft AI, Meta)", "created_at": "2014-08-24T22:09:22.000Z", "public_metrics": {"followers_count": 314, "following_count": 116, "tweet_count": 27, "listed_count": 8, "like_count": 12, "media_count": 0}}, {"verified": false, "name": "Dustin Tran", "id": "1540897980", "location": "San Francisco, CA", "username": "dustinvtran", "description": "post-training lead at xAI. ex-google", "created_at": "2013-06-23T12:57:08.000Z", "public_metrics": {"followers_count": 57236, "following_count": 706, "tweet_count": 2574, "listed_count": 1039, "like_count": 4486, "media_count": 202}, "pinned_tweet_id": "1993012989826678810"}, {"verified": false, "name": "Tiffany Fong (serious-ish)", "id": "1963705307802279936", "username": "TiffanyFongEtc", "description": "trying to fix myself because i'm fucking retarded. sharing some of my favorite things, what i\u2019m learning about, getting healthier, etc. main: @tiffanyfong", "created_at": "2025-09-04T20:46:53.000Z", "public_metrics": {"followers_count": 12348, "following_count": 55, "tweet_count": 532, "listed_count": 15, "like_count": 1287, "media_count": 192}, "pinned_tweet_id": "1964572353939329450"}, {"verified": false, "name": "Sherry Jiang", "id": "1430070528996376579", "location": "San Francisco / Singapore", "username": "SherryYanJiang", "description": "building Peek (https://t.co/UZRO46Ejq4) & https://t.co/lXOuWMB39k, @cursor_ai ambassador, prev. @Google @Amazon, ADHD founder, DJ \ud83c\udfa7, poker addict \ud83c\udccf", "created_at": "2021-08-24T07:32:45.000Z", "public_metrics": {"followers_count": 24227, "following_count": 6874, "tweet_count": 16750, "listed_count": 645, "like_count": 59651, "media_count": 732}, "pinned_tweet_id": "1924941200143847620"}, {"verified": false, "name": "Hongyuan Mei", "id": "2164964468", "location": "Mountain View, CA", "username": "hongyuan_mei", "description": "Building AGI @xAI. ex-@GoogleDeepMind, @TTIC_Connect, @jhuclsp.", "created_at": "2013-10-30T15:22:11.000Z", "public_metrics": {"followers_count": 3171, "following_count": 223, "tweet_count": 87, "listed_count": 47, "like_count": 88, "media_count": 3}}, {"verified": false, "name": "Cait\ud83e\uddc3", "id": "1627177045", "location": "NYC", "username": "caitcamelia", "description": "beautiful woman with perfect opinions", "created_at": "2013-07-28T05:44:06.000Z", "public_metrics": {"followers_count": 24325, "following_count": 1166, "tweet_count": 52217, "listed_count": 105, "like_count": 146605, "media_count": 4311}, "pinned_tweet_id": "1912148966696776009"}, {"verified": false, "name": "Kat \u22b7 the Poet Engineer", "id": "926984278579216384", "location": "Austin, TX", "username": "poetengineer__", "description": "artist, engineer, researcher. live audio visual performer. artificial life, computation, neuroscience, machine psyche. science & art, futuristic & ancient.", "created_at": "2017-11-05T01:27:29.000Z", "public_metrics": {"followers_count": 56213, "following_count": 365, "tweet_count": 4767, "listed_count": 482, "like_count": 9297, "media_count": 1644}, "pinned_tweet_id": "1821654144958202077"}, {"verified": false, "name": "sehoonkim", "id": "1348060735746703365", "username": "sehoonkim418", "description": "Building AI @xAI", "created_at": "2021-01-10T00:15:07.000Z", "public_metrics": {"followers_count": 2371, "following_count": 153, "tweet_count": 94, "listed_count": 41, "like_count": 181, "media_count": 8}}, {"verified": false, "name": "Aman Madaan", "id": "110943428", "location": "SF Bay Area", "username": "aman_madaan", "description": "@xAI", "created_at": "2010-02-03T08:40:02.000Z", "public_metrics": {"followers_count": 5357, "following_count": 596, "tweet_count": 720, "listed_count": 89, "like_count": 3361, "media_count": 65}}, {"verified": false, "name": "Jai", "id": "138666227", "location": "Palo Alto, CA", "username": "Jai_A_Rathore", "description": "Staff Software Engineer @Tesla\nBuilding fast things fast", "created_at": "2010-04-30T06:14:01.000Z", "public_metrics": {"followers_count": 175, "following_count": 323, "tweet_count": 92, "listed_count": 0, "like_count": 913, "media_count": 9}, "pinned_tweet_id": "1923428489836818688"}, {"verified": false, "name": "Honghua Zhang", "id": "1253555686006374401", "username": "HonghuaZhang2", "description": "@xAI | Ph.D. from @UCLA StarAI Lab", "created_at": "2020-04-24T05:25:50.000Z", "public_metrics": {"followers_count": 699, "following_count": 195, "tweet_count": 69, "listed_count": 11, "like_count": 149, "media_count": 10}}, {"verified": false, "name": "Kan Wu", "id": "1154797632474116096", "location": "CA", "username": "flyflyf04862062", "description": "Inference @xai, PhD @WisconsinCS. Prev: Google, USTC.\nMachine Learning Systems, Distributed Systems. Tweets are my own.", "created_at": "2019-07-26T16:56:25.000Z", "public_metrics": {"followers_count": 874, "following_count": 464, "tweet_count": 150, "listed_count": 15, "like_count": 459, "media_count": 3}}, {"verified": false, "name": "Yongchao Zhou", "id": "1484016650521395200", "location": "Toronto", "username": "Yongchao_Zhou_", "description": "Build Intelligence @xai | ML PhD @UofT @VectorInst | Prev. @GoogleAI @GoogleDeepMind", "created_at": "2022-01-20T04:15:22.000Z", "public_metrics": {"followers_count": 3519, "following_count": 430, "tweet_count": 185, "listed_count": 64, "like_count": 607, "media_count": 24}}, {"verified": false, "name": "Flavo", "id": "1931734981648486400", "username": "flavo_ai", "description": "Next gen Product Engineer Agent", "created_at": "2025-06-08T15:28:48.000Z", "public_metrics": {"followers_count": 504, "following_count": 14, "tweet_count": 28, "listed_count": 11, "like_count": 81, "media_count": 10}, "pinned_tweet_id": "1953452241475752237"}, {"verified": false, "name": "Jiayi Pan", "id": "1434573311468580867", "username": "jiayi_pirate", "description": "\ud83e\uddd1\u200d\ud83c\udf73 Reasoning Agents @xAI | PhD on Leave @Berkeley_AI | Views Are My Own", "created_at": "2021-09-05T17:45:22.000Z", "public_metrics": {"followers_count": 13365, "following_count": 1556, "tweet_count": 569, "listed_count": 198, "like_count": 4377, "media_count": 52}}, {"verified": false, "name": "Neal Bayya", "id": "1570082443126018049", "location": "Palo Alto, CA", "username": "NealBayya", "description": "Supercomputing @xAI", "created_at": "2022-09-14T16:10:10.000Z", "public_metrics": {"followers_count": 300, "following_count": 181, "tweet_count": 9, "listed_count": 12, "like_count": 112, "media_count": 0}}, {"verified": false, "name": "Aditya Prerepa", "id": "1146180676091170817", "location": "Fremont, CA", "username": "APrerepa", "description": "supercomputing @xai", "created_at": "2019-07-02T22:15:42.000Z", "public_metrics": {"followers_count": 2254, "following_count": 378, "tweet_count": 648, "listed_count": 27, "like_count": 1655, "media_count": 30}}, {"verified": false, "name": "dax", "id": "2870102861", "location": "Miami, FL", "username": "thdxr", "description": "building https://t.co/eVz8bbXqxp at https://t.co/tuf3muzh5t", "created_at": "2014-11-10T04:50:37.000Z", "public_metrics": {"followers_count": 72644, "following_count": 305, "tweet_count": 37439, "listed_count": 638, "like_count": 74639, "media_count": 2283}, "pinned_tweet_id": "1994945738082848810"}, {"verified": true, "name": "Developers", "id": "2244994945", "location": "127.0.0.1", "username": "XDevelopers", "description": "The voice of the X Dev team and your official source for updates, news, and events, related to the X API.", "created_at": "2013-12-14T04:35:55.000Z", "public_metrics": {"followers_count": 673253, "following_count": 752, "tweet_count": 4192, "listed_count": 2784, "like_count": 2387, "media_count": 825}, "pinned_tweet_id": "1980412193624785337"}, {"verified": false, "name": "Liangchen Luo @NeurIPS", "id": "931209924385710080", "location": "Mountain View, California", "username": "LiangchenLuo", "description": "@xAI reasoning; ex @GoogleDeepMind. B\u200b.Sc. @PKU1898. Opinions are my own.", "created_at": "2017-11-16T17:18:41.000Z", "public_metrics": {"followers_count": 6234, "following_count": 135, "tweet_count": 167, "listed_count": 69, "like_count": 81, "media_count": 8}}, {"verified": false, "name": "Matthew Berman", "id": "6681172", "location": "California", "username": "MatthewBerman", "description": "Building Forward Future. YouTuber, Angel Investor, Developer, AI Enthusiast. \n\nhttps://t.co/9rk7dmIboR", "created_at": "2007-06-08T20:52:25.000Z", "public_metrics": {"followers_count": 76518, "following_count": 957, "tweet_count": 12020, "listed_count": 2147, "like_count": 21716, "media_count": 1913}, "pinned_tweet_id": "1996666312656085457"}, {"verified": false, "name": "AI Explained", "id": "1617841388745363459", "location": "London, England", "username": "AIExplainedYT", "description": "375k+ YouTube subs, plus exclusive videos on Patreon. Founder of https://t.co/Qms720m2tj - group chat with your personal AI council.", "created_at": "2023-01-24T11:07:20.000Z", "public_metrics": {"followers_count": 12335, "following_count": 247, "tweet_count": 114, "listed_count": 266, "like_count": 231, "media_count": 27}}, {"verified": false, "name": "Ranju", "id": "1180885986735267843", "location": "NY", "username": "whatRanjuSaid", "description": "Welcome to my brain: the world of shitposting and hmmmm", "created_at": "2019-10-06T16:42:22.000Z", "public_metrics": {"followers_count": 2537, "following_count": 1206, "tweet_count": 47921, "listed_count": 27, "like_count": 80727, "media_count": 8279}, "pinned_tweet_id": "1985040556607906017"}, {"verified": false, "name": "Toshii", "id": "1473448989890519040", "username": "0xToshii", "description": "unpaid intern, eng arc", "created_at": "2021-12-22T00:23:22.000Z", "public_metrics": {"followers_count": 1095, "following_count": 123, "tweet_count": 520, "listed_count": 24, "like_count": 1070, "media_count": 44}, "pinned_tweet_id": "1620847444362924033"}, {"verified": false, "name": "Christian Szegedy", "id": "3237721718", "location": "Sunnyvale, CA", "username": "ChrSzegedy", "description": "#deeplearning, #ai research scientist. Opinions are mine.", "created_at": "2015-06-06T09:14:20.000Z", "public_metrics": {"followers_count": 43054, "following_count": 2798, "tweet_count": 8270, "listed_count": 768, "like_count": 23482, "media_count": 255}, "pinned_tweet_id": "1491339311283052548"}, {"verified": false, "name": "wenlong", "id": "1489011899102494721", "location": "Palo Alto, CA", "username": "wenlong_xiong", "description": "prev infra @xAI, @RobinhoodApp", "created_at": "2022-02-02T23:04:48.000Z", "public_metrics": {"followers_count": 298, "following_count": 322, "tweet_count": 9, "listed_count": 2, "like_count": 386, "media_count": 0}}, {"verified": false, "name": "Saeed Maleki", "id": "1941726806", "username": "MalekiSaeed", "description": "systems at xAI", "created_at": "2013-10-06T18:40:40.000Z", "public_metrics": {"followers_count": 6246, "following_count": 264, "tweet_count": 80, "listed_count": 100, "like_count": 273, "media_count": 13}}, {"verified": false, "name": "Jonathan Feng", "id": "1484049996", "location": "California", "username": "jonathan_feng", "description": "sales swiss army knife @xai", "created_at": "2013-06-05T04:43:59.000Z", "public_metrics": {"followers_count": 956, "following_count": 275, "tweet_count": 219, "listed_count": 20, "like_count": 1121, "media_count": 15}, "pinned_tweet_id": "1989590126440452339"}, {"verified": false, "name": "Yuhuai (Tony) Wu", "id": "881959726958862337", "location": "Stanford", "username": "Yuhu_ai_", "description": "Co-Founder @xAI. Grok Reasoning, STaR, Minerva, AlphaGeometry, Autoformalization, AlphaStar, Memorizing transformer.", "created_at": "2017-07-03T19:35:59.000Z", "public_metrics": {"followers_count": 44623, "following_count": 456, "tweet_count": 643, "listed_count": 631, "like_count": 1535, "media_count": 45}, "pinned_tweet_id": "1679194328672133120"}, {"verified": false, "name": "Nick", "id": "1674506538336022528", "location": "San Francisco, CA", "username": "nickbaumann_", "description": "perception czar @cline | product of @UWMadison \ud83e\udda1", "created_at": "2023-06-29T19:54:24.000Z", "public_metrics": {"followers_count": 5500, "following_count": 226, "tweet_count": 2149, "listed_count": 78, "like_count": 3631, "media_count": 206}}, {"verified": false, "name": "Lara Lu", "id": "46636556", "location": "Palo Alto, CA", "username": "larrabearr", "description": "Building the @grok Android App", "created_at": "2009-06-12T12:01:16.000Z", "public_metrics": {"followers_count": 2599, "following_count": 173, "tweet_count": 310, "listed_count": 39, "like_count": 2450, "media_count": 63}}, {"verified": false, "name": "Lisan al Gaib", "id": "1825243643529027584", "username": "scaling01", "description": "lead them to paradise", "created_at": "2024-08-18T18:50:26.000Z", "public_metrics": {"followers_count": 29340, "following_count": 853, "tweet_count": 14902, "listed_count": 439, "like_count": 29279, "media_count": 3220}, "pinned_tweet_id": "1874608907508752546"}, {"verified": false, "name": "guo", "id": "1439387326677983236", "location": "San Francisco, CA", "username": "guo_dini", "description": "gtm @whatnot. prev: co-founder @joinpush.", "created_at": "2021-09-19T00:34:25.000Z", "public_metrics": {"followers_count": 2742, "following_count": 742, "tweet_count": 2642, "listed_count": 7, "like_count": 4180, "media_count": 295}, "pinned_tweet_id": "1936942733148721408"}, {"verified": false, "name": "Guillermo Rauch", "id": "15540222", "location": "San Francisco, CA", "username": "rauchg", "description": "@vercel CEO", "created_at": "2008-07-22T22:54:37.000Z", "public_metrics": {"followers_count": 318048, "following_count": 555, "tweet_count": 49876, "listed_count": 3709, "like_count": 65901, "media_count": 4645}, "pinned_tweet_id": "1991884580341879028"}, {"verified": false, "name": "Jay Dwivedi", "id": "1826116810141478912", "location": "Let's Create your  Website \ud83d\udc49", "username": "jaydwivedi", "description": "Founder & Designer https://t.co/FR0OyhsU94 | https://t.co/cITXz5Cvxa", "created_at": "2024-08-21T04:39:35.000Z", "public_metrics": {"followers_count": 34660, "following_count": 459, "tweet_count": 8875, "listed_count": 241, "like_count": 5506, "media_count": 2199}, "pinned_tweet_id": "1926970174776783255"}, {"verified": false, "name": "Ethan He", "id": "3086182267", "location": "Palo Alto, CA", "username": "EthanHe_42", "description": "AI @xai | @grok Imagine, Multimodal | prev @nvidia @meta @CarnegieMellon | 8k citations 5k GitHub stars | views are my own", "created_at": "2015-03-15T17:06:31.000Z", "public_metrics": {"followers_count": 26647, "following_count": 551, "tweet_count": 912, "listed_count": 253, "like_count": 950, "media_count": 165}}, {"verified": false, "name": "This Account Makes You Happy", "id": "1513513086484852736", "username": "FeelYouHappy", "description": "World Best account to heal your anxiety or depression. DMs for credit and removel.", "created_at": "2022-04-11T13:43:59.000Z", "public_metrics": {"followers_count": 337885, "following_count": 25026, "tweet_count": 5105, "listed_count": 822, "like_count": 2711, "media_count": 4357}, "pinned_tweet_id": "1996617144558371230"}, {"verified": false, "name": "Louis Mullie, MD", "id": "415039401", "location": "Montr\u00e9al, Qu\u00e9bec", "username": "LouisMullie", "description": "director of medical AI @doximity, ICU doc, teacher @chumontreal", "created_at": "2011-11-17T20:39:34.000Z", "public_metrics": {"followers_count": 2845, "following_count": 2763, "tweet_count": 4353, "listed_count": 27, "like_count": 6141, "media_count": 109}, "pinned_tweet_id": "1677127157674307587"}, {"verified": false, "name": "yiqi\ud80c\udf7c\u0f7c", "id": "1785270284380966912", "location": "Massachusetts, USA", "username": "YanYiqi73877", "description": "Creative @tiktok_us \u2726\ufe0e Prev. @Meta @CallofDuty \u2726\ufe0e HCI @harvard @tsingua_uni \u2726\ufe0e \ud83d\udc97\ud83d\udc08", "created_at": "2024-04-30T11:29:53.000Z", "public_metrics": {"followers_count": 310, "following_count": 329, "tweet_count": 209, "listed_count": 2, "like_count": 3752, "media_count": 58}, "pinned_tweet_id": "1981417743351238797"}, {"verified": false, "name": "Radhakrishnan (Rad) Venkataramani", "id": "109511701", "location": "Mountain View, CA", "username": "radkris", "description": "Member of Technical Staff @xAI Prev: @PyTorch @MetaAI @Google @Snowflake ML systems. Believer in \"The Common Sense\". Loves funny tweets. Opinions are my own.", "created_at": "2010-01-29T08:48:14.000Z", "public_metrics": {"followers_count": 679, "following_count": 694, "tweet_count": 255, "listed_count": 8, "like_count": 16017, "media_count": 10}}, {"verified": false, "name": "Mircea Pa\u0219oi", "id": "11813582", "location": "San Francisco, CA", "username": "mirceap", "description": "Head of Eng @BrainCo_AI \u2022 Built eng teams in social (@Clubhouse, @Twitter) and crypto (@Coinbase, @Novi) \u2022 3x founder, 3x exits \u2022 Name is pronounced Meer-cha", "created_at": "2008-01-03T20:57:40.000Z", "public_metrics": {"followers_count": 4192, "following_count": 3406, "tweet_count": 5353, "listed_count": 185, "like_count": 22395, "media_count": 299}}, {"verified": false, "name": "Francis G. Greenleaf", "id": "1897157727895609345", "location": "San Francisco, CA", "username": "inferencetoken", "description": "growing @cline | prev. @ellipsishealth ( \u0361\u00b0 \u035c\u0296 \u0361\u00b0) \ud83c\uddfa\ud83c\uddf8", "created_at": "2025-03-05T05:30:44.000Z", "public_metrics": {"followers_count": 1050, "following_count": 591, "tweet_count": 773, "listed_count": 13, "like_count": 3655, "media_count": 116}}, {"verified": false, "name": "catherine jue", "id": "1835819100209037312", "location": "San Francisco, CA", "username": "juecd__", "description": "Co-founder @onkernel (YC S25): the best developer platform for AI agents to use the internet \u2022 https://t.co/lhFZs2xyU9", "created_at": "2024-09-16T23:12:44.000Z", "public_metrics": {"followers_count": 1795, "following_count": 443, "tweet_count": 762, "listed_count": 17, "like_count": 3322, "media_count": 101}, "pinned_tweet_id": "1960918491588125137"}, {"verified": false, "name": "Dmytro Soboliev", "id": "1843369191845625856", "username": "dsoboliev", "description": "", "created_at": "2024-10-07T19:14:09.000Z", "public_metrics": {"followers_count": 104, "following_count": 105, "tweet_count": 0, "listed_count": 5, "like_count": 65, "media_count": 0}}, {"verified": false, "name": "\ud83d\udd50HOURLY\ud83d\udd51 shitpost", "id": "1370394029310017537", "username": "hourly_shitpost", "description": "the best memes ever created\u2026 we wouldn\u2019t be here without them (DM submissions)", "created_at": "2021-03-12T15:20:00.000Z", "public_metrics": {"followers_count": 1485594, "following_count": 152, "tweet_count": 42006, "listed_count": 2556, "like_count": 17474, "media_count": 41518}}, {"verified": false, "name": "tetsuo", "id": "1587601034339561472", "location": "Neo Tokyo", "username": "tetsuoai", "description": "\u212d & \ud835\udd04\ud835\udd30\ud835\udd30\ud835\udd22\ud835\udd2a\ud835\udd1f\ud835\udd29\ud835\udd36 \ud835\udd30\ud835\udd26\ud835\udd2b\ud835\udd20\ud835\udd22 \u201994", "created_at": "2022-11-02T00:22:51.000Z", "public_metrics": {"followers_count": 214731, "following_count": 648, "tweet_count": 14968, "listed_count": 995, "like_count": 131109, "media_count": 3997}, "pinned_tweet_id": "1997397799936139739"}, {"verified": false, "name": "Gaurav", "id": "1756300375278379008", "username": "gauravisnotme", "description": "Good model @xAI | prev. d-matrix, @Google.\n\nI am Speculating. You Decode. Opinions my own", "created_at": "2024-02-10T12:55:20.000Z", "public_metrics": {"followers_count": 4194, "following_count": 753, "tweet_count": 589, "listed_count": 60, "like_count": 3224, "media_count": 58}}, {"verified": false, "name": "Tarek Mansour", "id": "1362103982089531392", "location": "New York", "username": "mansourtarek_", "description": "MIT Math Nerd.", "created_at": "2021-02-17T18:17:57.000Z", "public_metrics": {"followers_count": 65299, "following_count": 2315, "tweet_count": 6890, "listed_count": 659, "like_count": 33428, "media_count": 884}, "pinned_tweet_id": "1995858897798582484"}, {"verified": false, "name": "Adib", "id": "1756697799939215361", "location": "Toronto, Canada", "username": "adibvafa", "description": "Bio AI @ArcInstitute @UHN @VectorInst. prev @Cohere. Google Lead @googledevs. CS/Neuro @UofT. Founder of Canada's Largest AI Hackathon \ud83c\udf41", "created_at": "2024-02-11T15:13:00.000Z", "public_metrics": {"followers_count": 2049, "following_count": 1585, "tweet_count": 3467, "listed_count": 18, "like_count": 11133, "media_count": 412}, "pinned_tweet_id": "1929578567114854702"}, {"verified": false, "name": "Andree Jacobson", "id": "74834469", "location": "Dallas, TX", "username": "nmswede", "description": "Building massive scale HPC and AI compute at @xAI. Strong @Grok supporter. Work and random stuff. Views are my own.", "created_at": "2009-09-16T20:51:26.000Z", "public_metrics": {"followers_count": 11806, "following_count": 1343, "tweet_count": 951, "listed_count": 156, "like_count": 2627, "media_count": 63}}, {"verified": false, "name": "Jesik Min", "id": "992940509457928192", "location": "Bay Area", "username": "jesikmin", "description": "validating 42 @xAI; supercomputing & infra", "created_at": "2018-05-06T01:34:00.000Z", "public_metrics": {"followers_count": 3356, "following_count": 643, "tweet_count": 53, "listed_count": 64, "like_count": 1246, "media_count": 4}}, {"verified": false, "name": "Jeffrey Weichsel", "id": "818165325946638336", "location": "Palo Alto ", "username": "jeffreyweichsel", "description": "", "created_at": "2017-01-08T18:39:49.000Z", "public_metrics": {"followers_count": 2255, "following_count": 338, "tweet_count": 1462, "listed_count": 29, "like_count": 1383, "media_count": 90}}, {"verified": false, "name": "greg", "id": "1356434353623093249", "location": "Kentucky, USA", "username": "greg16676935420", "description": "im greg I like football and stocks and my birthday im from kentuckey. I'm a investor. I like to golf at the golf course. subscribe for just 10\u00a2 a day \u2934\ufe0f", "created_at": "2021-02-02T02:48:53.000Z", "public_metrics": {"followers_count": 1268904, "following_count": 523, "tweet_count": 58851, "listed_count": 4075, "like_count": 31989, "media_count": 11140}}, {"verified": false, "name": "Sean Yun-Shiuan Chuang @ Neurips 2025", "id": "1094862923984384001", "username": "SeanChuang4", "description": "LLM Agent | LLM Post-training | LLM Role-playing Agent | LLM Social Simulation | PhD @ UW-Madison | Papers at ICLR, EMNLP, NAACL, CogSci (Best Paper Award)", "created_at": "2019-02-11T07:37:17.000Z", "public_metrics": {"followers_count": 267, "following_count": 290, "tweet_count": 47, "listed_count": 3, "like_count": 108, "media_count": 17}, "pinned_tweet_id": "1773186108714553621"}, {"verified": false, "name": "Shengyang Sun", "id": "939312319258955777", "username": "ssydasheng", "description": "Build AGI @xAI | Prev. @NVIDIA (Leading Nemotron-340B) & @AMAZON | PhD @UofT ; B.E.@Tsinghua", "created_at": "2017-12-09T01:54:43.000Z", "public_metrics": {"followers_count": 4704, "following_count": 575, "tweet_count": 202, "listed_count": 58, "like_count": 684, "media_count": 12}}], "meta": {"result_count": 100, "next_token": "TKHU936KKPVHIZZZ"}}