{"data": [{"created_at": "2017-05-13T00:13:11.000Z", "location": "nyc", "username": "khushkhushkhush", "public_metrics": {"followers_count": 8059, "following_count": 645, "tweet_count": 9975, "listed_count": 34, "like_count": 41224, "media_count": 276}, "description": "simulating @aaruHQ // fine art + music mgmt", "verified": false, "id": "863185317326712834", "name": "khushi"}, {"created_at": "2016-07-23T00:29:55.000Z", "location": "worldwide", "username": "whateverjewel", "public_metrics": {"followers_count": 13277, "following_count": 1260, "tweet_count": 7011, "listed_count": 74, "like_count": 47156, "media_count": 242}, "description": "independent artist #jewelsart \ud83d\udcab", "verified": false, "id": "756647493824286725", "name": "jewel", "pinned_tweet_id": "1781130623882535145"}, {"created_at": "2008-04-24T20:39:31.000Z", "location": "New York, NY", "username": "cthrin", "public_metrics": {"followers_count": 4357, "following_count": 995, "tweet_count": 2355, "listed_count": 160, "like_count": 41468, "media_count": 211}, "description": "Product @Kalshi. Prev @coinbase @google. Always building on the frontier.", "verified": false, "id": "14517411", "name": "Catherine Shyu Sullivan", "pinned_tweet_id": "1996964916150870293"}, {"created_at": "2009-08-13T20:25:49.000Z", "username": "ediyork", "public_metrics": {"followers_count": 1288, "following_count": 1509, "tweet_count": 753, "listed_count": 12, "like_count": 4322, "media_count": 21}, "description": "Two first names.", "verified": false, "id": "65458523", "name": "Elisabeth Diana"}, {"created_at": "2019-08-11T19:22:02.000Z", "location": "Boston", "username": "eshorten300", "public_metrics": {"followers_count": 4853, "following_count": 890, "tweet_count": 4289, "listed_count": 95, "like_count": 7617, "media_count": 242}, "description": "Partnerships @weaviate_io | Diary about agents, LLM frameworks, and vector databases \ud83e\udd2a", "verified": false, "id": "1160632485228752897", "name": "Erika Shorten", "pinned_tweet_id": "1861101764373815512"}, {"created_at": "2022-07-10T06:00:17.000Z", "location": "s-yberspace // san diego, ca", "username": "s_yborg", "public_metrics": {"followers_count": 258, "following_count": 999, "tweet_count": 2035, "listed_count": 4, "like_count": 3571, "media_count": 441}, "description": "self-expression technologist: ai, fashion & tech \ud83e\udec6 || synthetic creative // lvl: 25 // \ud83c\udff3\ufe0f\u200d\ud83c\udf08 // hci @ucsandiego \u201824 forward deployed creative - @florafaunaai", "verified": false, "id": "1546011340036222976", "name": "sasha", "pinned_tweet_id": "1945609979987464259"}, {"created_at": "2014-01-18T01:29:21.000Z", "location": "San Francisco", "username": "amyxst", "public_metrics": {"followers_count": 498, "following_count": 1046, "tweet_count": 876, "listed_count": 20, "like_count": 1075, "media_count": 67}, "description": "founder @cloudgluedev\nex-ml/infra person @snap, @aws, @rbcborealis, @arizeai, math/physics @uoft", "verified": false, "id": "2297045954", "name": "Amy Xiao", "pinned_tweet_id": "1920564212318847429"}, {"created_at": "2022-02-24T22:46:48.000Z", "location": "SF", "username": "Mandy_SLu", "public_metrics": {"followers_count": 7441, "following_count": 1046, "tweet_count": 1533, "listed_count": 19, "like_count": 10821, "media_count": 113}, "description": "professional gambler, lions fan, phd @Stanford, AI @Google for health/climate, i play games (poker, chess, magic++), ex-Nvidia/Apple", "verified": false, "id": "1496979915396108288", "name": "Mandy Lu", "pinned_tweet_id": "1982214054920827295"}, {"created_at": "2013-10-23T05:47:16.000Z", "username": "agarwalipshita", "public_metrics": {"followers_count": 2533, "following_count": 642, "tweet_count": 761, "listed_count": 19, "like_count": 3970, "media_count": 34}, "description": "writing emails @p0; prev @A_StarVC, @CRV; born to read, forced to ARR", "verified": false, "id": "2149234078", "name": "Ipshita Agarwal", "pinned_tweet_id": "1988735953968738681"}, {"created_at": "2013-08-13T22:23:33.000Z", "location": "San Francisco, CA", "username": "karine_hsu", "public_metrics": {"followers_count": 8278, "following_count": 4276, "tweet_count": 5552, "listed_count": 115, "like_count": 22594, "media_count": 1494}, "description": "partner @slopeagency | former YC founder + pro badminton player \ud83c\udff8 | snack + kdrama enthusiast", "verified": false, "id": "1668886004", "name": "Karine Hsu", "pinned_tweet_id": "1652682553046847500"}, {"created_at": "2022-07-18T05:50:03.000Z", "location": "Western Australia", "username": "CalebDeannn", "public_metrics": {"followers_count": 2555, "following_count": 906, "tweet_count": 978, "listed_count": 15, "like_count": 2542, "media_count": 98}, "description": "I run, gym & build apps.", "verified": false, "id": "1548907887778361344", "name": "Caleb Dean \ud83c\udff4\u200d\u2620\ufe0f\ud83c\udde6\ud83c\uddfa", "pinned_tweet_id": "1985680838374408644"}, {"created_at": "2009-04-04T17:18:08.000Z", "location": "San Francisco, CA", "username": "edwinarbus", "public_metrics": {"followers_count": 24830, "following_count": 2262, "tweet_count": 6833, "listed_count": 276, "like_count": 31623, "media_count": 1201}, "description": "@cursor_ai, previously @openai and @stripe", "verified": false, "id": "28830854", "name": "edwin", "pinned_tweet_id": "1995539809704784063"}, {"created_at": "2020-11-12T17:42:14.000Z", "location": "the cloud", "username": "DXTipsHQ", "public_metrics": {"followers_count": 2391, "following_count": 23, "tweet_count": 227, "listed_count": 24, "like_count": 166, "media_count": 48}, "description": "A magazine focusing on Developer Tools, Developer Relations, and all things Developer Experience curated by @swyx. We welcome guest submissions and sponsors!", "verified": false, "id": "1326943372834058240", "name": "DX Tips Magazine", "pinned_tweet_id": "1544319756429312001"}, {"created_at": "2025-10-08T19:08:22.000Z", "location": "san francisco", "username": "tiatplace", "public_metrics": {"followers_count": 120, "following_count": 1, "tweet_count": 36, "listed_count": 2, "like_count": 42, "media_count": 3}, "description": "the intersection of art & technology\nis a place\nin san francisco : )", "verified": false, "id": "1976001697190490112", "name": "tiat"}, {"created_at": "2012-08-17T22:15:01.000Z", "username": "reed_barnes", "public_metrics": {"followers_count": 230, "following_count": 286, "tweet_count": 828, "listed_count": 0, "like_count": 5594, "media_count": 111}, "description": "amateur professional, professional amateur | software engineer @ mintlify | https://t.co/YviT0MhBwr", "verified": false, "id": "764545350", "name": "Reed"}, {"created_at": "2020-06-15T14:47:52.000Z", "location": "San Francisco, CA", "username": "andrewqu", "public_metrics": {"followers_count": 1286, "following_count": 911, "tweet_count": 684, "listed_count": 12, "like_count": 5965, "media_count": 39}, "description": "\u25b2 @vercel", "verified": false, "id": "1272541278593564672", "name": "Andrew Qu", "pinned_tweet_id": "1938597681435439447"}, {"created_at": "2019-05-13T14:38:08.000Z", "location": "Leeds", "username": "claricetudor_", "public_metrics": {"followers_count": 63691, "following_count": 269, "tweet_count": 1188, "listed_count": 325, "like_count": 3888, "media_count": 765}, "description": "cartoonist \ud83d\udd2a", "verified": false, "id": "1127946128677380096", "name": "clarice tudor", "pinned_tweet_id": "1789678075405275552"}, {"created_at": "2017-02-18T04:59:17.000Z", "location": "syd sometimes sf", "username": "wilsonhou", "public_metrics": {"followers_count": 2567, "following_count": 623, "tweet_count": 4826, "listed_count": 29, "like_count": 11156, "media_count": 408}, "description": "technical design studio @lowercaseclub with @angehyc", "verified": false, "id": "832816733383585792", "name": "wilson hou", "pinned_tweet_id": "1963316816731935224"}, {"created_at": "2021-10-04T16:57:54.000Z", "location": "NYC", "username": "claudhadd", "public_metrics": {"followers_count": 5336, "following_count": 1312, "tweet_count": 751, "listed_count": 90, "like_count": 16412, "media_count": 28}, "description": "product @baseapp\u26a1\ufe0fprev @Facebook, @Penn", "verified": false, "id": "1445070660062089219", "name": "claudia.base.eth"}, {"created_at": "2021-03-15T10:33:31.000Z", "location": "berkeley ", "username": "vibhayellamraju", "public_metrics": {"followers_count": 24, "following_count": 55, "tweet_count": 1, "listed_count": 0, "like_count": 9, "media_count": 0}, "description": "uc berkeley | sf", "verified": false, "id": "1371409154863034369", "name": "Vibha"}, {"created_at": "2020-03-15T22:15:13.000Z", "location": "La baie de San Francisco", "username": "PradyumnaShome", "public_metrics": {"followers_count": 687, "following_count": 741, "tweet_count": 1016, "listed_count": 5, "like_count": 40462, "media_count": 40}, "description": "Ich geh mit dir wohin du willst. Geboren, um zu leben, mit den Wundern jener Zeit.", "verified": false, "id": "1239314153673830401", "name": "Pradyumna Shome", "pinned_tweet_id": "1969163098507362790"}, {"created_at": "2012-08-18T16:30:43.000Z", "location": "Internet", "username": "tomosman", "public_metrics": {"followers_count": 23826, "following_count": 6364, "tweet_count": 41770, "listed_count": 656, "like_count": 133838, "media_count": 5955}, "description": "Discovering whats possible with technology.", "verified": false, "id": "765995515", "name": "Tom Osman \ud83d\udc26\u200d\u2b1b", "pinned_tweet_id": "1778352744195141842"}, {"created_at": "2013-06-30T00:23:13.000Z", "location": "sf", "username": "ChanChan_Mao", "public_metrics": {"followers_count": 113, "following_count": 93, "tweet_count": 207, "listed_count": 2, "like_count": 2955, "media_count": 7}, "description": "devrel @lancedb (https://t.co/OAgpLnhEL5) | prev. devrel @daftengine", "verified": false, "id": "1556831306", "name": "chanchan mao"}, {"created_at": "2008-12-23T23:11:05.000Z", "location": "San Francisco, CA", "username": "ryhanhassan", "public_metrics": {"followers_count": 11212, "following_count": 6005, "tweet_count": 14937, "listed_count": 265, "like_count": 72423, "media_count": 1154}, "description": "Design @openai. Previously @figma \ud83c\udff3\ufe0f\u200d\ud83c\udf08", "verified": false, "id": "18344836", "name": "Ryhan", "pinned_tweet_id": "1806014033973354599"}, {"created_at": "2021-10-12T22:15:27.000Z", "location": "San Francisco, CA", "username": "emmysteuer", "public_metrics": {"followers_count": 15486, "following_count": 1711, "tweet_count": 5476, "listed_count": 69, "like_count": 18358, "media_count": 383}, "description": "Software engineer. I make videos about cool tech", "verified": false, "id": "1448049630336495626", "name": "Emma Steuer \ud83e\uddda\ud83e\udd16", "pinned_tweet_id": "1921920785028939918"}, {"created_at": "2012-02-11T08:21:40.000Z", "location": "San Francisco, CA", "username": "soohoonchoi", "public_metrics": {"followers_count": 1180, "following_count": 786, "tweet_count": 952, "listed_count": 8, "like_count": 2695, "media_count": 76}, "description": "cofounder, cto @ https://t.co/D84CYv4nGQ (we\u2019re hiring)", "verified": false, "id": "489186333", "name": "Soohoon Choi"}, {"created_at": "2012-09-26T06:43:55.000Z", "username": "huisleona", "public_metrics": {"followers_count": 825, "following_count": 487, "tweet_count": 1634, "listed_count": 31, "like_count": 2285, "media_count": 116}, "description": "Founding design @tryflint. prev: product design leadership @netflix; built @getsummerapp @shopairgora and many.", "verified": false, "id": "846895494", "name": "Leona Hudelson", "pinned_tweet_id": "1993014020690133268"}, {"created_at": "2019-01-23T06:19:28.000Z", "location": "San Francisco, CA", "username": "Madisonkanna", "public_metrics": {"followers_count": 77137, "following_count": 373, "tweet_count": 13982, "listed_count": 550, "like_count": 79573, "media_count": 547}, "description": "learning out loud. eng @basetenco. https://t.co/QvyzkO9V29", "verified": false, "id": "1087957969915006976", "name": "Madison Kanna"}, {"created_at": "2008-03-01T17:32:31.000Z", "location": "San Francisco Bay area", "username": "aparnacd", "public_metrics": {"followers_count": 13659, "following_count": 1126, "tweet_count": 726, "listed_count": 294, "like_count": 1656, "media_count": 59}, "description": "CPO@Microsoft on AI for Work. Founder,  Google Lens. Board@eBay. Past: CPO@Robinhood. VP@Google. Board@Capital One. Eng@Akamai", "verified": false, "id": "14065609", "name": "Aparna Chennapragada"}, {"created_at": "2009-06-16T17:17:45.000Z", "location": "South Africa", "username": "elegantunivers9", "public_metrics": {"followers_count": 5708, "following_count": 3256, "tweet_count": 7405, "listed_count": 91, "like_count": 25224, "media_count": 1904}, "description": "Building edifices made of grains of thought. Built and sold a thing. Granddaughter to an Indian Supreme Court Judge. Board @cwclub. Collector of rare ideas.", "verified": false, "id": "47680529", "name": "Anjali Menon", "pinned_tweet_id": "458803314616856576"}, {"created_at": "2021-12-18T05:03:44.000Z", "location": "Toronto", "username": "JerryDizs", "public_metrics": {"followers_count": 313, "following_count": 766, "tweet_count": 893, "listed_count": 7, "like_count": 2077, "media_count": 61}, "description": "Product + Design + Personality @westernu | Prev @AccordanceAI @uoft @Zfellows", "verified": false, "id": "1472070013058228224", "name": "Jerry", "pinned_tweet_id": "1968039872998019477"}, {"created_at": "2021-10-02T19:41:04.000Z", "location": "San Francisco", "username": "lexxbarn", "public_metrics": {"followers_count": 2812, "following_count": 730, "tweet_count": 2636, "listed_count": 31, "like_count": 14940, "media_count": 347}, "description": "Leading influencer @anthropicai, prev did influ and social at @notionhq amongst other things like TikTokin\u2019 | Views are my own \u270c\ud83c\udffc", "verified": false, "id": "1444386934311161856", "name": "Lexie Barnhorn"}, {"created_at": "2012-12-29T20:28:19.000Z", "location": "Brooklyn, NY", "username": "annalaura_art", "public_metrics": {"followers_count": 285197, "following_count": 597, "tweet_count": 3754, "listed_count": 1293, "like_count": 9566, "media_count": 658}, "description": "my heart and your heart are very old friends \ud83d\udc9bshe/her \u2b50\ufe0fShop and more in the linktree below\ud83c\udf6f\u2b07\ufe0f", "verified": false, "id": "1045889358", "name": "Anna-Laura", "pinned_tweet_id": "1532137984862068736"}, {"created_at": "2015-07-08T10:20:54.000Z", "location": "Philadelphia, PA", "username": "Smith_Diction", "public_metrics": {"followers_count": 7593, "following_count": 29, "tweet_count": 379, "listed_count": 75, "like_count": 933, "media_count": 36}, "description": "We are a design studio that creates thoughtful identities for imaginative clients.", "verified": false, "id": "3271712256", "name": "Smith & Diction", "pinned_tweet_id": "1978895470786142389"}, {"created_at": "2020-06-26T16:50:56.000Z", "location": "new york // toronto", "username": "tchowd_", "public_metrics": {"followers_count": 1536, "following_count": 920, "tweet_count": 2008, "listed_count": 16, "like_count": 9773, "media_count": 135}, "description": "building - https://t.co/idxLhCjOut @ycombinator @535toronto alum \ud83c\udde8\ud83c\udde6", "verified": false, "id": "1276558518913511426", "name": "turja\ud83d\udd7a"}, {"created_at": "2019-09-26T17:44:48.000Z", "username": "sunjiao123sun_", "public_metrics": {"followers_count": 12588, "following_count": 602, "tweet_count": 495, "listed_count": 140, "like_count": 350, "media_count": 51}, "description": "Senior RS @ GoogleDeepMind, improving Gemini Coding \\n\\n NLP PhD @ USC, Amazon ML Fellow \\n\\n ex-{Google Brain, Alexa AI} nlper, IIIS Tsinghua-Ren", "verified": false, "id": "1177277822747856896", "name": "Jiao Sun", "pinned_tweet_id": "1990841990024737053"}, {"created_at": "2015-02-22T17:59:01.000Z", "location": "ldn \u27a1\ufe0f sf", "username": "JaySahnan", "public_metrics": {"followers_count": 1545, "following_count": 660, "tweet_count": 1162, "listed_count": 8, "like_count": 2556, "media_count": 141}, "description": "Growth/GTM Engineer @browserbase", "verified": false, "id": "3053321895", "name": "Jay", "pinned_tweet_id": "1987594398675415451"}, {"created_at": "2023-08-02T05:55:51.000Z", "location": "Need compliance? \u2192", "username": "karunkaushik_", "public_metrics": {"followers_count": 6524, "following_count": 349, "tweet_count": 980, "listed_count": 25, "like_count": 3709, "media_count": 153}, "description": "Co-founder @GetDelve (AI-native compliance) | YC W24 | @ZFellows | Prod | prev. AI @MIT", "verified": false, "id": "1686616756058734592", "name": "Karun Kaushik", "pinned_tweet_id": "1947673019574587873"}, {"created_at": "2022-04-28T15:49:31.000Z", "username": "sazzadir14", "public_metrics": {"followers_count": 185, "following_count": 84, "tweet_count": 30, "listed_count": 0, "like_count": 28, "media_count": 2}, "description": "AI @ Delve (hiring) | prev {Robotics, Education, AI} @ SAIL", "verified": false, "id": "1519705288315908097", "name": "Sazzad Islam"}, {"created_at": "2022-07-15T14:24:50.000Z", "location": "San Francisco", "username": "davis7", "public_metrics": {"followers_count": 5141, "following_count": 377, "tweet_count": 2202, "listed_count": 37, "like_count": 6198, "media_count": 557}, "description": "managing @theo's yt channel and building whatever I'm currently nerd sniped by", "verified": false, "id": "1547950228396838912", "name": "Ben Davis"}, {"created_at": "2012-02-01T19:20:43.000Z", "location": "San Francisco, California", "username": "theHankTaylor", "public_metrics": {"followers_count": 2795, "following_count": 815, "tweet_count": 2134, "listed_count": 37, "like_count": 6152, "media_count": 189}, "description": "\ud83e\uddea Marketing @LaravelPHP (ex @Vercel / @GitLab / @Neo4j )\n\ud83c\udf99\ufe0f developer marketing pod (https://t.co/drqP5g31d8)\n\ud83c\udf3f your next growth advisor?", "verified": false, "id": "480671470", "name": "Hank Taylor"}, {"created_at": "2013-05-05T19:50:17.000Z", "location": "San Francisco, CA", "username": "shreypandya", "public_metrics": {"followers_count": 983, "following_count": 1231, "tweet_count": 997, "listed_count": 7, "like_count": 6566, "media_count": 131}, "description": "building @browserbase // @neo, @v1michigan \u303d\ufe0f", "verified": false, "id": "1405928646", "name": "Shrey Pandya", "pinned_tweet_id": "1990833132288028985"}, {"created_at": "2020-07-09T10:37:52.000Z", "location": "sf", "username": "kylejeong", "public_metrics": {"followers_count": 4101, "following_count": 431, "tweet_count": 3066, "listed_count": 34, "like_count": 6095, "media_count": 318}, "description": "math + cs @ucla | building @browserbase | scaling builder culture @vestucla | @kp_fellows | SF x LA\ud83d\udccd", "verified": false, "id": "1281175702788702210", "name": "Kyle Jeong", "pinned_tweet_id": "1878894512925507804"}, {"created_at": "2020-11-27T10:19:05.000Z", "location": "San Francisco", "username": "CDTEliot", "public_metrics": {"followers_count": 4036, "following_count": 776, "tweet_count": 3629, "listed_count": 100, "like_count": 6608, "media_count": 347}, "description": "Community comms @stripe, previously @coinbase", "verified": false, "id": "1332267583781941248", "name": "Eliot Couvat"}, {"created_at": "2020-07-07T06:28:42.000Z", "location": "San Francisco, CA", "username": "__melchen__", "public_metrics": {"followers_count": 150, "following_count": 308, "tweet_count": 126, "listed_count": 0, "like_count": 1522, "media_count": 7}, "description": "eng @chalk | ex @plaid | ex @mit cs | medium @themelchen", "verified": false, "id": "1280388212565798912", "name": "melanie", "pinned_tweet_id": "1293035946934378496"}, {"created_at": "2009-06-17T23:34:27.000Z", "location": "Berkeley", "username": "victoriahu", "public_metrics": {"followers_count": 236, "following_count": 312, "tweet_count": 235, "listed_count": 2, "like_count": 1335, "media_count": 13}, "description": "founder @tied_ai\n\nindoors human prev. \ncfndr Axent Wear ($20M+ product sales)\neng @twilio\n@ucberkeley", "verified": false, "id": "48162910", "name": "Victoria Hu"}, {"created_at": "2020-11-24T04:58:27.000Z", "location": "San Francisco, CA", "username": "AkritiKeswani", "public_metrics": {"followers_count": 614, "following_count": 439, "tweet_count": 288, "listed_count": 6, "like_count": 1688, "media_count": 22}, "description": "I build developer education tools & host hackathons | \ud83c\udfb8 \ud83d\udcbb sometimes I sing too", "verified": false, "id": "1331099805599363073", "name": "Akriti Keswani", "pinned_tweet_id": "1977451303405293657"}, {"created_at": "2017-07-15T03:55:40.000Z", "location": "San Francisco, CA", "username": "ShawnFarsai", "public_metrics": {"followers_count": 1111, "following_count": 700, "tweet_count": 307, "listed_count": 14, "like_count": 1295, "media_count": 87}, "description": "Engineer and designer. Brand & Design Lead @harvey__ai, prev @scale_ai", "verified": false, "id": "886071741201530880", "name": "Shawn Farsai", "pinned_tweet_id": "1956822054315217175"}, {"created_at": "2010-09-22T00:33:09.000Z", "location": "San Francisco, CA", "username": "jefffzhong", "public_metrics": {"followers_count": 159, "following_count": 438, "tweet_count": 985, "listed_count": 1, "like_count": 7341, "media_count": 23}, "description": "I write code to solve problems and talk about it | prev @meta @instagram @brownuniversity", "verified": false, "id": "193511495", "name": "Jeff Zhong"}, {"created_at": "2021-09-22T23:11:33.000Z", "location": "San Francisco, CA", "username": "aimeetianyi", "public_metrics": {"followers_count": 120, "following_count": 379, "tweet_count": 69, "listed_count": 2, "like_count": 568, "media_count": 7}, "description": "marketing, making, musing \ud83e\udea1", "verified": false, "id": "1440816029148409863", "name": "Aimee"}, {"created_at": "2020-04-20T17:04:51.000Z", "location": "San Francisco, CA", "username": "FedericoNoemie", "public_metrics": {"followers_count": 9443, "following_count": 810, "tweet_count": 6838, "listed_count": 51, "like_count": 34523, "media_count": 513}, "description": "Supporting those who are @solofounding | @joinodf | hosting @LateNightCafeSF | curating @StampList | \ud83c\uddeb\ud83c\uddf7\ud83d\udef8", "verified": false, "id": "1252282064520519683", "name": "No\u00e9mie", "pinned_tweet_id": "1924600285630234890"}, {"created_at": "2008-07-13T16:11:55.000Z", "location": "\ud83c\udf01 Bay Area, CA", "username": "jgulden", "public_metrics": {"followers_count": 2384, "following_count": 1647, "tweet_count": 25446, "listed_count": 92, "like_count": 83249, "media_count": 2735}, "description": "founding head of design at @legendapp. washed actor, wannabe filmmaker, former kid, work in progress. MN boi in CA. // ex-@facebook, @target, @compoundfinance", "verified": false, "id": "15415967", "name": "Josiah Gulden"}, {"created_at": "2025-11-15T01:17:35.000Z", "location": "San Francisco, CA", "username": "theroyalpalis", "public_metrics": {"followers_count": 17, "following_count": 50, "tweet_count": 1, "listed_count": 0, "like_count": 4, "media_count": 1}, "description": "", "verified": false, "id": "1989502974595665921", "name": "Palis"}, {"created_at": "2018-10-28T21:09:45.000Z", "location": "San Francisco, CA", "username": "moeintechoff", "public_metrics": {"followers_count": 451, "following_count": 467, "tweet_count": 2144, "listed_count": 5, "like_count": 3187, "media_count": 462}, "description": "Mobile Engineer @cfosilvia", "verified": false, "id": "1056654275835842561", "name": "Mac", "pinned_tweet_id": "1994136294440751439"}, {"created_at": "2013-06-25T11:48:13.000Z", "location": "London / Paris / Warsaw", "username": "kurilod", "public_metrics": {"followers_count": 1720, "following_count": 1754, "tweet_count": 15515, "listed_count": 27, "like_count": 14939, "media_count": 2020}, "description": "founder & swe; building @care_carrot (blood tests company) | ex @msqrdme (acquired by Facebook), @realitylabs @meta (2016\u20132024)", "verified": false, "id": "1545538658", "name": "Dmitrij", "pinned_tweet_id": "1833410047470190694"}, {"created_at": "2020-02-19T22:04:02.000Z", "location": "San Francisco, CA", "username": "hudsonliao", "public_metrics": {"followers_count": 695, "following_count": 192, "tweet_count": 184, "listed_count": 7, "like_count": 3124, "media_count": 15}, "description": "Activist and AI Founder (YC F25) | San Francisco Native", "verified": false, "id": "1230251686716792837", "name": "hudson"}, {"created_at": "2015-12-02T01:20:13.000Z", "location": "bay area", "username": "wacheeeee", "public_metrics": {"followers_count": 429, "following_count": 422, "tweet_count": 3145, "listed_count": 3, "like_count": 41146, "media_count": 239}, "description": "cs @ sjsu | just tweeting @mintlify | feature lineage @amazon search | pourover casual", "verified": false, "id": "4426138094", "name": "ryan", "pinned_tweet_id": "1972339969042866401"}, {"created_at": "2023-05-03T17:11:51.000Z", "username": "nonnegative_ev", "public_metrics": {"followers_count": 18, "following_count": 76, "tweet_count": 5, "listed_count": 0, "like_count": 21, "media_count": 0}, "description": "", "verified": false, "id": "1653809570387734530", "name": "Evan"}, {"created_at": "2014-01-19T00:14:14.000Z", "location": "Los Angeles, CA", "username": "nadiainthought", "public_metrics": {"followers_count": 2458, "following_count": 1423, "tweet_count": 9389, "listed_count": 17, "like_count": 17051, "media_count": 279}, "description": "here to (share) love, learn, build, and play in this magical reality \u2600\ufe0f\ud83c\udf31 mythopoiea, art, connection, nonduality \ud83d\udd49\ufe0fx\u262f\ufe0f", "verified": false, "id": "2298710089", "name": "Nadia", "pinned_tweet_id": "1935202087698317372"}, {"created_at": "2025-05-22T09:56:30.000Z", "username": "aakritiak_", "public_metrics": {"followers_count": 204, "following_count": 931, "tweet_count": 363, "listed_count": 1, "like_count": 5975, "media_count": 4}, "description": "Building @intellibaseai", "verified": false, "id": "1925490906108764165", "name": "Aakriti"}, {"created_at": "2025-05-20T07:22:38.000Z", "location": "San Francisco, CA", "username": "AiiaBuilds", "public_metrics": {"followers_count": 73, "following_count": 77, "tweet_count": 112, "listed_count": 1, "like_count": 608, "media_count": 10}, "description": "building AI that understands taste & beauty \u2014 maybe people.   founder of AestheticIntelligence Circle & RoomX \ud83c\udf38   software engineer (AI Infra) @Amazon", "verified": false, "id": "1924727376325574656", "name": "aiia", "pinned_tweet_id": "1980783103347159174"}, {"created_at": "2018-07-25T16:31:30.000Z", "location": "neurips", "username": "yawnxyz", "public_metrics": {"followers_count": 3198, "following_count": 4176, "tweet_count": 6402, "listed_count": 34, "like_count": 24304, "media_count": 383}, "description": "devrel @groqinc \u2022 building tools for researchers: https://t.co/OD3zi6QE29 \u2022 fighting sepsis @phagedirectory \u2022 ex @ubiquiti @carnegiemellon \u2022 \ud83c\udde8\ud83c\uddf3\ud83c\uddf8\ud83c\uddea\ud83c\uddfa\ud83c\uddf8", "verified": false, "id": "1022157402014195712", "name": "Jan @ NeurIPS!", "pinned_tweet_id": "1817249422360842691"}, {"created_at": "2017-11-05T08:20:45.000Z", "username": "Prof_Kalkyl", "public_metrics": {"followers_count": 50918, "following_count": 1335, "tweet_count": 25475, "listed_count": 512, "like_count": 45120, "media_count": 5197}, "description": "Co-founder & Brand Strategist, @Quartr_App.", "verified": false, "id": "927088282692878337", "name": "Oliver \u0ceb", "pinned_tweet_id": "1993050706778140734"}, {"created_at": "2010-12-15T22:00:04.000Z", "location": "sf", "username": "cjmlgrto", "public_metrics": {"followers_count": 1367, "following_count": 292, "tweet_count": 26793, "listed_count": 113, "like_count": 74738, "media_count": 1839}, "description": "design @apple", "verified": false, "id": "227091416", "name": "Carlos \u263b", "pinned_tweet_id": "1987690411117441525"}, {"created_at": "2025-10-28T06:04:38.000Z", "location": "San Francisco, CA", "username": "_nontechnical", "public_metrics": {"followers_count": 3460, "following_count": 273, "tweet_count": 899, "listed_count": 9, "like_count": 6595, "media_count": 159}, "description": "Director of Operations @Graylark", "verified": false, "id": "1983051955149910017", "name": "Anastasiya Sakharava"}, {"created_at": "2007-10-31T04:41:51.000Z", "location": "United States", "username": "btrenchard", "public_metrics": {"followers_count": 8574, "following_count": 755, "tweet_count": 1106, "listed_count": 273, "like_count": 2997, "media_count": 56}, "description": "Partner at First Round Capital", "verified": false, "id": "9815252", "name": "Bill Trenchard"}, {"created_at": "2020-02-20T04:44:00.000Z", "location": "San Francisco, CA", "username": "juliagovberg", "public_metrics": {"followers_count": 1877, "following_count": 1291, "tweet_count": 908, "listed_count": 37, "like_count": 2628, "media_count": 22}, "description": "Chief of Staff at  @clay_gtm | Angel Invesotr | Fmr. @firstround \ud83d\udca1\ud83d\ude80\u2728", "verified": false, "id": "1230352349098643456", "name": "Julia Govberg", "pinned_tweet_id": "1607836097475739651"}, {"created_at": "2019-07-11T06:26:32.000Z", "location": "san francisco", "username": "notamyjain", "public_metrics": {"followers_count": 297, "following_count": 770, "tweet_count": 46, "listed_count": 0, "like_count": 319, "media_count": 17}, "description": "fintech / philosophy (prev. @pearvc @jpmorgan @ucberkeley)", "verified": false, "id": "1149203301205827584", "name": "Amy Jain"}, {"created_at": "2014-07-05T23:17:25.000Z", "location": "San Francisco, CA", "username": "lucidstarfield", "public_metrics": {"followers_count": 2132, "following_count": 2315, "tweet_count": 5532, "listed_count": 19, "like_count": 16038, "media_count": 1832}, "description": "Creative Technologist. Building @TailzyAI, No Cap, Celebrating Home.", "verified": false, "id": "2606298714", "name": "Rohan Tandon", "pinned_tweet_id": "1992270126792786362"}, {"created_at": "2020-12-18T12:24:25.000Z", "location": "Internet, Everywhere", "username": "Quartr_App", "public_metrics": {"followers_count": 145597, "following_count": 603, "tweet_count": 7432, "listed_count": 1584, "like_count": 9639, "media_count": 5506}, "description": "Increasing efficiency and precision in qualitative public market research.", "verified": true, "id": "1339909347925778433", "name": "Quartr", "pinned_tweet_id": "1983156756915404923"}, {"created_at": "2023-09-30T18:59:08.000Z", "username": "buildersbuildev", "public_metrics": {"followers_count": 190, "following_count": 132, "tweet_count": 73, "listed_count": 1, "like_count": 8, "media_count": 29}, "description": "Lead ML/AI Eng. I create technical content so you don't have to. I chat with top ML/AI engs with Teach Me Your Stack Series.", "verified": false, "id": "1708194677474660352", "name": "ren_ml", "pinned_tweet_id": "1986066924959146303"}, {"created_at": "2021-12-14T20:25:56.000Z", "location": "New York, New York", "username": "RMyrsater", "public_metrics": {"followers_count": 118, "following_count": 163, "tweet_count": 21, "listed_count": 2, "like_count": 70, "media_count": 3}, "description": "Head of Design @BiltRewards / Building @wabi / Advisor @PhiaCo_ \ud83c\udf3b", "verified": false, "id": "1470852497354993676", "name": "Robert Myrs\u00e4ter"}, {"created_at": "2011-03-16T03:57:57.000Z", "location": "Astoria, Queens", "username": "ZohranKMamdani", "public_metrics": {"followers_count": 1268916, "following_count": 999, "tweet_count": 17024, "listed_count": 2141, "like_count": 49616, "media_count": 3571}, "description": "Mayor-Elect of New York City", "verified": false, "id": "266980765", "name": "Zohran Kwame Mamdani", "pinned_tweet_id": "1985691331948388823"}, {"created_at": "2023-07-18T18:47:03.000Z", "location": "New York, USA", "username": "teenychairs", "public_metrics": {"followers_count": 559, "following_count": 263, "tweet_count": 87, "listed_count": 2, "like_count": 1152, "media_count": 21}, "description": "leading design @modal, previously @scale_ai @spotify \n\ncollector of teeny chairs \ud83e\ude91", "verified": false, "id": "1681375002581680129", "name": "sona dolasia", "pinned_tweet_id": "1912621145477558680"}, {"created_at": "2021-06-24T03:22:52.000Z", "location": "New York, NY", "username": "_nicolealonso", "public_metrics": {"followers_count": 4717, "following_count": 759, "tweet_count": 782, "listed_count": 26, "like_count": 4008, "media_count": 98}, "description": "head of growth @trywindmill                 \nprev: co-founder/cto | college dropout & mediocre runner", "verified": false, "id": "1407901828482621446", "name": "nicole alonso", "pinned_tweet_id": "1993765695339794796"}, {"created_at": "2021-03-21T06:04:41.000Z", "location": "bengaluru", "username": "wh0sumit", "public_metrics": {"followers_count": 4652, "following_count": 3112, "tweet_count": 12161, "listed_count": 4, "like_count": 75524, "media_count": 856}, "description": "founder @rightfitso \u2731 rethinking hiring \ud83c\udff4", "verified": false, "id": "1373515851735859201", "name": "sumit \ud83c\udff4", "pinned_tweet_id": "1981303977133428968"}, {"created_at": "2022-06-05T00:44:48.000Z", "location": "San Francisco, CA", "username": "isaac_akrouche", "public_metrics": {"followers_count": 34, "following_count": 159, "tweet_count": 37, "listed_count": 1, "like_count": 777, "media_count": 5}, "description": "Ohioan in SF. Running growth for startups. Ex Fabric. Hayes Valley.", "verified": false, "id": "1533248408143597568", "name": "Isaac Akrouche"}, {"created_at": "2011-01-17T01:20:28.000Z", "location": "San Francisco, CA", "username": "gauravvohra1", "public_metrics": {"followers_count": 6090, "following_count": 309, "tweet_count": 7640, "listed_count": 92, "like_count": 29447, "media_count": 915}, "description": "Dad of 3, built @Superhuman, scout @a16z, advisor at 20+: @clay_gtm @replit @superpower @wisprflow @extraordinary, writes at https://t.co/2UVNky5XAS", "verified": false, "id": "239184395", "name": "Gaurav Vohra", "pinned_tweet_id": "1983604439828353473"}, {"created_at": "2015-12-13T06:19:34.000Z", "location": "sf", "username": "saraduit", "public_metrics": {"followers_count": 44224, "following_count": 948, "tweet_count": 1579, "listed_count": 384, "like_count": 6250, "media_count": 139}, "description": "founder @andocorporation \u2736 also @alloyautomation cofounder, @harvard dropout, thiel fellow, etc", "verified": false, "id": "4544645238", "name": "Sara Du", "pinned_tweet_id": "1915516387843543429"}, {"created_at": "2023-06-30T11:50:51.000Z", "username": "Brennan_Lup", "public_metrics": {"followers_count": 188, "following_count": 178, "tweet_count": 337, "listed_count": 1, "like_count": 963, "media_count": 39}, "description": "GTM @workweave YC W25", "verified": false, "id": "1674747221424627714", "name": "Brennan Lupyrypa", "pinned_tweet_id": "1973123718139228534"}, {"created_at": "2015-03-26T22:33:34.000Z", "location": "22 | sf / bos / ny", "username": "NoHaxsJustAsian", "public_metrics": {"followers_count": 577, "following_count": 507, "tweet_count": 2525, "listed_count": 2, "like_count": 60928, "media_count": 276}, "description": "founding personality hire @getdelve", "verified": false, "id": "3120017152", "name": "win", "pinned_tweet_id": "1688968836341501958"}, {"created_at": "2019-05-22T12:51:38.000Z", "location": "San Francisco", "username": "SL_Asma_", "public_metrics": {"followers_count": 294, "following_count": 1943, "tweet_count": 216, "listed_count": 1, "like_count": 4851, "media_count": 15}, "description": "\ud80c\udd00on hyperoptimism", "verified": false, "id": "1131180820306247680", "name": "Asma"}, {"created_at": "2024-03-23T18:12:46.000Z", "username": "skydotcs", "public_metrics": {"followers_count": 8433, "following_count": 1214, "tweet_count": 13550, "listed_count": 48, "like_count": 53715, "media_count": 2511}, "description": "fun guy", "verified": false, "id": "1771600890237198336", "name": "sky"}, {"created_at": "2018-04-06T05:45:32.000Z", "location": "New York, NY", "username": "carrawu", "public_metrics": {"followers_count": 21572, "following_count": 2764, "tweet_count": 2548, "listed_count": 586, "like_count": 9602, "media_count": 93}, "description": "something new :) prev @a16z @apple @hololens; math @harvard", "verified": false, "id": "982132176723460096", "name": "Carra Wu", "pinned_tweet_id": "1443769882948997123"}, {"created_at": "2006-07-18T01:43:45.000Z", "location": "SF", "username": "evantana", "public_metrics": {"followers_count": 3332, "following_count": 547, "tweet_count": 4196, "listed_count": 102, "like_count": 3366, "media_count": 250}, "description": "Early stage partner to founders @southpkcommons, @ScriptCapital. Formerly @dropbox, @GreylockVC, @shopkick, Loopt (YC S05). SF local and lover of life's quirks.", "verified": false, "id": "2159", "name": "Evan Tana | evantana.eth", "pinned_tweet_id": "1682454545820184576"}, {"created_at": "2025-08-15T05:23:26.000Z", "location": "California, USA", "username": "chanwoolimX", "public_metrics": {"followers_count": 344, "following_count": 695, "tweet_count": 619, "listed_count": 2, "like_count": 800, "media_count": 95}, "description": "23 | @eostudi0 (+630k) Content Creator for Founders | +23k Personal Youtube Channel", "verified": false, "id": "1956225142247579653", "name": "Chanwoo Lim", "pinned_tweet_id": "1982304021462573336"}, {"created_at": "2009-05-09T01:50:16.000Z", "location": "San Francisco , CA", "username": "JeremiahThinks", "public_metrics": {"followers_count": 28828, "following_count": 4463, "tweet_count": 73031, "listed_count": 197, "like_count": 87227, "media_count": 7086}, "description": "Multidisciplinary designer. Building @tryair_", "verified": false, "id": "38770165", "name": "Jeremiah Welch", "pinned_tweet_id": "1981430814543139273"}, {"created_at": "2008-01-02T19:47:19.000Z", "location": "San Francisco, CA", "username": "garrytan", "public_metrics": {"followers_count": 629191, "following_count": 5415, "tweet_count": 66256, "listed_count": 7211, "like_count": 235858, "media_count": 3946}, "description": "President & CEO @ycombinator \u2014Founder @Initialized\u2014designer/engineer who helps founders\u2014SF Dem accelerating the boom loop\u2014haters not allowed in my sauna", "verified": false, "id": "11768582", "name": "Garry Tan", "pinned_tweet_id": "1991232941654204880"}, {"created_at": "2007-05-31T15:47:49.000Z", "location": "NYC", "username": "davidtisch", "public_metrics": {"followers_count": 38558, "following_count": 572, "tweet_count": 703, "listed_count": 1441, "like_count": 2317, "media_count": 8}, "description": "Love the Internet, Sports, Food, TV... Investor @BoxGroup... World Class Indoorsman + Ellipsis User + Bearbrick friend... LGR", "verified": false, "id": "6475722", "name": "David Tisch", "pinned_tweet_id": "1981087197303386539"}, {"created_at": "2013-12-06T02:40:39.000Z", "username": "evanjconrad", "public_metrics": {"followers_count": 15604, "following_count": 1449, "tweet_count": 7219, "listed_count": 213, "like_count": 45650, "media_count": 642}, "description": "ceo @sfcompute", "verified": false, "id": "2232339498", "name": "evan conrad", "pinned_tweet_id": "1979233432724213831"}, {"created_at": "2019-11-20T18:00:36.000Z", "location": "Cambridge, MA", "username": "sunnyyduan", "public_metrics": {"followers_count": 141, "following_count": 375, "tweet_count": 62, "listed_count": 4, "like_count": 1018, "media_count": 11}, "description": "PhD student at MIT studying computational neuroscience", "verified": false, "id": "1197213085770977281", "name": "Sunny Duan"}, {"created_at": "2016-09-08T15:56:44.000Z", "location": "NYC", "username": "kenanhsaleh", "public_metrics": {"followers_count": 1530, "following_count": 1015, "tweet_count": 884, "listed_count": 23, "like_count": 9915, "media_count": 37}, "description": "EIR @BainCapVC. Previously: GM @Lyft, Founder & CEO @HaloCars (acq by Lyft), @Penn @Wharton", "verified": false, "id": "773912965238194180", "name": "Kenan Saleh", "pinned_tweet_id": "1895194298536337923"}, {"created_at": "2019-04-04T18:17:34.000Z", "location": "sf", "username": "jessicankropf", "public_metrics": {"followers_count": 2680, "following_count": 4173, "tweet_count": 139, "listed_count": 6, "like_count": 36461, "media_count": 22}, "description": "founder; ex @aws @meta @wme", "verified": false, "id": "1113868224280444930", "name": "Jessica Kropf"}, {"created_at": "2023-04-02T01:38:36.000Z", "location": "San Francisco, CA", "username": "janerheetweets", "public_metrics": {"followers_count": 222, "following_count": 378, "tweet_count": 179, "listed_count": 3, "like_count": 223, "media_count": 118}, "description": "investing @a16z", "verified": false, "id": "1642340688892420097", "name": "Jane Rhee", "pinned_tweet_id": "1984057325699920125"}, {"created_at": "2022-10-18T10:26:28.000Z", "username": "NamanBansal0611", "public_metrics": {"followers_count": 176, "following_count": 90, "tweet_count": 185, "listed_count": 1, "like_count": 149, "media_count": 13}, "description": "18 | founder @ https://t.co/F527CZU7ZH - helping dev tools companies create awesome docs + blogs", "verified": false, "id": "1582317092430577664", "name": "Naman Bansal", "pinned_tweet_id": "1975951962064683430"}, {"created_at": "2014-09-21T03:38:24.000Z", "username": "oqbrady", "public_metrics": {"followers_count": 339, "following_count": 748, "tweet_count": 14, "listed_count": 1, "like_count": 1490, "media_count": 0}, "description": "ml @ mercor. prev harvey, jane street", "verified": false, "id": "2778525401", "name": "Oliver"}, {"created_at": "2021-06-13T14:33:07.000Z", "location": "San Francisco, CA", "username": "adrielyong", "public_metrics": {"followers_count": 2068, "following_count": 2845, "tweet_count": 2199, "listed_count": 18, "like_count": 4992, "media_count": 140}, "description": "co-founder @cloutkitchen @andfriendsfest (backed by @speedrun @peakxvpartners) | https://t.co/iBBwrg2ls0 podcast (80K listeners) | ex @TikTok_US", "verified": false, "id": "1404084395498115074", "name": "adriel"}, {"created_at": "2012-12-09T23:38:06.000Z", "location": "SF", "username": "hazhubble", "public_metrics": {"followers_count": 5558, "following_count": 2482, "tweet_count": 2848, "listed_count": 29, "like_count": 13835, "media_count": 147}, "description": "building @pallyai (yc s25) | founder @ldnfounderhouse | high school dropout", "verified": false, "id": "1000450644", "name": "Haz Hubble", "pinned_tweet_id": "1989084328157147341"}, {"created_at": "2006-07-14T14:16:18.000Z", "location": "San Francisco, CA", "username": "waynesutton", "public_metrics": {"followers_count": 64350, "following_count": 3812, "tweet_count": 98976, "listed_count": 3155, "like_count": 110837, "media_count": 4750}, "description": "Head of Community & Startup Programs at @Convex https://t.co/pY2rLEoLEP / Helping developers & startups to build faster with Convex and AI / \ud83c\udfcd Adv Motorcycle Rider", "verified": false, "id": "874", "name": "Wayne Sutton"}, {"created_at": "2022-06-22T12:36:19.000Z", "location": "San Francisco, CA", "username": "kocalars", "public_metrics": {"followers_count": 7862, "following_count": 668, "tweet_count": 995, "listed_count": 38, "like_count": 2236, "media_count": 113}, "description": "Co-founder @GetDelve (AI-native compliance) | YC W24 | Z Fellows | Prod | prev AI at MIT", "verified": false, "id": "1539588054066860032", "name": "Selin Kocalar"}], "meta": {"result_count": 100, "next_token": "6IGBK1L5EUH1IZZZ"}}