{"data": [{"id": "1460283925", "public_metrics": {"followers_count": 269760, "following_count": 10965, "tweet_count": 64588, "listed_count": 2241, "like_count": 893744, "media_count": 2255}, "username": "tszzl", "name": "roon", "location": "San Francisco, CA", "created_at": "2013-05-26T17:59:01.000Z", "verified": false, "description": "fellow creators the creator seeks"}, {"id": "1661714461676167169", "public_metrics": {"followers_count": 1748, "following_count": 562, "tweet_count": 2156, "listed_count": 19, "like_count": 2634, "media_count": 184}, "username": "eryney_ok", "name": "eryney marrogi", "created_at": "2023-05-25T12:43:04.000Z", "verified": false, "description": "pronounced like \"aaron a\" | bioengineering, ml and medicine | @geochurch @harvard, AAV @dyno_tx, proteins @Caltech, medicine @uvmvermont", "pinned_tweet_id": "1976070062147764629"}, {"id": "1437881849670369280", "public_metrics": {"followers_count": 11286, "following_count": 9767, "tweet_count": 2365, "listed_count": 19, "like_count": 2409, "media_count": 868}, "username": "plasmidsaurus", "name": "plasmidsaurus", "created_at": "2021-09-14T20:52:29.000Z", "verified": false, "description": "Pioneers in the sequencing of whole plasmids, amplicons, whole bacterial genomes & more. 900+ dropboxes and 10 labs globally."}, {"id": "1101942551349731335", "public_metrics": {"followers_count": 60924, "following_count": 570, "tweet_count": 5791, "listed_count": 462, "like_count": 15388, "media_count": 220}, "username": "GabrielPeterss4", "name": "gabriel", "location": "San Francisco", "created_at": "2019-03-02T20:29:12.000Z", "verified": false, "description": "sora research at @OpenAI, previously at midjourney, swedish high school dropout", "pinned_tweet_id": "1993781749906858413"}, {"id": "3705864556", "public_metrics": {"followers_count": 3111, "following_count": 2707, "tweet_count": 620, "listed_count": 29, "like_count": 4496, "media_count": 28}, "username": "rolandgvc", "name": "Roland", "location": "San Francisco, CA", "created_at": "2015-09-19T09:44:04.000Z", "verified": false, "description": "building @nuralineAI | previously @xAI @superhuman"}, {"id": "13418552", "public_metrics": {"followers_count": 74737, "following_count": 3957, "tweet_count": 57970, "listed_count": 1858, "like_count": 47746, "media_count": 2539}, "username": "cyantist", "name": "Cyan Banister", "location": "San Francisco", "created_at": "2008-02-13T05:59:40.000Z", "verified": false, "description": "Venture Artist @longjourneyvc, joy amplifier. subscription fees go to Inflection Grants: https://t.co/uSqtEEfUf3.", "pinned_tweet_id": "1964395426884518361"}, {"id": "66761201", "public_metrics": {"followers_count": 85785, "following_count": 992, "tweet_count": 35385, "listed_count": 753, "like_count": 156528, "media_count": 6209}, "username": "simonsarris", "name": "Simon Sarris", "location": "Amherst, NH", "created_at": "2009-08-18T18:43:14.000Z", "verified": false, "description": "\ud83d\udd6f In labouring to be concise, I become obscure.\n\ud83d\udd6f Alchemist, sacred things, making things\n\ud83d\udd6f The map is mostly water.\n\ud83c\udf1c I make GoJS: https://t.co/7yYIMFfAtd", "pinned_tweet_id": "1995239153152471494"}, {"id": "680373", "public_metrics": {"followers_count": 7207, "following_count": 1238, "tweet_count": 6818, "listed_count": 244, "like_count": 11885, "media_count": 203}, "username": "hannu", "name": "Hannu Rajaniemi", "location": "San Francisco, CA", "created_at": "2007-01-22T12:42:32.000Z", "verified": false, "description": "Co-founder and CEO of @HelixNano. Co-founder / board member @redqueenbio. Author of The Quantum Thief series,  Summerland and DARKOME https://t.co/o6RsVIAzHD", "pinned_tweet_id": "1989004152681415151"}, {"id": "1534851286113611776", "public_metrics": {"followers_count": 461, "following_count": 904, "tweet_count": 43, "listed_count": 5, "like_count": 217, "media_count": 7}, "username": "hiromurose", "name": "hiro", "location": "Bay Area", "created_at": "2022-06-09T10:54:14.000Z", "verified": false, "description": "building a new model for science @episteme | reflecting on Daniel 12:3 & 1 Peter 4:11 | \ud83c\uddfa\ud83c\uddf8\ud83c\uddef\ud83c\uddf5\ud83c\uddea\ud83c\uddf8", "pinned_tweet_id": "1988019136023429154"}, {"id": "1609399452", "public_metrics": {"followers_count": 24211, "following_count": 2616, "tweet_count": 10451, "listed_count": 480, "like_count": 9298, "media_count": 1689}, "username": "kevg1412", "name": "Kevin Gee", "location": "Cloud Valley", "created_at": "2013-07-21T01:24:03.000Z", "verified": false, "description": "\u201cYukon Ho!\u201d | \"The enemy's gate is down.\" | @speedwell_llc", "pinned_tweet_id": "1646634179365572608"}, {"id": "16892481", "public_metrics": {"followers_count": 123610, "following_count": 2737, "tweet_count": 5830, "listed_count": 2847, "like_count": 15810, "media_count": 976}, "username": "nxthompson", "name": "nxthompson", "location": "New York", "created_at": "2008-10-21T19:50:15.000Z", "verified": false, "description": "CEO @theatlantic. Going out of business soon, since 1857. Author of the national best-seller: \u201cThe Running Ground,\u201d available here: https://t.co/061UzDeMVM", "pinned_tweet_id": "1981450466497351831"}, {"id": "1217628182611927040", "public_metrics": {"followers_count": 27298, "following_count": 662, "tweet_count": 8525, "listed_count": 311, "like_count": 11776, "media_count": 806}, "username": "boazbaraktcs", "name": "Boaz Barak", "location": "Cambridge, MA", "created_at": "2020-01-16T02:02:55.000Z", "verified": false, "description": "Computer Scientist. See also https://t.co/EXWR5k634w .\n@harvard @openai opinions my own."}, {"id": "1971778932631654402", "public_metrics": {"followers_count": 122, "following_count": 372, "tweet_count": 7, "listed_count": 4, "like_count": 503, "media_count": 0}, "username": "jshobrook", "name": "Jonathan Shobrook", "location": "sf", "created_at": "2025-09-27T03:28:39.000Z", "verified": false, "description": "building @xai, prev. @hf0 (W23)"}, {"id": "48149320", "public_metrics": {"followers_count": 12632, "following_count": 2554, "tweet_count": 2199, "listed_count": 235, "like_count": 12060, "media_count": 80}, "username": "YasminRazavi", "name": "Yasmin Razavi", "location": "Spark Capital", "created_at": "2009-06-17T22:49:15.000Z", "verified": false, "description": ""}, {"id": "1827778473181552640", "public_metrics": {"followers_count": 822, "following_count": 36, "tweet_count": 68, "listed_count": 15, "like_count": 105, "media_count": 9}, "username": "noumenal_labs", "name": "Noumenal Labs", "location": "United States", "created_at": "2024-08-25T18:42:48.000Z", "verified": false, "description": "", "pinned_tweet_id": "1986104415699574883"}, {"id": "22113265", "public_metrics": {"followers_count": 33710, "following_count": 897, "tweet_count": 4547, "listed_count": 595, "like_count": 13623, "media_count": 68}, "username": "NaveenGRao", "name": "Naveen Rao", "location": "San Diego, CA", "created_at": "2009-02-27T05:53:32.000Z", "verified": false, "description": "CEO @unconvai. Former CEO MosaicML/Databricks & Nervana/IntelAI. Neuro + CS. I like to build stuff that will eventually learn how to build other stuff.", "pinned_tweet_id": "1971304223573934456"}, {"id": "1339965719933452288", "public_metrics": {"followers_count": 1113, "following_count": 708, "tweet_count": 219, "listed_count": 12, "like_count": 3365, "media_count": 30}, "username": "KeremCamsari", "name": "Kerem Y \u00c7amsar\u0131", "location": "Santa Barbara, CA", "created_at": "2020-12-18T16:08:32.000Z", "verified": false, "description": "| Assoc. Prof. ECE @UCSBEngineering |  Director of OPUS Lab |  Invented p-bits for probabilistic computing |  2100 Rapid & Bullet @ https://t.co/6Nbm5uAIxp |", "pinned_tweet_id": "1983703339612434731"}, {"id": "1508899135717613578", "public_metrics": {"followers_count": 25520, "following_count": 95, "tweet_count": 223, "listed_count": 248, "like_count": 463, "media_count": 49}, "username": "BerntBornich", "name": "Bernt Bornich", "location": "Palo Alto", "created_at": "2022-03-29T20:09:37.000Z", "verified": false, "description": "CEO and founder of @1x_tech"}, {"id": "1846624644943826944", "public_metrics": {"followers_count": 26, "following_count": 15, "tweet_count": 3, "listed_count": 0, "like_count": 2, "media_count": 0}, "username": "MeenaRancourt", "name": "Meena Rancourt", "location": "California, USA", "created_at": "2024-10-16T18:50:10.000Z", "verified": false, "description": "Blending creativity and professionalism- turning bold ideas into polished results."}, {"id": "18359716", "public_metrics": {"followers_count": 95758, "following_count": 5446, "tweet_count": 39233, "listed_count": 1178, "like_count": 233620, "media_count": 7540}, "username": "edzitron", "name": "Ed Zitron", "location": "Beautful Las Vegas Nevada", "created_at": "2008-12-24T16:04:52.000Z", "verified": false, "description": "Newsletter https://t.co/D5qDgUKaNR - Better Offline Podcast - https://t.co/pUoGsuaQTw - Column Business Insider - CEO at https://t.co/5idt8AyPqr - Award-Winning Tech PR", "pinned_tweet_id": "1996982692793978950"}, {"id": "1823486533967732737", "public_metrics": {"followers_count": 1105, "following_count": 86, "tweet_count": 36, "listed_count": 13, "like_count": 117, "media_count": 8}, "username": "notankitsinghal", "name": "Ankit Singhal", "created_at": "2024-08-13T22:27:31.000Z", "verified": false, "description": "CEO and co-founder @AnthrogenBio. Building protein models for human and planetary health. Prev Science Research Fellow @Columbia.", "pinned_tweet_id": "1979638755129770150"}, {"id": "1338296768845451266", "public_metrics": {"followers_count": 36459, "following_count": 107, "tweet_count": 1782, "listed_count": 307, "like_count": 2554, "media_count": 225}, "username": "joincolossus", "name": "Colossus", "created_at": "2020-12-14T01:36:48.000Z", "verified": false, "description": "Home of @InvestLikeBest, @BizBreakdowns, @FoundersPodcast, @JoysCompounding, & @ColossusReview.", "pinned_tweet_id": "1995476738655002628"}, {"id": "2465283662", "public_metrics": {"followers_count": 440655, "following_count": 3150, "tweet_count": 45278, "listed_count": 4943, "like_count": 37494, "media_count": 19148}, "username": "_akhaliq", "name": "AK", "created_at": "2014-04-27T00:20:12.000Z", "verified": false, "description": "AI research paper tweets, ML @Gradio (acq. by @HuggingFace \ud83e\udd17) dm for promo ,submit papers here: https://t.co/UzmYN5XOCi", "pinned_tweet_id": "1844746338396770616"}, {"id": "1969963964210520064", "public_metrics": {"followers_count": 103, "following_count": 76, "tweet_count": 1, "listed_count": 6, "like_count": 364, "media_count": 0}, "username": "idiosyncholas", "name": "Nicholas", "created_at": "2025-09-22T03:16:48.000Z", "verified": false, "description": ""}, {"id": "3222018178", "public_metrics": {"followers_count": 310893, "following_count": 17, "tweet_count": 8077, "listed_count": 4847, "like_count": 10716, "media_count": 1643}, "username": "adcock_brett", "name": "Brett Adcock", "created_at": "2015-04-29T17:26:26.000Z", "verified": false, "description": "Founder @Figure_robot (AI Robots), @Cover_thz (Weapon Detection), @flyArcher (NYSE: ACHR), Vettery ($100M Exit)", "pinned_tweet_id": "1976272831450341655"}, {"id": "1082591060893696001", "public_metrics": {"followers_count": 677, "following_count": 1229, "tweet_count": 5304, "listed_count": 11, "like_count": 22927, "media_count": 121}, "username": "jaelubberink_", "name": "jae", "location": "Sydney, New South Wales", "created_at": "2019-01-08T10:53:17.000Z", "verified": false, "description": "Australia\u2019s only think tank rapper. Elite kicking outside mid according to my U18s scout report \ud83c\udde6\ud83c\uddfa/\ud83c\uddf0\ud83c\uddf7", "pinned_tweet_id": "1957922195533111525"}, {"id": "327111999", "public_metrics": {"followers_count": 369, "following_count": 639, "tweet_count": 2025, "listed_count": 8, "like_count": 3821, "media_count": 51}, "username": "GrahamSeamans", "name": "Graham Seamans", "location": "AZ | MA | CA | LN", "created_at": "2011-07-01T00:58:56.000Z", "verified": false, "description": "Scaling with xAI. Personally focused on innovations in Technology, Sports, and Music."}, {"id": "3316376038", "public_metrics": {"followers_count": 1166509, "following_count": 591, "tweet_count": 27902, "listed_count": 13836, "like_count": 19508, "media_count": 11330}, "username": "KobeissiLetter", "name": "The Kobeissi Letter", "location": "United States", "created_at": "2015-06-10T00:34:15.000Z", "verified": true, "description": "Official X account for The Kobeissi Letter, an industry leading commentary on the global capital markets. Email us: support@thekobeissiletter.com", "pinned_tweet_id": "1878124714855694615"}, {"id": "1836240683268759552", "public_metrics": {"followers_count": 46028, "following_count": 197, "tweet_count": 11128, "listed_count": 836, "like_count": 35317, "media_count": 2522}, "username": "jukan05", "name": "Jukan", "location": "Busan, Republic of Korea", "created_at": "2024-09-18T03:07:54.000Z", "verified": false, "description": "Analyst @Citrini7 | Korean | Not investment advice"}, {"id": "814915163392512000", "public_metrics": {"followers_count": 25318, "following_count": 195, "tweet_count": 6563, "listed_count": 252, "like_count": 11346, "media_count": 991}, "username": "justinskycak", "name": "Justin Skycak", "location": "carrying the floats", "created_at": "2016-12-30T19:24:50.000Z", "verified": false, "description": "Chief Quant, Dir Analytics @_MathAcademy_\nI do our sci/algo-heavy infra: AI expert system, knowledge graph, wrote the MA Way\u2026\n\u270d\ufe0f serious upskilling\n\ud83d\udd0a Sky-zack", "pinned_tweet_id": "1858012912557633800"}, {"id": "1884478145841225729", "public_metrics": {"followers_count": 5, "following_count": 27, "tweet_count": 4, "listed_count": 0, "like_count": 46, "media_count": 0}, "username": "garyshincc", "name": "Gary Shin", "location": "SF Bay Area, CA", "created_at": "2025-01-29T05:46:22.000Z", "verified": false, "description": "\"Well, it's all just numbers really. Just changing what you're adding up.\""}, {"id": "931483504604454912", "public_metrics": {"followers_count": 4491, "following_count": 1691, "tweet_count": 2313, "listed_count": 70, "like_count": 8003, "media_count": 148}, "username": "hsu_byron", "name": "Byron Hsu", "created_at": "2017-11-17T11:25:48.000Z", "verified": false, "description": "ML system @xAI | @lmsysorg @liger_kernel @flyteorg @theASF"}, {"id": "923582708344938496", "public_metrics": {"followers_count": 1098, "following_count": 1158, "tweet_count": 119, "listed_count": 20, "like_count": 10727, "media_count": 0}, "username": "ArashBidgoli", "name": "Arash Bidgoli", "location": "Palo Alto, CA", "created_at": "2017-10-26T16:10:52.000Z", "verified": false, "description": "Inference at @xAI, Prev: cs @uwaterloo, radix trading"}, {"id": "1484049996", "public_metrics": {"followers_count": 956, "following_count": 275, "tweet_count": 219, "listed_count": 20, "like_count": 1121, "media_count": 15}, "username": "jonathan_feng", "name": "Jonathan Feng", "location": "California", "created_at": "2013-06-05T04:43:59.000Z", "verified": false, "description": "sales swiss army knife @xai", "pinned_tweet_id": "1989590126440452339"}, {"id": "255793931", "public_metrics": {"followers_count": 22269, "following_count": 35, "tweet_count": 942, "listed_count": 159, "like_count": 8142, "media_count": 240}, "username": "davidsenra", "name": "David Senra", "location": "United States", "created_at": "2011-02-22T02:06:58.000Z", "verified": false, "description": "Conversations with the greatest living founders.", "pinned_tweet_id": "1992609090930200708"}, {"id": "1449077038287974404", "public_metrics": {"followers_count": 6412, "following_count": 253, "tweet_count": 458, "listed_count": 100, "like_count": 901, "media_count": 22}, "username": "LiTianleli", "name": "Tim Li", "created_at": "2021-10-15T18:17:53.000Z", "verified": false, "description": "MTS, RL @xai \ud83e\ude90 | Prev. @arena @lmsysorg @GoogleAI | BS. @Berkeley_EECS", "pinned_tweet_id": "1990533396435775683"}, {"id": "249182751", "public_metrics": {"followers_count": 3354, "following_count": 266, "tweet_count": 277, "listed_count": 47, "like_count": 1656, "media_count": 27}, "username": "Si_Boehm", "name": "Simon Boehm", "location": "SF", "created_at": "2011-02-08T15:06:30.000Z", "verified": false, "description": ""}, {"id": "1271482878958940160", "public_metrics": {"followers_count": 79452, "following_count": 12180, "tweet_count": 17788, "listed_count": 1154, "like_count": 12800, "media_count": 7036}, "username": "TheTuringPost", "name": "Ksenia_TuringPost", "location": "Join over 95,000 readers", "created_at": "2020-06-12T16:42:17.000Z", "verified": false, "description": "Newsletter exploring AI&ML - AI 101, Agentic Workflow, Business insights. From ML history to AI trends. Led by @kseniase_ Know what you are talking about\ud83d\udc47\ud83c\udffc"}, {"id": "1040475510193545216", "public_metrics": {"followers_count": 38587, "following_count": 1063, "tweet_count": 595, "listed_count": 590, "like_count": 3131, "media_count": 94}, "username": "joannejang", "name": "Joanne Jang", "location": "San Francisco, CA", "created_at": "2018-09-14T05:41:07.000Z", "verified": false, "description": "GM, oai labs @openai (prev: model behavior)", "pinned_tweet_id": "1964107648296767820"}, {"id": "18233920", "public_metrics": {"followers_count": 70137, "following_count": 1614, "tweet_count": 18306, "listed_count": 853, "like_count": 33628, "media_count": 1480}, "username": "ryolu_", "name": "Ryo Lu", "location": "San Francisco, CA", "created_at": "2008-12-19T03:39:15.000Z", "verified": false, "description": "Head of Design @Cursor_ai. Early @NotionHQ, @Stripe, built startups. I make a world where anyone can make software. Aspiring k-pop idol.", "pinned_tweet_id": "1895585955144458389"}, {"id": "1203772243043590144", "public_metrics": {"followers_count": 5273, "following_count": 935, "tweet_count": 2721, "listed_count": 49, "like_count": 20216, "media_count": 47}, "username": "LedermanHarvey", "name": "Harvey Lederman", "created_at": "2019-12-08T20:24:09.000Z", "verified": false, "description": "Professor of philosophy @UTAustin. Philosophical logic, formal epistemology, philosophy of language, Wang Yangming.", "pinned_tweet_id": "1952688292580786296"}, {"id": "911297187664949248", "public_metrics": {"followers_count": 386454, "following_count": 6343, "tweet_count": 8853, "listed_count": 6447, "like_count": 40233, "media_count": 495}, "username": "JeffDean", "name": "Jeff Dean", "created_at": "2017-09-22T18:32:35.000Z", "verified": false, "description": "Chief Scientist, Google DeepMind & Google Research. Gemini Lead. Opinions stated here are my own, not those of Google. TensorFlow, MapReduce, Bigtable, ...", "pinned_tweet_id": "1069606809126793217"}, {"id": "764911135845941248", "public_metrics": {"followers_count": 8699, "following_count": 498, "tweet_count": 1958, "listed_count": 108, "like_count": 3671, "media_count": 313}, "username": "mbrg0", "name": "Michael Bargury", "created_at": "2016-08-14T19:46:40.000Z", "verified": false, "description": "Breaking AI agents. Building @zenitysec.", "pinned_tweet_id": "1953880622956482909"}, {"id": "596102203", "public_metrics": {"followers_count": 530298, "following_count": 0, "tweet_count": 12541, "listed_count": 856, "like_count": 310, "media_count": 6465}, "username": "wordsporn", "name": "Words", "created_at": "2012-06-01T04:03:36.000Z", "verified": false, "description": "Challenge you and your contemporaries. Share quotes, share stories, share book topics, share opinions, share love. Welcome to Words ! *original X*", "pinned_tweet_id": "1996295267528945754"}, {"id": "1467702660254023682", "public_metrics": {"followers_count": 117912, "following_count": 1086, "tweet_count": 18122, "listed_count": 356, "like_count": 10448, "media_count": 14163}, "username": "Artzchillect", "name": "Artzchillect", "created_at": "2021-12-06T03:49:38.000Z", "verified": false, "description": "\u2728 curating inspiration for the minds that move the world \u0394", "pinned_tweet_id": "1980384344003997858"}, {"id": "1667903437139238913", "public_metrics": {"followers_count": 28366, "following_count": 617, "tweet_count": 4551, "listed_count": 134, "like_count": 28304, "media_count": 3417}, "username": "heavypulp", "name": "Heavy Pulp", "created_at": "2023-06-11T14:35:46.000Z", "verified": false, "description": "Freshly Squeezed Visual Amalgamations. \n\nCustom work: pulp@heavypulp.media\n\nEVERYTHING IS COMPUTER.\nBUT COMPUTER ISN'T EVERYTHING.", "pinned_tweet_id": "1978435032659157357"}, {"id": "1276081465076449280", "public_metrics": {"followers_count": 201599, "following_count": 935, "tweet_count": 1189, "listed_count": 848, "like_count": 34719, "media_count": 652}, "username": "NATALIALABEL", "name": "The Project.", "location": "London, England", "created_at": "2020-06-25T09:15:12.000Z", "verified": false, "description": "Designer.", "pinned_tweet_id": "1512145910884622344"}, {"id": "1644691512398082048", "public_metrics": {"followers_count": 36880, "following_count": 1026, "tweet_count": 4690, "listed_count": 347, "like_count": 12644, "media_count": 1732}, "username": "archi_reum", "name": "Archireum", "location": "Lost in France", "created_at": "2023-04-08T13:20:14.000Z", "verified": false, "description": "Architect // exploring generative IA // Learning stuff // May the prompt be with you !"}, {"id": "1129408720293847041", "public_metrics": {"followers_count": 148505, "following_count": 1166, "tweet_count": 2785, "listed_count": 996, "like_count": 20855, "media_count": 2344}, "username": "allontanarsio", "name": "Impressionism", "created_at": "2019-05-17T15:29:57.000Z", "verified": false, "description": "The timeless art of impressionism", "pinned_tweet_id": "1996511733419229276"}, {"id": "3086182267", "public_metrics": {"followers_count": 26647, "following_count": 551, "tweet_count": 912, "listed_count": 253, "like_count": 950, "media_count": 165}, "username": "EthanHe_42", "name": "Ethan He", "location": "Palo Alto, CA", "created_at": "2015-03-15T17:06:31.000Z", "verified": false, "description": "AI @xai | @grok Imagine, Multimodal | prev @nvidia @meta @CarnegieMellon | 8k citations 5k GitHub stars | views are my own"}, {"id": "1638491963463725068", "public_metrics": {"followers_count": 167193, "following_count": 2, "tweet_count": 34105, "listed_count": 956, "like_count": 41866, "media_count": 4639}, "username": "luusssso", "name": "lusso", "created_at": "2023-03-22T10:45:16.000Z", "verified": false, "description": "Here to unwind // DM for inquiries"}, {"id": "1388425130989084672", "public_metrics": {"followers_count": 2394, "following_count": 1231, "tweet_count": 353, "listed_count": 22, "like_count": 948, "media_count": 71}, "username": "luoluo", "name": "christina \u00a8\u032e", "created_at": "2021-05-01T09:28:50.000Z", "verified": false, "description": "nonlinearity of time \u272f working on reasoning @xai \u272f was @mit cs", "pinned_tweet_id": "1942688431789990224"}, {"id": "1777377643400417283", "public_metrics": {"followers_count": 48665, "following_count": 524, "tweet_count": 8953, "listed_count": 61, "like_count": 64204, "media_count": 2040}, "username": "Hollywoodslices", "name": "Hollywood Slices \ud83c\udfa5", "location": "Brooklyn, NY", "created_at": "2024-04-08T16:47:22.000Z", "verified": false, "description": "\ud83c\udfac Sharing the best moments from cinema \u2728\n\ud83d\udcfd\ufe0f Iconic scenes \u2022 Memorable dialogues \u2022 Timeless classics\n\ud83d\udc8c For copyright concerns or clip removal, kindly DM", "pinned_tweet_id": "1905514912937390106"}, {"id": "791300285045968898", "public_metrics": {"followers_count": 4517, "following_count": 41, "tweet_count": 44, "listed_count": 62, "like_count": 0, "media_count": 35}, "username": "_renyuan", "name": "Ren Yuan", "created_at": "2016-10-26T15:27:44.000Z", "verified": false, "description": "Artist, Designer, Programmer - Data Visualization & Sonification, Machine Learning"}, {"id": "942944984805838848", "public_metrics": {"followers_count": 6213, "following_count": 3153, "tweet_count": 1466, "listed_count": 34, "like_count": 1253, "media_count": 271}, "username": "AshwinRamaswami", "name": "Ashwin Ramaswami", "location": "San Francisco, CA", "created_at": "2017-12-19T02:29:38.000Z", "verified": false, "description": "CTO & Co-founder at @CorridorSecure. I like to write code and build open source software. I\u2019m also a lawyer @georgetownlaw and ran for GA Senate in 2024."}, {"id": "1514959430731075586", "public_metrics": {"followers_count": 9858, "following_count": 663, "tweet_count": 9615, "listed_count": 123, "like_count": 37828, "media_count": 1195}, "username": "techartist_", "name": "Techartist", "created_at": "2022-04-15T13:31:01.000Z", "verified": false, "description": "Sculpting visual arts and imperfection. Experiments from a chaotic mind."}, {"id": "1443339102808649730", "public_metrics": {"followers_count": 109447, "following_count": 0, "tweet_count": 6203, "listed_count": 81, "like_count": 3, "media_count": 6198}, "username": "4vataruniverse", "name": "Avatar Universe", "location": "Western Air Temple", "created_at": "2021-09-29T22:17:33.000Z", "verified": false, "description": "\u963f\u51e1\u8fbe\u5b87\u5b99 content"}, {"id": "1348060735746703365", "public_metrics": {"followers_count": 2371, "following_count": 153, "tweet_count": 94, "listed_count": 41, "like_count": 181, "media_count": 8}, "username": "sehoonkim418", "name": "sehoonkim", "created_at": "2021-01-10T00:15:07.000Z", "verified": false, "description": "Building AI @xAI"}, {"id": "1152145212191453186", "public_metrics": {"followers_count": 373528, "following_count": 15547, "tweet_count": 8018, "listed_count": 1517, "like_count": 18355, "media_count": 5041}, "username": "aestheticwabi", "name": "\ud835\ude22\ud835\ude26\ud835\ude34\ud835\ude35\ud835\ude29\ud835\ude26\ud835\ude35\ud835\ude2a\ud835\ude24 \ud835\ude37\ud835\ude2a\ud835\ude34\ud835\ude36\ud835\ude22\ud835\ude2d\ud835\ude34 \u2022\u00b0. *\u0fd0", "created_at": "2019-07-19T09:16:39.000Z", "verified": false, "description": "Soft moments where nature meets calm, green fields, gentle dreams, and the loud voice of simplicity. AI generated.\nFor promotion and sponsorship inquiries, DM", "pinned_tweet_id": "1996029789363470349"}, {"id": "881458279335026688", "public_metrics": {"followers_count": 2778, "following_count": 2407, "tweet_count": 5014, "listed_count": 18, "like_count": 116920, "media_count": 164}, "username": "avaitopiper", "name": "bhavit sharma", "location": "Palo Alto, CA", "created_at": "2017-07-02T10:23:25.000Z", "verified": false, "description": "interested in applied ML, little theory ML, distributed systems, and PL theory.\nhttps://t.co/ACD8ccV5ec", "pinned_tweet_id": "1692736694288896018"}, {"id": "1912360507165868032", "public_metrics": {"followers_count": 1511, "following_count": 103, "tweet_count": 75, "listed_count": 16, "like_count": 851, "media_count": 0}, "username": "DevinFanFan", "name": "Devin Fan", "created_at": "2025-04-16T04:21:21.000Z", "verified": false, "description": ""}, {"id": "1025489425495678977", "public_metrics": {"followers_count": 4073, "following_count": 664, "tweet_count": 613, "listed_count": 52, "like_count": 4618, "media_count": 100}, "username": "KexinHuang5", "name": "Kexin Huang", "created_at": "2018-08-03T21:11:46.000Z", "verified": false, "description": "PhD Student @Stanford CS with @jure; AI  + Biomedicine"}, {"id": "1399048885054541826", "public_metrics": {"followers_count": 1187, "following_count": 1112, "tweet_count": 156, "listed_count": 8, "like_count": 1039, "media_count": 15}, "username": "michejafang", "name": "Michelle Fang", "location": "San Francisco, CA", "created_at": "2021-05-30T17:03:54.000Z", "verified": false, "description": "@lux_capital, prev building @cerebras, AI advisor in US Senate, @yale", "pinned_tweet_id": "1964212114324934790"}, {"id": "1684285801658548224", "public_metrics": {"followers_count": 3486, "following_count": 860, "tweet_count": 517, "listed_count": 17, "like_count": 2829, "media_count": 25}, "username": "Jlindig0", "name": "Jennifer Lin", "location": "Cambridge, MA", "created_at": "2023-07-26T19:33:38.000Z", "verified": false, "description": "Curing rare diseases using science and market dislocation. @thielfellowship", "pinned_tweet_id": "1980705209493123187"}, {"id": "1285878664500883456", "public_metrics": {"followers_count": 2631, "following_count": 594, "tweet_count": 1860, "listed_count": 11, "like_count": 11045, "media_count": 132}, "username": "Szplugz", "name": "Neel \u2600\ufe0f", "created_at": "2020-07-22T10:05:58.000Z", "verified": false, "description": "I try to see the world the way god intended"}, {"id": "3252712079", "public_metrics": {"followers_count": 13668, "following_count": 983, "tweet_count": 1314, "listed_count": 184, "like_count": 4133, "media_count": 85}, "username": "jackhcable", "name": "Jack Cable", "location": "San Francisco, CA", "created_at": "2015-05-13T20:52:23.000Z", "verified": false, "description": "Ethical hacker. CEO & Co-founder @CorridorSecure", "pinned_tweet_id": "1981414273307070561"}, {"id": "1763599102766612480", "public_metrics": {"followers_count": 115, "following_count": 326, "tweet_count": 28, "listed_count": 2, "like_count": 133, "media_count": 2}, "username": "michaelyli__", "name": "Michael Y. Li", "created_at": "2024-03-01T16:16:17.000Z", "verified": false, "description": "CS PhD @StanfordAILab @StanfordNLP @Stanford advised by Noah Goodman and Emily Fox. \n\nPrev: undergrad @princeton"}, {"id": "38865904", "public_metrics": {"followers_count": 5084, "following_count": 2828, "tweet_count": 2741, "listed_count": 189, "like_count": 42669, "media_count": 212}, "username": "IntegratedAlex", "name": "Alex Hardy", "location": "Austin, TX", "created_at": "2009-05-09T14:59:26.000Z", "verified": false, "description": "Honey Diet Evangelist \ud83c\udf6f | Menswork & Metabolic Health | Truth & Trust", "pinned_tweet_id": "1897434636483006694"}, {"id": "1466066870931443716", "public_metrics": {"followers_count": 1683, "following_count": 4840, "tweet_count": 12104, "listed_count": 35, "like_count": 68922, "media_count": 1768}, "username": "mihai673", "name": "Mihai \u16cb", "location": "Ottawa, Canada", "created_at": "2021-12-01T15:31:39.000Z", "verified": false, "description": "Nothing if not unoriginal.\nEnjoying non-custodial finance.\nVan Gogh's brother was an art dealer.\nDeFi", "pinned_tweet_id": "1590042260951158786"}, {"id": "1556550048862928898", "public_metrics": {"followers_count": 190301, "following_count": 2842, "tweet_count": 54618, "listed_count": 1645, "like_count": 167054, "media_count": 4849}, "username": "beffjezos", "name": "Beff @ NeurIPS", "location": "Far from thermal equilibrium", "created_at": "2022-08-08T07:57:24.000Z", "verified": false, "description": "founder @ e/acc //  building thermo compute @extropic // memetic warlord // Kardashev gradient climber", "pinned_tweet_id": "1997436716307955925"}, {"id": "1929634117374955527", "public_metrics": {"followers_count": 338, "following_count": 162, "tweet_count": 103, "listed_count": 6, "like_count": 512, "media_count": 9}, "username": "expeanutbutter", "name": "Charlie", "location": "San Francisco", "created_at": "2025-06-02T20:20:13.000Z", "verified": false, "description": ""}, {"id": "1570082443126018049", "public_metrics": {"followers_count": 300, "following_count": 181, "tweet_count": 9, "listed_count": 12, "like_count": 112, "media_count": 0}, "username": "NealBayya", "name": "Neal Bayya", "location": "Palo Alto, CA", "created_at": "2022-09-14T16:10:10.000Z", "verified": false, "description": "Supercomputing @xAI"}, {"id": "1319101874532978690", "public_metrics": {"followers_count": 101766, "following_count": 653, "tweet_count": 1245, "listed_count": 1492, "like_count": 9883, "media_count": 130}, "username": "_jasonwei", "name": "Jason Wei", "location": "sf", "created_at": "2020-10-22T02:22:58.000Z", "verified": false, "description": "ai researcher @meta superintelligence labs, past: openai, google \ud83e\udde0", "pinned_tweet_id": "1864850912449303008"}, {"id": "2290693434", "public_metrics": {"followers_count": 3805, "following_count": 884, "tweet_count": 9471, "listed_count": 68, "like_count": 27341, "media_count": 336}, "username": "ybelyayeva", "name": "Yuliya Storm", "location": "Palo Alto", "created_at": "2014-01-14T05:33:48.000Z", "verified": false, "description": "something new | ex: founder @ notus, ops @ bridgewater | human optimist"}, {"id": "24540568", "public_metrics": {"followers_count": 73279, "following_count": 791, "tweet_count": 11530, "listed_count": 304, "like_count": 37252, "media_count": 2649}, "username": "valentinavee", "name": "Valentina Vee", "location": "Los Angeles, CA", "created_at": "2009-03-15T15:53:26.000Z", "verified": false, "description": "Director & Cinematographer. \nMight have taught you how to edit.", "pinned_tweet_id": "1711805069233193147"}, {"id": "1512839386001559554", "public_metrics": {"followers_count": 206494, "following_count": 239, "tweet_count": 6267, "listed_count": 1101, "like_count": 27526, "media_count": 2800}, "username": "kneeovertoesguy", "name": "KneeOverToesGuy", "created_at": "2022-04-09T17:06:47.000Z", "verified": true, "description": "All my programs and equipment are on sale for the holidays! @atgusamade  https://t.co/y61zp6agzX", "pinned_tweet_id": "1996650206822343092"}, {"id": "795885295", "public_metrics": {"followers_count": 242078, "following_count": 402, "tweet_count": 52655, "listed_count": 1454, "like_count": 42355, "media_count": 1681}, "username": "Aella_Girl", "name": "Aella", "location": "San Francisco", "created_at": "2012-09-01T11:26:51.000Z", "verified": false, "description": "survey artist, sample size queen, way too earnest. FDA delenda est.\nhttps://t.co/IcEgPhVD3o", "pinned_tweet_id": "1996731150610694459"}, {"id": "1273146181951139840", "public_metrics": {"followers_count": 616, "following_count": 283, "tweet_count": 186, "listed_count": 15, "like_count": 393, "media_count": 14}, "username": "tedzadouri", "name": "Ted Zadouri", "location": "Princeton, NJ", "created_at": "2020-06-17T06:51:50.000Z", "verified": false, "description": "PhD Student @PrincetonCS @togethercompute | Previously: @cohere @UCLA", "pinned_tweet_id": "1928167296821854363"}, {"id": "1863435997368786944", "public_metrics": {"followers_count": 13168, "following_count": 1578, "tweet_count": 2251, "listed_count": 111, "like_count": 82029, "media_count": 26}, "username": "attentionmech", "name": "attentionmech", "location": "god", "created_at": "2024-12-02T04:12:32.000Z", "verified": false, "description": "metaobserver\n\nalt: @nonexistenceego , @viroopaay", "pinned_tweet_id": "1997528707012190478"}, {"id": "1703957937364824064", "public_metrics": {"followers_count": 21947, "following_count": 1100, "tweet_count": 15910, "listed_count": 199, "like_count": 81114, "media_count": 1878}, "username": "arithmoquine", "name": "henry", "location": "station to station", "created_at": "2023-09-19T02:23:40.000Z", "verified": false, "description": "tilting at windmills"}, {"id": "2439038563", "public_metrics": {"followers_count": 235, "following_count": 38, "tweet_count": 1, "listed_count": 6, "like_count": 116, "media_count": 0}, "username": "thebigreesh", "name": "Gireesh", "created_at": "2014-04-11T20:01:31.000Z", "verified": false, "description": ""}, {"id": "177416255", "public_metrics": {"followers_count": 52272, "following_count": 885, "tweet_count": 28949, "listed_count": 345, "like_count": 64222, "media_count": 2083}, "username": "littmath", "name": "Daniel Litt", "location": "Toronto, Ontario", "created_at": "2010-08-12T02:22:31.000Z", "verified": false, "description": "Assistant professor (of mathematics) at the University of Toronto. Algebraic geometry, number theory, forever distracted and confused, etc. He/him.", "pinned_tweet_id": "1882822219266675045"}, {"id": "2167438963", "public_metrics": {"followers_count": 3565, "following_count": 499, "tweet_count": 199, "listed_count": 31, "like_count": 630, "media_count": 6}, "username": "mlib16", "name": "Mike Liberatore", "location": "Menlo Park, CA", "created_at": "2013-10-31T23:50:36.000Z", "verified": false, "description": "Angel Investor"}, {"id": "1378017343641640961", "public_metrics": {"followers_count": 46752, "following_count": 738, "tweet_count": 1005, "listed_count": 628, "like_count": 2495, "media_count": 111}, "username": "amanrsanger", "name": "Aman Sanger", "location": "San Francisco, CA", "created_at": "2021-04-02T16:12:00.000Z", "verified": false, "description": "@cursor_ai founder"}, {"id": "901303999529312256", "public_metrics": {"followers_count": 16838, "following_count": 2316, "tweet_count": 2262, "listed_count": 190, "like_count": 36140, "media_count": 134}, "username": "QuanquanGu", "name": "Quanquan Gu", "location": "Los Angeles, CA", "created_at": "2017-08-26T04:43:13.000Z", "verified": false, "description": "Professor @UCLA, Pretraining and Scaling at ByteDance Seed | Recent work: Build AGI | Opinions are my own", "pinned_tweet_id": "1926842775347114408"}, {"id": "1200006502544793600", "public_metrics": {"followers_count": 2900, "following_count": 867, "tweet_count": 366, "listed_count": 42, "like_count": 2269, "media_count": 59}, "username": "TheNormanMu", "name": "Norman Mu @ NeurIPS", "location": "San Francisco, CA", "created_at": "2019-11-28T11:00:27.000Z", "verified": false, "description": ""}, {"id": "397080246", "public_metrics": {"followers_count": 1691, "following_count": 1226, "tweet_count": 115, "listed_count": 33, "like_count": 1879, "media_count": 13}, "username": "zchuruk", "name": "zach", "location": "San Francisco, CA", "created_at": "2011-10-24T06:32:02.000Z", "verified": false, "description": "building @xai. Prev founder of Momentum, @zoox, @mit."}, {"id": "1349333725235060736", "public_metrics": {"followers_count": 32286, "following_count": 78, "tweet_count": 227, "listed_count": 378, "like_count": 25, "media_count": 148}, "username": "IsomorphicLabs", "name": "Isomorphic Labs", "created_at": "2021-01-13T12:34:05.000Z", "verified": false, "description": "We are reimagining the entire drug discovery process from first principles with an AI-first approach. \n\nLearn more: https://t.co/eC7rjmB3EZ", "pinned_tweet_id": "1906664242561908995"}, {"id": "1318419526132862976", "public_metrics": {"followers_count": 82057, "following_count": 22, "tweet_count": 709, "listed_count": 1229, "like_count": 3959, "media_count": 154}, "username": "NousResearch", "name": "Nous Research", "location": "USA", "created_at": "2020-10-20T05:11:31.000Z", "verified": true, "description": "World-class open source models\nhttps://t.co/vrD0aDIGDQ", "pinned_tweet_id": "1996311677009121367"}, {"id": "829482275318484993", "public_metrics": {"followers_count": 80714, "following_count": 999, "tweet_count": 46074, "listed_count": 810, "like_count": 192887, "media_count": 5024}, "username": "SHL0MS", "name": "\ud809\udc2a", "location": "international waters ", "created_at": "2017-02-09T00:09:20.000Z", "verified": false, "description": "#\u0307\u030f\u0300\u030f\u036f\u030e\u0357\u036a\u0308\u0308\u0301\u0364\u0312\u034c\u0346\u0302\u0368\u030e\u0307\u036e\u0313\u034c\u0357\u0308\u0313\u0305\u0351\u030c\u035b\u0363\u0352\u0307\u033e\u034a\u0301\u031a\u031a\u035f\u035d\u0489\u0336\u0358\u0360\u034f\u0338\u034f\u034f\u0335\u034f\u035e\u0489\u0338\u0328\u0301\u0361\u0489\u0335\u0320\u033b\u033c\u0333\u0349\u0339\u0356\u032b\u031d\u034e\u0325\u0339\u0347\u031c\u0319\u0333\u033a\u0348\u0347\u031f\u0356\u0332\u0326\u0318\u0330\u0326\u033a\u0359\u033a\u035a\u032b\u0331\u035c\u0361\u0345\u0345\u0345\u034f\u0306\u036f\u0366\u0363\u0366\u0346\u0303\u030f\u0365\u0367\u0369\u0313\u0306\u036c\u0307\u033e\u0352\u036d\u0314\u0310\u033d\u030f\u0357\u0346\u0357\u0367\u0308\u033e\u0307\u033e\u0351\u030e\u0302\u0302\u0312\u0300\u0489\u0335\u0338\u0337\u0338\u0335\u0322\u0328\u0300\u0315\u0358\u035c\u035f\u035c\u034f\u0338\u0337\u0322\u0327\u0327\u031b\u0354\u0331\u0355\u031c\u0318\u0353\u0358\u0345", "pinned_tweet_id": "1923386052363899078"}, {"id": "1922567634907791360", "public_metrics": {"followers_count": 17773446, "following_count": 47, "tweet_count": 405, "listed_count": 1159, "like_count": 0, "media_count": 11}, "username": "Pontifex", "name": "Pope Leo XIV", "location": "Vatican City", "created_at": "2025-05-14T08:21:32.000Z", "verified": true, "description": "Welcome to the official account of His Holiness, Pope Leo XIV."}, {"id": "1701977949833150464", "public_metrics": {"followers_count": 126, "following_count": 95, "tweet_count": 2, "listed_count": 6, "like_count": 173, "media_count": 0}, "username": "Coopdujour_", "name": "Cooper McCabe", "created_at": "2023-09-13T15:16:02.000Z", "verified": false, "description": ""}, {"id": "1525907321854914560", "public_metrics": {"followers_count": 971, "following_count": 118, "tweet_count": 44, "listed_count": 21, "like_count": 108, "media_count": 17}, "username": "BigFitzEnergy", "name": "Scott Fitzgerald", "created_at": "2022-05-15T18:34:19.000Z", "verified": false, "description": "Voice Mode @xAI | fmr @SpaceX & @RobinhoodApp"}, {"id": "284333988", "public_metrics": {"followers_count": 245429, "following_count": 2743, "tweet_count": 9962, "listed_count": 4033, "like_count": 153218, "media_count": 565}, "username": "OfficialLoganK", "name": "Logan Kilpatrick", "location": "Lkilpatrick@google.com", "created_at": "2011-04-19T03:00:17.000Z", "verified": false, "description": "Lead product for @GoogleAIStudio & Gemini API. My views!"}, {"id": "1471128655699062784", "public_metrics": {"followers_count": 63664, "following_count": 55, "tweet_count": 2712, "listed_count": 409, "like_count": 3263, "media_count": 772}, "username": "zeddotdev", "name": "Zed", "created_at": "2021-12-15T14:44:57.000Z", "verified": false, "description": "A next-generation code editor that enables high-performance collaboration with AI and your team. https://t.co/4Ua0UqLrsv", "pinned_tweet_id": "1978498543464669543"}, {"id": "1301324575125286912", "public_metrics": {"followers_count": 4676, "following_count": 3244, "tweet_count": 1459, "listed_count": 58, "like_count": 3865, "media_count": 120}, "username": "_AndrewZhao", "name": "Andrew Zhao \u2708\ufe0fNeurIPS 2025\u2708\ufe0f", "created_at": "2020-09-03T01:02:20.000Z", "verified": false, "description": "PhD @Tsinghua_Uni\nAbsolute Zero,ExpeL,Diver-CT\nEx. intern @MSFTResearch,@ BIGAI\nInterested in RL, Reasoning/Safety 4 LLMs, Agents", "pinned_tweet_id": "1919920459748909288"}, {"id": "2755860644", "public_metrics": {"followers_count": 37206, "following_count": 808, "tweet_count": 175, "listed_count": 354, "like_count": 1881, "media_count": 15}, "username": "mntruell", "name": "Michael Truell", "created_at": "2014-08-22T17:54:28.000Z", "verified": false, "description": "@cursor_ai CEO"}, {"id": "1654135655239221248", "public_metrics": {"followers_count": 35664, "following_count": 1100, "tweet_count": 16690, "listed_count": 151, "like_count": 26364, "media_count": 7498}, "username": "nostalgiafkninc", "name": "Marlin, Esq", "location": "International Waters", "created_at": "2023-05-04T14:47:35.000Z", "verified": false, "description": "nostalgia inc. | junior partner - dark tower enterprises", "pinned_tweet_id": "1865377811479117994"}, {"id": "2503070893", "public_metrics": {"followers_count": 19923, "following_count": 4855, "tweet_count": 2632, "listed_count": 230, "like_count": 27993, "media_count": 170}, "username": "LM_Braswell", "name": "\"Leigh Marie\" Braswell", "location": "San Francisco, CA", "created_at": "2014-05-18T01:59:47.000Z", "verified": false, "description": "partner @kleinerperkins; previously investing @foundersfund, first pm & early eng @scale_ai; if you like infra, ML, or poker let's chat", "pinned_tweet_id": "1430328207031508994"}, {"id": "1646549409617031169", "public_metrics": {"followers_count": 23892, "following_count": 121, "tweet_count": 465, "listed_count": 134, "like_count": 464, "media_count": 16}, "username": "_MathAcademy_", "name": "Math Academy", "created_at": "2023-04-13T16:22:35.000Z", "verified": true, "description": "Master math 4x more efficiently than a traditional classroom. Individualized, adaptive, AI-powered and fully automated.\nAccredited courses 4th grade-University.", "pinned_tweet_id": "1874160377749266835"}], "meta": {"result_count": 100, "next_token": "9SQ7BA2V5DKHIZZZ"}}