{"data": [{"verified": false, "username": "gwern", "location": "Present day. Present time. (Ahahaha)", "name": "\ud835\udd0a\ud835\udd34\ud835\udd22\ud835\udd2f\ud835\udd2b", "description": "Internet besserwisser; pedantic, mean reply guy. \ud835\ude1e\ud835\ude22\ud835\ude35\ud835\ude22\ud835\ude34\ud835\ude29\ud835\ude2a \ud835\ude2c\ud835\ude2a\ud835\ude2f\ud835\ude2a\ud835\ude2f\ud835\ude22\ud835\ude33\ud835\ude2a\ud835\ude2e\ud835\ude22\ud835\ude34\ud835\ude36! \n\n(Follow requests ignored due to terrible UI.)", "public_metrics": {"followers_count": 69100, "following_count": 106, "tweet_count": 31178, "listed_count": 866, "like_count": 79985, "media_count": 1312}, "created_at": "2008-11-27T00:43:14.000Z", "id": "17664709"}, {"verified": true, "username": "MIRIBerkeley", "location": "Berkeley, CA", "name": "MIRI", "description": "The Machine Intelligence Research Institute exists to maximize the probability that the creation of smarter-than-human intelligence has a positive impact.", "public_metrics": {"followers_count": 39897, "following_count": 16, "tweet_count": 1443, "listed_count": 930, "like_count": 1070, "media_count": 88}, "created_at": "2013-07-04T13:32:15.000Z", "id": "1568239549", "pinned_tweet_id": "1970986646494408750"}, {"verified": false, "username": "robinhanson", "location": "Fairfax, VA", "name": "Robin Hanson", "description": "Let\u2019s skip witty banter & talk deep Qs. \nBooks: https://t.co/hpZgEm55Ma https://t.co/iFs9C3IuOM \nChief Scientist @_futarchy Advisor @MetaDAOProject @butterygg", "public_metrics": {"followers_count": 115665, "following_count": 735, "tweet_count": 68261, "listed_count": 1858, "like_count": 90378, "media_count": 704}, "created_at": "2007-07-27T00:20:08.000Z", "id": "7748752"}, {"verified": false, "username": "slatestarcodex", "name": "Scott Alexander", "description": "I have a place where I say complicated things about philosophy and science. That place is my blog. This is where I make terrible puns.", "public_metrics": {"followers_count": 158263, "following_count": 38, "tweet_count": 3926, "listed_count": 1801, "like_count": 1811, "media_count": 31}, "created_at": "2013-06-18T03:56:49.000Z", "id": "1526643050", "pinned_tweet_id": "1331664171478384640"}, {"verified": false, "username": "ESYudkowsky", "name": "Eliezer Yudkowsky \u23f9\ufe0f", "description": "The original AI alignment person.  Understanding the reasons it's difficult since 2003.\n\nThis is my serious low-volume account.  Follow @allTheYud for the rest.", "public_metrics": {"followers_count": 212389, "following_count": 102, "tweet_count": 34018, "listed_count": 3278, "like_count": 36476, "media_count": 459}, "created_at": "2014-06-29T20:14:32.000Z", "id": "2595244026", "pinned_tweet_id": "1968050334707994814"}], "meta": {"result_count": 5}}