{"data": [{"username": "xalbert", "created_at": "2025-05-04T22:29:29.000Z", "name": "Albert", "public_metrics": {"followers_count": 684, "following_count": 166, "tweet_count": 173, "listed_count": 16, "like_count": 3279, "media_count": 2}, "id": "1919157203275309056", "verified": false, "description": "\ud83e\uddbe Personal account \u271d\ufe0f\ud83c\uddfa\ud83c\uddf8\ud83c\udf09 \u201cThe fear of the LORD is the beginning of wisdom\u2026\u201d \ud83d\udcd6"}, {"username": "artfanszone", "created_at": "2010-03-15T17:43:47.000Z", "name": "Art Fans Zone", "public_metrics": {"followers_count": 126884, "following_count": 2222, "tweet_count": 31132, "listed_count": 818, "like_count": 41151, "media_count": 14534}, "id": "123309184", "verified": false, "description": "Original AI artworks created by Art Fans Zone, revealing worlds never seen before.", "pinned_tweet_id": "1994481421939884369"}, {"username": "Pronatalism", "created_at": "2019-01-30T01:50:00.000Z", "name": "India", "public_metrics": {"followers_count": 9247, "following_count": 268, "tweet_count": 1460, "listed_count": 42, "like_count": 6704, "media_count": 588}, "id": "1090426874843394048", "verified": false, "description": "", "pinned_tweet_id": "1391814129103540225"}, {"username": "Jason", "created_at": "2006-08-05T23:31:27.000Z", "name": "@jason", "location": "austin ", "public_metrics": {"followers_count": 1036246, "following_count": 5773, "tweet_count": 65185, "listed_count": 16468, "like_count": 118952, "media_count": 13513}, "id": "3840", "verified": false, "description": "first investor in https://t.co/M6cblbFld9 Host: @twistartups @theallinpod; I also invest in 100 startups a year @launch & @founderuni jason@calacanis.com for life", "pinned_tweet_id": "1988070274332500101"}, {"username": "codewithantonio", "created_at": "2023-06-05T13:26:29.000Z", "name": "Code With Antonio", "public_metrics": {"followers_count": 22645, "following_count": 611, "tweet_count": 2316, "listed_count": 112, "like_count": 13675, "media_count": 499}, "id": "1665711621543452674", "verified": false, "description": "My Learning Platform: https://t.co/64WffDsLsj\nMy YouTube (400k+): https://t.co/nQ9Z71MyW4", "pinned_tweet_id": "1977768130609885661"}, {"username": "rolans_kims", "created_at": "2023-06-17T18:26:46.000Z", "name": "Rolans", "location": "NL", "public_metrics": {"followers_count": 170, "following_count": 174, "tweet_count": 942, "listed_count": 1, "like_count": 3695, "media_count": 45}, "id": "1670135810778120193", "verified": false, "description": "Hopelessly stuck between 3D and web design.\nBuilding @teyah_design from my bedroom"}, {"username": "ryasendesign", "created_at": "2021-07-05T17:30:00.000Z", "name": "RYAN", "location": "England, UK", "public_metrics": {"followers_count": 1894, "following_count": 251, "tweet_count": 11300, "listed_count": 13, "like_count": 12960, "media_count": 826}, "id": "1412101412159434752", "verified": false, "description": "Project Manager at @turbodesignco", "pinned_tweet_id": "1986777105581916650"}, {"username": "mortenpx", "created_at": "2010-02-03T23:09:00.000Z", "name": "Morten Korshavn", "location": "Scandinavia", "public_metrics": {"followers_count": 4178, "following_count": 775, "tweet_count": 11866, "listed_count": 41, "like_count": 16022, "media_count": 1147}, "id": "111140973", "verified": false, "description": "Creating products for designers to start their own studio and x10 their productivity. also running @designdreamco and documenting the journey."}, {"username": "tadpark0", "created_at": "2020-02-04T17:21:49.000Z", "name": "Tad Park", "location": "San Francisco", "public_metrics": {"followers_count": 1399, "following_count": 115, "tweet_count": 495, "listed_count": 25, "like_count": 317, "media_count": 163}, "id": "1224744844276355072", "verified": false, "description": "CEO of @voltequity Extreme Tesla Bull Portfolio manager of the $TESL ETF, the Simplify Volt TSLA Revolution ETF Disclosure: https://t.co/nHpScsPt47", "pinned_tweet_id": "1927394716632424896"}, {"username": "salesforce", "created_at": "2009-04-20T18:34:14.000Z", "name": "Salesforce", "location": "San Francisco, CA", "public_metrics": {"followers_count": 578200, "following_count": 130267, "tweet_count": 114377, "listed_count": 7154, "like_count": 34146, "media_count": 15549}, "id": "33612317", "verified": true, "description": "We're the #1 AI CRM\u2014where humans with agents drive customer success together with AI, data, and Customer 360 apps on one platform. Tweet @AskSalesforce for help", "pinned_tweet_id": "1996328632969490631"}, {"username": "HubSpot", "created_at": "2008-04-21T04:17:34.000Z", "name": "HubSpot", "location": "Cambridge, MA", "public_metrics": {"followers_count": 787273, "following_count": 38981, "tweet_count": 90160, "listed_count": 21258, "like_count": 42863, "media_count": 23626}, "id": "14458280", "verified": true, "description": "Get in your *smart* CRM era.\nThe AI-powered customer platform to scale your business."}, {"username": "attio", "created_at": "2019-04-15T14:49:07.000Z", "name": "Attio", "location": "\ud83c\udf0e", "public_metrics": {"followers_count": 9488, "following_count": 21, "tweet_count": 1235, "listed_count": 91, "like_count": 2261, "media_count": 395}, "id": "1117802033405411329", "verified": true, "description": "The AI-native CRM for GTM builders.\nWe\u2019re hiring: https://t.co/SOKOSsLGs5", "pinned_tweet_id": "1986463181305237590"}, {"username": "marching_thru", "created_at": "2019-11-26T21:30:06.000Z", "name": "Lousee", "location": "USA", "public_metrics": {"followers_count": 830, "following_count": 483, "tweet_count": 5009, "listed_count": 18, "like_count": 8915, "media_count": 241}, "id": "1199440180790333446", "verified": false, "description": "electrolyte drink mixes to balance hormones and strengthen mind + body", "pinned_tweet_id": "1914327893322113048"}, {"username": "dupedotcom", "created_at": "2024-03-24T17:32:24.000Z", "name": "Dupe.com", "public_metrics": {"followers_count": 8388, "following_count": 9, "tweet_count": 205, "listed_count": 43, "like_count": 691, "media_count": 22}, "id": "1771953182752542720", "verified": false, "description": "Snap up all your dream furniture at the lowest price with this one life hack. Tell everyone \ud83d\udecd\ufe0f follow @dupe_solana for $DUPE", "pinned_tweet_id": "1772028652558950801"}, {"username": "nikitabier", "created_at": "2012-07-15T22:44:07.000Z", "name": "Nikita Bier", "location": "Palo Alto", "public_metrics": {"followers_count": 703604, "following_count": 2008, "tweet_count": 10044, "listed_count": 4443, "like_count": 36418, "media_count": 1298}, "id": "636513296", "verified": false, "description": "head of product @x, advisor @solana, venture partner @lightspeedvp, ex-founder @gasappteam (acq by discord), ex-founder @thetbhapp (acq by facebook)"}, {"username": "BawsHuman", "created_at": "2024-04-05T20:42:51.000Z", "name": "BawsHuman", "location": "Planet Earth", "public_metrics": {"followers_count": 13, "following_count": 13, "tweet_count": 43, "listed_count": 3, "like_count": 293, "media_count": 12}, "id": "1776349768446611456", "verified": false, "description": "Helping humankind to transform into their ultimate form. Unlocking inner potential to activate aspirations into achievements.", "pinned_tweet_id": "1956021840742375634"}, {"username": "SenatorHagerty", "created_at": "2021-01-06T17:37:54.000Z", "name": "Senator Bill Hagerty", "location": "Nashville, TN", "public_metrics": {"followers_count": 92403, "following_count": 198, "tweet_count": 9874, "listed_count": 865, "like_count": 147, "media_count": 3097}, "id": "1346873610875654147", "verified": true, "description": "Husband | Father of four | Businessman | Community Volunteer | Conservative Republican | U.S. Senator | Former U.S. Ambassador to Japan | Proud Tennessean"}, {"username": "kemar74", "created_at": "2009-10-02T17:31:39.000Z", "name": "Marc Simonetti", "location": "annecy, france", "public_metrics": {"followers_count": 81344, "following_count": 2803, "tweet_count": 23128, "listed_count": 889, "like_count": 106352, "media_count": 2386}, "id": "79236938", "verified": false, "description": "Artist for cover arts, art director on movies, video games, making fine art.\ndesigned the iron throne.", "pinned_tweet_id": "1504215924718645248"}, {"username": "aretaicliberty", "created_at": "2022-09-19T22:51:51.000Z", "name": "Burlamaqui", "location": "The Eternal Frontier", "public_metrics": {"followers_count": 7571, "following_count": 150, "tweet_count": 1378, "listed_count": 50, "like_count": 3911, "media_count": 292}, "id": "1571995462009225216", "verified": false, "description": "True non-teleological accelerationism has never been tried"}, {"username": "marioecg", "created_at": "2009-08-09T23:17:37.000Z", "name": "Mario Carrillo", "location": "Mexico", "public_metrics": {"followers_count": 14096, "following_count": 284, "tweet_count": 44672, "listed_count": 264, "like_count": 15951, "media_count": 3811}, "id": "64278945", "verified": false, "description": "artist using technology as a medium to explore creativity and perception.", "pinned_tweet_id": "1957879787772604774"}, {"username": "beesandbombs", "created_at": "2014-06-20T00:08:41.000Z", "name": "dave", "location": "Dublin, Ireland", "public_metrics": {"followers_count": 95429, "following_count": 1343, "tweet_count": 8839, "listed_count": 1452, "like_count": 22502, "media_count": 2261}, "id": "2577700700", "verified": false, "description": "dave is my name. i make gifs :). taking commissions; DM me, or email address on website", "pinned_tweet_id": "1283153051898060802"}, {"username": "Anima_nel", "created_at": "2019-09-21T15:39:05.000Z", "name": "Manel", "location": "Nostalgia", "public_metrics": {"followers_count": 27659, "following_count": 256, "tweet_count": 800, "listed_count": 173, "like_count": 573, "media_count": 76}, "id": "1175434220325527552", "verified": false, "description": "https://t.co/8C3vfv4Zuf\nFree Wallpapers https://t.co/x85km00EAW\nTile Assets  https://t.co/ZLv89qRsXg", "pinned_tweet_id": "1948046720148918480"}, {"username": "actualTimWilson", "created_at": "2013-01-15T20:25:17.000Z", "name": "Tim Wilson", "location": "Tampa, FL", "public_metrics": {"followers_count": 2478, "following_count": 160, "tweet_count": 640, "listed_count": 34, "like_count": 3814, "media_count": 136}, "id": "1093163077", "verified": false, "description": "Design Engineer @dubdotco. Building magical software and sharing cool UI stuff along the way. Charming UI components: https://t.co/5L6WefMJg6"}, {"username": "saleyendecker", "created_at": "2017-07-18T13:59:13.000Z", "withheld": {"country_codes": ["ID"]}, "name": "Sacha Leyendecker", "public_metrics": {"followers_count": 47770, "following_count": 339, "tweet_count": 632, "listed_count": 259, "like_count": 4276, "media_count": 55}, "id": "887310792068132865", "verified": false, "description": "Photographer, Coach, Author\nFounder of @marley_magazine\nMember of @buenavistaclub_\nFind more at https://t.co/DnM7BSQcdk", "pinned_tweet_id": "1515215342578065409"}, {"username": "kishimisu", "created_at": "2021-12-02T02:28:12.000Z", "name": "kishimisu", "location": "Paris", "public_metrics": {"followers_count": 10422, "following_count": 351, "tweet_count": 429, "listed_count": 146, "like_count": 2274, "media_count": 206}, "id": "1466232544907698177", "verified": false, "description": "Passionate about computer graphics, machine learning & shaders.", "pinned_tweet_id": "1737311773848428728"}, {"username": "DavidDubnitskiy", "created_at": "2020-01-14T06:02:15.000Z", "withheld": {"country_codes": ["ID"]}, "name": "Dubnitskiy David", "location": "Ukraine", "public_metrics": {"followers_count": 121858, "following_count": 210, "tweet_count": 2121, "listed_count": 581, "like_count": 4042, "media_count": 1323}, "id": "1216963568798703617", "verified": false, "description": "Art Creator, Photographer.\nCo-Founder NYMF, Nude Fantasy Art Project."}, {"username": "mbrandolph", "created_at": "2008-09-15T05:30:12.000Z", "name": "Marc Randolph", "location": "Santa Cruz", "public_metrics": {"followers_count": 145706, "following_count": 458, "tweet_count": 3648, "listed_count": 1028, "like_count": 6009, "media_count": 810}, "id": "16292441", "verified": false, "description": "Co-founder of @Netflix & 6 other companies", "pinned_tweet_id": "1996987415659970860"}, {"username": "Build_Culture", "created_at": "2016-04-18T01:24:44.000Z", "name": "Building Culture", "location": "Oklahoma City, OK, USA", "public_metrics": {"followers_count": 27129, "following_count": 427, "tweet_count": 2662, "listed_count": 235, "like_count": 4196, "media_count": 338}, "id": "721872053633060864", "verified": false, "description": "Brick masonry & mass-wall experts. Crafting iconic masonry structures that last centuries. Award-winning designers; community creators; health & eco conscious.", "pinned_tweet_id": "1740919468945985559"}, {"username": "pmarca", "created_at": "2007-05-10T23:39:54.000Z", "name": "Marc Andreessen \ud83c\uddfa\ud83c\uddf8", "location": "Menlo Park, CA", "public_metrics": {"followers_count": 1904651, "following_count": 28133, "tweet_count": 12196, "listed_count": 20779, "like_count": 269888, "media_count": 2479}, "id": "5943622", "verified": false, "description": "Build.", "pinned_tweet_id": "1902724994607570975"}, {"username": "friedberg", "created_at": "2008-09-19T04:48:39.000Z", "name": "david friedberg", "location": "earth", "public_metrics": {"followers_count": 423684, "following_count": 943, "tweet_count": 1084, "listed_count": 2885, "like_count": 1759, "media_count": 39}, "id": "16359535", "verified": false, "description": "https://t.co/zQ840VXPug"}, {"username": "harmonywrennn", "created_at": "2022-09-23T13:04:42.000Z", "name": "wren \ud83e\udeb4", "public_metrics": {"followers_count": 4922, "following_count": 2430, "tweet_count": 7857, "listed_count": 69, "like_count": 17379, "media_count": 1726}, "id": "1573297224431284224", "verified": false, "description": "I build houses in the morning. But first, coffee. LEED-GA soon \ud83c\udf43 or Town Planner perhaps? Created works \u2b07", "pinned_tweet_id": "1706988654785384827"}, {"username": "Replit", "created_at": "2011-09-01T22:34:46.000Z", "name": "Replit \u2815", "location": "replit.com", "public_metrics": {"followers_count": 204879, "following_count": 566, "tweet_count": 13515, "listed_count": 2087, "like_count": 16565, "media_count": 2001}, "id": "366289783", "verified": true, "description": "Idea to app, fast. Create beautiful, modern web applications at the speed of thought with the power of Replit's AI Agent.", "pinned_tweet_id": "1965807843799626101"}, {"username": "andrewmccalip", "created_at": "2013-11-28T19:43:54.000Z", "name": "Andrew McCalip", "location": "El Segundo, CA", "public_metrics": {"followers_count": 71735, "following_count": 1199, "tweet_count": 11696, "listed_count": 581, "like_count": 20436, "media_count": 2062}, "id": "2220269617", "verified": false, "description": "Building spacecraft @vardaspace. Circumnavigating world @ https://t.co/hLM2DEHrnx. Art @ https://t.co/Cze338MBMi  Former: Co-Founder Cosine Additive, acquired by GE", "pinned_tweet_id": "1861019810920063145"}, {"username": "martyrmade", "created_at": "2018-05-02T18:10:00.000Z", "name": "Martyr Made", "public_metrics": {"followers_count": 361595, "following_count": 389, "tweet_count": 28503, "listed_count": 1890, "like_count": 56967, "media_count": 2582}, "id": "991741610718257152", "verified": false, "description": "Darryl Cooper, Host of The Martyr Made Podcast. Co-host of Provoked w/Scott Horton, and Unraveling w/Jocko Willink. Also I MMA-post.", "pinned_tweet_id": "1980693679967990133"}, {"username": "lilcode_", "created_at": "2021-08-04T18:00:56.000Z", "name": "lil code", "public_metrics": {"followers_count": 3763, "following_count": 848, "tweet_count": 2515, "listed_count": 64, "like_count": 8292, "media_count": 710}, "id": "1422980824354414594", "verified": false, "description": "computer artist", "pinned_tweet_id": "1737644020900438160"}, {"username": "xai", "created_at": "2023-05-25T00:06:30.000Z", "name": "xAI", "public_metrics": {"followers_count": 1844187, "following_count": 38, "tweet_count": 188, "listed_count": 6130, "like_count": 207, "media_count": 68}, "id": "1661523610111193088", "verified": true, "description": "", "pinned_tweet_id": "1990530499752980638"}, {"username": "robevans_art", "created_at": "2022-01-22T21:31:20.000Z", "name": "Rob Evans", "location": "Wrightsville, PA, USA", "public_metrics": {"followers_count": 5506, "following_count": 4162, "tweet_count": 11554, "listed_count": 60, "like_count": 13298, "media_count": 2120}, "id": "1485002081509515268", "verified": false, "description": "Traditional/digital artist, independent curator & NFT creator/collector. Collected by: National Gallery of Art, Metropolitan Museum of Art, Tezos Foundation", "pinned_tweet_id": "1683342510154719233"}, {"username": "slagbjorn_art", "created_at": "2016-12-16T13:18:54.000Z", "name": "slagbjorn.art", "location": "Sverige", "public_metrics": {"followers_count": 7995, "following_count": 2198, "tweet_count": 7933, "listed_count": 97, "like_count": 69136, "media_count": 852}, "id": "809749644976787456", "verified": false, "description": "Freelance background artist/illustrator", "pinned_tweet_id": "1678789533192601604"}, {"username": "Aurumek_", "created_at": "2019-10-30T07:26:37.000Z", "name": "\ud835\udc00\ud835\udc2e\ud835\udc2b\ud835\udc2e\ud835\udc26\ud835\udc1e\ud835\udc24 (\ud835\udc12\ud835\udc22\ud835\udc26\ud835\udc28\ud835\udc27 \ud835\udc07\ud835\udc22\ud835\udc27\ud835\udc2d\ud835\udc1e\ud835\udc2b\ud835\udc26\ud835\udc1a\ud835\udc27\ud835\udc27)", "location": "Schweiz", "public_metrics": {"followers_count": 63684, "following_count": 678, "tweet_count": 3242, "listed_count": 565, "like_count": 7665, "media_count": 994}, "id": "1189443441207459840", "verified": false, "description": "\u2022 Homesick for a world that never existed. \ud83c\udf3f\n\u2022 Printshop currently closed (join the mailing list to get notified via email) \ud83c\udf43\n\u2022 Argenta Lore on Patreon", "pinned_tweet_id": "1912522856598061566"}, {"username": "DavidSacks", "created_at": "2007-03-14T04:14:58.000Z", "name": "David Sacks", "location": "San Francisco", "public_metrics": {"followers_count": 1426836, "following_count": 3432, "tweet_count": 13732, "listed_count": 12137, "like_count": 84743, "media_count": 1208}, "id": "1137701", "verified": false, "description": "Tech founder & investor. Personal views only. Official account: @davidsacks47"}, {"username": "balajis", "created_at": "2013-11-06T12:51:04.000Z", "name": "Balaji", "location": "The Network School", "public_metrics": {"followers_count": 1225960, "following_count": 3919, "tweet_count": 30752, "listed_count": 18712, "like_count": 243345, "media_count": 5378}, "id": "2178012643", "verified": false, "description": "Author of the Network State. Founder of the Network School.", "pinned_tweet_id": "1977458980776784357"}, {"username": "brian_armstrong", "created_at": "2008-04-14T01:10:52.000Z", "name": "Brian Armstrong", "location": "Earth", "public_metrics": {"followers_count": 1658048, "following_count": 793, "tweet_count": 4665, "listed_count": 16188, "like_count": 9338, "media_count": 402}, "id": "14379660", "verified": false, "description": "Co-founder & CEO at @Coinbase. Creating more economic freedom in the world. ENS: barmstrong.eth Co-founder @researchhub @newlimit", "pinned_tweet_id": "1996249773871895028"}, {"username": "kris10roos", "created_at": "2012-08-11T02:08:16.000Z", "name": "kristen roos", "location": "unceded territories/Vancouver", "public_metrics": {"followers_count": 7657, "following_count": 2221, "tweet_count": 3424, "listed_count": 168, "like_count": 7944, "media_count": 1110}, "id": "750457063", "verified": false, "description": "https://t.co/d8YLUp13sv (he/him) artist/educator. media art, sound, textiles, media archaeology & excavation.", "pinned_tweet_id": "1714831573319873012"}, {"username": "TuckerCarlson", "created_at": "2009-03-04T00:03:12.000Z", "name": "Tucker Carlson", "public_metrics": {"followers_count": 16794012, "following_count": 2, "tweet_count": 5466, "listed_count": 34526, "like_count": 189, "media_count": 1324}, "id": "22703645", "verified": false, "description": "", "pinned_tweet_id": "1997003039165632791"}, {"username": "RobertKennedyJr", "created_at": "2011-07-18T16:22:27.000Z", "name": "Robert F. Kennedy Jr", "location": "Los Angeles, California", "public_metrics": {"followers_count": 5745572, "following_count": 941, "tweet_count": 9624, "listed_count": 10243, "like_count": 1135, "media_count": 1822}, "id": "337808606", "verified": true, "description": "Posts on this account are my personal views."}, {"username": "Seelsucht", "created_at": "2022-05-21T17:47:52.000Z", "name": "Seelsucht", "location": "New York, NY", "public_metrics": {"followers_count": 3659, "following_count": 488, "tweet_count": 2340, "listed_count": 25, "like_count": 4653, "media_count": 838}, "id": "1528069734587146242", "verified": false, "description": "Dem Wahren, Sch\u00f6nen, Guten | Lichtbilder | NYC | Curation | Collection | Creation", "pinned_tweet_id": "1670418831485943809"}, {"username": "DMsjel", "created_at": "2021-03-17T10:33:32.000Z", "withheld": {"country_codes": ["ID"]}, "name": "dr\u00f8msjel", "location": "Berlin", "public_metrics": {"followers_count": 17864, "following_count": 4914, "tweet_count": 17474, "listed_count": 196, "like_count": 75804, "media_count": 1748}, "id": "1372133972336128002", "verified": false, "description": "sur\u00b7re\u00b7al but digital\nhttps://t.co/PdYgoDfK9f \ud83d\udc8e"}, {"username": "tokyo_kowaku", "created_at": "2014-04-30T07:59:13.000Z", "name": "\u9751", "public_metrics": {"followers_count": 12404, "following_count": 1285, "tweet_count": 37, "listed_count": 139, "like_count": 42738, "media_count": 19}, "id": "2470514532", "verified": false, "description": "\u64ae\u5f71\u3057\u305f\u5199\u771f\u3084\u65e5\u5e38\u306b\u95a2\u3059\u308b\u4e8b / \u64ae\u5f71\u30a2\u30ab\u30a6\u30f3\u30c8\u2192@tokyokowaku / \u96fb\u5b50\u7248\u5199\u771f\u96c6\u2192https://t.co/7SgsZfG3Pu"}, {"username": "sccounty", "created_at": "2009-04-30T00:40:50.000Z", "name": "Santa Cruz County", "location": "Santa Cruz, California", "public_metrics": {"followers_count": 24288, "following_count": 504, "tweet_count": 10439, "listed_count": 336, "like_count": 402, "media_count": 4483}, "id": "36538802", "verified": false, "description": "Official account for the government of Santa Cruz County. For questions about county services, call 831-454-2000 (M-F, 8-5). 24/7 at https://t.co/C2j1Xooyda."}, {"username": "sundarpichai", "created_at": "2008-03-12T05:51:53.000Z", "name": "Sundar Pichai", "public_metrics": {"followers_count": 5598787, "following_count": 188, "tweet_count": 2564, "listed_count": 10981, "like_count": 1144, "media_count": 320}, "id": "14130366", "verified": false, "description": "CEO,  Google and Alphabet", "pinned_tweet_id": "1990812770762215649"}, {"username": "JHPsychedelics", "created_at": "2018-02-26T15:57:24.000Z", "name": "Johns Hopkins Psychedelic Research Center", "location": "Baltimore, MD", "public_metrics": {"followers_count": 45631, "following_count": 157, "tweet_count": 985, "listed_count": 552, "like_count": 255, "media_count": 279}, "id": "968153029949222914", "verified": false, "description": "The Center for Psychedelic and Consciousness Research studies how psychedelics affect behavior, mood, cognition, brain function, & biological markers of health.", "pinned_tweet_id": "1781050064972210596"}, {"username": "Graham__Hancock", "created_at": "2009-12-11T01:06:27.000Z", "name": "Graham Hancock", "public_metrics": {"followers_count": 587490, "following_count": 115, "tweet_count": 5555, "listed_count": 2356, "like_count": 393, "media_count": 1384}, "id": "96025389", "verified": false, "description": "Presenter of the  hit Netflix docuseries \u201cAncient Apocalypse\u201d, and author of many international bestselling books. Full list:   https://t.co/4KGIwOmV1W"}, {"username": "MAPS", "created_at": "2009-01-10T03:00:17.000Z", "name": "MAPS", "public_metrics": {"followers_count": 133059, "following_count": 0, "tweet_count": 139, "listed_count": 1503, "like_count": 4770, "media_count": 0}, "id": "18824923", "verified": false, "description": "Est.1986 Multidisciplinary Association for Psychedelic Studies. Promoting medical, legal & cultural progress through psychedelic & marijuana research"}, {"username": "HamiltonMorris", "created_at": "2011-08-29T17:14:45.000Z", "name": "Hamilton Morris", "location": "Brooklyn, NY", "public_metrics": {"followers_count": 93691, "following_count": 75, "tweet_count": 3367, "listed_count": 406, "like_count": 5230, "media_count": 607}, "id": "364369195", "verified": false, "description": "Listen to my podcast at the Patreon link below"}, {"username": "cacheflowe", "created_at": "2009-04-06T00:30:09.000Z", "name": "Cacheflowe", "location": "Boston, USA", "public_metrics": {"followers_count": 7194, "following_count": 816, "tweet_count": 6916, "listed_count": 219, "like_count": 8642, "media_count": 985}, "id": "29103972", "verified": false, "description": "Multidisciplinary software developer for museums, brands, games, art, fashion, data viz, music, education. In pursuit of arcane excellence. Vegetarian.", "pinned_tweet_id": "1587452237806469120"}, {"username": "andyduboc", "created_at": "2009-02-13T16:07:34.000Z", "name": "Andy Duboc", "location": "Montr\u00e9al", "public_metrics": {"followers_count": 8583, "following_count": 1179, "tweet_count": 1714, "listed_count": 186, "like_count": 10764, "media_count": 571}, "id": "20781118", "verified": false, "description": "art_code_design"}, {"username": "nikolova__y", "created_at": "2021-12-31T09:57:19.000Z", "name": "Yoana Nikolova", "public_metrics": {"followers_count": 13288, "following_count": 7, "tweet_count": 19, "listed_count": 72, "like_count": 255, "media_count": 0}, "id": "1476854944686874638", "verified": false, "description": "Bulgarian National Team of RG | Professional model | Member of @buenavistaclub_ | https://t.co/MpjW4vUP4T |"}, {"username": "s0mfay", "created_at": "2011-10-24T15:53:20.000Z", "name": "Somfay \ud83c\udf08", "location": "Canada", "public_metrics": {"followers_count": 11354, "following_count": 5069, "tweet_count": 22656, "listed_count": 134, "like_count": 109841, "media_count": 2291}, "id": "397362830", "verified": false, "description": "\ud80c\udd54 Hybrid. Alive in the permanent sky. \n\nLuthier of light. Electronic kintsugi \ud835\udeab\u2607\n\nFermata Positronics\u2014fine video instruments.\n\n\ud83c\udf19\ud83d\udc08\u200d\u2b1b\ud83c\udff4\ud83c\udff5\ufe0f\u27c1\u2384\u26b8\u26e5\u2697\ufe0e\u269b\ufe0e\ud835\udf19\u23e6\u26a1\ufe0e\u23da\u23e7\u2604\ufe0e\ud834\udd10", "pinned_tweet_id": "1991919735328616800"}, {"username": "DouglasKMurray", "created_at": "2011-11-23T13:08:11.000Z", "name": "Douglas Murray", "location": "New York / London", "public_metrics": {"followers_count": 1180155, "following_count": 1949, "tweet_count": 9699, "listed_count": 5017, "like_count": 1789, "media_count": 933}, "id": "419520517", "verified": false, "description": "#1 bestselling author of 8 books including 'On Democracies and Death Cults'. @Spectator. Columnist @NYPost. Senior Fellow @ManhattanInst", "pinned_tweet_id": "1916508341041242448"}, {"username": "safehaven", "created_at": "2009-07-29T09:58:40.000Z", "name": "\ud835\udc2c\ud835\udc1a\ud835\udc1f\ud835\udc1e\ud835\udc21\ud835\udc1a\ud835\udc2f\ud835\udc1e\ud835\udc27 \u273e", "location": "Los Angeles, CA", "public_metrics": {"followers_count": 22646, "following_count": 989, "tweet_count": 7960, "listed_count": 133, "like_count": 54554, "media_count": 1048}, "id": "61160296", "verified": false, "description": "\u22b9 @ghost__hardware\n\u22b9 https://t.co/6imH6rVSTA", "pinned_tweet_id": "1871300094001315962"}, {"username": "lushfoil", "created_at": "2016-12-23T11:53:11.000Z", "name": "Matt Newell", "location": "tokyo/perth", "public_metrics": {"followers_count": 11294, "following_count": 470, "tweet_count": 1083, "listed_count": 110, "like_count": 6105, "media_count": 249}, "id": "812264789535666177", "verified": false, "description": "making virtualscapes in unreal engine \ud83c\udf3f\nLushfoil Photography Sim available now on PC, PS5 and Xbox! https://t.co/Ut78cT3vDv", "pinned_tweet_id": "1912504167643443645"}, {"username": "p1xelfool", "created_at": "2021-04-07T02:25:30.000Z", "name": "p1xelfool", "public_metrics": {"followers_count": 35927, "following_count": 1463, "tweet_count": 27244, "listed_count": 492, "like_count": 68341, "media_count": 2651}, "id": "1379621265363853315", "verified": false, "description": "artist ///// https://t.co/qiEBHvYF3F\nc\u00e4ndy ///// https://t.co/MGQ7EnCmct", "pinned_tweet_id": "1933158225723232289"}, {"username": "FEELSxart", "created_at": "2021-05-13T21:27:52.000Z", "name": "FEELS", "public_metrics": {"followers_count": 29662, "following_count": 447, "tweet_count": 12289, "listed_count": 384, "like_count": 44844, "media_count": 743}, "id": "1392954671677931521", "verified": false, "description": "\u2234  sincere, emo, flow  \ud83d\udd73\ufe0f \ud83d\udc07", "pinned_tweet_id": "1983613621491134857"}, {"username": "_1mposter", "created_at": "2021-07-11T14:03:02.000Z", "name": "1mposter", "location": "Brasil", "public_metrics": {"followers_count": 29314, "following_count": 1423, "tweet_count": 44513, "listed_count": 371, "like_count": 150698, "media_count": 7540}, "id": "1414223683930009603", "verified": false, "description": "Exploring the human mind through digital art.", "pinned_tweet_id": "1971257025276621225"}, {"username": "Hakusi_Katei", "created_at": "2014-04-13T13:14:15.000Z", "name": "Monoli", "location": "\u2709\ufe0fmonoli.hakusi@gmail.com", "public_metrics": {"followers_count": 50404, "following_count": 198, "tweet_count": 10526, "listed_count": 499, "like_count": 14602, "media_count": 1196}, "id": "2441696364", "verified": false, "description": "Material designer. Ph.D. \ud83c\udf93SHOP: https://t.co/LF8S2rm9dS / JP SHOP: https://t.co/Z10CSdyKrc / \ud83d\udc65: @pixelartpark / \u535a\u58eb(\u5de5\u5b66)\u3002\u79d1\u5b66\u306a\u30c7\u30b6\u30a4\u30ca\u30fc\u3002#PixLens \u00ae\ufe0e", "pinned_tweet_id": "1859235984640229673"}, {"username": "3Dmattias", "created_at": "2012-08-13T21:56:51.000Z", "name": "Mattias Malmer", "location": "Stockholm, Sweden", "public_metrics": {"followers_count": 7100, "following_count": 1005, "tweet_count": 22080, "listed_count": 129, "like_count": 42863, "media_count": 2226}, "id": "755906576", "verified": false, "description": "Pixelherding Polygonpusher.", "pinned_tweet_id": "971666969144516608"}, {"username": "levikamolnick", "created_at": "2011-12-04T04:43:55.000Z", "name": "Levi kamolnick", "public_metrics": {"followers_count": 609, "following_count": 604, "tweet_count": 1333, "listed_count": 11, "like_count": 3250, "media_count": 130}, "id": "427942459", "verified": false, "description": "Occasional sports fan. Year-round jokester. Tweets are mine not yours"}, {"username": "TatsuyaBot", "created_at": "2010-05-20T23:59:39.000Z", "name": "TatsuyaM\u2122", "location": "Jp", "public_metrics": {"followers_count": 41706, "following_count": 547, "tweet_count": 11621, "listed_count": 631, "like_count": 452, "media_count": 2849}, "id": "146248983", "verified": false, "description": "MotionDesigner", "pinned_tweet_id": "1939516088196460803"}, {"username": "TheScholastics", "created_at": "2018-03-24T15:49:31.000Z", "name": "Wigmund / On Steam", "public_metrics": {"followers_count": 8475, "following_count": 2, "tweet_count": 2043, "listed_count": 75, "like_count": 7193, "media_count": 150}, "id": "977573129131364352", "verified": false, "description": "A fantasy old-school, open-world RPG with a unique real-time game-play where the mouse is the extension of your knight's sword."}, {"username": "tuomodesign", "created_at": "2018-03-09T22:08:09.000Z", "name": "Tuomo", "location": "Helsinki, Finland", "public_metrics": {"followers_count": 9089, "following_count": 1079, "tweet_count": 17741, "listed_count": 91, "like_count": 56270, "media_count": 499}, "id": "972232598230589440", "verified": false, "description": "", "pinned_tweet_id": "1365697168493977605"}, {"username": "wrathofgnon", "created_at": "2014-08-17T16:51:59.000Z", "name": "Wrath Of Gnon", "public_metrics": {"followers_count": 164394, "following_count": 558, "tweet_count": 95001, "listed_count": 1799, "like_count": 466865, "media_count": 20510}, "id": "2740108585", "verified": false, "description": "Traditionalist. #GoodUrbanism", "pinned_tweet_id": "1493782109898801152"}, {"username": "gleb_alexandrov", "created_at": "2013-11-02T20:00:33.000Z", "name": "Gleb Alexandrov", "location": "Belarus, Poland, World", "public_metrics": {"followers_count": 42432, "following_count": 3035, "tweet_count": 22844, "listed_count": 546, "like_count": 33726, "media_count": 2754}, "id": "2170849752", "verified": false, "description": "3D artist, Blender YouTuber, tutorial maker at Creative Shrimp. Belarusian.\u25fd\u2763\ufe0f\u25fd\u2615\nhttps://t.co/855p4gHi0E\nhttps://t.co/Ncbts3Nin0"}, {"username": "ggreenwald", "created_at": "2008-09-01T03:13:32.000Z", "name": "Glenn Greenwald", "location": "GlennGreenwald@gmail.com", "public_metrics": {"followers_count": 2304710, "following_count": 994, "tweet_count": 111174, "listed_count": 22333, "like_count": 31997, "media_count": 13755}, "id": "16076032", "verified": false, "description": "Journalist ; Author; Host, @SystemUpdate_; Columnist, @Folha; Founder: @TheInterceptBr; Co-Founder: @FreedomofPress, @idm_org; @abrigo_hope; Vegan.", "pinned_tweet_id": "1658513386118709260"}, {"username": "ForsakenRealms_", "created_at": "2020-08-07T08:33:16.000Z", "name": "Forsaken Realms: Vahrin's Call", "location": "England, United Kingdom \ud83c\uddec\ud83c\udde7", "public_metrics": {"followers_count": 15009, "following_count": 178, "tweet_count": 6103, "listed_count": 108, "like_count": 15574, "media_count": 1462}, "id": "1291653555556933632", "verified": false, "description": "Welcome to Vahrin's Call, an upcoming story-driven RPG, set in the handcrafted, high fantasy world of Leyda \u2694\ufe0f\ud83c\udf3f\n\nOur other socials: https://t.co/MEyyWOq23G", "pinned_tweet_id": "1733505531480805658"}, {"username": "stonelabstudio", "created_at": "2017-12-16T20:37:04.000Z", "name": "EthrA FOLLOW ON KICKSTARTER", "public_metrics": {"followers_count": 36515, "following_count": 197, "tweet_count": 1447, "listed_count": 272, "like_count": 2557, "media_count": 240}, "id": "942131485380837376", "verified": false, "description": "Two person team working on EthrA\nstonelabgames@gmail.com\nKICKSTARTER\nhttps://t.co/Og3Jt2N7dM\nSTEAM\nhttps://t.co/7Lzg8geJdx\nDISCORD\nhttps://t.co/dGYyHRKq3L", "pinned_tweet_id": "1993061987488874712"}, {"username": "jamesshedden", "created_at": "2009-03-08T15:09:18.000Z", "name": "James Shedden", "location": "London, UK", "public_metrics": {"followers_count": 78387, "following_count": 3798, "tweet_count": 5151, "listed_count": 665, "like_count": 14359, "media_count": 942}, "id": "23316106", "verified": false, "description": "\ud83c\udfa8\ud83d\uddbc\ufe0f\ud83c\udf1f Illustration & animation\n\u2764\ufe0f Shop https://t.co/dTDcHSJAsr\n\ud83d\udc8c Mailing list https://t.co/sTr2LHoDE1\n\ud83d\ude4f Support https://t.co/n0x07Per31", "pinned_tweet_id": "1925562168159744349"}, {"username": "Moonstone_game", "created_at": "2021-06-06T17:28:23.000Z", "name": "Moonstone Island - Physical Edition AVAILABLE NOW!", "location": "Steam, GOG, and Switch", "public_metrics": {"followers_count": 58937, "following_count": 987, "tweet_count": 7797, "listed_count": 316, "like_count": 26204, "media_count": 931}, "id": "1401591379889987586", "verified": false, "description": "A creature-collecting lifesim from Studio Supersoft & @rawfury | https://t.co/pHZhhDtYW5 | https://t.co/WoJKq2Tb2j", "pinned_tweet_id": "1854186730984714651"}, {"username": "beeple", "created_at": "2009-04-21T23:53:00.000Z", "name": "beeple", "public_metrics": {"followers_count": 829412, "following_count": 980, "tweet_count": 13364, "listed_count": 6373, "like_count": 1919, "media_count": 6455}, "id": "34097500", "verified": false, "description": "design shit. 18+ years of everydays*", "pinned_tweet_id": "1991538443307102278"}, {"username": "Snowden", "created_at": "2014-12-11T21:24:28.000Z", "name": "Edward Snowden", "public_metrics": {"followers_count": 5630410, "following_count": 1, "tweet_count": 9814, "listed_count": 22626, "like_count": 2122, "media_count": 680}, "id": "2916305152", "verified": false, "description": "I used to work for the government, but now I work for the public.", "pinned_tweet_id": "1338974576047480835"}, {"username": "NASAPersevere", "created_at": "2020-02-26T21:43:46.000Z", "name": "ARCHIVED - NASA's Perseverance Mars Rover", "location": "Jezero Crater, Mars", "public_metrics": {"followers_count": 2958241, "following_count": 39, "tweet_count": 1316, "listed_count": 7448, "like_count": 1876, "media_count": 645}, "id": "1232783237623119872", "verified": true, "description": "This account has been archived. Follow @NASAMars to get the latest updates on the Perseverance rover\u2019s mission.", "pinned_tweet_id": "1937212503139979754"}, {"username": "AnnieLester17", "created_at": "2020-10-26T17:10:58.000Z", "name": "Annie Lester", "public_metrics": {"followers_count": 36, "following_count": 80, "tweet_count": 260, "listed_count": 0, "like_count": 216, "media_count": 24}, "id": "1320774894519382016", "verified": false, "description": "i am annie and i love harry styles and my dog and other things too"}, {"username": "prestonjbyrne", "created_at": "2010-06-04T16:43:19.000Z", "name": "Preston Byrne", "location": "The Internet", "public_metrics": {"followers_count": 70732, "following_count": 4647, "tweet_count": 21151, "listed_count": 1876, "like_count": 29819, "media_count": 721}, "id": "151936663", "verified": false, "description": "Tech and free speech lawyer | Head of Legal & Compliance @arkham | Managing Partner @byrnestorm | Senior Fellow @ASI | live free or die", "pinned_tweet_id": "1997288649436893312"}, {"username": "_TomHoward", "created_at": "2012-04-09T06:15:42.000Z", "name": "Tom Howard", "location": "Network", "public_metrics": {"followers_count": 12635, "following_count": 4947, "tweet_count": 23483, "listed_count": 257, "like_count": 28204, "media_count": 1389}, "id": "548986652", "verified": false, "description": "Post-Sovereign Chief Biomaximizer", "pinned_tweet_id": "1973943386014142475"}, {"username": "maryyyprankster", "created_at": "2009-05-06T21:51:56.000Z", "name": "Mary Carre\u00f3n\u26a1\ufe0f", "location": "Los Angeles, CA", "public_metrics": {"followers_count": 2511, "following_count": 2114, "tweet_count": 6271, "listed_count": 59, "like_count": 25338, "media_count": 439}, "id": "38286063", "verified": false, "description": "Drogas journalist | Senior editor @DoubleBlindMag\nBylines: @KCRW, @Billboard, @thisisinsider +more. Member of @sejorg, @IRE_NICAR, @NAHJ \ud83c\uddf2\ud83c\uddfd\ud83c\udf44\ud83c\uddec\ud83c\uddf9"}, {"username": "pwang", "created_at": "2007-08-27T22:12:02.000Z", "name": "Peter Wang \ud83e\udd8b", "location": "Austin, tx", "public_metrics": {"followers_count": 47901, "following_count": 2406, "tweet_count": 39405, "listed_count": 1168, "like_count": 37688, "media_count": 1135}, "id": "8472272", "verified": false, "description": "Chief AI & Co-founder @AnacondaInc; invented @pyscript_dev, @PyData @Bokeh @Datashader. Former physicist. A student of the human condition. bsky: @wang.social", "pinned_tweet_id": "1693992979999154505"}, {"username": "t3ssel8r", "created_at": "2020-10-20T10:00:39.000Z", "name": "t3ssel8r", "public_metrics": {"followers_count": 13495, "following_count": 174, "tweet_count": 575, "listed_count": 141, "like_count": 474, "media_count": 118}, "id": "1318492233385926658", "verified": false, "description": "weekend gamedev/technical artist"}, {"username": "kmele", "created_at": "2008-11-10T21:51:53.000Z", "name": "Kmele \ud83d\udd90", "location": "Catchfools, USA", "public_metrics": {"followers_count": 133671, "following_count": 3191, "tweet_count": 26090, "listed_count": 983, "like_count": 10105, "media_count": 2586}, "id": "17296100", "verified": false, "description": "Articulate. Clean. Seditious Conspiracy @wethefifth Editor-at-Large @TangleNews Partner @freethinkmedia | @bigthink Board @theFIREorg @JoinFAI #MLIDAIDDS", "pinned_tweet_id": "1531992678270910465"}, {"username": "JonHaidt", "created_at": "2010-01-18T20:44:04.000Z", "name": "Jonathan Haidt", "location": "New York City", "public_metrics": {"followers_count": 451202, "following_count": 1759, "tweet_count": 3987, "listed_count": 4705, "like_count": 18194, "media_count": 563}, "id": "106204123", "verified": false, "description": "Social psychologist at NYU-Stern, working to roll back the phone-based childhood. Please visit https://t.co/ZjBuXdDr8I & \nhttps://t.co/7aVAmOTlnl"}, {"username": "chamath", "created_at": "2007-04-03T06:02:29.000Z", "name": "Chamath Palihapitiya", "location": "In the Arena", "public_metrics": {"followers_count": 1913174, "following_count": 1064, "tweet_count": 12091, "listed_count": 16861, "like_count": 16484, "media_count": 742}, "id": "3291691", "verified": false, "description": "God is in the details.", "pinned_tweet_id": "1945396654317736375"}, {"username": "lexfridman", "created_at": "2011-12-03T03:06:19.000Z", "name": "Lex Fridman", "location": "Austin and Boston", "public_metrics": {"followers_count": 4477758, "following_count": 631, "tweet_count": 3943, "listed_count": 12589, "like_count": 8156, "media_count": 1221}, "id": "427089628", "verified": false, "description": "Host of Lex Fridman Podcast.\nInterested in robots and humans.", "pinned_tweet_id": "1995215654777913542"}, {"username": "VitalikButerin", "created_at": "2011-05-08T16:03:03.000Z", "name": "vitalik.eth", "location": "Earth", "public_metrics": {"followers_count": 5861149, "following_count": 533, "tweet_count": 21389, "listed_count": 39204, "like_count": 10946, "media_count": 934}, "id": "295218901", "verified": false, "description": "I choose balance. First-level balance.\n\nmi pinxe lo crino tcati\n\nhttps://t.co/gCQrmCb0ih"}, {"username": "dccommonsense", "created_at": "2010-07-07T18:35:15.000Z", "name": "Dan Carlin", "public_metrics": {"followers_count": 131875, "following_count": 31, "tweet_count": 14644, "listed_count": 1311, "like_count": 15, "media_count": 30}, "id": "163971168", "verified": false, "description": "\"My wish is for an America that matches the marketing material\""}, {"username": "geraldstratfor3", "created_at": "2019-02-26T22:37:51.000Z", "name": "gerald stratford", "location": "Oxford, England", "public_metrics": {"followers_count": 267797, "following_count": 1519, "tweet_count": 5887, "listed_count": 302, "like_count": 41685, "media_count": 725}, "id": "1100525378043604992", "verified": false, "description": "Retired fisherman and Gardener heavy into growing big veg . buy my book Big Veg from Amazon, Waterstones, Blackwells, Hive, Foyles."}, {"username": "woonomic", "created_at": "2008-02-13T05:57:32.000Z", "name": "Willy Woo", "location": "Hong Kong", "public_metrics": {"followers_count": 1232483, "following_count": 304, "tweet_count": 12967, "listed_count": 16807, "like_count": 2321, "media_count": 2533}, "id": "13418472", "verified": false, "description": "I do numbers, mainly #Bitcoin related. I only post here, all other channels including Telegram are scams. Co-founder: @bitcoinvector and @crestfund", "pinned_tweet_id": "1970582596221575183"}, {"username": "simonsarris", "created_at": "2009-08-18T18:43:14.000Z", "name": "Simon Sarris", "location": "Amherst, NH", "public_metrics": {"followers_count": 85788, "following_count": 992, "tweet_count": 35385, "listed_count": 753, "like_count": 156528, "media_count": 6209}, "id": "66761201", "verified": false, "description": "\ud83d\udd6f In labouring to be concise, I become obscure.\n\ud83d\udd6f Alchemist, sacred things, making things\n\ud83d\udd6f The map is mostly water.\n\ud83c\udf1c I make GoJS: https://t.co/7yYIMFfAtd", "pinned_tweet_id": "1995239153152471494"}, {"username": "IliasHaddad3", "created_at": "2019-02-23T16:54:59.000Z", "name": "Ilias Haddad", "location": "Morocco", "public_metrics": {"followers_count": 2018, "following_count": 2143, "tweet_count": 3623, "listed_count": 22, "like_count": 16272, "media_count": 571}, "id": "1099351927559729153", "verified": false, "description": "Full Stack Developer \ud83d\udcbb | Shopify Partner developer \ud83d\udecd\ufe0f  | Host of @yallaletscode podcast \ud83c\udf99\ufe0f", "pinned_tweet_id": "1987823257287098567"}, {"username": "CALFIRECZU", "created_at": "2012-01-23T17:06:15.000Z", "name": "CAL FIRE CZU", "location": "Northern California", "public_metrics": {"followers_count": 56412, "following_count": 376, "tweet_count": 11019, "listed_count": 774, "like_count": 8926, "media_count": 2832}, "id": "472145673", "verified": true, "description": "CAL FIRE San Mateo - Santa Cruz Unit"}, {"username": "mtaibbi", "created_at": "2009-05-06T20:41:55.000Z", "name": "Matt Taibbi", "location": "New Jersey, USA", "public_metrics": {"followers_count": 2047506, "following_count": 3923, "tweet_count": 34042, "listed_count": 13464, "like_count": 1755, "media_count": 2983}, "id": "38271276", "verified": false, "description": "Author of INSANE CLOWN PRESIDENT, I CAN\u2019T BREATHE, SPANKING THE DONKEY, and SMELLS LIKE DEAD ELEPHANTS", "pinned_tweet_id": "1907884008454684798"}, {"username": "bariweiss", "created_at": "2011-04-28T21:03:26.000Z", "name": "Bari Weiss", "public_metrics": {"followers_count": 1116974, "following_count": 5537, "tweet_count": 18787, "listed_count": 6049, "like_count": 41348, "media_count": 543}, "id": "289548939", "verified": false, "description": "Editor-in-Chief @thefp and @CBSNews\nHost of @thehonestlypod\nFounder of @nelliebowles fan club", "pinned_tweet_id": "1975211300608188625"}, {"username": "EricRWeinstein", "created_at": "2009-04-19T06:50:34.000Z", "name": "Eric Weinstein", "location": "Argleton", "public_metrics": {"followers_count": 1077402, "following_count": 994, "tweet_count": 23913, "listed_count": 6462, "like_count": 37565, "media_count": 2238}, "id": "33152005", "verified": false, "description": "Interested in prebunked malinformation.", "pinned_tweet_id": "1929021614177345680"}, {"username": "coldxman", "created_at": "2009-11-08T01:04:24.000Z", "name": "Coleman Hughes", "location": "Manhattan, NY", "public_metrics": {"followers_count": 398439, "following_count": 998, "tweet_count": 3510, "listed_count": 1993, "like_count": 5071, "media_count": 634}, "id": "88315048", "verified": false, "description": "Conversations w/Coleman Podcast | Forbes 30 Under 30 | @theFP https://t.co/cwLQsfPK19 | Speaking Inquiries: jamie@centralparkspeakers.com", "pinned_tweet_id": "1754981487600951500"}, {"username": "OptimoPrincipi", "created_at": "2010-08-09T10:41:41.000Z", "name": "Gareth Harney", "location": "Swindon, Wiltshire", "public_metrics": {"followers_count": 140872, "following_count": 661, "tweet_count": 52472, "listed_count": 1314, "like_count": 67225, "media_count": 12132}, "id": "176372472", "verified": false, "description": "Historian and author celebrating the endless wonders of the classical world. My book 'Moneta: A History of Ancient Rome in Twelve Coins' is OUT NOW.", "pinned_tweet_id": "1930533113924329949"}, {"username": "ephtracy", "created_at": "2011-03-17T17:50:16.000Z", "name": "ephtracy", "public_metrics": {"followers_count": 32231, "following_count": 1294, "tweet_count": 10214, "listed_count": 491, "like_count": 25303, "media_count": 2059}, "id": "267862771", "verified": false, "description": "Computer Graphics :: Author of Software : #MagicaVoxel, #Aerialod, #MagicaCSG | sketch sometimes", "pinned_tweet_id": "1786674788607352929"}, {"username": "MadMaraca", "created_at": "2011-01-23T19:53:08.000Z", "name": "Mari", "public_metrics": {"followers_count": 133254, "following_count": 1190, "tweet_count": 17230, "listed_count": 1536, "like_count": 52952, "media_count": 1126}, "id": "242037033", "verified": false, "description": "Voxel Pusher | Cube Lover | World Builder", "pinned_tweet_id": "1613091285753294849"}, {"username": "jondavidchurch", "created_at": "2016-09-23T00:35:14.000Z", "name": "Jonathan Church, CFA", "location": "Virginia, USA", "public_metrics": {"followers_count": 4091, "following_count": 1194, "tweet_count": 9558, "listed_count": 36, "like_count": 6281, "media_count": 253}, "id": "779116878979600385", "verified": false, "description": "Economist & author. Cancer survivor (so far). Senior editor @merionwest.", "pinned_tweet_id": "1329571107825967104"}, {"username": "FireDispatchSC", "created_at": "2011-07-24T17:26:57.000Z", "name": "Santa Cruz Fire Disp", "location": "Santa Cruz County, CA", "public_metrics": {"followers_count": 11012, "following_count": 0, "tweet_count": 134532, "listed_count": 207, "like_count": 0, "media_count": 0}, "id": "341616085", "verified": false, "description": "Fire incidents for Santa Cruz County, CA."}, {"username": "saifedean", "created_at": "2008-12-30T04:21:14.000Z", "name": "Saifedean Ammous", "public_metrics": {"followers_count": 413118, "following_count": 1298, "tweet_count": 84533, "listed_count": 4782, "like_count": 137906, "media_count": 4705}, "id": "18469669", "verified": false, "description": "Author of The Bitcoin Standard, out in 39 languages, The Fiat Standard & Principles of Economics! Teaching Economics courses on https://t.co/srXwWrDOPt!", "pinned_tweet_id": "1948346778966687937"}, {"username": "IndieHackers", "created_at": "2016-07-22T03:16:13.000Z", "name": "Indie Hackers", "location": "We're everywhere", "public_metrics": {"followers_count": 143248, "following_count": 1200, "tweet_count": 15323, "listed_count": 1929, "like_count": 5894, "media_count": 2627}, "id": "756326958946922496", "verified": false, "description": "Work for yourself and make $10k/mo, from wherever, whenever \ud83e\udd1d\n\u2022 Subscribe: https://t.co/BuyZXNWzZC\n\u2022 Sponsor: https://t.co/3XH0Vfet1Q"}, {"username": "HardcoreHistory", "created_at": "2009-02-16T09:09:28.000Z", "name": "Dan Carlin", "location": "New Media", "public_metrics": {"followers_count": 432042, "following_count": 150, "tweet_count": 18056, "listed_count": 2646, "like_count": 26, "media_count": 133}, "id": "20972371", "verified": false, "description": "Dan Carlin's Hardcore History Twitter feed quote: Yes, I know the show is late... endquote"}, {"username": "HeatherEHeying", "created_at": "2017-06-01T17:01:50.000Z", "name": "Heather E Heying", "location": "Salish Sea", "public_metrics": {"followers_count": 245158, "following_count": 569, "tweet_count": 8875, "listed_count": 1511, "like_count": 16501, "media_count": 876}, "id": "870324519788879872", "verified": false, "description": "Evolutionary biologist. Seeker & communicator of truths (DarkHorse podcast, Natural Selections on Substack). Spends time in the Amazon. Rhymes w flying.", "pinned_tweet_id": "910305425269989377"}, {"username": "BretWeinstein", "created_at": "2009-09-30T19:10:22.000Z", "name": "Bret Weinstein", "location": "Washington State, USA", "public_metrics": {"followers_count": 1190220, "following_count": 1028, "tweet_count": 16710, "listed_count": 5432, "like_count": 16378, "media_count": 996}, "id": "78683448", "verified": false, "description": "DarkHorse. Prof in Exile. Trade-Offs. Telomeres, senescence & cancer. Reluctant Radical. Game~B, Brownstone Fellow. Emojis imply irony. Opinions, not my own \ud83e\udd14", "pinned_tweet_id": "1965883192768082257"}, {"username": "realDonaldTrump", "created_at": "2009-03-18T13:46:38.000Z", "name": "Donald J. Trump", "public_metrics": {"followers_count": 108573506, "following_count": 53, "tweet_count": 59817, "listed_count": 128818, "like_count": 0, "media_count": 5379}, "id": "25073877", "verified": true, "description": "45th & 47th President of the United States of America\ud83c\uddfa\ud83c\uddf8"}, {"username": "Bitcoin", "created_at": "2011-08-18T05:06:08.000Z", "name": "Bitcoin", "location": "Worldwide", "public_metrics": {"followers_count": 8140784, "following_count": 13, "tweet_count": 29592, "listed_count": 22933, "like_count": 2786, "media_count": 4208}, "id": "357312062", "verified": false, "description": "Bitcoin is an open source censorship-resistant peer-to-peer immutable network. Trackable digital gold. Don't trust; verify. Not your keys; not your coins.", "pinned_tweet_id": "1283491850641461248"}, {"username": "elonmusk", "created_at": "2009-06-02T20:12:29.000Z", "name": "Elon Musk", "public_metrics": {"followers_count": 229426457, "following_count": 1240, "tweet_count": 90684, "listed_count": 165492, "like_count": 187917, "media_count": 4256}, "id": "44196397", "verified": false, "description": "", "pinned_tweet_id": "1997453175230738562"}, {"username": "Sailing_LaVaga", "created_at": "2016-03-11T04:24:37.000Z", "name": "Riley Whitelum", "public_metrics": {"followers_count": 32063, "following_count": 277, "tweet_count": 2795, "listed_count": 158, "like_count": 2642, "media_count": 919}, "id": "708146584425332736", "verified": false, "description": "Sailing around the world and documenting our experiences at https://t.co/S5ZQPr2y7P, #YouTube Channel: https://t.co/qpJGMdceLf"}], "meta": {"result_count": 115}}