{"data": [{"username": "yutori_ai", "id": "1799975418696765440", "location": "San Francisco, CA", "pinned_tweet_id": "1991673227446481133", "name": "Yutori", "verified": true, "created_at": "2024-06-10T01:25:02.000Z", "public_metrics": {"followers_count": 4940, "following_count": 14, "tweet_count": 123, "listed_count": 57, "like_count": 66, "media_count": 15}, "description": "Join the waitlist for Scouts: https://t.co/Na4zrcHY0Y"}, {"username": "theworldlabs", "id": "1741642915871600640", "location": "San Francisco, CA", "pinned_tweet_id": "1988653082872631738", "name": "World Labs", "verified": true, "created_at": "2024-01-01T02:10:27.000Z", "public_metrics": {"followers_count": 45997, "following_count": 44, "tweet_count": 163, "listed_count": 488, "like_count": 309, "media_count": 26}, "description": "World Labs is a spatial intelligence company, building frontier models that can perceive, generate, and interact with the 3D world."}, {"username": "Aquahugs", "id": "1259646987093176320", "location": "San Francisco ", "name": "jordan", "verified": false, "created_at": "2020-05-11T00:50:29.000Z", "public_metrics": {"followers_count": 399, "following_count": 339, "tweet_count": 922, "listed_count": 7, "like_count": 6845, "media_count": 124}, "description": "ceo @Vizcom_Ai // teaching computers to think with their hands."}, {"username": "EmeraldAi_", "id": "1929551496799997952", "name": "Emerald AI", "verified": false, "created_at": "2025-06-02T14:51:51.000Z", "public_metrics": {"followers_count": 302, "following_count": 10, "tweet_count": 42, "listed_count": 13, "like_count": 18, "media_count": 11}, "description": "Intelligence to transform energy-intensive AI data centers into AI-powered grid allies"}, {"username": "DynamicWebPaige", "id": "18104734", "location": "179\u00b056\u203239.4\u2033, +0\u00b02\u203246.2\u2033 8k pc", "pinned_tweet_id": "1820091906069799417", "name": "\ud83d\udc69\u200d\ud83d\udcbb Paige Bailey", "verified": false, "created_at": "2008-12-13T20:54:27.000Z", "public_metrics": {"followers_count": 71040, "following_count": 1870, "tweet_count": 68276, "listed_count": 1476, "like_count": 108794, "media_count": 14206}, "description": "\u2728 AI should be about empowering humans, building understanding, and making dreams realities. \ud83d\udc69\u200d\ud83d\udcbb DevX Eng. Lead @GoogleDeepMind ex-@GitHub || views = my own!"}, {"username": "ribbonai_", "id": "1568006478971404288", "location": "Start today", "pinned_tweet_id": "1907098576515146205", "name": "Ribbon", "verified": false, "created_at": "2022-09-08T22:41:01.000Z", "public_metrics": {"followers_count": 165, "following_count": 3, "tweet_count": 164, "listed_count": 4, "like_count": 99, "media_count": 49}, "description": "The #1 AI recruiter. Interview candidates 24/7."}, {"username": "jefrankle", "id": "2239670346", "pinned_tweet_id": "1881448664213970950", "name": "Jonathan Frankle", "verified": false, "created_at": "2013-12-10T19:35:42.000Z", "public_metrics": {"followers_count": 21151, "following_count": 751, "tweet_count": 3757, "listed_count": 300, "like_count": 7925, "media_count": 277}, "description": "Chief AI Scientist @databricks via MosaicML."}, {"username": "deedydas", "id": "361044311", "location": "San Francisco", "pinned_tweet_id": "1813598830182707261", "name": "Deedy", "verified": false, "created_at": "2011-08-24T04:46:48.000Z", "public_metrics": {"followers_count": 221026, "following_count": 5461, "tweet_count": 15728, "listed_count": 1935, "like_count": 51649, "media_count": 2700}, "description": "Partner @MenloVentures. Formerly founding team @glean, @Google Search. @Cornell CS. Tweets about tech, immigration, India, fitness and search."}, {"username": "may_habib", "id": "17542147", "location": "San Francisco, CA", "pinned_tweet_id": "1262321353094426625", "name": "May Habib", "verified": false, "created_at": "2008-11-21T18:25:08.000Z", "public_metrics": {"followers_count": 3644, "following_count": 2443, "tweet_count": 342, "listed_count": 112, "like_count": 1038, "media_count": 14}, "description": "CEO of Writer (@Get_Writer), the only full-stack generative AI platform built for the enterprise."}, {"username": "Latent_Labs", "id": "1668719037537304576", "location": "London & San Francisco", "pinned_tweet_id": "1947537622467023115", "name": "Latent Labs", "verified": false, "created_at": "2023-06-13T20:36:57.000Z", "public_metrics": {"followers_count": 958, "following_count": 3, "tweet_count": 61, "listed_count": 16, "like_count": 12, "media_count": 14}, "description": "Frontier models for all molecules of life"}, {"username": "juleszqiu", "id": "1654603020192333827", "location": "San Francisco", "name": "Jules", "verified": false, "created_at": "2023-05-05T21:45:04.000Z", "public_metrics": {"followers_count": 92, "following_count": 42, "tweet_count": 4, "listed_count": 1, "like_count": 2, "media_count": 1}, "description": "@radicalvcfund, @HarvardMath \u2229 @Harvard_History"}, {"username": "UCR_robotics", "id": "1837345610078507008", "name": "UCR", "verified": false, "created_at": "2024-09-21T04:18:34.000Z", "public_metrics": {"followers_count": 353, "following_count": 48, "tweet_count": 42, "listed_count": 14, "like_count": 13, "media_count": 16}, "description": ""}, {"username": "physical_int", "id": "1767285662087348224", "location": "San Francisco, CA", "name": "Physical Intelligence", "verified": true, "created_at": "2024-03-11T20:25:24.000Z", "public_metrics": {"followers_count": 29905, "following_count": 30, "tweet_count": 70, "listed_count": 352, "like_count": 48, "media_count": 45}, "description": "Physical Intelligence (Pi), bringing AI into the physical world."}, {"username": "shosquared", "id": "1550462110664097793", "name": "Sho Sho", "verified": false, "created_at": "2022-07-22T12:46:01.000Z", "public_metrics": {"followers_count": 549, "following_count": 323, "tweet_count": 428, "listed_count": 3, "like_count": 400, "media_count": 42}, "description": "\ud83e\udddf\u200d\u2640\ufe0f"}, {"username": "ebtomy", "id": "1347342026891685890", "name": "Ebin Tomy", "verified": false, "created_at": "2021-01-08T00:39:12.000Z", "public_metrics": {"followers_count": 61, "following_count": 310, "tweet_count": 11, "listed_count": 0, "like_count": 104, "media_count": 1}, "description": ""}, {"username": "RekaAILabs", "id": "1538776922334937088", "location": "San Francisco Bay Area", "pinned_tweet_id": "1943368777741337056", "name": "Reka", "verified": true, "created_at": "2022-06-20T06:53:28.000Z", "public_metrics": {"followers_count": 17599, "following_count": 21, "tweet_count": 230, "listed_count": 246, "like_count": 586, "media_count": 48}, "description": "An AI research and product company \ud83e\udee0. We are a team of scientists and engineers building state-of-the-art multimodal models \ud83d\ude3b"}, {"username": "frankdonaldwood", "id": "182817824", "location": "Vancouver, British Columbia", "name": "Frank Wood", "verified": false, "created_at": "2010-08-25T13:32:43.000Z", "public_metrics": {"followers_count": 1923, "following_count": 171, "tweet_count": 106, "listed_count": 29, "like_count": 22, "media_count": 22}, "description": "Entrepreneur turned academic turned entrepreneur. Professor, University of British Columbia and CIFAR AI Chair AMII."}, {"username": "HarryStebbings", "id": "3253629143", "location": "London, England", "pinned_tweet_id": "1846188870452367543", "name": "Harry Stebbings", "verified": false, "created_at": "2015-05-14T11:36:22.000Z", "public_metrics": {"followers_count": 310374, "following_count": 359, "tweet_count": 32333, "listed_count": 2794, "like_count": 114000, "media_count": 6114}, "description": "\ud83c\udfa4 @twentyminutevc, \ud83c\udfe6 @20vcfund, @projecteurope_\ud83d\ude07 @perplexity_ai @linear @fyxerai @cognition @lovable_dev @airwallex @mercor_ai @getcaptionsapp"}, {"username": "OrbitalHardware", "id": "1760392653802176513", "location": "US & UK", "pinned_tweet_id": "1995549572861448457", "name": "Orbital", "verified": false, "created_at": "2024-02-21T19:55:29.000Z", "public_metrics": {"followers_count": 801, "following_count": 28, "tweet_count": 199, "listed_count": 10, "like_count": 61, "media_count": 118}, "description": "We use AI to design new materials, then put these into products for advanced industries, starting with data centers."}, {"username": "twelve_labs", "id": "1490830210219970560", "location": "San Francisco", "name": "TwelveLabs (twelvelabs.io)", "verified": true, "created_at": "2022-02-07T23:30:46.000Z", "public_metrics": {"followers_count": 2940, "following_count": 222, "tweet_count": 2186, "listed_count": 48, "like_count": 2645, "media_count": 955}, "description": "\ud83c\udfa5 Building multimodal foundation models for video understanding: https://t.co/iKo4kmNv6p\n\ud83d\udc49 Join our community: https://t.co/1b53LYUCBc"}, {"username": "molwelch", "id": "318761388", "location": "San Francisco,CA", "pinned_tweet_id": "104364020244561922", "name": "Molly Welch", "verified": false, "created_at": "2011-06-17T00:47:33.000Z", "public_metrics": {"followers_count": 1207, "following_count": 1296, "tweet_count": 353, "listed_count": 19, "like_count": 5487, "media_count": 20}, "description": "AI VC @radicalvcfund\n\nbefore: @googleAI, @stanford, @harvardHBS & @kennedy_school"}, {"username": "StanfordHAI", "id": "1067218780806307841", "location": "Stanford, CA", "pinned_tweet_id": "1984350245279470009", "name": "Stanford HAI", "verified": false, "created_at": "2018-11-27T00:49:20.000Z", "public_metrics": {"followers_count": 101030, "following_count": 606, "tweet_count": 6145, "listed_count": 2519, "like_count": 1429, "media_count": 1515}, "description": "The official account of the @Stanford Institute for Human-Centered AI, advancing AI research, education, policy, and practice to improve the human condition."}, {"username": "parasvil", "id": "38579588", "location": "Toronto, ON", "name": "Parasvil Patel", "verified": false, "created_at": "2009-05-08T02:00:52.000Z", "public_metrics": {"followers_count": 311, "following_count": 288, "tweet_count": 104, "listed_count": 5, "like_count": 118, "media_count": 1}, "description": "Partner at @radicalvcfund | Early-Stage AI Startups"}, {"username": "ml_collective", "id": "1254910635906789378", "pinned_tweet_id": "1812979219636662736", "name": "ML Collective", "verified": false, "created_at": "2020-04-27T23:09:55.000Z", "public_metrics": {"followers_count": 14555, "following_count": 42, "tweet_count": 825, "listed_count": 202, "like_count": 280, "media_count": 179}, "description": "We are an independent nonprofit organization that believes collaboration opportunities and research training should be openly accessible and free."}, {"username": "miramurati", "id": "180115578", "location": "San Francisco, CA", "name": "Mira Murati", "verified": false, "created_at": "2010-08-18T21:43:38.000Z", "public_metrics": {"followers_count": 383471, "following_count": 589, "tweet_count": 327, "listed_count": 3172, "like_count": 1907, "media_count": 6}, "description": "Now building @thinkymachines. Previously CTO @OpenAI"}, {"username": "UnlearnAI", "id": "851928932169285632", "location": "San Francisco, CA", "pinned_tweet_id": "1699929975519060133", "name": "Unlearn.AI", "verified": false, "created_at": "2017-04-11T22:44:20.000Z", "public_metrics": {"followers_count": 2139, "following_count": 864, "tweet_count": 1218, "listed_count": 65, "like_count": 1101, "media_count": 491}, "description": "Advancing AI to eliminate trial and error in medicine.\nRead our blog: https://t.co/u8pjH5CWXk"}, {"username": "JayAlammar", "id": "1245260977626587136", "pinned_tweet_id": "1887189786672202233", "name": "Jay Alammar", "verified": false, "created_at": "2020-04-01T08:05:51.000Z", "public_metrics": {"followers_count": 47588, "following_count": 1352, "tweet_count": 2084, "listed_count": 760, "like_count": 3270, "media_count": 528}, "description": "Machine Learning Researcher and writer https://t.co/5GlbofAHs0. O'Reilly Author https://t.co/Fl3uPAZHLg. LLM Builder @Cohere."}, {"username": "onucharlesc", "id": "161399566", "location": "Montr\u00e9al", "name": "Charles C Onu", "verified": false, "created_at": "2010-06-30T19:10:14.000Z", "public_metrics": {"followers_count": 1560, "following_count": 319, "tweet_count": 681, "listed_count": 27, "like_count": 917, "media_count": 85}, "description": "CEO/Cofounder @ubenwa_ai. Developing voice AI for healthcare organizations"}, {"username": "mo_norouzi", "id": "1067925193249759233", "pinned_tweet_id": "1826689298181116310", "name": "Mohammad Norouzi", "verified": false, "created_at": "2018-11-28T23:36:21.000Z", "public_metrics": {"followers_count": 9341, "following_count": 270, "tweet_count": 708, "listed_count": 133, "like_count": 1945, "media_count": 132}, "description": "co-founder and ceo @ideogram_ai"}, {"username": "nickfrosst", "id": "560473379", "location": "Toronto, Ontario", "name": "Nick Frosst", "verified": false, "created_at": "2012-04-22T17:57:16.000Z", "public_metrics": {"followers_count": 16201, "following_count": 876, "tweet_count": 2076, "listed_count": 264, "like_count": 12321, "media_count": 281}, "description": "cofounder @cohere - singer @goodkidband"}, {"username": "sarahbartnicka", "id": "26116189", "location": "Toronto, Ontario", "pinned_tweet_id": "1642940822768304152", "name": "Sarah Bartnicka", "verified": false, "created_at": "2009-03-23T23:10:06.000Z", "public_metrics": {"followers_count": 899, "following_count": 284, "tweet_count": 1088, "listed_count": 8, "like_count": 12498, "media_count": 33}, "description": "Interested in everything. I write Milk Bag, a business newsletter. Formerly the founding editor at The Peak, Canada\u2019s most-read daily business newsletter."}, {"username": "Fathian_Ramin", "id": "1186710502728011776", "location": "Edmonton, Canada", "name": "Ramin Fathian", "verified": false, "created_at": "2019-10-22T18:27:05.000Z", "public_metrics": {"followers_count": 151, "following_count": 807, "tweet_count": 107, "listed_count": 2, "like_count": 785, "media_count": 3}, "description": "Applied AI Intern Vector Institute (@VectorInst), PhD Student @UAlberta #UAlberta Biomechanics, AI, Biosensors, Wearables"}, {"username": "NeurIPSConf", "id": "138840988", "name": "NeurIPS Conference", "verified": false, "created_at": "2010-04-30T19:21:52.000Z", "public_metrics": {"followers_count": 146328, "following_count": 39, "tweet_count": 668, "listed_count": 1785, "like_count": 8, "media_count": 113}, "description": "San Diego Dec 2-7, 25 and Mexico City Nov 30-Dec 5, 25. Tweets to this account are not monitored. Please send feedback to townhall@neurips.cc."}, {"username": "berkeley_ai", "id": "891077171673931776", "location": "Berkeley, CA", "name": "Berkeley AI Research", "verified": false, "created_at": "2017-07-28T23:25:27.000Z", "public_metrics": {"followers_count": 237207, "following_count": 399, "tweet_count": 1242, "listed_count": 3488, "like_count": 399, "media_count": 41}, "description": "We're graduate students, postdocs, faculty and scientists at the cutting edge of artificial intelligence research."}, {"username": "Kseniase_", "id": "407042876", "location": "Join over 95,000 readers at", "name": "Ksenia Se", "verified": false, "created_at": "2011-11-07T15:14:16.000Z", "public_metrics": {"followers_count": 4318, "following_count": 1602, "tweet_count": 3479, "listed_count": 125, "like_count": 2367, "media_count": 819}, "description": "Independent AI Interpreter (+founder @TheTuringPost + writer and researcher of @T2_Diplomacy + amateur YouTuber + mom to 5 kids + phenomenal procrastinator)"}, {"username": "thesullivan", "id": "17360802", "location": "San Francisco", "name": "\u2726Mr. Sullivan", "verified": false, "created_at": "2008-11-13T07:49:48.000Z", "public_metrics": {"followers_count": 4729, "following_count": 485, "tweet_count": 6170, "listed_count": 273, "like_count": 1105, "media_count": 422}, "description": "Tips/confessions: Signal: thesullivan.25 Now go in peace."}, {"username": "SilverJacket", "id": "25496809", "location": "NYC", "pinned_tweet_id": "1658554705709002754", "name": "Matthew Hutson", "verified": false, "created_at": "2009-03-20T12:42:14.000Z", "public_metrics": {"followers_count": 4587, "following_count": 486, "tweet_count": 1956, "listed_count": 200, "like_count": 4802, "media_count": 142}, "description": "Freelance science writer for The New Yorker, Science, Nature, etc. Fire dancer. Into cognition\u2014animal and mineral (aka psych & AI)."}, {"username": "goodfellow_ian", "id": "775449094739197953", "location": "San Francisco, CA", "pinned_tweet_id": "1930710747186696403", "name": "Ian Goodfellow", "verified": false, "created_at": "2016-09-12T21:40:46.000Z", "public_metrics": {"followers_count": 355179, "following_count": 1362, "tweet_count": 2986, "listed_count": 6156, "like_count": 9290, "media_count": 145}, "description": "DeepMind Research Scientist. Opinions my own. Inventor of GANs. Lead author of https://t.co/M6vl8pEQ4I Founding chairman of @pubhealthaction"}, {"username": "lexfridman", "id": "427089628", "location": "Austin and Boston", "pinned_tweet_id": "1995215654777913542", "name": "Lex Fridman", "verified": false, "created_at": "2011-12-03T03:06:19.000Z", "public_metrics": {"followers_count": 4477769, "following_count": 631, "tweet_count": 3943, "listed_count": 12589, "like_count": 8156, "media_count": 1221}, "description": "Host of Lex Fridman Podcast.\nInterested in robots and humans."}, {"username": "MuonSpace", "id": "1421148394521698309", "location": "Mountain View, CA", "name": "Muon Space", "verified": false, "created_at": "2021-07-30T16:39:26.000Z", "public_metrics": {"followers_count": 1404, "following_count": 20, "tweet_count": 246, "listed_count": 34, "like_count": 147, "media_count": 134}, "description": "Constellations for a safe and resilient world"}, {"username": "timhwang", "id": "14903327", "pinned_tweet_id": "1995959495655391746", "name": "Tim Hwang", "verified": false, "created_at": "2008-05-26T00:34:36.000Z", "public_metrics": {"followers_count": 20292, "following_count": 1380, "tweet_count": 20069, "listed_count": 574, "like_count": 18474, "media_count": 2430}, "description": "high politics, secret exploration, distant warfare / editor: @defensecharts"}, {"username": "ubenwa_ai", "id": "905191778269241344", "location": "Montreal, QC ", "name": "Ubenwa Health", "verified": false, "created_at": "2017-09-05T22:11:52.000Z", "public_metrics": {"followers_count": 672, "following_count": 46, "tweet_count": 566, "listed_count": 22, "like_count": 954, "media_count": 228}, "description": "Voice AI for Healthcare. Creators of Nanni AI and Roseline AI.   Download NanniAI\ud83d\udc47\ud83d\udc47"}, {"username": "JanelleCShane", "id": "2460047754", "location": "Boulder, CO", "pinned_tweet_id": "1374371202807037954", "name": "Janelle Shane", "verified": false, "created_at": "2014-04-23T17:53:28.000Z", "public_metrics": {"followers_count": 37205, "following_count": 928, "tweet_count": 19088, "listed_count": 781, "like_count": 15076, "media_count": 3689}, "description": "I write https://t.co/WNB8L0jc17. My book \"You Look Like a Thing and I Love You\" is out now! Research Scientist in optics. she/her. https://t.co/cC9JEun7YH"}, {"username": "aidangomez", "id": "610552974", "location": "London and Toronto", "pinned_tweet_id": "1953081590508101679", "name": "Aidan Gomez", "verified": false, "created_at": "2012-06-17T03:27:37.000Z", "public_metrics": {"followers_count": 33098, "following_count": 656, "tweet_count": 2931, "listed_count": 668, "like_count": 21709, "media_count": 260}, "description": "@cohere"}, {"username": "Cohere_Labs", "id": "1113492634021048320", "location": "Earth", "pinned_tweet_id": "1589989317191299072", "name": "Cohere Labs", "verified": false, "created_at": "2019-04-03T17:25:06.000Z", "public_metrics": {"followers_count": 24817, "following_count": 252, "tweet_count": 4970, "listed_count": 406, "like_count": 3209, "media_count": 1800}, "description": "@Cohere's research lab and open science initiative that seeks to solve complex machine learning problems. Join us in exploring the unknown, together."}, {"username": "sarahookr", "id": "731538535795163136", "location": "San Francisco", "pinned_tweet_id": "1975581548121628920", "name": "Sara Hooker", "verified": false, "created_at": "2016-05-14T17:35:53.000Z", "public_metrics": {"followers_count": 53169, "following_count": 9728, "tweet_count": 9994, "listed_count": 867, "like_count": 32216, "media_count": 1137}, "description": "Adaptive Intelligence. Built @Cohere_Labs, @GoogleBrain, @GoogleDeepmind. ML Efficiency, Multimodal\\lingual. Changing spaces where breakthroughs happen."}, {"username": "YLikomanova", "id": "738793685060489217", "location": "Los Angeles", "name": "Yvonne Likomanova", "verified": false, "created_at": "2016-06-03T18:05:15.000Z", "public_metrics": {"followers_count": 60, "following_count": 109, "tweet_count": 59, "listed_count": 0, "like_count": 225, "media_count": 2}, "description": "Senior Director of Talent @radicalvcfund | Passionate about \u2615\ufe0f & AI for good \ud83c\udf31"}, {"username": "youdotcom", "id": "1392273891322523649", "pinned_tweet_id": "1963264728417140776", "name": "You.com", "verified": true, "created_at": "2021-05-12T00:22:37.000Z", "public_metrics": {"followers_count": 23984, "following_count": 731, "tweet_count": 3522, "listed_count": 343, "like_count": 3628, "media_count": 1029}, "description": "AI for productivity."}, {"username": "Signal1_AI", "id": "1517540742708830208", "location": "Toronto, Canada", "name": "Signal 1", "verified": false, "created_at": "2022-04-22T16:29:39.000Z", "public_metrics": {"followers_count": 180, "following_count": 23, "tweet_count": 94, "listed_count": 6, "like_count": 55, "media_count": 37}, "description": "Transforming hospital care with AI. Clinically Validated. Responsibly deployed."}, {"username": "guptah21", "id": "1271876276962263041", "location": "San Francisco, US", "pinned_tweet_id": "1591059311568257024", "name": "Himanshu Gupta", "verified": false, "created_at": "2020-06-13T18:45:16.000Z", "public_metrics": {"followers_count": 415, "following_count": 240, "tweet_count": 307, "listed_count": 9, "like_count": 181, "media_count": 39}, "description": "CEO @ClimateAi | Ex-Office of Al Gore |@YGLVoices WEF @Forbesunder30 \n@StanfordGSB @StanfordEarth @IITkharagpur| @Nitiayog"}, {"username": "harrisona007", "id": "848094546", "location": "Menlo Park, CA", "name": "Andrew Harrison", "verified": false, "created_at": "2012-09-26T20:49:42.000Z", "public_metrics": {"followers_count": 109, "following_count": 172, "tweet_count": 141, "listed_count": 2, "like_count": 476, "media_count": 1}, "description": ""}, {"username": "therobotbrains", "id": "1321466364645748736", "location": "California, USA ", "pinned_tweet_id": "1636028788315410433", "name": "The Robot Brains Podcast", "verified": false, "created_at": "2020-10-28T14:58:47.000Z", "public_metrics": {"followers_count": 3464, "following_count": 443, "tweet_count": 497, "listed_count": 65, "like_count": 1124, "media_count": 135}, "description": "Host @pabbeel studies how far humanity has come to create conscious computers, mindful machines, & rational robots. S1 & S2 out. S3 in the works."}, {"username": "birch_ai", "id": "1295456809184985088", "location": "Seattle, WA", "name": "Birch.ai", "verified": false, "created_at": "2020-08-17T20:26:06.000Z", "public_metrics": {"followers_count": 102, "following_count": 81, "tweet_count": 57, "listed_count": 4, "like_count": 64, "media_count": 26}, "description": "Automating call centers / Reducing Average Handle Time up to 35%\n#CallCenter #NLP #AI #Automation #GenerativeAI  #Healthcare"}, {"username": "eringriffith", "id": "16261707", "location": "San Francisco, CA", "name": "erin griffith", "verified": false, "created_at": "2008-09-12T19:10:31.000Z", "public_metrics": {"followers_count": 73654, "following_count": 1391, "tweet_count": 26643, "listed_count": 2101, "like_count": 27979, "media_count": 840}, "description": "New York Times reporter // Startups and VC \n\n\ud83e\udd84 Writing a book about the startups in the ZIRP era\ud83e\udd84"}, {"username": "PaigeDickie", "id": "1392169112", "location": "Toronto, Ontario", "name": "Paige", "verified": false, "created_at": "2013-04-30T14:12:25.000Z", "public_metrics": {"followers_count": 64, "following_count": 75, "tweet_count": 38, "listed_count": 0, "like_count": 90, "media_count": 17}, "description": ""}, {"username": "avicgoldfarb", "id": "1469906371", "location": "Toronto, Ontario", "name": "Avi Goldfarb", "verified": false, "created_at": "2013-05-30T14:36:42.000Z", "public_metrics": {"followers_count": 9397, "following_count": 1766, "tweet_count": 3591, "listed_count": 213, "like_count": 21326, "media_count": 27}, "description": "Professor at Rotman, University of Toronto. Author, Prediction Machines, Power and Prediction."}, {"username": "ceobillionaire", "id": "176540776", "location": "Montr\u00e9al, Qu\u00e9bec", "pinned_tweet_id": "1987305147232305374", "name": "AGI.Eth", "verified": false, "created_at": "2010-08-09T20:29:17.000Z", "public_metrics": {"followers_count": 149467, "following_count": 5139, "tweet_count": 256886, "listed_count": 1410, "like_count": 300062, "media_count": 13709}, "description": "Vincent Boucher, President of @Montreal_AI #MontrealAI | B. Sc. Physics, M. A. Govt. Policy Analysis and M. Sc. Aerospace Engineering | $AGI by AGI.Eth #AGI"}, {"username": "ApurvSuman", "id": "1338153053011243010", "name": "Apurv Suman", "verified": false, "created_at": "2020-12-13T16:07:04.000Z", "public_metrics": {"followers_count": 45, "following_count": 286, "tweet_count": 47, "listed_count": 0, "like_count": 171, "media_count": 1}, "description": "AI, Product, and Startups"}, {"username": "_RobToews", "id": "848117533", "location": "San Francisco Bay Area, CA", "name": "Rob Toews", "verified": false, "created_at": "2012-09-26T20:57:31.000Z", "public_metrics": {"followers_count": 4842, "following_count": 822, "tweet_count": 1263, "listed_count": 111, "like_count": 4503, "media_count": 24}, "description": "Partner @RadicalVCFund, AI columnist @Forbes. \"the machine does not isolate man from the great problems of nature but plunges him more deeply into them.\""}, {"username": "CovariantAI", "id": "1060953957248290821", "location": "Berkeley, CA", "name": "Covariant", "verified": false, "created_at": "2018-11-09T17:55:09.000Z", "public_metrics": {"followers_count": 11586, "following_count": 162, "tweet_count": 684, "listed_count": 283, "like_count": 964, "media_count": 317}, "description": "Empowering robots to see, think, and act."}, {"username": "LandisTeam", "id": "920004740179783680", "location": "New York, NY", "name": "Landis", "verified": false, "created_at": "2017-10-16T19:13:17.000Z", "public_metrics": {"followers_count": 367, "following_count": 23, "tweet_count": 71, "listed_count": 8, "like_count": 9, "media_count": 51}, "description": "Landis helps renters become homeowners."}, {"username": "fp_coalition", "id": "1136758703380619264", "pinned_tweet_id": "1544720593295052800", "name": "FootPrint Coalition", "verified": false, "created_at": "2019-06-06T22:16:09.000Z", "public_metrics": {"followers_count": 47970, "following_count": 36, "tweet_count": 875, "listed_count": 94, "like_count": 349, "media_count": 464}, "description": "Welcome to @RobertDowneyJr\u2019s #FootPrintCoalition, let\u2019s clean up the planet!\ud83c\udf0e | IG: @ officialfootprintcoalition"}, {"username": "climateai", "id": "996519958954704897", "location": "San Francisco, CA", "name": "ClimateAi", "verified": false, "created_at": "2018-05-15T22:37:27.000Z", "public_metrics": {"followers_count": 1790, "following_count": 193, "tweet_count": 372, "listed_count": 41, "like_count": 244, "media_count": 68}, "description": "Accelerating climate resilience in food, water, and energy"}, {"username": "TMLS_TO", "id": "897814006269960193", "location": "Toronto, Ontario", "pinned_tweet_id": "1798791570327572795", "name": "Toronto Machine Learning Society (TMLS)", "verified": false, "created_at": "2017-08-16T13:35:14.000Z", "public_metrics": {"followers_count": 4835, "following_count": 2272, "tweet_count": 2112, "listed_count": 91, "like_count": 2674, "media_count": 682}, "description": "Community of practitioners working to promote and encourage the adoption of successful ML projects. Organizers of TMLS in June, and @MLOpsWorld  Oct, Austin TX."}, {"username": "AlisonGopnik", "id": "379368747", "location": "Berkeley", "pinned_tweet_id": "1834682539098989052", "name": "Alison Gopnik", "verified": false, "created_at": "2011-09-24T20:54:37.000Z", "public_metrics": {"followers_count": 18866, "following_count": 34, "tweet_count": 1841, "listed_count": 422, "like_count": 71, "media_count": 51}, "description": "Cognitive scientist, psychologist, philosopher, author of Scientist in the Crib, Philosophical Baby, The Gardener & The Carpenter, WSJ Mind And Matter columnist"}, {"username": "RaquelUrtasun", "id": "1258769409235091457", "location": "Toronto, Ontario, Canada", "pinned_tweet_id": "1945136935045095824", "name": "Raquel Urtasun", "verified": false, "created_at": "2020-05-08T14:44:09.000Z", "public_metrics": {"followers_count": 12626, "following_count": 282, "tweet_count": 181, "listed_count": 192, "like_count": 435, "media_count": 26}, "description": "Founder & CEO @Waabi_ai\nProfessor at @UofT\nCo-Founder @VectorInst"}, {"username": "Waabi_ai", "id": "1395480706202181635", "location": "Toronto", "name": "Waabi", "verified": false, "created_at": "2021-05-20T20:45:18.000Z", "public_metrics": {"followers_count": 3972, "following_count": 44, "tweet_count": 280, "listed_count": 69, "like_count": 192, "media_count": 86}, "description": "Built to think. Born to haul."}, {"username": "othervalleys", "id": "706299419252137984", "location": "London, England", "pinned_tweet_id": "814167830090354688", "name": "Other Valleys", "verified": false, "created_at": "2016-03-06T02:04:38.000Z", "public_metrics": {"followers_count": 397, "following_count": 146, "tweet_count": 248, "listed_count": 25, "like_count": 17, "media_count": 8}, "description": "Technology and media news & work from the emerging markets, a project by @anjali28. Email tips to anjali@othervalleys.net"}, {"username": "lumetoxr", "id": "1326909428369682434", "location": "Toronto", "name": "Lumeto", "verified": false, "created_at": "2020-11-12T15:27:21.000Z", "public_metrics": {"followers_count": 147, "following_count": 92, "tweet_count": 378, "listed_count": 5, "like_count": 123, "media_count": 317}, "description": "The Future Of Learning Is Immersive"}, {"username": "ronbodkin", "id": "18084072", "location": "San Francisco Bay Area", "name": "Ron Bodkin", "verified": false, "created_at": "2008-12-12T19:49:02.000Z", "public_metrics": {"followers_count": 10594, "following_count": 925, "tweet_count": 2219, "listed_count": 206, "like_count": 6503, "media_count": 114}, "description": "Founder and CEO of @TheoriqAI providing a foundation for safe, reliable collaborating AI agents."}, {"username": "XanaduAI", "id": "816685734858002434", "location": "Toronto, Ontario", "pinned_tweet_id": "1985324237633028507", "name": "Xanadu", "verified": false, "created_at": "2017-01-04T16:40:27.000Z", "public_metrics": {"followers_count": 13190, "following_count": 172, "tweet_count": 1687, "listed_count": 265, "like_count": 2571, "media_count": 720}, "description": "Our mission: To build quantum computers that are useful and available to people everywhere. We are hiring! https://t.co/c4NPQqaGE7"}, {"username": "acceleration_c", "id": "1375195100389720064", "location": "University of Toronto", "pinned_tweet_id": "1990813343595077684", "name": "Acceleration Consortium (AC)", "verified": false, "created_at": "2021-03-25T21:17:54.000Z", "public_metrics": {"followers_count": 2875, "following_count": 683, "tweet_count": 1726, "listed_count": 22, "like_count": 3044, "media_count": 392}, "description": "We're a global community accelerating the design and discovery of wide range of new materials, from renewable energy to drugs. Led by @A_Aspuru_Guzik @UofT."}, {"username": "ProjectCETI", "id": "1242616718029135872", "pinned_tweet_id": "1924838491092861372", "name": "Project CETI", "verified": false, "created_at": "2020-03-25T00:58:15.000Z", "public_metrics": {"followers_count": 3097, "following_count": 502, "tweet_count": 648, "listed_count": 32, "like_count": 680, "media_count": 147}, "description": "Project CETI is a nonprofit organization applying machine learning and robotics to listen to and translate the communication of whales in Dominica. #ProjectCETI"}, {"username": "cohere", "id": "1326237414025801729", "pinned_tweet_id": "1953078403860709547", "name": "Cohere", "verified": true, "created_at": "2020-11-10T18:57:11.000Z", "public_metrics": {"followers_count": 108585, "following_count": 4, "tweet_count": 1818, "listed_count": 1374, "like_count": 2373, "media_count": 601}, "description": "Empowering enterprises with private, powerful AI. Join us: https://t.co/Yb2xItMObl"}, {"username": "CadeMetz", "id": "21066583", "location": "San Francisco", "pinned_tweet_id": "1371814788934725640", "name": "Cade Metz", "verified": false, "created_at": "2009-02-17T05:19:27.000Z", "public_metrics": {"followers_count": 31411, "following_count": 1359, "tweet_count": 1839, "listed_count": 1365, "like_count": 2028, "media_count": 18}, "description": "New York Times reporter, covering A.I., driverless cars, and other changes: cade.metz@nytimes.com. My book, \"Genius Makers\": https://t.co/TJBqNRKR5Q."}, {"username": "PromiseRobotics", "id": "1362833613658718208", "name": "Promise Robotics Inc", "verified": false, "created_at": "2021-02-19T18:37:19.000Z", "public_metrics": {"followers_count": 88, "following_count": 22, "tweet_count": 45, "listed_count": 0, "like_count": 80, "media_count": 2}, "description": "Helping the building industry to harness automation towards a more affordable and sustainable built environment"}, {"username": "theC100", "id": "119287260", "location": "Canadians Everywhere", "name": "C100", "verified": false, "created_at": "2010-03-03T05:48:15.000Z", "public_metrics": {"followers_count": 65362, "following_count": 1571, "tweet_count": 11111, "listed_count": 579, "like_count": 5373, "media_count": 840}, "description": "\ud83c\udde8\ud83c\udde6 The preeminent global community of Canadians leaders building, leading, & investing in great tech companies. Apply to join as a Member today! \ud83d\udc47"}, {"username": "Gladwell", "id": "17889970", "location": "New York", "pinned_tweet_id": "1787263917665796470", "name": "Malcolm Gladwell", "verified": false, "created_at": "2008-12-05T04:25:47.000Z", "public_metrics": {"followers_count": 654996, "following_count": 111, "tweet_count": 1607, "listed_count": 8927, "like_count": 53, "media_count": 168}, "description": "Skinny Canadian"}, {"username": "bchang", "id": "696563", "location": "Toronto, ON.", "name": "Brett Chang", "verified": false, "created_at": "2007-01-24T21:56:27.000Z", "public_metrics": {"followers_count": 1973, "following_count": 3237, "tweet_count": 1354, "listed_count": 66, "like_count": 25261, "media_count": 34}, "description": "Built @readthepeak. Toronto sports fan."}, {"username": "CIFAR_News", "id": "40281983", "location": "Global, Canadian-based.", "pinned_tweet_id": "1980681738729701632", "name": "CIFAR", "verified": false, "created_at": "2009-05-15T17:01:05.000Z", "public_metrics": {"followers_count": 17067, "following_count": 1961, "tweet_count": 15445, "listed_count": 408, "like_count": 7632, "media_count": 4846}, "description": "Convening the world\u2019s most brilliant people to advance transformative knowledge and solve humanity\u2019s biggest problems, together. \n\nFR: @nouvelles_CIFAR"}, {"username": "DavidDuvenaud", "id": "1601593543", "name": "David Duvenaud", "verified": false, "created_at": "2013-07-17T18:33:46.000Z", "public_metrics": {"followers_count": 32136, "following_count": 3995, "tweet_count": 1221, "listed_count": 568, "like_count": 47676, "media_count": 101}, "description": "Machine learning prof @UofT.  Former team lead at Anthropic.  Working on generative models, inference, & latent structure."}, {"username": "drfeifei", "id": "130745589", "location": "Stanford, CA, U.S.A.", "pinned_tweet_id": "1987891210699379091", "name": "Fei-Fei Li", "verified": false, "created_at": "2010-04-08T05:16:30.000Z", "public_metrics": {"followers_count": 531563, "following_count": 1155, "tweet_count": 2877, "listed_count": 8292, "like_count": 7128, "media_count": 275}, "description": "Prof (CS @Stanford), Co-Director @StanfordHAI, Cofounder/CEO @theworldlabs, #AI #SpatialIntelligence #GenAI #computervision #robotics #AI-healthcare"}, {"username": "the_logic", "id": "889523889432383491", "location": "Toronto, Ontario", "name": "The Logic", "verified": false, "created_at": "2017-07-24T16:33:16.000Z", "public_metrics": {"followers_count": 10785, "following_count": 252, "tweet_count": 9161, "listed_count": 221, "like_count": 345, "media_count": 844}, "description": "Canada's business and tech newsroom"}, {"username": "ErinSchwartzWMA", "id": "1055195990221905932", "location": "Atlanta, GA", "name": "Erin Schwartz", "verified": false, "created_at": "2018-10-24T20:35:03.000Z", "public_metrics": {"followers_count": 136, "following_count": 304, "tweet_count": 81, "listed_count": 0, "like_count": 133, "media_count": 0}, "description": "Fintech PR @wmagency |  FSU alum | Love supporting women in #fintech"}, {"username": "enfeinberg", "id": "1239825392", "location": "South San Francisco, CA", "pinned_tweet_id": "1983298104494567712", "name": "Evan Feinberg", "verified": false, "created_at": "2013-03-03T20:58:26.000Z", "public_metrics": {"followers_count": 1121, "following_count": 171, "tweet_count": 149, "listed_count": 19, "like_count": 253, "media_count": 11}, "description": "Founder & CEO, https://t.co/JvqkTU20qB  / Scientist developing deep learning methods for drug discovery / Pande Lab @ Stanford. Applied Physics @ Yale."}, {"username": "ramtinattar", "id": "412555721", "location": "Toronto, Edmonton", "name": "Ramtin Attar", "verified": false, "created_at": "2011-11-14T20:59:30.000Z", "public_metrics": {"followers_count": 289, "following_count": 148, "tweet_count": 548, "listed_count": 12, "like_count": 877, "media_count": 79}, "description": "CEO & Co-founder, Promise Robotics"}, {"username": "paulteshima", "id": "17997483", "location": "Toronto, ON, Canada", "pinned_tweet_id": "1927048408587477234", "name": "Paul Teshima", "verified": false, "created_at": "2008-12-09T18:13:56.000Z", "public_metrics": {"followers_count": 5540, "following_count": 4785, "tweet_count": 4116, "listed_count": 248, "like_count": 6003, "media_count": 726}, "description": "Chief Marketing and Commercial Officer @wealthsimple, ex-co-founder @nudgeai @eloqua Clear eyes, full hearts, can't lose"}, {"username": "pabbeel", "id": "180993910", "location": "Berkeley, CA", "pinned_tweet_id": "1973426729952956652", "name": "Pieter Abbeel", "verified": false, "created_at": "2010-08-21T00:57:54.000Z", "public_metrics": {"followers_count": 90800, "following_count": 459, "tweet_count": 2646, "listed_count": 1904, "like_count": 11715, "media_count": 346}, "description": "Berkeley & Amazon"}, {"username": "UntetherAI", "id": "849305897704861698", "location": "Toronto, Ontario", "pinned_tweet_id": "1781031814338932908", "name": "Untether AI", "verified": false, "created_at": "2017-04-04T17:01:20.000Z", "public_metrics": {"followers_count": 713, "following_count": 220, "tweet_count": 390, "listed_count": 13, "like_count": 277, "media_count": 221}, "description": "Accelerating the Future of AI"}, {"username": "AndressaLacer", "id": "2167277940", "location": "Toronto, Ontario", "name": "Andressa Lacerda", "verified": false, "created_at": "2013-10-31T21:29:59.000Z", "public_metrics": {"followers_count": 659, "following_count": 523, "tweet_count": 1572, "listed_count": 29, "like_count": 1386, "media_count": 280}, "description": "VP Operations @ Synex Medical. \nHIRING.\nHelping to turn #scifi into reality.\nCommitted lover of reality and a devoted student of the facts. Equality advocate."}, {"username": "meg_sahni", "id": "1275435345581166592", "location": "Dallas, TX", "name": "Meg Sahni", "verified": false, "created_at": "2020-06-23T14:27:47.000Z", "public_metrics": {"followers_count": 65, "following_count": 102, "tweet_count": 35, "listed_count": 0, "like_count": 244, "media_count": 0}, "description": "Talent x AI @radicalvcfund, Currently \ud83e\udd20"}, {"username": "dmulet", "id": "66988832", "location": "Not all who wander are lost", "name": "Daniel Mulet @neurips dec 9-14", "verified": false, "created_at": "2009-08-19T12:41:05.000Z", "public_metrics": {"followers_count": 663, "following_count": 1890, "tweet_count": 1013, "listed_count": 33, "like_count": 6545, "media_count": 30}, "description": "neotropical being in the sub-arctic"}, {"username": "RanaSarkar_", "id": "206023502", "location": "San Francisco, CA", "name": "Rana Sarkar", "verified": false, "created_at": "2010-10-22T03:24:23.000Z", "public_metrics": {"followers_count": 3211, "following_count": 3098, "tweet_count": 6963, "listed_count": 91, "like_count": 5941, "media_count": 265}, "description": "Working Dad. Canadian \ud83c\udde8\ud83c\udde6 Consul General to SF & Silicon Valley & Hawaii. Innovation. Host of Confluence.  Strategy. Politics. Next Economy. Dot Connector."}, {"username": "Business_AI", "id": "3405424143", "location": "London, England", "name": "AI Business", "verified": false, "created_at": "2015-08-06T10:47:59.000Z", "public_metrics": {"followers_count": 11778, "following_count": 3919, "tweet_count": 14912, "listed_count": 622, "like_count": 3312, "media_count": 4628}, "description": "Informing, educating and connecting the global AI community with the latest news online.  Also in person at #TheAISummit events."}, {"username": "CanCGSF", "id": "2201577535", "location": "San Francisco, CA", "name": "Canada in SF \ud83c\udde8\ud83c\udde6", "verified": true, "created_at": "2013-11-18T16:25:06.000Z", "public_metrics": {"followers_count": 4174, "following_count": 3421, "tweet_count": 10197, "listed_count": 147, "like_count": 5592, "media_count": 2165}, "description": "Consulate General of Canada in San Francisco covering Northern California and Hawaii \u2013\u2013\u2013\u2013 Fran\u00e7ais: @CGCanSF \ud83c\udde8\ud83c\udde6"}, {"username": "karpathy", "id": "33836629", "location": "Stanford", "pinned_tweet_id": "1617979122625712128", "name": "Andrej Karpathy", "verified": false, "created_at": "2009-04-21T06:49:15.000Z", "public_metrics": {"followers_count": 1502798, "following_count": 1031, "tweet_count": 9852, "listed_count": 18811, "like_count": 21014, "media_count": 834}, "description": "Building @EurekaLabsAI. Previously Director of AI @ Tesla, founding team @ OpenAI, CS231n/PhD @ Stanford. I like to train large deep neural nets."}, {"username": "EricTopol", "id": "86626845", "location": "La Jolla, CA", "pinned_tweet_id": "1927470895343296519", "name": "Eric Topol", "verified": false, "created_at": "2009-11-01T00:02:55.000Z", "public_metrics": {"followers_count": 682950, "following_count": 628, "tweet_count": 51808, "listed_count": 11821, "like_count": 43929, "media_count": 31902}, "description": "physician-scientist, author of SUPER AGERS https://t.co/ZEdooyyJpP\nand Ground Truths: https://t.co/YhatcBT0hA"}, {"username": "synexmedical", "id": "1098305830275948549", "pinned_tweet_id": "1837916532485112090", "name": "Synex", "verified": false, "created_at": "2019-02-20T19:38:10.000Z", "public_metrics": {"followers_count": 449, "following_count": 0, "tweet_count": 19, "listed_count": 5, "like_count": 36, "media_count": 1}, "description": "Non-invasive health monitoring."}, {"username": "ben_nashman", "id": "815983758784495618", "pinned_tweet_id": "1837916018397647279", "name": "Ben Nashman", "verified": false, "created_at": "2017-01-02T18:11:03.000Z", "public_metrics": {"followers_count": 1535, "following_count": 407, "tweet_count": 722, "listed_count": 20, "like_count": 4712, "media_count": 93}, "description": "Playing with magnets at @synexmedical | Thiel Fellow"}, {"username": "SeanSilcoff", "id": "17591271", "location": "Canada", "pinned_tweet_id": "1478014974245183498", "name": "Sean Silcoff", "verified": false, "created_at": "2008-11-24T12:57:06.000Z", "public_metrics": {"followers_count": 10884, "following_count": 3072, "tweet_count": 15044, "listed_count": 247, "like_count": 5674, "media_count": 541}, "description": "Storyteller. Newshound. Co-wrote Losing the Signal, about BlackBerry. I cover Canadian tech/biotech/innovation for Globe & Mail. Verified."}], "meta": {"result_count": 100, "next_token": "CI54PDPJU521EZZZ"}}