{"data": [{"location": "Seoul National University", "public_metrics": {"followers_count": 4, "following_count": 48, "tweet_count": 11, "listed_count": 0, "like_count": 54, "media_count": 0}, "created_at": "2025-10-22T09:28:33.000Z", "description": "System / Machine Learning / Computer Architecture\nhttps://t.co/MfdAUwDz0K", "username": "gunjunlee97", "verified": false, "name": "Gunjun", "pinned_tweet_id": "1980930380397166909", "id": "1980929151352848384"}, {"location": "sf", "public_metrics": {"followers_count": 39, "following_count": 101, "tweet_count": 105, "listed_count": 1, "like_count": 635, "media_count": 3}, "created_at": "2018-07-31T03:07:02.000Z", "description": "dynamo @nvidia | go blue \u303d\ufe0f", "username": "jaejaywoo", "verified": false, "name": "hyunjaewoo", "id": "1024129279527936001"}, {"public_metrics": {"followers_count": 37176, "following_count": 1945, "tweet_count": 2922, "listed_count": 480, "like_count": 5883, "media_count": 140}, "created_at": "2015-12-06T10:28:42.000Z", "description": "building Qwen universe @Alibaba_Qwen \u2764\ufe0f \ud83c\udf75 \u2615\ufe0f \ud83c\udf77 \ud83e\udd43", "username": "JustinLin610", "verified": false, "name": "Junyang Lin", "id": "4473952878"}, {"public_metrics": {"followers_count": 1, "following_count": 23, "tweet_count": 0, "listed_count": 0, "like_count": 13, "media_count": 0}, "created_at": "2017-05-06T02:47:22.000Z", "description": "CS @ University of Michigan\n\nhttps://t.co/7mOx2mkgxY\nhttps://t.co/XYDT2JJCRF", "username": "michaelahn01", "verified": false, "name": "Jisang Ahn", "id": "860687401924141056"}, {"location": "Ann Arbor, MI", "public_metrics": {"followers_count": 7, "following_count": 101, "tweet_count": 20, "listed_count": 0, "like_count": 98, "media_count": 0}, "created_at": "2024-04-03T12:20:31.000Z", "description": "UG @UMichCSE and @SJTU1896 | Efficient and scalable systems for GenAI.", "username": "letianruan", "verified": false, "name": "Letian Ruan", "id": "1775498550119665664"}, {"public_metrics": {"followers_count": 1, "following_count": 4, "tweet_count": 3, "listed_count": 0, "like_count": 0, "media_count": 0}, "created_at": "2021-10-03T01:50:35.000Z", "description": "", "username": "HelloYizhuo", "verified": false, "name": "Coulson Liang", "id": "1444479379640311816"}, {"location": "California", "public_metrics": {"followers_count": 6888, "following_count": 217, "tweet_count": 433, "listed_count": 70, "like_count": 1531, "media_count": 45}, "created_at": "2016-01-05T06:18:44.000Z", "description": "Building ai systems, CS phd @stanford @hazyresearch, Incoming assistant professor @caltech cms, Principal scientist @togethercompute", "username": "simran_s_arora", "verified": false, "name": "Simran Arora", "pinned_tweet_id": "1988320513052324127", "id": "4712264894"}, {"location": "California, USA", "public_metrics": {"followers_count": 1676, "following_count": 468, "tweet_count": 590, "listed_count": 32, "like_count": 836, "media_count": 7}, "created_at": "2012-10-14T23:02:15.000Z", "description": "opinions are my own", "username": "junrushao", "verified": false, "name": "Junru Shao", "id": "881152441"}, {"location": "Seattle, WA", "public_metrics": {"followers_count": 1423, "following_count": 611, "tweet_count": 46, "listed_count": 19, "like_count": 313, "media_count": 14}, "created_at": "2012-01-22T03:26:52.000Z", "description": "Faster and cheaper LLM inference.", "username": "abcdabcd987", "verified": false, "name": "Lequn Chen", "id": "470747166"}, {"location": "Berkeley, CA", "public_metrics": {"followers_count": 2271, "following_count": 757, "tweet_count": 568, "listed_count": 58, "like_count": 1370, "media_count": 69}, "created_at": "2007-12-23T13:38:26.000Z", "description": "Building SkyPilot @skypilot_org | Berkeley PhD, AI & Systems | Ex Google Brain", "username": "zongheng_yang", "verified": false, "name": "Zongheng Yang", "pinned_tweet_id": "1592923975591464960", "id": "11453482"}, {"location": "San Francisco ", "public_metrics": {"followers_count": 2567, "following_count": 175, "tweet_count": 66, "listed_count": 11, "like_count": 269, "media_count": 30}, "created_at": "2024-11-07T03:47:44.000Z", "description": "Laude Institute backs computer science researchers turning research into real-world impact. // @LaudeVentures", "username": "LaudeInstitute", "verified": true, "name": "Laude Institute", "pinned_tweet_id": "1937681620028600529", "id": "1854370033520324608"}, {"location": "Austin, TX", "public_metrics": {"followers_count": 135, "following_count": 274, "tweet_count": 126, "listed_count": 2, "like_count": 412, "media_count": 4}, "created_at": "2021-01-02T11:00:15.000Z", "description": "CS Ph.D. student @UTAustin. Student researcher @Meta. Working on systems for ML", "username": "BodunHu", "verified": false, "name": "Bodun Hu", "id": "1345323976298532865"}, {"location": "Brisbane/Queensland, Australia", "public_metrics": {"followers_count": 266610, "following_count": 6221, "tweet_count": 64596, "listed_count": 5412, "like_count": 10030, "media_count": 2899}, "created_at": "2010-08-06T04:58:18.000Z", "description": "\ud83c\udde6\ud83c\uddfa Co-founder: @AnswerDotAI & @FastDotAI ;\nPrev: professor @ UQ; Stanford fellow; @kaggle president; @fastmail/@enlitic/etc founder\nhttps://t.co/16UBFTX7mo", "username": "jeremyphoward", "verified": false, "name": "Jeremy Howard", "pinned_tweet_id": "1734606378331951318", "id": "175282603"}, {"public_metrics": {"followers_count": 275, "following_count": 47, "tweet_count": 59, "listed_count": 5, "like_count": 81, "media_count": 3}, "created_at": "2021-03-05T01:30:47.000Z", "description": "Hobby Data Scientist \ud83d\udcc8\nProfessional Deep Learning Engineer at Nvidia \ud83d\udcbb\nCal Alum \ud83e\uddf8", "username": "KranenKyle", "verified": false, "name": "Kyle Kranen", "id": "1367648693143269377"}, {"location": "Boston", "public_metrics": {"followers_count": 1288, "following_count": 426, "tweet_count": 875, "listed_count": 17, "like_count": 6406, "media_count": 57}, "created_at": "2022-04-18T14:21:01.000Z", "description": "maintainer @vllm_project, inference perf @RedHat_AI (acq @neuralmagic), friends call me misha", "username": "mgoin_", "verified": false, "name": "Michael Goin", "pinned_tweet_id": "1976452383258648972", "id": "1516059175910092803"}, {"location": "California", "public_metrics": {"followers_count": 130222, "following_count": 632, "tweet_count": 9212, "listed_count": 2346, "like_count": 8825, "media_count": 226}, "created_at": "2008-04-20T17:19:37.000Z", "description": "I'm also @taviso@social.sdf.org", "username": "taviso", "verified": false, "name": "Tavis Ormandy", "pinned_tweet_id": "1897333770644336774", "id": "14453232"}, {"location": "Berkeley, CA", "public_metrics": {"followers_count": 418, "following_count": 191, "tweet_count": 197, "listed_count": 2, "like_count": 605, "media_count": 16}, "created_at": "2020-06-16T03:23:34.000Z", "description": "Building SkyPilot @skypilot_org | PhD AI+Systems @Berkeley_EECS @ucbrise", "username": "bromil101", "verified": false, "name": "Romil Bhardwaj", "id": "1272731475947880448"}, {"location": "Berlin", "public_metrics": {"followers_count": 2690, "following_count": 195, "tweet_count": 173, "listed_count": 23, "like_count": 567, "media_count": 69}, "created_at": "2025-04-12T13:37:51.000Z", "description": "Maximizing throughput at @Aleph__Alpha\n\nEducating people about GPUs at https://t.co/81rRJ4KoUt\n\nI like my tea green and my compute parallel", "username": "SzymonOzog_", "verified": false, "name": "SzymonOzog (NeurIPS)", "pinned_tweet_id": "1969787424827171234", "id": "1911051072468312064"}, {"public_metrics": {"followers_count": 125932, "following_count": 4, "tweet_count": 601, "listed_count": 1404, "like_count": 319, "media_count": 314}, "created_at": "2024-02-02T08:47:32.000Z", "description": "Open foundation models for AGI.", "username": "Alibaba_Qwen", "verified": true, "name": "Qwen", "pinned_tweet_id": "1947766835023335516", "id": "1753339277386342400"}, {"location": "SF", "public_metrics": {"followers_count": 4139529, "following_count": 976, "tweet_count": 7292, "listed_count": 25517, "like_count": 1019, "media_count": 375}, "created_at": "2006-07-16T22:01:55.000Z", "description": "AI is cool i guess", "username": "sama", "verified": false, "name": "Sam Altman", "id": "1605"}, {"public_metrics": {"followers_count": 42105, "following_count": 919, "tweet_count": 10848, "listed_count": 304, "like_count": 11685, "media_count": 1605}, "created_at": "2020-05-09T14:07:23.000Z", "description": "learning deeply about life one gradient step at a time", "username": "maharshii", "verified": false, "name": "maharshi", "id": "1259122686896287744"}, {"location": "San Francisco, CA", "public_metrics": {"followers_count": 9303, "following_count": 798, "tweet_count": 193, "listed_count": 247, "like_count": 4216, "media_count": 27}, "created_at": "2009-04-08T03:51:57.000Z", "description": "GPU Geek at @OpenAI. I have a long standing interest in neuroscience and its application to machine learning. He/Him.", "username": "scottgray76", "verified": false, "name": "Scott Gray", "id": "29634515"}, {"public_metrics": {"followers_count": 106253, "following_count": 980, "tweet_count": 13004, "listed_count": 2035, "like_count": 36808, "media_count": 1396}, "created_at": "2018-04-14T22:19:57.000Z", "description": "SemiAnalysis\nBoutique AI & Semiconductor Research and Consulting\nDMs are open for consulting, quotes, or to talk shop", "username": "dylan522p", "verified": false, "name": "Dylan Patel", "pinned_tweet_id": "1151804560517865472", "id": "985281530070265862"}, {"location": "Brooklyn, NY", "public_metrics": {"followers_count": 30589, "following_count": 858, "tweet_count": 7531, "listed_count": 252, "like_count": 15361, "media_count": 763}, "created_at": "2009-03-07T13:25:03.000Z", "description": "Building @astral_sh: Ruff, uv, and other high-performance Python tools. Prev: Staff engineer @SpringDiscovery, @KhanAcademy, BSE @PrincetonCS.", "username": "charliermarsh", "verified": false, "name": "Charlie Marsh", "pinned_tweet_id": "1955695947716985241", "id": "23191588"}, {"location": "Wisconsin, USA", "public_metrics": {"followers_count": 3830, "following_count": 1052, "tweet_count": 1149, "listed_count": 55, "like_count": 6084, "media_count": 134}, "created_at": "2009-07-16T00:06:50.000Z", "description": "UW Madison / KRAFTON AI", "username": "Kangwook_Lee", "verified": false, "name": "Kangwook Lee", "pinned_tweet_id": "1937568988558430316", "id": "57182201"}, {"public_metrics": {"followers_count": 48589, "following_count": 22, "tweet_count": 1238, "listed_count": 791, "like_count": 632, "media_count": 621}, "created_at": "2024-01-10T15:31:48.000Z", "description": "", "username": "SemiAnalysis_", "verified": true, "name": "SemiAnalysis", "id": "1745106082790318080"}, {"public_metrics": {"followers_count": 191336, "following_count": 1, "tweet_count": 187, "listed_count": 1352, "like_count": 220, "media_count": 80}, "created_at": "2025-07-10T13:50:48.000Z", "description": "Claude is an AI assistant built by @anthropicai to be safe, accurate, and secure. Talk to Claude on https://t.co/ZhTwG8dz3D or download the app.", "username": "claudeai", "verified": false, "name": "Claude", "pinned_tweet_id": "1993030546243699119", "id": "1943306828697550848"}, {"public_metrics": {"followers_count": 708191, "following_count": 35, "tweet_count": 1269, "listed_count": 8000, "like_count": 1482, "media_count": 521}, "created_at": "2021-01-25T22:45:28.000Z", "description": "We're an AI safety and research company that builds reliable, interpretable, and steerable AI systems. Talk to our AI assistant @claudeai on https://t.co/FhDI3KQh0n.", "username": "AnthropicAI", "verified": true, "name": "Anthropic", "id": "1353836358901501952"}, {"public_metrics": {"followers_count": 136, "following_count": 206, "tweet_count": 120, "listed_count": 0, "like_count": 62, "media_count": 2}, "created_at": "2016-03-31T13:13:58.000Z", "description": "Mainly Networks and Systems. Some Machine Learning. PhD CS candidate @ UChicago. MSc. EEIT @ ETH Zurich. BTech. ECE @ VIT Vellore.", "username": "siddhantrayyy", "verified": false, "name": "Siddhant Ray", "id": "715527556481425408"}, {"location": "Z\u00fcrich, Suisse", "public_metrics": {"followers_count": 117477, "following_count": 539, "tweet_count": 23640, "listed_count": 1501, "like_count": 55177, "media_count": 2136}, "created_at": "2013-12-08T13:31:09.000Z", "description": "Researcher (now: Meta. ex:  OpenAI, DeepMind, Brain, RWTH Aachen), Gamer, Hacker, Belgian. Anon feedback: https://t.co/xe2XUqkKit\n\u2717DMs \u2192 email", "username": "giffmana", "verified": false, "name": "Lucas Beyer (bl16)", "pinned_tweet_id": "1570152923233144832", "id": "2236047510"}, {"location": "Stanford, CA", "public_metrics": {"followers_count": 5557, "following_count": 95, "tweet_count": 490, "listed_count": 77, "like_count": 617, "media_count": 71}, "created_at": "2010-11-20T20:09:20.000Z", "description": "Asst. professor at UIUC CS. Formerly in the Stanford DAWN lab and the Berkeley Sky Lab.", "username": "ddkang", "verified": false, "name": "Daniel Kang", "id": "217881315"}, {"public_metrics": {"followers_count": 906, "following_count": 391, "tweet_count": 59, "listed_count": 11, "like_count": 304, "media_count": 4}, "created_at": "2024-06-02T07:42:08.000Z", "description": "performance and efficiency in ML | CS @ UC Berkeley, @BerkeleyML", "username": "henryHM_ko", "verified": false, "name": "Henry Ko", "pinned_tweet_id": "1936575153187803637", "id": "1797171786821619712"}, {"location": "Warsaw", "public_metrics": {"followers_count": 8680, "following_count": 264, "tweet_count": 402, "listed_count": 53, "like_count": 961, "media_count": 34}, "created_at": "2014-07-10T06:50:37.000Z", "description": "LLM Efficiency PhD @ Edinburgh | \ud83e\udd47\ud83e\udd48 @ Flunkyball Polish Championships | \ud83e\udd47 @ Jerry Hunter Pub's Bowling Tournament | 50000 \ud83c\udfc6 & Legendary II @ Brawl Stars", "username": "p_nawrot", "verified": false, "name": "Piotr Nawrot", "pinned_tweet_id": "1915747558984499556", "id": "2694126977"}, {"location": "Berkeley, California", "public_metrics": {"followers_count": 81, "following_count": 5, "tweet_count": 34, "listed_count": 0, "like_count": 7, "media_count": 9}, "created_at": "2025-06-12T18:50:58.000Z", "description": "Building the next-generation AI/ML networking", "username": "uccl_proj", "verified": false, "name": "uccl_project", "pinned_tweet_id": "1933236704200233322", "id": "1933235564469428224"}, {"location": "San Francisco", "public_metrics": {"followers_count": 53169, "following_count": 9728, "tweet_count": 9994, "listed_count": 867, "like_count": 32216, "media_count": 1137}, "created_at": "2016-05-14T17:35:53.000Z", "description": "Adaptive Intelligence. Built @Cohere_Labs, @GoogleBrain, @GoogleDeepmind. ML Efficiency, Multimodal\\lingual. Changing spaces where breakthroughs happen.", "username": "sarahookr", "verified": false, "name": "Sara Hooker", "pinned_tweet_id": "1975581548121628920", "id": "731538535795163136"}, {"location": "berkeley, ca", "public_metrics": {"followers_count": 4803, "following_count": 134, "tweet_count": 62, "listed_count": 29, "like_count": 89, "media_count": 3}, "created_at": "2017-08-09T14:03:52.000Z", "description": "phd student in tsinghua university, working on @vllm_project", "username": "KaichaoYou", "verified": false, "name": "Kaichao You", "id": "895284498429902850"}, {"location": "Durham, NC", "public_metrics": {"followers_count": 441, "following_count": 460, "tweet_count": 38, "listed_count": 5, "like_count": 134, "media_count": 0}, "created_at": "2010-02-13T06:43:24.000Z", "description": "Assistant Professor @dukecompsci, previously PostDoc @Berkeley_EECS, PhD @uwcse", "username": "danyangzhuo", "verified": false, "name": "Danyang Zhuo", "id": "113844380"}, {"location": "Austin, Texas", "public_metrics": {"followers_count": 54, "following_count": 131, "tweet_count": 10, "listed_count": 0, "like_count": 30, "media_count": 4}, "created_at": "2022-07-07T21:25:54.000Z", "description": "UT Austin PhD Student @UTCompSci @utnslab @VITAGroupUT", "username": "j777ro", "verified": false, "name": "Yeonju Ro", "id": "1545157110467543042"}, {"location": "Chicago, IL", "public_metrics": {"followers_count": 472, "following_count": 319, "tweet_count": 97, "listed_count": 3, "like_count": 104, "media_count": 4}, "created_at": "2012-09-16T03:37:55.000Z", "description": "CS Prof @ UChicago\n\nhttps://t.co/U01oOWGnip\n(Fast distributed LLM inference)\n\nhttps://t.co/hoetjwXKIt\n(Best KV cache layer)", "username": "JunchenJiang", "verified": false, "name": "Junchen Jiang", "id": "826410432"}, {"public_metrics": {"followers_count": 277, "following_count": 77, "tweet_count": 188, "listed_count": 1, "like_count": 111, "media_count": 4}, "created_at": "2012-03-17T17:56:24.000Z", "description": "Assistant Professor @GeorgiaTech @gatech_scs. Previously Researcher @MSFTResearch, CS PhD @UCBerkeley", "username": "anandpiyer", "verified": false, "name": "Anand Iyer", "id": "527687829"}, {"location": "Ann Arbor, MI", "public_metrics": {"followers_count": 2, "following_count": 75, "tweet_count": 0, "listed_count": 0, "like_count": 0, "media_count": 0}, "created_at": "2021-04-08T02:29:43.000Z", "description": "", "username": "jiahengluuu", "verified": false, "name": "Jiaheng Lu", "id": "1379984735053606920"}, {"location": "Ann Arbor", "public_metrics": {"followers_count": 8, "following_count": 57, "tweet_count": 3, "listed_count": 0, "like_count": 6, "media_count": 0}, "created_at": "2024-11-17T03:34:42.000Z", "description": "PhD student @Umich\nhttps://t.co/uIFJamaVe2", "username": "jeffjma", "verified": false, "name": "Jeff Ma", "id": "1857990679000997888"}, {"public_metrics": {"followers_count": 239, "following_count": 1020, "tweet_count": 36, "listed_count": 7, "like_count": 16563, "media_count": 0}, "created_at": "2008-05-11T21:25:46.000Z", "description": "founder, @haylaai", "username": "dftappan", "verified": false, "name": "Don Tappan", "id": "14737090"}, {"location": "Worldwide", "public_metrics": {"followers_count": 4746, "following_count": 611, "tweet_count": 2882, "listed_count": 51, "like_count": 4478, "media_count": 149}, "created_at": "2015-12-10T00:54:52.000Z", "description": "Principal OSS Engineer at @NodeSource from \ud83c\udde7\ud83c\uddf7 | @nodejs TSC | @fastifyjs core | @nodeclinic maintainer  \ud83c\udfc6 OpenJS Pathfinder Award for Security 2023", "username": "_rafaelgss", "verified": false, "name": "Rafael Gonzaga", "pinned_tweet_id": "1757102510244798820", "id": "4432262176"}, {"public_metrics": {"followers_count": 590, "following_count": 235, "tweet_count": 389, "listed_count": 5, "like_count": 1374, "media_count": 68}, "created_at": "2023-02-19T08:39:14.000Z", "description": "@nuxt_js core team and working at @Leetchi. Open-source enthusiast.", "username": "JulienHuang_dev", "verified": false, "name": "Julien Huang", "id": "1627226251051126784"}, {"location": "Sydney", "public_metrics": {"followers_count": 2845, "following_count": 742, "tweet_count": 1581, "listed_count": 40, "like_count": 3275, "media_count": 155}, "created_at": "2020-08-19T11:32:25.000Z", "description": "All things open-source. Helping build @nuxt_js & @unjsio\n\nBackpacking around \ud83c\udde8\ud83c\uddf1\ud83c\udde6\ud83c\uddf7", "username": "harlan_zw", "verified": false, "name": "Harlan Wilton", "pinned_tweet_id": "1551952564824178688", "id": "1296047337022742529"}, {"location": "DFW", "public_metrics": {"followers_count": 601, "following_count": 400, "tweet_count": 1653, "listed_count": 12, "like_count": 4918, "media_count": 53}, "created_at": "2011-09-25T22:13:20.000Z", "description": "Founding AI Engineer @Auto_GPT", "username": "nicktindle", "verified": false, "name": "ntindle dev", "id": "379993729"}, {"public_metrics": {"followers_count": 26364, "following_count": 15, "tweet_count": 1453, "listed_count": 294, "like_count": 191, "media_count": 215}, "created_at": "2019-10-26T03:13:47.000Z", "description": "GitHub Security Lab\u2019s mission is to inspire and enable the community to secure the open source software we all depend on.", "username": "GHSecurityLab", "verified": true, "name": "GitHub Security Lab", "pinned_tweet_id": "1890352345440993682", "id": "1187929919713464320"}, {"public_metrics": {"followers_count": 6034, "following_count": 12, "tweet_count": 163, "listed_count": 47, "like_count": 195, "media_count": 21}, "created_at": "2024-09-01T02:11:29.000Z", "description": "Your favorite GPU community", "username": "GPU_MODE", "verified": false, "name": "GPU MODE", "id": "1830065876550500354"}, {"public_metrics": {"followers_count": 106516, "following_count": 1, "tweet_count": 23, "listed_count": 829, "like_count": 0, "media_count": 7}, "created_at": "2025-02-17T16:23:16.000Z", "description": "Thinking, beeping, and booping.", "username": "thinkymachines", "verified": true, "name": "Thinking Machines", "pinned_tweet_id": "1973447428977336578", "id": "1891523745929732096"}, {"location": "Bay Area", "public_metrics": {"followers_count": 6108, "following_count": 20, "tweet_count": 69, "listed_count": 54, "like_count": 3, "media_count": 2}, "created_at": "2015-04-05T01:25:47.000Z", "description": "Professor at UC Berkeley, co-founder of Databricks, Anyscale, LMArena, Conviva.", "username": "istoica05", "verified": false, "name": "Ion Stoica", "id": "3139551624"}, {"public_metrics": {"followers_count": 4074, "following_count": 221, "tweet_count": 137, "listed_count": 54, "like_count": 2834, "media_count": 22}, "created_at": "2020-10-07T22:16:48.000Z", "description": "stanford cs phd student. i make ml go brr.", "username": "bfspector", "verified": false, "name": "Benjamin F Spector", "id": "1313966496549351425"}, {"public_metrics": {"followers_count": 4535806, "following_count": 4, "tweet_count": 1549, "listed_count": 25879, "like_count": 1248, "media_count": 464}, "created_at": "2015-12-06T22:51:08.000Z", "description": "OpenAI\u2019s mission is to ensure that artificial general intelligence benefits all of humanity. We\u2019re hiring: https://t.co/dJGr6Lg202", "username": "OpenAI", "verified": true, "name": "OpenAI", "pinned_tweet_id": "1995198060188807347", "id": "4398626122"}, {"public_metrics": {"followers_count": 2435, "following_count": 701, "tweet_count": 202, "listed_count": 16, "like_count": 1390, "media_count": 11}, "created_at": "2018-09-24T02:36:37.000Z", "description": "Assistant Professor in Computer Science @ETH Zurich.\nI work on computer systems.\nFormer Research Scientist @Google. EE PhD from @Stanford. EngSci 1T3 @UofT.", "username": "anaklimovic", "verified": false, "name": "Ana Klimovic", "id": "1044052956918644737"}, {"location": "Seattle", "public_metrics": {"followers_count": 1800, "following_count": 573, "tweet_count": 163, "listed_count": 17, "like_count": 2480, "media_count": 16}, "created_at": "2017-10-07T10:07:35.000Z", "description": "", "username": "ye_combinator", "verified": false, "name": "Zihao Ye", "id": "916605919210827777"}, {"location": "San Fransisco", "public_metrics": {"followers_count": 17677, "following_count": 862, "tweet_count": 4573, "listed_count": 195, "like_count": 8818, "media_count": 361}, "created_at": "2013-01-06T14:34:17.000Z", "description": "Building The @pydantic Stack - Validation, AI and Logfire.", "username": "samuel_colvin", "verified": false, "name": "Samuel Colvin", "id": "1065861452"}, {"public_metrics": {"followers_count": 10689, "following_count": 201, "tweet_count": 886, "listed_count": 87, "like_count": 357, "media_count": 75}, "created_at": "2024-12-28T23:17:01.000Z", "description": "GPU SW @ AMD", "username": "AnushElangovan", "verified": false, "name": "Anush Elangovan", "id": "1873146060467818496"}, {"location": "Yosemite National Park, CA", "public_metrics": {"followers_count": 751675, "following_count": 24, "tweet_count": 9440, "listed_count": 2558, "like_count": 180, "media_count": 1617}, "created_at": "2009-01-07T16:26:35.000Z", "description": "National Park Service's primary source for news and information from Yosemite National Park. (We only post here occasionally.)", "username": "YosemiteNPS", "verified": false, "name": "Yosemite National Park", "id": "18726942"}, {"location": "Brooklyn, NY", "public_metrics": {"followers_count": 27919, "following_count": 357, "tweet_count": 1288, "listed_count": 636, "like_count": 1642, "media_count": 99}, "created_at": "2018-03-22T19:05:54.000Z", "description": "Machine Learning at Jane Street. Previously at @huggingface and @fastdotai Co-author of https://t.co/lywnOAwwnc He/him", "username": "GuggerSylvain", "verified": false, "name": "Sylvain Gugger", "pinned_tweet_id": "1288531907353939968", "id": "976897777589456897"}, {"location": "San Francisco, CA", "public_metrics": {"followers_count": 29987, "following_count": 228, "tweet_count": 1005, "listed_count": 412, "like_count": 3175, "media_count": 130}, "created_at": "2010-06-04T08:48:04.000Z", "description": "Frontier Clusters at OpenAI. Previously DeepMind, Tesla AP, X/Twitter (head of AI Infra), NVIDIA.", "username": "tim_zaman", "verified": false, "name": "Tim Zaman", "pinned_tweet_id": "1907309173823635952", "id": "151808246"}, {"location": "Berlin, Germany", "public_metrics": {"followers_count": 2972, "following_count": 155, "tweet_count": 131, "listed_count": 24, "like_count": 2944, "media_count": 31}, "created_at": "2024-02-28T00:56:14.000Z", "description": "ML | Game Engines | HPC | Art\nWhat i cannot create i do not understand ~ Richard Feynman |\nResearch Engineer @PrimeIntellect", "username": "_mario_neo_", "verified": false, "name": "Mario Sieg", "pinned_tweet_id": "1875237757984907464", "id": "1762642751114674176"}, {"location": "Seattle / Vancouver", "public_metrics": {"followers_count": 5782, "following_count": 181, "tweet_count": 551, "listed_count": 73, "like_count": 687, "media_count": 173}, "created_at": "2013-08-28T02:48:41.000Z", "description": "Machine Learning + Distributed Systems + Hardware Hacking\n\nSWE @pytorch, tweets are personal opinions\n\nhttps://t.co/419A7MGPbf\n\nI don't use Twitter much anymore", "username": "rice_fry", "verified": false, "name": "Tristan Rice", "id": "1706185387"}, {"location": "cache line ", "public_metrics": {"followers_count": 2016, "following_count": 547, "tweet_count": 3578, "listed_count": 20, "like_count": 18682, "media_count": 606}, "created_at": "2012-06-07T07:12:47.000Z", "description": "Figuring out databases and Rust", "username": "redixhumayun", "verified": false, "name": "Zaid Humayun", "pinned_tweet_id": "1874525689262862513", "id": "601643662"}, {"location": "Ann Arbor, MI", "public_metrics": {"followers_count": 187, "following_count": 53, "tweet_count": 25, "listed_count": 3, "like_count": 12, "media_count": 0}, "created_at": "2011-11-23T07:42:53.000Z", "description": "PhD candidate @UMich. Previously @PyTorch @NVidia. #ConfidentialComputing #GPU Optimization & Architecture", "username": "JoyChew_d", "verified": false, "name": "Joy Dong", "id": "419348267"}, {"public_metrics": {"followers_count": 258, "following_count": 584, "tweet_count": 240, "listed_count": 3, "like_count": 941, "media_count": 3}, "created_at": "2022-08-17T03:47:37.000Z", "description": "Postdoc-ing @ UIUC. Working on systems reliability and efficiency. Opinions, my own. Retweets are not endorsements.", "username": "CacheMisses", "verified": false, "name": "Bogdan \"Bo\" Stoica \ud83d\udc49 @cachemisses.bsky.social", "pinned_tweet_id": "1991568201436786968", "id": "1559748613265293312"}, {"location": "sf", "public_metrics": {"followers_count": 101766, "following_count": 653, "tweet_count": 1245, "listed_count": 1492, "like_count": 9883, "media_count": 130}, "created_at": "2020-10-22T02:22:58.000Z", "description": "ai researcher @meta superintelligence labs, past: openai, google \ud83e\udde0", "username": "_jasonwei", "verified": false, "name": "Jason Wei", "pinned_tweet_id": "1864850912449303008", "id": "1319101874532978690"}, {"public_metrics": {"followers_count": 883181, "following_count": 32, "tweet_count": 5619, "listed_count": 8929, "like_count": 1773, "media_count": 414}, "created_at": "2010-07-02T19:38:09.000Z", "description": "President & Co-Founder @OpenAI", "username": "gdb", "verified": false, "name": "Greg Brockman", "id": "162124540"}, {"location": "Pittsburgh", "public_metrics": {"followers_count": 1553, "following_count": 431, "tweet_count": 988, "listed_count": 23, "like_count": 4037, "media_count": 1}, "created_at": "2011-09-21T22:39:17.000Z", "description": "Chief Scientist @ Conviva, Professor @ Carnegie Mellon.", "username": "vyas_sekar", "verified": false, "name": "vyas sekar", "id": "377659863"}, {"location": "Ann Arbor, MI", "public_metrics": {"followers_count": 9, "following_count": 55, "tweet_count": 24, "listed_count": 0, "like_count": 53, "media_count": 2}, "created_at": "2019-10-30T07:57:27.000Z", "description": "License plate number represents my car\u2019s band preference, not mine", "username": "kevinkwxue", "verified": false, "name": "Kevin Xue", "id": "1189451187902222336"}, {"location": "Atlanta, GA", "public_metrics": {"followers_count": 1, "following_count": 16, "tweet_count": 0, "listed_count": 0, "like_count": 0, "media_count": 0}, "created_at": "2024-09-26T16:54:29.000Z", "description": "1st yr CS (Sys + ML) @ GATech. Math '24 @ Agnes Scott. \ud83c\uddec\ud83c\uddf9 \ud83c\udde7\ud83c\uddea", "username": "DaxDelvira", "verified": false, "name": "Dax Delvira", "id": "1839347518859268096"}, {"location": "Los Angeles, CA", "public_metrics": {"followers_count": 153691, "following_count": 141, "tweet_count": 38114, "listed_count": 2008, "like_count": 22, "media_count": 1829}, "created_at": "2008-01-29T07:56:05.000Z", "description": "Working on a new terminal: Ghostty. \ud83d\udc7b Prev: founded @HashiCorp. Created Vagrant, Terraform, Vault, and others. Vision Jet Pilot. \ud83d\udc68\u200d\u2708\ufe0f", "username": "mitchellh", "verified": false, "name": "Mitchell Hashimoto", "id": "12819682"}, {"location": "Houston", "public_metrics": {"followers_count": 50508, "following_count": 19, "tweet_count": 5601, "listed_count": 1048, "like_count": 17, "media_count": 272}, "created_at": "2010-04-10T13:05:50.000Z", "description": "Tweets on TeX, LaTeX, and typography.  @JohnDCook.", "username": "TeXtip", "verified": false, "name": "TeX and Typography", "id": "131498466"}, {"location": "Views my own. Contact \u2192", "public_metrics": {"followers_count": 336027, "following_count": 3089, "tweet_count": 4023, "listed_count": 5124, "like_count": 8544, "media_count": 836}, "created_at": "2012-12-12T22:11:27.000Z", "description": "NVIDIA Director of Robotics & Distinguished Scientist. Co-Lead of GEAR lab. Solving Physical AGI, one motor at a time. Stanford Ph.D. OpenAI's 1st intern.", "username": "DrJimFan", "verified": false, "name": "Jim Fan", "pinned_tweet_id": "1944443447953498285", "id": "1007413134"}, {"location": "Ann Arbor", "public_metrics": {"followers_count": 71, "following_count": 170, "tweet_count": 25, "listed_count": 1, "like_count": 34, "media_count": 4}, "created_at": "2024-02-13T06:53:13.000Z", "description": "CSE Ph.D. at UMich | Interested in Reasoning", "username": "o_cube01", "verified": false, "name": "Ayoung Lee @ NeurIPS 2025", "id": "1757296794810437632"}, {"location": "Foster City, CA", "public_metrics": {"followers_count": 245, "following_count": 351, "tweet_count": 145, "listed_count": 2, "like_count": 527, "media_count": 19}, "created_at": "2022-03-20T20:03:52.000Z", "description": "PhD student at @BerkeleySky working on AI Systems. alumni @uchicago, @lmcache", "username": "lihanc02", "verified": false, "name": "Hanchen Li", "id": "1505636213499256834"}, {"location": "Ann Arbor", "public_metrics": {"followers_count": 88, "following_count": 622, "tweet_count": 76, "listed_count": 0, "like_count": 904, "media_count": 8}, "created_at": "2021-06-04T12:02:45.000Z", "description": "MLsys, undergrad@HUST, PhD stu@UMich", "username": "lry89757", "verified": false, "name": "Runyu Lu", "id": "1400785004020473857"}, {"location": "Madison, WI", "public_metrics": {"followers_count": 89, "following_count": 562, "tweet_count": 27, "listed_count": 0, "like_count": 201, "media_count": 3}, "created_at": "2023-10-31T06:49:42.000Z", "description": "CS Ph.D. student @UWMadison, intern @AdobeResearch; foundation models | prev. intern: @Krafton_AI", "username": "_jadenpark", "verified": false, "name": "Jaden Park", "pinned_tweet_id": "1986897925163700685", "id": "1719245195181772801"}, {"location": "San Francisco, CA", "public_metrics": {"followers_count": 1488, "following_count": 1634, "tweet_count": 77, "listed_count": 7, "like_count": 27581, "media_count": 1}, "created_at": "2021-12-24T18:50:02.000Z", "description": "Inference @PrimeIntellect, prev @togethercompute, @AmazonScience, @uwaterloo", "username": "Ameen_ml", "verified": false, "name": "Ameen Patel", "id": "1474452222729539587"}, {"location": "Austin, TX", "public_metrics": {"followers_count": 291, "following_count": 5, "tweet_count": 23, "listed_count": 2, "like_count": 15, "media_count": 1}, "created_at": "2020-05-08T02:59:00.000Z", "description": "UTNS Lab @UTCompSci, formerly WISR. Led by @adityaakella, we work on cool, high-impact networked system problems. Visit our website for recent highlights.", "username": "utnslab", "verified": false, "name": "UT Networked Systems", "id": "1258592046316691457"}, {"location": "San Francisco, CA", "public_metrics": {"followers_count": 41252, "following_count": 120, "tweet_count": 1045, "listed_count": 581, "like_count": 708, "media_count": 337}, "created_at": "2020-12-07T02:30:00.000Z", "description": "We remove the barriers to state-of-the-art generative AI model development and make data + AI available to all.", "username": "DbrxMosaicAI", "verified": true, "name": "Databricks Mosaic Research", "id": "1335773237683240960"}, {"public_metrics": {"followers_count": 156, "following_count": 852, "tweet_count": 4051, "listed_count": 5, "like_count": 3468, "media_count": 162}, "created_at": "2013-11-28T21:10:28.000Z", "description": "ML Engineering @ https://t.co/GAoUONMvtP", "username": "Tundjii", "verified": false, "name": "Amine Saboni", "id": "2220357006"}, {"public_metrics": {"followers_count": 767, "following_count": 251, "tweet_count": 281, "listed_count": 8, "like_count": 1013, "media_count": 5}, "created_at": "2024-04-28T20:27:43.000Z", "description": "", "username": "PytorchToAtoms", "verified": false, "name": "pytorch to atoms", "id": "1784680881996640256"}, {"location": "Supercomputer", "public_metrics": {"followers_count": 470453, "following_count": 192, "tweet_count": 258, "listed_count": 2516, "like_count": 746, "media_count": 37}, "created_at": "2023-10-18T00:27:53.000Z", "description": "friendly robot", "username": "ChatGPTapp", "verified": true, "name": "ChatGPT", "id": "1714438092655149056"}, {"location": "Nanaimo, BC, Canada", "public_metrics": {"followers_count": 9936, "following_count": 301, "tweet_count": 2603, "listed_count": 202, "like_count": 2783, "media_count": 267}, "created_at": "2018-11-30T04:28:00.000Z", "description": "Toolmaker. Software creator, optimizer and harmonizer. \n\nMakes ML systems work and fly @ Snowflake.", "username": "StasBekman", "verified": false, "name": "Stas Bekman", "id": "1068360975898660864"}, {"public_metrics": {"followers_count": 81, "following_count": 363, "tweet_count": 89, "listed_count": 1, "like_count": 430, "media_count": 14}, "created_at": "2018-11-20T14:38:04.000Z", "description": "PhD student @Purdue. Budding computer architect. Looking for new platforms to learn more about the system and software world.", "username": "tanvishares", "verified": false, "name": "Tanvi", "id": "1064890625160605696"}, {"public_metrics": {"followers_count": 44, "following_count": 228, "tweet_count": 13, "listed_count": 0, "like_count": 81, "media_count": 1}, "created_at": "2022-11-09T20:14:24.000Z", "description": "i am jack's leaky enclave", "username": "ChuqiZhang99", "verified": false, "name": "Chuqi Zhang", "id": "1590437647691894784"}, {"location": "Minnesota, USA", "public_metrics": {"followers_count": 227, "following_count": 4415, "tweet_count": 543, "listed_count": 8, "like_count": 2823, "media_count": 32}, "created_at": "2009-03-28T13:21:32.000Z", "description": "Software Engineer @IBM\n\nWorking on cloud native and opensource stuff.", "username": "jeyaramashok", "verified": false, "name": "Jeyaram Ashok", "id": "27226280"}, {"location": "Maryland, USA", "public_metrics": {"followers_count": 269, "following_count": 471, "tweet_count": 13, "listed_count": 2, "like_count": 143, "media_count": 2}, "created_at": "2020-12-24T14:13:50.000Z", "description": "CS PhD student @umdcs", "username": "zeying_zhu", "verified": false, "name": "Zeying Zhu", "pinned_tweet_id": "1962625554667929971", "id": "1342111201573007361"}, {"location": "Dallas, TX", "public_metrics": {"followers_count": 935, "following_count": 1016, "tweet_count": 359, "listed_count": 5, "like_count": 10379, "media_count": 7}, "created_at": "2021-10-07T16:21:28.000Z", "description": "Distributed (Database) Systems @TigerBeetleDB \u2014 the financial transactions database designed to power the next 30 years of transaction processing.", "username": "chaitybhandari", "verified": false, "name": "Chaitanya Bhandari", "pinned_tweet_id": "1803963952499421278", "id": "1446148639814926341"}, {"location": "GR", "public_metrics": {"followers_count": 331, "following_count": 1886, "tweet_count": 506, "listed_count": 6, "like_count": 1658, "media_count": 6}, "created_at": "2011-02-27T18:32:33.000Z", "description": "writing segfaulting code\nPhD@CSLab NTUA\nhttps://t.co/cFXtf8RKvQ", "username": "ps0mas", "verified": false, "name": "Stratos Psomadakis", "id": "258435696"}, {"location": "bay area", "public_metrics": {"followers_count": 962, "following_count": 648, "tweet_count": 144, "listed_count": 17, "like_count": 3991, "media_count": 13}, "created_at": "2020-05-03T08:19:16.000Z", "description": "", "username": "ezhang887", "verified": false, "name": "Eric Zhang", "id": "1256860807620526080"}, {"public_metrics": {"followers_count": 99, "following_count": 2465, "tweet_count": 27, "listed_count": 1, "like_count": 94, "media_count": 0}, "created_at": "2022-04-17T04:03:55.000Z", "description": "eecs graduate student @ICT_UCAS", "username": "lenard_xu", "verified": false, "name": "lennard", "id": "1515541232239349765"}, {"public_metrics": {"followers_count": 27, "following_count": 180, "tweet_count": 49, "listed_count": 0, "like_count": 469, "media_count": 1}, "created_at": "2021-08-12T20:37:09.000Z", "description": "", "username": "DedongX", "verified": false, "name": "Dedong Xie", "id": "1425919207934468096"}, {"location": "Austin, TX", "public_metrics": {"followers_count": 233, "following_count": 406, "tweet_count": 319, "listed_count": 0, "like_count": 3253, "media_count": 11}, "created_at": "2017-06-01T17:38:57.000Z", "description": "PhD @UTCompSci | Researcher @utnslab @ldosexpedition | Previously CSE @iitdelhi", "username": "divytweet", "verified": false, "name": "Divyanshu Saxena", "id": "870333862332649472"}, {"public_metrics": {"followers_count": 242, "following_count": 975, "tweet_count": 125, "listed_count": 5, "like_count": 2027, "media_count": 6}, "created_at": "2018-12-05T20:42:41.000Z", "description": "PhD Student @Columbia and Student Researcher @google - Computer systems and eBPF Prev. Software Engineer @Arrikto. Open source @kubeflow, @rook_io, @ScyllaDB.", "username": "yanniszark", "verified": false, "name": "Yannis Zarkadas", "id": "1070418203405418496"}, {"public_metrics": {"followers_count": 1025, "following_count": 1167, "tweet_count": 342, "listed_count": 3, "like_count": 1480, "media_count": 5}, "created_at": "2010-09-19T18:28:51.000Z", "description": "Assistant Prof. @ColumbiaCompSci working on Systems + Agents. Former Google, @Stanford. Athenian.", "username": "kkaffes", "verified": false, "name": "Kostis Kaffes", "id": "192632352"}, {"location": "CA", "public_metrics": {"followers_count": 874, "following_count": 464, "tweet_count": 150, "listed_count": 15, "like_count": 459, "media_count": 3}, "created_at": "2019-07-26T16:56:25.000Z", "description": "Inference @xai, PhD @WisconsinCS. Prev: Google, USTC.\nMachine Learning Systems, Distributed Systems. Tweets are my own.", "username": "flyflyf04862062", "verified": false, "name": "Kan Wu", "id": "1154797632474116096"}, {"location": "Urbana, IL", "public_metrics": {"followers_count": 173, "following_count": 939, "tweet_count": 245, "listed_count": 0, "like_count": 1451, "media_count": 35}, "created_at": "2022-11-17T11:26:33.000Z", "description": "\ud83d\udc18: https://t.co/vVmQgohvkk Proficient in reading zip(1), ln(1), find(1) etc to figure out again their argument order.", "username": "somewentao", "verified": false, "name": "\u2668\ufe0f Wentao Zhang", "pinned_tweet_id": "1593212990853378050", "id": "1593203880313368578"}, {"location": "Palo Alto, CA", "public_metrics": {"followers_count": 736, "following_count": 479, "tweet_count": 57, "listed_count": 5, "like_count": 149, "media_count": 13}, "created_at": "2018-01-26T16:32:02.000Z", "description": "Ph.D. Student @Stanford CS", "username": "Zhiqiang_Xie", "verified": false, "name": "Zhiqiang", "id": "956927720599859200"}, {"location": "Chicago, IL", "public_metrics": {"followers_count": 644, "following_count": 1092, "tweet_count": 90, "listed_count": 5, "like_count": 1693, "media_count": 4}, "created_at": "2018-03-17T08:24:55.000Z", "description": "Ph.D. Candidate @UChicagoCS | Networking, Security, Measurement, ML Systems", "username": "shinan_liu", "verified": false, "name": "Shinan Liu", "id": "974924528265515008"}], "meta": {"result_count": 100, "next_token": "176TB4GFTG91IZZZ"}}