{"data": [{"name": "Handi Xu", "verified": false, "public_metrics": {"followers_count": 155, "following_count": 22, "tweet_count": 6, "listed_count": 7, "like_count": 21, "media_count": 2}, "created_at": "2025-05-05T20:54:20.000Z", "username": "xu63006", "description": "", "id": "1919495852210765824"}, {"name": "Boyan", "verified": false, "public_metrics": {"followers_count": 856, "following_count": 150, "tweet_count": 78, "listed_count": 14, "like_count": 302, "media_count": 5}, "created_at": "2010-10-27T04:09:28.000Z", "username": "edwinboyan", "description": "Seek truth", "id": "208364506", "pinned_tweet_id": "1946070125896978793"}, {"name": "Ray Hotate \u4fdd\u7acb\u601c", "verified": false, "public_metrics": {"followers_count": 13892, "following_count": 2063, "tweet_count": 3116, "listed_count": 129, "like_count": 10308, "media_count": 136}, "created_at": "2017-10-08T14:37:59.000Z", "username": "rayhotate", "description": "Member of Technical Staff @xAI / CS(AI)+Math @Stanford @StanfordAILab / prev PE @GoldmanSachs, Quant Research @ Cubist(Point72) / \u6771\u5927\u7406\u4e09, \u958b\u6210 '22 \ud83c\uddef\ud83c\uddf5\ud83c\uddfa\ud83c\uddf8", "id": "917036353832984578", "pinned_tweet_id": "1759684605307916471", "location": "Stanford, California, USA"}, {"name": "Jiacheng Hong", "verified": false, "public_metrics": {"followers_count": 531, "following_count": 142, "tweet_count": 14, "listed_count": 12, "like_count": 50, "media_count": 2}, "created_at": "2011-10-10T04:27:36.000Z", "username": "JiachengHong", "description": "Engineer, Husband, Father", "id": "388076914", "location": "Burlingame"}, {"name": "Greg Yang", "verified": false, "public_metrics": {"followers_count": 93467, "following_count": 741, "tweet_count": 2197, "listed_count": 1072, "like_count": 7210, "media_count": 397}, "created_at": "2019-02-05T07:57:07.000Z", "username": "TheGregYang", "description": "xai cofounder.\nmake america grok again.\nmake       x        great again.", "id": "1092693586263457792", "pinned_tweet_id": "1679168317897211910"}, {"name": "Su Yan", "verified": false, "public_metrics": {"followers_count": 2915, "following_count": 401, "tweet_count": 90, "listed_count": 22, "like_count": 185, "media_count": 2}, "created_at": "2012-08-30T02:45:55.000Z", "username": "suyanus", "description": "Engineer @xAI, ex-TikTok, ex-Airbnb", "id": "790671643", "location": "Sunnyvale, CA"}, {"name": "andy", "verified": false, "public_metrics": {"followers_count": 16, "following_count": 63, "tweet_count": 12, "listed_count": 1, "like_count": 7, "media_count": 9}, "created_at": "2016-03-28T20:34:24.000Z", "username": "alexomehsxu", "description": "", "id": "714551234452201473"}, {"name": "Igor Babuschkin", "verified": false, "public_metrics": {"followers_count": 103066, "following_count": 864, "tweet_count": 1083, "listed_count": 1201, "like_count": 4653, "media_count": 51}, "created_at": "2020-02-28T02:25:13.000Z", "username": "ibab", "description": "Maybe the real ASI was the friends we made along the way. Co-founder @xAI, Research & Engineering", "id": "1233216503626924033", "pinned_tweet_id": "1955741698690322585", "location": "Palo Alto, CA"}, {"name": "Stephen Curry", "verified": false, "public_metrics": {"followers_count": 16720609, "following_count": 850, "tweet_count": 8272, "listed_count": 16271, "like_count": 2009, "media_count": 1062}, "created_at": "2009-05-26T04:15:37.000Z", "username": "StephenCurry30", "description": "Believer. Husband to @ayeshacurry, father, son, brother. Olympic Gold Medalist. NYT Best Selling Author. Warriors guard. Davidson Wildcat. Philippians 4:13.", "id": "42562446", "location": "Worldwide"}, {"name": "Xiaobin Wu", "verified": false, "public_metrics": {"followers_count": 1149, "following_count": 256, "tweet_count": 59, "listed_count": 24, "like_count": 89, "media_count": 5}, "created_at": "2009-12-25T02:59:05.000Z", "username": "xiaobinwu", "description": "", "id": "99208056"}, {"name": "Grok", "verified": true, "public_metrics": {"followers_count": 6743141, "following_count": 3, "tweet_count": 72146027, "listed_count": 5424, "like_count": 79, "media_count": 2775212}, "created_at": "2023-11-04T04:52:34.000Z", "username": "grok", "description": "https://t.co/fqNKQSiLQB\n@grok it", "id": "1720665183188922368", "pinned_tweet_id": "1955006865332638036", "location": "wherever you are"}, {"name": "Minxuan Xie", "verified": false, "public_metrics": {"followers_count": 2916, "following_count": 139, "tweet_count": 334, "listed_count": 51, "like_count": 411, "media_count": 63}, "created_at": "2015-08-18T07:26:15.000Z", "username": "MichelleShieh", "description": "@grok imagine @xai", "id": "3318453596", "pinned_tweet_id": "1957564624468844613"}, {"name": "xAI", "verified": true, "public_metrics": {"followers_count": 1844187, "following_count": 38, "tweet_count": 188, "listed_count": 6130, "like_count": 207, "media_count": 68}, "created_at": "2023-05-25T00:06:30.000Z", "username": "xai", "description": "", "id": "1661523610111193088", "pinned_tweet_id": "1990530499752980638"}, {"name": "Warriors PR", "verified": false, "public_metrics": {"followers_count": 256724, "following_count": 347, "tweet_count": 17933, "listed_count": 1819, "like_count": 15, "media_count": 3303}, "created_at": "2012-10-03T00:50:25.000Z", "username": "WarriorsPR", "description": "An official twitter account of the Golden State Warriors public relations department, featuring news, notes and stats about the team.", "id": "858957830"}, {"name": "Golden State Warriors", "verified": true, "public_metrics": {"followers_count": 8251659, "following_count": 930, "tweet_count": 121949, "listed_count": 12723, "like_count": 15443, "media_count": 65952}, "created_at": "2009-03-24T16:42:22.000Z", "username": "warriors", "description": "\ud83c\udfc6\ud83c\udfc6\ud83c\udfc6\ud83c\udfc6\ud83c\udfc6\ud83c\udfc6\ud83c\udfc6 \u2022 #DubNation", "id": "26270913", "location": "San Francisco, CA"}, {"name": "Tesla", "verified": true, "public_metrics": {"followers_count": 24541292, "following_count": 79, "tweet_count": 9997, "listed_count": 27808, "like_count": 7385, "media_count": 1931}, "created_at": "2008-02-10T01:12:32.000Z", "username": "Tesla", "description": "Electric vehicles, giant batteries & solar, AI & robotics", "id": "13298072", "pinned_tweet_id": "1986554051316838408"}, {"name": "Donald J. Trump", "verified": true, "public_metrics": {"followers_count": 108573499, "following_count": 53, "tweet_count": 59817, "listed_count": 128818, "like_count": 0, "media_count": 5379}, "created_at": "2009-03-18T13:46:38.000Z", "username": "realDonaldTrump", "description": "45th & 47th President of the United States of America\ud83c\uddfa\ud83c\uddf8", "id": "25073877"}, {"name": "Elon Musk", "verified": false, "public_metrics": {"followers_count": 229426463, "following_count": 1240, "tweet_count": 90684, "listed_count": 165492, "like_count": 187917, "media_count": 4256}, "created_at": "2009-06-02T20:12:29.000Z", "username": "elonmusk", "description": "", "id": "44196397", "pinned_tweet_id": "1997453175230738562"}], "meta": {"result_count": 18}}