{"data": [{"author_id": "1675849051525480448", "edit_history_tweet_ids": ["1996522554971107454"], "created_at": "2025-12-04T10:10:45.000Z", "id": "1996522554971107454", "public_metrics": {"retweet_count": 0, "reply_count": 0, "like_count": 0, "quote_count": 0, "bookmark_count": 0, "impression_count": 24}, "conversation_id": "1993492702537957423", "text": "@TheGregYang hey greg do you think we can get full voice mode on super grok\n\nlike able to use all tools, not just web search\n\nable to look at files\n\nable to refrence the context window properly\n\nable to write in code blocks so i dont have to listen to my math and code section while working"}], "meta": {"newest_id": "1996522554971107454", "oldest_id": "1996522554971107454", "result_count": 1}}