{"data": [{"author_id": "1944399582512758784", "public_metrics": {"retweet_count": 0, "reply_count": 0, "like_count": 0, "quote_count": 0, "bookmark_count": 0, "impression_count": 14}, "id": "1996217557439685016", "edit_history_tweet_ids": ["1996217557439685016"], "created_at": "2025-12-03T13:58:48.000Z", "conversation_id": "1995593108147634500", "text": "@LiangchenLuo https://t.co/bKWL5lJuEl"}, {"author_id": "1506717423709278213", "public_metrics": {"retweet_count": 0, "reply_count": 0, "like_count": 0, "quote_count": 0, "bookmark_count": 0, "impression_count": 29}, "id": "1995939084418908644", "edit_history_tweet_ids": ["1995939084418908644"], "created_at": "2025-12-02T19:32:15.000Z", "conversation_id": "1995593108147634500", "text": "@LiangchenLuo would definitely love to chat about code gen"}, {"author_id": "900040276034674689", "public_metrics": {"retweet_count": 0, "reply_count": 0, "like_count": 1, "quote_count": 0, "bookmark_count": 0, "impression_count": 104}, "id": "1995896861685887114", "edit_history_tweet_ids": ["1995896861685887114"], "created_at": "2025-12-02T16:44:28.000Z", "conversation_id": "1995593108147634500", "text": "@LiangchenLuo Look forward to the talk &amp; panel this Saturday @DL4Code !"}, {"author_id": "1944399582512758784", "public_metrics": {"retweet_count": 0, "reply_count": 0, "like_count": 0, "quote_count": 0, "bookmark_count": 0, "impression_count": 28}, "id": "1995872587990401104", "edit_history_tweet_ids": ["1995872587990401104"], "created_at": "2025-12-02T15:08:01.000Z", "conversation_id": "1995593108147634500", "text": "@LiangchenLuo Hi Liangchen Luo! Engineers and programmers are great. But who should I contact if I want to join xAI as a strategist? X needs a solid strategy to climb from 15th place among social networks to 1st."}, {"author_id": "931209924385710080", "public_metrics": {"retweet_count": 0, "reply_count": 2, "like_count": 3, "quote_count": 0, "bookmark_count": 0, "impression_count": 789}, "id": "1995754829910565251", "edit_history_tweet_ids": ["1995754829910565251"], "created_at": "2025-12-02T07:20:05.000Z", "conversation_id": "1995593108147634500", "text": "Sorry I am a dumb just turned on my DM\ud83d\ude05 there are many coffee chats already, I will try to accommodate as possible"}, {"author_id": "1962061010849697792", "public_metrics": {"retweet_count": 0, "reply_count": 0, "like_count": 0, "quote_count": 0, "bookmark_count": 0, "impression_count": 43}, "id": "1995736014078247335", "edit_history_tweet_ids": ["1995736014078247335"], "created_at": "2025-12-02T06:05:19.000Z", "conversation_id": "1995593108147634500", "text": "@LiangchenLuo Excited to see the xAI team hiring for coding agents."}, {"author_id": "1268337183385096193", "public_metrics": {"retweet_count": 0, "reply_count": 0, "like_count": 0, "quote_count": 0, "bookmark_count": 0, "impression_count": 126}, "id": "1995692430973374711", "edit_history_tweet_ids": ["1995692430973374711"], "created_at": "2025-12-02T03:12:08.000Z", "conversation_id": "1995593108147634500", "text": "@LiangchenLuo would love to learn more about grok code and human data!"}, {"author_id": "634410514", "public_metrics": {"retweet_count": 0, "reply_count": 0, "like_count": 0, "quote_count": 0, "bookmark_count": 0, "impression_count": 73}, "id": "1995683457146782136", "edit_history_tweet_ids": ["1995683457146782136"], "created_at": "2025-12-02T02:36:28.000Z", "conversation_id": "1995593108147634500", "text": "@LiangchenLuo Would like to chat with you, but your DMs are closed."}, {"author_id": "1593989011965616128", "public_metrics": {"retweet_count": 0, "reply_count": 0, "like_count": 0, "quote_count": 0, "bookmark_count": 0, "impression_count": 162}, "id": "1995670875249803610", "edit_history_tweet_ids": ["1995670875249803610"], "created_at": "2025-12-02T01:46:29.000Z", "conversation_id": "1995593108147634500", "text": "@LiangchenLuo Will there a livestream or place watch it after?"}, {"author_id": "909604669126774784", "public_metrics": {"retweet_count": 0, "reply_count": 0, "like_count": 0, "quote_count": 0, "bookmark_count": 0, "impression_count": 224}, "id": "1995670094941405412", "edit_history_tweet_ids": ["1995670094941405412"], "created_at": "2025-12-02T01:43:23.000Z", "conversation_id": "1995593108147634500", "text": "@LiangchenLuo Would be great to chat (though your DMs are closed!)"}, {"author_id": "1560819880005210112", "public_metrics": {"retweet_count": 0, "reply_count": 0, "like_count": 1, "quote_count": 0, "bookmark_count": 0, "impression_count": 118}, "id": "1995658065933455622", "edit_history_tweet_ids": ["1995658065933455622"], "created_at": "2025-12-02T00:55:35.000Z", "conversation_id": "1995593108147634500", "text": "@LiangchenLuo Can you tell us how AI understands the designer's intention and how to re-innovate the design drawings?"}, {"author_id": "1690816581083770880", "public_metrics": {"retweet_count": 0, "reply_count": 0, "like_count": 0, "quote_count": 0, "bookmark_count": 0, "impression_count": 111}, "id": "1995650501946605874", "edit_history_tweet_ids": ["1995650501946605874"], "created_at": "2025-12-02T00:25:31.000Z", "conversation_id": "1995593108147634500", "text": "@LiangchenLuo i got a question can you dm me ?"}], "meta": {"newest_id": "1996217557439685016", "oldest_id": "1995650501946605874", "result_count": 12}}