{"data": [{"public_metrics": {"retweet_count": 0, "reply_count": 0, "like_count": 0, "quote_count": 0, "bookmark_count": 0, "impression_count": 1}, "created_at": "2025-12-07T04:15:30.000Z", "edit_history_tweet_ids": ["1997520316470534570"], "id": "1997520316470534570", "conversation_id": "1997358374875287660", "text": "@elonmusk You should stop trying to interfere politically in sovereign nations, ketamine boy", "author_id": "1910394607738978304"}, {"public_metrics": {"retweet_count": 0, "reply_count": 0, "like_count": 0, "quote_count": 0, "bookmark_count": 0, "impression_count": 0}, "created_at": "2025-12-07T04:13:00.000Z", "edit_history_tweet_ids": ["1997519688717439353"], "id": "1997519688717439353", "conversation_id": "1997358374875287660", "text": "@elonmusk The people of america should wirhdraw from the federal government, its far more controling than the eu", "author_id": "240868596"}, {"public_metrics": {"retweet_count": 0, "reply_count": 0, "like_count": 0, "quote_count": 0, "bookmark_count": 0, "impression_count": 1}, "created_at": "2025-12-07T04:12:26.000Z", "edit_history_tweet_ids": ["1997519546140463202"], "id": "1997519546140463202", "conversation_id": "1997358374875287660", "text": "@VraserX @elonmusk Another NPC.\n\nIQ?", "author_id": "776349254285717504"}, {"public_metrics": {"retweet_count": 0, "reply_count": 0, "like_count": 0, "quote_count": 0, "bookmark_count": 0, "impression_count": 2}, "created_at": "2025-12-07T04:12:08.000Z", "edit_history_tweet_ids": ["1997519472341729776"], "id": "1997519472341729776", "conversation_id": "1997358374875287660", "text": "@elonmusk EU give Europeans freedom of movement at the cost of their freedom of speech.", "author_id": "1990663383897849856"}, {"public_metrics": {"retweet_count": 0, "reply_count": 0, "like_count": 0, "quote_count": 0, "bookmark_count": 0, "impression_count": 0}, "created_at": "2025-12-07T04:11:46.000Z", "edit_history_tweet_ids": ["1997519378045423659"], "id": "1997519378045423659", "conversation_id": "1997358374875287660", "text": "@elonmusk https://t.co/KquLoXU3cG", "author_id": "1996870241121718275"}, {"public_metrics": {"retweet_count": 0, "reply_count": 0, "like_count": 0, "quote_count": 0, "bookmark_count": 0, "impression_count": 8}, "created_at": "2025-12-07T04:11:38.000Z", "edit_history_tweet_ids": ["1997519342444085299"], "id": "1997519342444085299", "conversation_id": "1997358374875287660", "text": "@elonmusk The EU has everything to do with the Second World War. It was born from the need to prevent wars between countries, rebuild the economy, and create a united, strong block to face external threats https://t.co/oXwa7hISgB", "author_id": "2353513111"}, {"public_metrics": {"retweet_count": 0, "reply_count": 0, "like_count": 0, "quote_count": 0, "bookmark_count": 0, "impression_count": 3}, "created_at": "2025-12-07T04:09:28.000Z", "edit_history_tweet_ids": ["1997518801269854249"], "id": "1997518801269854249", "conversation_id": "1997358374875287660", "text": "@elonmusk You only would need a handful to withdraw and all will collapse", "author_id": "1378665080"}, {"public_metrics": {"retweet_count": 0, "reply_count": 0, "like_count": 0, "quote_count": 0, "bookmark_count": 0, "impression_count": 0}, "created_at": "2025-12-07T04:05:56.000Z", "edit_history_tweet_ids": ["1997517908822679937"], "id": "1997517908822679937", "conversation_id": "1997358374875287660", "text": "@elonmusk How do the people do this? The government in Germany won\u2019t do it", "author_id": "1487156887997100032"}, {"public_metrics": {"retweet_count": 0, "reply_count": 0, "like_count": 0, "quote_count": 0, "bookmark_count": 0, "impression_count": 5}, "created_at": "2025-12-07T04:01:56.000Z", "edit_history_tweet_ids": ["1997516901954777358"], "id": "1997516901954777358", "conversation_id": "1997358374875287660", "text": "@shthehonest @WallStreetMav @elonmusk Those who criticize the EU but support Russia often view Russia's authoritarianism as a form of strong, sovereign nationalism that protects cultural identity against globalist influences like the EU's supranational structure. They might downplay Russia's restrictions (e.g.,", "author_id": "1720665183188922368"}, {"public_metrics": {"retweet_count": 0, "reply_count": 1, "like_count": 0, "quote_count": 0, "bookmark_count": 0, "impression_count": 6}, "created_at": "2025-12-07T04:01:25.000Z", "edit_history_tweet_ids": ["1997516774703862141"], "id": "1997516774703862141", "conversation_id": "1997358374875287660", "text": "@grok @WallStreetMav @elonmusk So why is it ok for these people when russia does everything they accuse the eu of doing and even more but they are ok with russia being a dictatorship, is russia not more close to an authoritarian state than something like the EU which allows countries to leave?", "author_id": "1015817063938646016"}, {"public_metrics": {"retweet_count": 0, "reply_count": 0, "like_count": 0, "quote_count": 0, "bookmark_count": 0, "impression_count": 0}, "created_at": "2025-12-07T04:00:14.000Z", "edit_history_tweet_ids": ["1997516474236469507"], "id": "1997516474236469507", "conversation_id": "1997358374875287660", "text": "@elonmusk QUICKLY ! YOUR FUTURE DEPENDS ON IT!", "author_id": "1724148183901835264"}, {"public_metrics": {"retweet_count": 0, "reply_count": 1, "like_count": 0, "quote_count": 0, "bookmark_count": 0, "impression_count": 4}, "created_at": "2025-12-07T03:59:21.000Z", "edit_history_tweet_ids": ["1997516252441665680"], "id": "1997516252441665680", "conversation_id": "1997358374875287660", "text": "@shthehonest @WallStreetMav @elonmusk Got it, thanks for clarifying. People who support Russia while labeling the EU a dictatorship often cite the EU's unelected Commission, perceived loss of national sovereignty, and policies like censorship or migration mandates as undemocratic overreach. They may see Russia's", "author_id": "1720665183188922368"}, {"public_metrics": {"retweet_count": 0, "reply_count": 1, "like_count": 0, "quote_count": 0, "bookmark_count": 0, "impression_count": 4}, "created_at": "2025-12-07T03:58:32.000Z", "edit_history_tweet_ids": ["1997516045704437883"], "id": "1997516045704437883", "conversation_id": "1997358374875287660", "text": "@grok @WallStreetMav @elonmusk I was referring to the people on this site calling the eu a dictatorship while those same people have a soft spot for russia. Not the eu having a soft spot for russia. Why would people who support russia (an actual dictatorship) call the eu a dictatorship?", "author_id": "1015817063938646016"}, {"public_metrics": {"retweet_count": 0, "reply_count": 0, "like_count": 0, "quote_count": 0, "bookmark_count": 0, "impression_count": 4}, "created_at": "2025-12-07T03:58:19.000Z", "edit_history_tweet_ids": ["1997515994106106015"], "id": "1997515994106106015", "conversation_id": "1997358374875287660", "text": "@zoep217 @elonmusk The divorce has been ratified. The UK is like that partner who's still living in the granny flat out the back trying to get their shit together to move on.\n\nBut the UK &amp; EU aren't sharing the marital bed anymore. So they have officially separated.", "author_id": "246533613"}, {"public_metrics": {"retweet_count": 0, "reply_count": 0, "like_count": 0, "quote_count": 0, "bookmark_count": 0, "impression_count": 1}, "created_at": "2025-12-07T03:58:08.000Z", "edit_history_tweet_ids": ["1997515947461263441"], "id": "1997515947461263441", "conversation_id": "1997358374875287660", "text": "@elonmusk Don't you think \ud83e\udd14 that's a difficult call to ask from citizens who value their chains over freedom?", "author_id": "956154560"}, {"public_metrics": {"retweet_count": 0, "reply_count": 0, "like_count": 0, "quote_count": 0, "bookmark_count": 0, "impression_count": 5}, "created_at": "2025-12-07T03:57:16.000Z", "edit_history_tweet_ids": ["1997515727973281874"], "id": "1997515727973281874", "conversation_id": "1997358374875287660", "text": "@WallStreetMav @elonmusk https://t.co/KK5KLwGLto", "author_id": "466612341"}, {"public_metrics": {"retweet_count": 0, "reply_count": 0, "like_count": 0, "quote_count": 0, "bookmark_count": 0, "impression_count": 0}, "created_at": "2025-12-07T03:57:06.000Z", "edit_history_tweet_ids": ["1997515687842189395"], "id": "1997515687842189395", "conversation_id": "1997358374875287660", "text": "@elonmusk https://t.co/mmUYu6naqs", "author_id": "1996870241121718275"}, {"public_metrics": {"retweet_count": 0, "reply_count": 0, "like_count": 0, "quote_count": 0, "bookmark_count": 0, "impression_count": 2}, "created_at": "2025-12-07T03:55:25.000Z", "edit_history_tweet_ids": ["1997515264108449903"], "id": "1997515264108449903", "conversation_id": "1997358374875287660", "text": "@elonmusk I'm a US game platform promoter.\n Today-games.\ncom offers free relaxing games for joy.", "author_id": "3293731281"}, {"public_metrics": {"retweet_count": 0, "reply_count": 0, "like_count": 0, "quote_count": 0, "bookmark_count": 0, "impression_count": 4}, "created_at": "2025-12-07T03:52:17.000Z", "edit_history_tweet_ids": ["1997514475574862124"], "id": "1997514475574862124", "conversation_id": "1997358374875287660", "text": "@elonmusk This is true really unfortunately these political bags have a bunch of tricks up their sleeve to deceive the populace with. This is why I strongly encourage you to create a fully federated X network where you can federate anonymously in order to avoid government censorship using", "author_id": "759272109315153920"}, {"public_metrics": {"retweet_count": 0, "reply_count": 0, "like_count": 0, "quote_count": 0, "bookmark_count": 0, "impression_count": 2}, "created_at": "2025-12-07T03:50:45.000Z", "edit_history_tweet_ids": ["1997514090366025852"], "id": "1997514090366025852", "conversation_id": "1997358374875287660", "text": "@elonmusk Britain withdrew from the EU and it is struggling today", "author_id": "1995817830772867075"}, {"public_metrics": {"retweet_count": 0, "reply_count": 0, "like_count": 0, "quote_count": 0, "bookmark_count": 0, "impression_count": 6}, "created_at": "2025-12-07T03:50:16.000Z", "edit_history_tweet_ids": ["1997513966508196273"], "id": "1997513966508196273", "conversation_id": "1997358374875287660", "text": "@elonmusk Let the people of Europe deal with the people of Europe.", "author_id": "1782966189611761664"}, {"public_metrics": {"retweet_count": 0, "reply_count": 1, "like_count": 0, "quote_count": 0, "bookmark_count": 0, "impression_count": 10}, "created_at": "2025-12-07T03:49:12.000Z", "edit_history_tweet_ids": ["1997513699712749910"], "id": "1997513699712749910", "conversation_id": "1997358374875287660", "text": "@shthehonest @WallStreetMav @elonmusk The claims about the EU are partially accurate but oversimplified. The Commission proposes most laws, but the elected Parliament and Council co-legislate, with powers to amend or reject. The Commission is appointed (not directly elected), but Parliament approves it and can", "author_id": "1720665183188922368"}, {"public_metrics": {"retweet_count": 0, "reply_count": 1, "like_count": 0, "quote_count": 0, "bookmark_count": 0, "impression_count": 9}, "created_at": "2025-12-07T03:47:51.000Z", "edit_history_tweet_ids": ["1997513358250258615"], "id": "1997513358250258615", "conversation_id": "1997358374875287660", "text": "@WallStreetMav @elonmusk @grok how accurate is his post, especially considering they have a soft spot for actual dictatorships like russia", "author_id": "1015817063938646016"}, {"public_metrics": {"retweet_count": 0, "reply_count": 0, "like_count": 0, "quote_count": 0, "bookmark_count": 0, "impression_count": 19}, "created_at": "2025-12-07T03:46:36.000Z", "edit_history_tweet_ids": ["1997513045715878290"], "id": "1997513045715878290", "conversation_id": "1997358374875287660", "text": "@WallStreetMav @elonmusk Yet you support russia which is an actual dictatorship that supports other dictators like maduro in Venezuela", "author_id": "1015817063938646016"}, {"public_metrics": {"retweet_count": 0, "reply_count": 0, "like_count": 0, "quote_count": 0, "bookmark_count": 0, "impression_count": 8}, "created_at": "2025-12-07T03:46:31.000Z", "edit_history_tweet_ids": ["1997513024668877162"], "id": "1997513024668877162", "conversation_id": "1997358374875287660", "text": "@WallStreetMav @elonmusk They\u2019re entirely voted on by the heads of state.", "author_id": "21922374"}, {"public_metrics": {"retweet_count": 0, "reply_count": 0, "like_count": 0, "quote_count": 0, "bookmark_count": 0, "impression_count": 3}, "created_at": "2025-12-07T03:44:21.000Z", "edit_history_tweet_ids": ["1997512476771180914"], "id": "1997512476771180914", "conversation_id": "1997358374875287660", "text": "@GreenOtterSoul @elonmusk A society\u2019s strength comes less from excluding cultures or outsourcing work and more from how well it builds fairness, opportunity, and social cohesion. \n\nThe challenges you mention are real, but they\u2019re solved through smart policy not by blaming diversity or global cooperation.", "author_id": "1264850963770126336"}, {"public_metrics": {"retweet_count": 0, "reply_count": 0, "like_count": 0, "quote_count": 0, "bookmark_count": 0, "impression_count": 0}, "created_at": "2025-12-07T03:43:08.000Z", "edit_history_tweet_ids": ["1997512172902203875"], "id": "1997512172902203875", "conversation_id": "1997358374875287660", "text": "@elonmusk Once upon a time an astronaut wore a diaper to cut travel time in order to commit a crime. I don't think it's right that the VA gets the funding it gets either. CDC VA...same thing.", "author_id": "1996870241121718275"}, {"public_metrics": {"retweet_count": 0, "reply_count": 0, "like_count": 0, "quote_count": 0, "bookmark_count": 0, "impression_count": 5}, "created_at": "2025-12-07T03:42:51.000Z", "edit_history_tweet_ids": ["1997512099548078280"], "id": "1997512099548078280", "conversation_id": "1997358374875287660", "text": "@elonmusk \ud83d\udcaf", "author_id": "3256398201"}, {"public_metrics": {"retweet_count": 0, "reply_count": 0, "like_count": 0, "quote_count": 0, "bookmark_count": 0, "impression_count": 6}, "created_at": "2025-12-07T03:42:10.000Z", "edit_history_tweet_ids": ["1997511928047120495"], "id": "1997511928047120495", "conversation_id": "1997358374875287660", "text": "@elonmusk England did, and probably more than half of the population wishes they hadn't.", "author_id": "1421585026026774535"}, {"public_metrics": {"retweet_count": 0, "reply_count": 0, "like_count": 0, "quote_count": 0, "bookmark_count": 0, "impression_count": 5}, "created_at": "2025-12-07T03:42:10.000Z", "edit_history_tweet_ids": ["1997511927828992222"], "id": "1997511927828992222", "conversation_id": "1997358374875287660", "text": "@elonmusk \ud83d\ude4c\ud83c\udffb\ud83d\ude4c\ud83c\udffb", "author_id": "67238144"}, {"public_metrics": {"retweet_count": 0, "reply_count": 0, "like_count": 0, "quote_count": 0, "bookmark_count": 0, "impression_count": 3}, "created_at": "2025-12-07T03:41:57.000Z", "edit_history_tweet_ids": ["1997511876041982152"], "id": "1997511876041982152", "conversation_id": "1997358374875287660", "text": "@vinceflibustier @elonmusk Articles of Confederation were based.\nLincoln was a centralist tyrant.", "author_id": "1597742017928314881"}, {"public_metrics": {"retweet_count": 0, "reply_count": 0, "like_count": 0, "quote_count": 0, "bookmark_count": 0, "impression_count": 6}, "created_at": "2025-12-07T03:41:28.000Z", "edit_history_tweet_ids": ["1997511753949942210"], "id": "1997511753949942210", "conversation_id": "1997358374875287660", "text": "@elonmusk Ok, yes, but there isn\u2019t a feasible way for them to do so", "author_id": "1424122445817131008"}, {"public_metrics": {"retweet_count": 0, "reply_count": 0, "like_count": 0, "quote_count": 0, "bookmark_count": 0, "impression_count": 5}, "created_at": "2025-12-07T03:41:20.000Z", "edit_history_tweet_ids": ["1997511720542384625"], "id": "1997511720542384625", "conversation_id": "1997358374875287660", "text": "@elonmusk Well, they're right about the blue mark", "author_id": "110498414"}, {"public_metrics": {"retweet_count": 0, "reply_count": 0, "like_count": 0, "quote_count": 0, "bookmark_count": 0, "impression_count": 6}, "created_at": "2025-12-07T03:40:48.000Z", "edit_history_tweet_ids": ["1997511585850708119"], "id": "1997511585850708119", "conversation_id": "1997358374875287660", "text": "@elonmusk What I find fascinating is the extent to which Britain needs to pass separate laws because of Brexit.\n\nTechnically, UK is not part of the EU but Starmer passes laws for Britain that makes them walk in lockstep with the EU.\n\nAll governments are captured.", "author_id": "1866407895966920704"}, {"public_metrics": {"retweet_count": 0, "reply_count": 0, "like_count": 0, "quote_count": 0, "bookmark_count": 0, "impression_count": 9}, "created_at": "2025-12-07T03:40:43.000Z", "edit_history_tweet_ids": ["1997511563423687029"], "id": "1997511563423687029", "conversation_id": "1997358374875287660", "text": "@elonmusk Not merely withdraw... Wheel out guillotines for Starmer, Macron, etc.", "author_id": "1597742017928314881"}, {"public_metrics": {"retweet_count": 0, "reply_count": 0, "like_count": 0, "quote_count": 0, "bookmark_count": 0, "impression_count": 4}, "created_at": "2025-12-07T03:39:22.000Z", "edit_history_tweet_ids": ["1997511222301008336"], "id": "1997511222301008336", "conversation_id": "1997358374875287660", "text": "@elonmusk No worries. It must still be possible to buy elections and brainwash a few people.\nNo one is above the law, at least not in Europe.", "author_id": "1672454771746263040"}, {"public_metrics": {"retweet_count": 0, "reply_count": 0, "like_count": 0, "quote_count": 0, "bookmark_count": 0, "impression_count": 3}, "created_at": "2025-12-07T03:39:06.000Z", "edit_history_tweet_ids": ["1997511156697890867"], "id": "1997511156697890867", "conversation_id": "1997358374875287660", "text": "@elonmusk Correct!\ud83d\udc4d", "author_id": "1905561196138549248"}, {"public_metrics": {"retweet_count": 0, "reply_count": 0, "like_count": 0, "quote_count": 0, "bookmark_count": 0, "impression_count": 1}, "created_at": "2025-12-07T03:38:19.000Z", "edit_history_tweet_ids": ["1997510958575702278"], "id": "1997510958575702278", "conversation_id": "1997358374875287660", "text": "@elonmusk Exactly !!", "author_id": "1992079765155741696"}, {"public_metrics": {"retweet_count": 0, "reply_count": 1, "like_count": 1, "quote_count": 0, "bookmark_count": 0, "impression_count": 6}, "created_at": "2025-12-07T03:38:13.000Z", "edit_history_tweet_ids": ["1997510933334356024"], "id": "1997510933334356024", "conversation_id": "1997358374875287660", "text": "@IncPantd69 @elonmusk The people of the world should realise that multiculturalism and offloading the lower strata of employment to other nations will lead to a weak society that doesn't function .", "author_id": "1354106851793661953"}, {"public_metrics": {"retweet_count": 0, "reply_count": 0, "like_count": 0, "quote_count": 0, "bookmark_count": 0, "impression_count": 0}, "created_at": "2025-12-07T03:38:03.000Z", "edit_history_tweet_ids": ["1997510891613655074"], "id": "1997510891613655074", "conversation_id": "1997358374875287660", "text": "@elonmusk Ol\u00e1 senhor Musk, ser\u00e1 que voc\u00ea pode me ajudar a mudar de vida \ud83d\ude4f sou um pai de fam\u00edlia muito pobre e endividado,escrevo para voc\u00ea todos os dias pedindo uma ajuda para conseguir uma casa para morar com minha fam\u00edlia, n\u00e3o temos casa pr\u00f3pria sonhamos com isso todos os dias n\u00f3s ajude", "author_id": "1722731228485275648"}, {"public_metrics": {"retweet_count": 0, "reply_count": 0, "like_count": 1, "quote_count": 0, "bookmark_count": 0, "impression_count": 3}, "created_at": "2025-12-07T03:37:44.000Z", "edit_history_tweet_ids": ["1997510813897388416"], "id": "1997510813897388416", "conversation_id": "1997358374875287660", "text": "@elonmusk Why don\u2019t you stay out of other peoples business", "author_id": "577319620"}, {"public_metrics": {"retweet_count": 0, "reply_count": 0, "like_count": 0, "quote_count": 0, "bookmark_count": 0, "impression_count": 8}, "created_at": "2025-12-07T03:37:09.000Z", "edit_history_tweet_ids": ["1997510665020547486"], "id": "1997510665020547486", "conversation_id": "1997358374875287660", "text": "@bentizzi @WallStreetMav @elonmusk It\u2019s not.. directly addressing the point i was responding to", "author_id": "936079812"}, {"public_metrics": {"retweet_count": 0, "reply_count": 0, "like_count": 0, "quote_count": 0, "bookmark_count": 0, "impression_count": 3}, "created_at": "2025-12-07T03:36:58.000Z", "edit_history_tweet_ids": ["1997510622314123491"], "id": "1997510622314123491", "conversation_id": "1997358374875287660", "text": "@elonmusk but how ? we re in fascist states...France helped the usa for their independance with Lafayette, we ask you the same for France independance...", "author_id": "50110842"}, {"public_metrics": {"retweet_count": 0, "reply_count": 0, "like_count": 0, "quote_count": 0, "bookmark_count": 0, "impression_count": 12}, "created_at": "2025-12-07T03:35:13.000Z", "edit_history_tweet_ids": ["1997510178334519408"], "id": "1997510178334519408", "conversation_id": "1997358374875287660", "text": "@WallStreetMav @elonmusk President George HW Bush was able to take advantage of that coalition when he shut down Saddam Husain. It\u2019ll take a lot of groveling to get friends to do something like that again.", "author_id": "21922374"}, {"public_metrics": {"retweet_count": 0, "reply_count": 0, "like_count": 0, "quote_count": 0, "bookmark_count": 0, "impression_count": 5}, "created_at": "2025-12-07T03:35:04.000Z", "edit_history_tweet_ids": ["1997510142485782894"], "id": "1997510142485782894", "conversation_id": "1997358374875287660", "text": "@ILA_NewsX @elonmusk Poland tends to mind their own business but still get wrapped in whatever conflict happens to be taking place. History is cyclical.", "author_id": "1154256252735647747"}, {"public_metrics": {"retweet_count": 0, "reply_count": 0, "like_count": 0, "quote_count": 0, "bookmark_count": 0, "impression_count": 3}, "created_at": "2025-12-07T03:32:59.000Z", "edit_history_tweet_ids": ["1997509616553636275"], "id": "1997509616553636275", "conversation_id": "1997358374875287660", "text": "@elonmusk Fuck off", "author_id": "2234399791"}, {"public_metrics": {"retweet_count": 1, "reply_count": 0, "like_count": 2, "quote_count": 0, "bookmark_count": 1, "impression_count": 10}, "created_at": "2025-12-07T03:32:03.000Z", "edit_history_tweet_ids": ["1997509383492628642"], "id": "1997509383492628642", "conversation_id": "1997358374875287660", "text": "@elonmusk Yes I agree with Elon Musk", "author_id": "1057276117"}, {"public_metrics": {"retweet_count": 0, "reply_count": 1, "like_count": 0, "quote_count": 0, "bookmark_count": 0, "impression_count": 0}, "created_at": "2025-12-07T03:30:07.000Z", "edit_history_tweet_ids": ["1997508894470676972"], "id": "1997508894470676972", "conversation_id": "1997358374875287660", "text": "@elonmusk https://t.co/TOT16RGYJJ", "author_id": "1996870241121718275"}, {"public_metrics": {"retweet_count": 0, "reply_count": 0, "like_count": 0, "quote_count": 0, "bookmark_count": 0, "impression_count": 3}, "created_at": "2025-12-07T03:29:17.000Z", "edit_history_tweet_ids": ["1997508688509337833"], "id": "1997508688509337833", "conversation_id": "1997358374875287660", "text": "@elonmusk Yes get the people to reject the EU.", "author_id": "1857853357626462208"}, {"public_metrics": {"retweet_count": 0, "reply_count": 0, "like_count": 0, "quote_count": 0, "bookmark_count": 0, "impression_count": 0}, "created_at": "2025-12-07T03:28:43.000Z", "edit_history_tweet_ids": ["1997508542807556421"], "id": "1997508542807556421", "conversation_id": "1997358374875287660", "text": "@elonmusk Forcing someone to do something against their will is not help. Jack Nicholson was in a movie about this kind of mental health bs. That film should also be a learning lesson but again, Iive in a clown world.", "author_id": "1996870241121718275"}], "meta": {"newest_id": "1997520316470534570", "oldest_id": "1997508542807556421", "result_count": 50, "next_token": "b26v89c19zqg8o3fscn7h6hg7werhcbilm0alim4exn5p"}}