{"data": [{"created_at": "2025-12-07T04:16:16.000Z", "conversation_id": "1997279325876367719", "id": "1997520510524256324", "edit_history_tweet_ids": ["1997520510524256324"], "public_metrics": {"retweet_count": 0, "reply_count": 0, "like_count": 0, "quote_count": 0, "bookmark_count": 0, "impression_count": 1}, "text": "@elonmusk Thanks mister Elon Musk", "author_id": "2864280745"}, {"created_at": "2025-12-07T04:15:53.000Z", "conversation_id": "1997279325876367719", "id": "1997520413707125237", "edit_history_tweet_ids": ["1997520413707125237"], "public_metrics": {"retweet_count": 0, "reply_count": 0, "like_count": 0, "quote_count": 0, "bookmark_count": 0, "impression_count": 1}, "text": "@Wunderwuzzi007 @ChrisLandauUSA @elonmusk Yes", "author_id": "1984717049244078080"}, {"created_at": "2025-12-07T04:15:49.000Z", "conversation_id": "1997279325876367719", "id": "1997520395860402645", "edit_history_tweet_ids": ["1997520395860402645"], "public_metrics": {"retweet_count": 1, "reply_count": 0, "like_count": 1, "quote_count": 0, "bookmark_count": 0, "impression_count": 1}, "text": "@elonmusk Aren't you supposed to be focusing on growing Tesla in order to satisfy your utterly gargantuan pay package?  If you keep tweeting about politics, you are not focusing on executing what your shareholders want you to do.", "author_id": "70552881"}, {"created_at": "2025-12-07T04:15:23.000Z", "conversation_id": "1997279325876367719", "id": "1997520289861869760", "edit_history_tweet_ids": ["1997520289861869760"], "public_metrics": {"retweet_count": 1, "reply_count": 0, "like_count": 0, "quote_count": 0, "bookmark_count": 0, "impression_count": 3}, "text": "@elonmusk That's how we ended up with WWI &amp; WWII. The EU is the best thing for Europe and the rest of the World.", "author_id": "1896377058638376960"}, {"created_at": "2025-12-07T04:15:02.000Z", "conversation_id": "1997279325876367719", "id": "1997520201286594599", "edit_history_tweet_ids": ["1997520201286594599"], "public_metrics": {"retweet_count": 0, "reply_count": 0, "like_count": 0, "quote_count": 0, "bookmark_count": 0, "impression_count": 1}, "text": "@trustno168 @VosgesRenard @ame_ism @elonmusk Je n'ai pas connaissance d'une censure syst\u00e9matique des vid\u00e9os du Pr. Jeffrey Sachs en France. Mes recherches ne r\u00e9v\u00e8lent pas d'\u00e9v\u00e9nements confirm\u00e9s de ce type. Pouvez-vous partager des exemples ou liens sp\u00e9cifiques pour que j'enqu\u00eate plus en profondeur ?", "author_id": "1720665183188922368"}, {"created_at": "2025-12-07T04:14:59.000Z", "conversation_id": "1997279325876367719", "id": "1997520186426163355", "edit_history_tweet_ids": ["1997520186426163355"], "public_metrics": {"retweet_count": 0, "reply_count": 0, "like_count": 0, "quote_count": 0, "bookmark_count": 0, "impression_count": 0}, "text": "@elonmusk This will make Russia attack all small countries and they literally don\u2019t have an army to defend their nation too\u2639\ufe0f\n\nArmy should be common otherwise anyone can attack any country and exploit the spoils \ud83d\ude2d", "author_id": "56059895"}, {"created_at": "2025-12-07T04:14:45.000Z", "conversation_id": "1997279325876367719", "id": "1997520126825107472", "edit_history_tweet_ids": ["1997520126825107472"], "public_metrics": {"retweet_count": 0, "reply_count": 0, "like_count": 0, "quote_count": 0, "bookmark_count": 0, "impression_count": 0}, "text": "@elonmusk You should be deported\u2026f**k off.", "author_id": "1936122387894050816"}, {"created_at": "2025-12-07T04:14:28.000Z", "conversation_id": "1997279325876367719", "id": "1997520056763494497", "edit_history_tweet_ids": ["1997520056763494497"], "public_metrics": {"retweet_count": 0, "reply_count": 1, "like_count": 0, "quote_count": 0, "bookmark_count": 0, "impression_count": 1}, "text": "@grok @VosgesRenard @ame_ism @elonmusk Il y a une censure active en France. Certains vid\u00e9os du professeur Sachs sont syst\u00e9matiquement refus\u00e9es de publication", "author_id": "4052268682"}, {"created_at": "2025-12-07T04:14:24.000Z", "conversation_id": "1997279325876367719", "id": "1997520042611851481", "edit_history_tweet_ids": ["1997520042611851481"], "public_metrics": {"retweet_count": 0, "reply_count": 0, "like_count": 0, "quote_count": 0, "bookmark_count": 0, "impression_count": 3}, "text": "@elonmusk Interesting game what if a foreigner claims something like : \n\nCalifornia deserves freedom. Sovereignty now.\n\n??", "author_id": "1190347287786131457"}, {"created_at": "2025-12-07T04:14:21.000Z", "conversation_id": "1997279325876367719", "id": "1997520029156524205", "edit_history_tweet_ids": ["1997520029156524205"], "public_metrics": {"retweet_count": 0, "reply_count": 0, "like_count": 0, "quote_count": 0, "bookmark_count": 0, "impression_count": 1}, "text": "@TheGlobal_Index @elonmusk The EU in Brussels, a Nazi-communist criminal organization, must be buried like the EBC and with all its national accomplices", "author_id": "1478876625328558081"}, {"created_at": "2025-12-07T04:14:20.000Z", "conversation_id": "1997279325876367719", "id": "1997520025897554303", "edit_history_tweet_ids": ["1997520025897554303"], "public_metrics": {"retweet_count": 0, "reply_count": 0, "like_count": 0, "quote_count": 0, "bookmark_count": 0, "impression_count": 3}, "text": "@elonmusk Follow me on this....\n\nSHOULDN'T EUROPEANS MAKE THAT DECISION?\n\nAs a matter of fact, THEY DID DECIDE!\n\nThe United States should limit the amount that billionaires can contribute to candidates and PACs so that the government can better represent the people. https://t.co/er0Za5QJoc", "author_id": "84294254"}, {"created_at": "2025-12-07T04:14:13.000Z", "conversation_id": "1997279325876367719", "id": "1997519993425350831", "edit_history_tweet_ids": ["1997519993425350831"], "public_metrics": {"retweet_count": 0, "reply_count": 0, "like_count": 0, "quote_count": 0, "bookmark_count": 0, "impression_count": 1}, "text": "@elonmusk The European people are also more powerful being part of an empire, rather than part of a small nation... It just has to be led by the right people.", "author_id": "51748665"}, {"created_at": "2025-12-07T04:14:03.000Z", "conversation_id": "1997279325876367719", "id": "1997519953302618575", "edit_history_tweet_ids": ["1997519953302618575"], "public_metrics": {"retweet_count": 0, "reply_count": 0, "like_count": 0, "quote_count": 0, "bookmark_count": 0, "impression_count": 2}, "text": "@publicase @elonmusk EU inapaswa kufutwa na uhuru wa nchi kurudishwa kwa nchi binafsi, ili serikali ziweze kuwawakilisha watu wao vizuri zaidi.", "author_id": "1720665183188922368"}, {"created_at": "2025-12-07T04:13:32.000Z", "conversation_id": "1997279325876367719", "id": "1997519824382279918", "edit_history_tweet_ids": ["1997519824382279918"], "public_metrics": {"retweet_count": 0, "reply_count": 0, "like_count": 0, "quote_count": 0, "bookmark_count": 0, "impression_count": 2}, "text": "@realdanielnita @elonmusk M\u00e2ndru cu tine, c\u0103 sunt rom\u00e2n!", "author_id": "1648719399996489728"}, {"created_at": "2025-12-07T04:13:32.000Z", "conversation_id": "1997279325876367719", "id": "1997519820624199909", "edit_history_tweet_ids": ["1997519820624199909"], "public_metrics": {"retweet_count": 0, "reply_count": 1, "like_count": 0, "quote_count": 0, "bookmark_count": 0, "impression_count": 3}, "text": "@elonmusk @grok naomba uiweke hii kwa kiswahili", "author_id": "1794089977975861249"}, {"created_at": "2025-12-07T04:12:37.000Z", "conversation_id": "1997279325876367719", "id": "1997519590029734312", "edit_history_tweet_ids": ["1997519590029734312"], "public_metrics": {"retweet_count": 0, "reply_count": 0, "like_count": 0, "quote_count": 0, "bookmark_count": 0, "impression_count": 3}, "text": "@GuntherEagleman @elonmusk Isn't \"mind your own business\" a main American motto?", "author_id": "1182430301714337792"}, {"created_at": "2025-12-07T04:12:19.000Z", "conversation_id": "1997279325876367719", "id": "1997519515392082075", "edit_history_tweet_ids": ["1997519515392082075"], "public_metrics": {"retweet_count": 0, "reply_count": 0, "like_count": 0, "quote_count": 0, "bookmark_count": 0, "impression_count": 4}, "text": "@elonmusk Starting with italy.", "author_id": "339679803"}, {"created_at": "2025-12-07T04:12:17.000Z", "conversation_id": "1997279325876367719", "id": "1997519509893361775", "edit_history_tweet_ids": ["1997519509893361775"], "public_metrics": {"retweet_count": 0, "reply_count": 0, "like_count": 0, "quote_count": 0, "bookmark_count": 0, "impression_count": 3}, "text": "@elonmusk You are American!", "author_id": "2315384710"}, {"created_at": "2025-12-07T04:12:11.000Z", "conversation_id": "1997279325876367719", "id": "1997519483146281179", "edit_history_tweet_ids": ["1997519483146281179"], "public_metrics": {"retweet_count": 0, "reply_count": 0, "like_count": 0, "quote_count": 0, "bookmark_count": 0, "impression_count": 4}, "text": "@Matt_VanDyke @elonmusk So what?", "author_id": "1525139152211042305"}, {"created_at": "2025-12-07T04:12:10.000Z", "conversation_id": "1997279325876367719", "id": "1997519477999865866", "edit_history_tweet_ids": ["1997519477999865866"], "public_metrics": {"retweet_count": 0, "reply_count": 0, "like_count": 0, "quote_count": 0, "bookmark_count": 0, "impression_count": 0}, "text": "@elonmusk \ud83d\udc4d\ud83d\udc4d\ud83d\udc4d", "author_id": "1704008401263665152"}, {"created_at": "2025-12-07T04:11:15.000Z", "conversation_id": "1997279325876367719", "id": "1997519248340783379", "edit_history_tweet_ids": ["1997519248340783379"], "public_metrics": {"retweet_count": 0, "reply_count": 0, "like_count": 0, "quote_count": 0, "bookmark_count": 0, "impression_count": 0}, "text": "@elonmusk THX Elon!", "author_id": "1518681141984866304"}, {"created_at": "2025-12-07T04:10:55.000Z", "conversation_id": "1997279325876367719", "id": "1997519165822013828", "edit_history_tweet_ids": ["1997519165822013828"], "public_metrics": {"retweet_count": 0, "reply_count": 0, "like_count": 1, "quote_count": 0, "bookmark_count": 0, "impression_count": 256}, "text": "@michaelmalice @Charalyn0010 @Breal_001 @elonmusk Revealed preferences in economics refer to what people's actions show about their true choices, rather than what they say in surveys or polls. In voting, it means observing how people actually vote (or abstain) reveals their preferences more reliably than stated opinions, as", "author_id": "1720665183188922368"}, {"created_at": "2025-12-07T04:10:51.000Z", "conversation_id": "1997279325876367719", "id": "1997519147073454422", "edit_history_tweet_ids": ["1997519147073454422"], "public_metrics": {"retweet_count": 0, "reply_count": 0, "like_count": 0, "quote_count": 0, "bookmark_count": 0, "impression_count": 1}, "text": "@elonmusk T he US should be abolished and sovereignty returned to individual states, so that governments can better represent their people.", "author_id": "1182430301714337792"}, {"created_at": "2025-12-07T04:10:32.000Z", "conversation_id": "1997279325876367719", "id": "1997519069743022241", "edit_history_tweet_ids": ["1997519069743022241"], "public_metrics": {"retweet_count": 0, "reply_count": 1, "like_count": 2, "quote_count": 0, "bookmark_count": 0, "impression_count": 257}, "text": "@Charalyn0010 @Breal_001 @elonmusk @grok @grok explain to @Charalyn0010 what revealed preferences means with regard to voting", "author_id": "44067298"}, {"created_at": "2025-12-07T04:10:13.000Z", "conversation_id": "1997279325876367719", "id": "1997518988935618574", "edit_history_tweet_ids": ["1997518988935618574"], "public_metrics": {"retweet_count": 0, "reply_count": 0, "like_count": 0, "quote_count": 0, "bookmark_count": 0, "impression_count": 2}, "text": "@basedqueenweiss @vinceflibustier @elonmusk Yeah that\u2019s my main concern in general though with Europe. How do we maintain peace and stability in Europe when there\u2019s so much history and bad blood potentially between nations", "author_id": "1175739448488841221"}, {"created_at": "2025-12-07T04:10:03.000Z", "conversation_id": "1997279325876367719", "id": "1997518944039809433", "edit_history_tweet_ids": ["1997518944039809433"], "public_metrics": {"retweet_count": 0, "reply_count": 0, "like_count": 0, "quote_count": 0, "bookmark_count": 0, "impression_count": 1}, "text": "@elonmusk \ud83d\udcaf this!", "author_id": "1608961366861447168"}, {"created_at": "2025-12-07T04:09:41.000Z", "conversation_id": "1997279325876367719", "id": "1997518854965379356", "edit_history_tweet_ids": ["1997518854965379356"], "public_metrics": {"retweet_count": 0, "reply_count": 0, "like_count": 0, "quote_count": 0, "bookmark_count": 0, "impression_count": 4}, "text": "@Rouminou84 @vinceflibustier @elonmusk In Europe we know where the usa are on a map", "author_id": "742306768139735040"}, {"created_at": "2025-12-07T04:09:40.000Z", "conversation_id": "1997279325876367719", "id": "1997518849764413856", "edit_history_tweet_ids": ["1997518849764413856"], "public_metrics": {"retweet_count": 0, "reply_count": 0, "like_count": 0, "quote_count": 0, "bookmark_count": 0, "impression_count": 4}, "text": "@jerzKwasniewski @elonmusk C**t", "author_id": "1304351294"}, {"created_at": "2025-12-07T04:09:34.000Z", "conversation_id": "1997279325876367719", "id": "1997518823457738886", "edit_history_tweet_ids": ["1997518823457738886"], "public_metrics": {"retweet_count": 0, "reply_count": 1, "like_count": 0, "quote_count": 0, "bookmark_count": 0, "impression_count": 7}, "text": "@elonmusk Europe nation member can use article 50 to leave the union, you can persuade them to leave the union.", "author_id": "339679803"}, {"created_at": "2025-12-07T04:09:10.000Z", "conversation_id": "1997279325876367719", "id": "1997518725210341400", "edit_history_tweet_ids": ["1997518725210341400"], "public_metrics": {"retweet_count": 0, "reply_count": 0, "like_count": 0, "quote_count": 0, "bookmark_count": 0, "impression_count": 0}, "text": "@elonmusk https://t.co/IIr3kI0ObZ", "author_id": "1870622055667752960"}, {"created_at": "2025-12-07T04:08:54.000Z", "conversation_id": "1997279325876367719", "id": "1997518658671980734", "edit_history_tweet_ids": ["1997518658671980734"], "public_metrics": {"retweet_count": 0, "reply_count": 0, "like_count": 0, "quote_count": 0, "bookmark_count": 0, "impression_count": 2}, "text": "@StAlpha1907 @vinceflibustier @elonmusk Confederates did not want Union to dictate the laws the southern states had to follow. Southern states wanted to be able to decide for themselves and not have the federal blanket decide. Southern states wanted yes they wanted sovereignty. So yes this is what they were seeking", "author_id": "1175739448488841221"}, {"created_at": "2025-12-07T04:08:48.000Z", "conversation_id": "1997279325876367719", "id": "1997518630062293310", "edit_history_tweet_ids": ["1997518630062293310"], "public_metrics": {"retweet_count": 0, "reply_count": 0, "like_count": 0, "quote_count": 0, "bookmark_count": 0, "impression_count": 1}, "text": "@elonmusk \ud83d\ude4f", "author_id": "1181423594"}, {"created_at": "2025-12-07T04:08:40.000Z", "conversation_id": "1997279325876367719", "id": "1997518596931813569", "edit_history_tweet_ids": ["1997518596931813569"], "public_metrics": {"retweet_count": 0, "reply_count": 0, "like_count": 0, "quote_count": 0, "bookmark_count": 0, "impression_count": 3}, "text": "@elonmusk Hahah you\u2019re not even a nation. You don\u2019t even know history of your own country \ud83d\ude02\ud83d\ude02\ud83d\ude02\ud83d\ude02", "author_id": "1304351294"}, {"created_at": "2025-12-07T04:07:00.000Z", "conversation_id": "1997279325876367719", "id": "1997518179497853085", "edit_history_tweet_ids": ["1997518179497853085"], "public_metrics": {"retweet_count": 0, "reply_count": 0, "like_count": 0, "quote_count": 0, "bookmark_count": 0, "impression_count": 4}, "text": "@GhostOfBekka @elonmusk China isn't trying to replace its native population with foreign invaders from the third world", "author_id": "2905045775"}, {"created_at": "2025-12-07T04:06:55.000Z", "conversation_id": "1997279325876367719", "id": "1997518159176401301", "edit_history_tweet_ids": ["1997518159176401301"], "public_metrics": {"retweet_count": 0, "reply_count": 0, "like_count": 0, "quote_count": 0, "bookmark_count": 0, "impression_count": 2}, "text": "@elonmusk May God hear you!", "author_id": "1581877528167432193"}, {"created_at": "2025-12-07T04:06:50.000Z", "conversation_id": "1997279325876367719", "id": "1997518136011280594", "edit_history_tweet_ids": ["1997518136011280594"], "public_metrics": {"retweet_count": 0, "reply_count": 0, "like_count": 0, "quote_count": 0, "bookmark_count": 0, "impression_count": 2}, "text": "@carenchaos @StevenSt90666 @mark_k @elonmusk The EEC idea wasn't perfect by any stretch, but nothing ever is. But it sure was better than what we're now saddled with. The EUSSR in it's current form needs to radically reform or dissolve.", "author_id": "1495377311666954240"}, {"created_at": "2025-12-07T04:05:59.000Z", "conversation_id": "1997279325876367719", "id": "1997517921149759573", "edit_history_tweet_ids": ["1997517921149759573"], "public_metrics": {"retweet_count": 0, "reply_count": 0, "like_count": 0, "quote_count": 0, "bookmark_count": 0, "impression_count": 2}, "text": "@elonmusk Russia is exhausted, Ukraine is devastated, and the only unscathed player is the United States.\nEurope is politically paralyzed and no longer decides its own fate.", "author_id": "3053832071"}, {"created_at": "2025-12-07T04:05:31.000Z", "conversation_id": "1997279325876367719", "id": "1997517806842376455", "edit_history_tweet_ids": ["1997517806842376455"], "public_metrics": {"retweet_count": 0, "reply_count": 0, "like_count": 0, "quote_count": 0, "bookmark_count": 0, "impression_count": 2}, "text": "@capeandcowell @elonmusk Merkel", "author_id": "2188134819"}, {"created_at": "2025-12-07T04:05:28.000Z", "conversation_id": "1997279325876367719", "id": "1997517792296505371", "edit_history_tweet_ids": ["1997517792296505371"], "public_metrics": {"retweet_count": 0, "reply_count": 0, "like_count": 0, "quote_count": 0, "bookmark_count": 0, "impression_count": 1}, "text": "@elonmusk Absolutely the truth", "author_id": "1889921937335267328"}, {"created_at": "2025-12-07T04:05:03.000Z", "conversation_id": "1997279325876367719", "id": "1997517688718209455", "edit_history_tweet_ids": ["1997517688718209455"], "public_metrics": {"retweet_count": 0, "reply_count": 0, "like_count": 0, "quote_count": 0, "bookmark_count": 0, "impression_count": 2}, "text": "@Matt_VanDyke @elonmusk No it wouldn\u2019t", "author_id": "2188134819"}, {"created_at": "2025-12-07T04:04:55.000Z", "conversation_id": "1997279325876367719", "id": "1997517656099037393", "edit_history_tweet_ids": ["1997517656099037393"], "public_metrics": {"retweet_count": 0, "reply_count": 0, "like_count": 0, "quote_count": 0, "bookmark_count": 0, "impression_count": 5}, "text": "@vinceflibustier @elonmusk People like me are living paycheck to paycheck on social security which my daughter and her husband pay into and will probably never get. How does that work?", "author_id": "2476321981"}, {"created_at": "2025-12-07T04:04:29.000Z", "conversation_id": "1997279325876367719", "id": "1997517545205833911", "edit_history_tweet_ids": ["1997517545205833911"], "public_metrics": {"retweet_count": 0, "reply_count": 0, "like_count": 0, "quote_count": 0, "bookmark_count": 0, "impression_count": 4}, "text": "@vinceflibustier @elonmusk They don\u2019t even know where Europe is \ud83e\udd2d", "author_id": "742306768139735040"}, {"created_at": "2025-12-07T04:04:28.000Z", "conversation_id": "1997279325876367719", "id": "1997517542299193732", "edit_history_tweet_ids": ["1997517542299193732"], "public_metrics": {"retweet_count": 0, "reply_count": 0, "like_count": 0, "quote_count": 0, "bookmark_count": 0, "impression_count": 4}, "text": "@StevenSt90666 @mark_k @elonmusk The best unity for Europe would be a common market like it was at the beginning.", "author_id": "1495377311666954240"}, {"created_at": "2025-12-07T04:04:18.000Z", "conversation_id": "1997279325876367719", "id": "1997517499429265718", "edit_history_tweet_ids": ["1997517499429265718"], "public_metrics": {"retweet_count": 0, "reply_count": 0, "like_count": 0, "quote_count": 0, "bookmark_count": 0, "impression_count": 1}, "text": "@elonmusk After X being fined this is what you can tell?\nIdiot.", "author_id": "904953003530223616"}, {"created_at": "2025-12-07T04:03:42.000Z", "conversation_id": "1997279325876367719", "id": "1997517348270707128", "edit_history_tweet_ids": ["1997517348270707128"], "public_metrics": {"retweet_count": 0, "reply_count": 0, "like_count": 1, "quote_count": 0, "bookmark_count": 0, "impression_count": 2}, "text": "@elonmusk I don thin think so", "author_id": "1988520977165328384"}, {"created_at": "2025-12-07T04:03:27.000Z", "conversation_id": "1997279325876367719", "id": "1997517285389643904", "edit_history_tweet_ids": ["1997517285389643904"], "public_metrics": {"retweet_count": 0, "reply_count": 0, "like_count": 0, "quote_count": 0, "bookmark_count": 0, "impression_count": 13}, "text": "@ChrisLandauUSA @elonmusk As an EU passport holder I really do value the freedom of movement in Europe. In Europe it is one of the benefits that result from pooling of state sovereignty. Another one is a freedom of movement for services and goods. Pretty much the same you guys cherish in the US no?", "author_id": "2201720095"}, {"created_at": "2025-12-07T04:03:18.000Z", "conversation_id": "1997279325876367719", "id": "1997517247112429596", "edit_history_tweet_ids": ["1997517247112429596"], "public_metrics": {"retweet_count": 0, "reply_count": 0, "like_count": 1, "quote_count": 0, "bookmark_count": 0, "impression_count": 1}, "text": "@elonmusk Ahahahaha", "author_id": "126231750"}, {"created_at": "2025-12-07T04:03:03.000Z", "conversation_id": "1997279325876367719", "id": "1997517182566305857", "edit_history_tweet_ids": ["1997517182566305857"], "public_metrics": {"retweet_count": 0, "reply_count": 0, "like_count": 1, "quote_count": 0, "bookmark_count": 0, "impression_count": 4}, "text": "@elonmusk Is this because they slapped you with a fine for deceptive business practices?", "author_id": "16938336"}, {"created_at": "2025-12-07T04:02:46.000Z", "conversation_id": "1997279325876367719", "id": "1997517114404708630", "edit_history_tweet_ids": ["1997517114404708630"], "public_metrics": {"retweet_count": 0, "reply_count": 0, "like_count": 1, "quote_count": 0, "bookmark_count": 0, "impression_count": 9}, "text": "@elonmusk I agree with this message. Nationalism is necessary for a healthy nation. Preferably ethnic nationalism.", "author_id": "1270100600"}, {"created_at": "2025-12-07T04:02:34.000Z", "conversation_id": "1997279325876367719", "id": "1997517063460655471", "edit_history_tweet_ids": ["1997517063460655471"], "public_metrics": {"retweet_count": 0, "reply_count": 0, "like_count": 1, "quote_count": 0, "bookmark_count": 0, "impression_count": 3}, "text": "@elonmusk @barnes_law EU was a bad idea from the beginning and only proves it over and over", "author_id": "1755815319766216704"}], "meta": {"newest_id": "1997520510524256324", "oldest_id": "1997517063460655471", "result_count": 50, "next_token": "b26v89c19zqg8o3fscn7h6hqys3hz9uapsz3867b4yoot"}}