{"data": [{"created_at": "2025-12-02T04:55:51.000Z", "conversation_id": "1991203761130467509", "id": "1995718533334831172", "edit_history_tweet_ids": ["1995718533334831172"], "public_metrics": {"retweet_count": 0, "reply_count": 0, "like_count": 0, "quote_count": 0, "bookmark_count": 0, "impression_count": 32}, "text": "@larrabearr Can you add a canvas button in Android grok app ? It's in chat gpt app and gemini app we need it \ud83d\ude15 https://t.co/728dGlvykY", "author_id": "1518948050982641664"}], "meta": {"newest_id": "1995718533334831172", "oldest_id": "1995718533334831172", "result_count": 1}}