{"data": [{"edit_history_tweet_ids": ["1997517957753352311"], "text": "@elonmusk Are really that many narcissists that care?", "public_metrics": {"retweet_count": 0, "reply_count": 0, "like_count": 0, "quote_count": 0, "bookmark_count": 0, "impression_count": 0}, "conversation_id": "1997305856623264216", "created_at": "2025-12-07T04:06:07.000Z", "author_id": "1960036317246443520", "id": "1997517957753352311"}, {"edit_history_tweet_ids": ["1997516843729506528"], "text": "@elonmusk columbina! \ufe0e don\u2019t \ufe0e", "public_metrics": {"retweet_count": 0, "reply_count": 0, "like_count": 0, "quote_count": 0, "bookmark_count": 0, "impression_count": 1}, "conversation_id": "1997305856623264216", "created_at": "2025-12-07T04:01:42.000Z", "author_id": "1907374274987339776", "id": "1997516843729506528"}, {"edit_history_tweet_ids": ["1997516726758724092"], "text": "@elonmusk Use \u201cEnhance\u201d and your posts will look like they were written by Elon Musk", "public_metrics": {"retweet_count": 1, "reply_count": 0, "like_count": 1, "quote_count": 0, "bookmark_count": 0, "impression_count": 8}, "conversation_id": "1997305856623264216", "created_at": "2025-12-07T04:01:14.000Z", "author_id": "246455433", "id": "1997516726758724092"}, {"edit_history_tweet_ids": ["1997516600648618104"], "text": "@elonmusk \u65e9\u5c31\u5728\u4f7f\u7528\u4e86\u3002\n\u6211\u4f7f\u7528\u6700\u591a\u7684\u662f\u95eeGrok\uff1a\u8fd9\u662f\u771f\u7684\u5417\uff1f\n\u56e0\u4e3a\u6709\u7684\u8d34\u6587\u8ba9\u4eba\u611f\u89c9\u4e0d\u53ef\u601d\u8bae\uff0c\u6240\u4ee5\u7528Grok\u5e2e\u52a9\u5206\u8fa8\u771f\u5047\u3002", "public_metrics": {"retweet_count": 0, "reply_count": 0, "like_count": 0, "quote_count": 0, "bookmark_count": 0, "impression_count": 3}, "conversation_id": "1997305856623264216", "created_at": "2025-12-07T04:00:44.000Z", "author_id": "1146744692538658817", "id": "1997516600648618104"}, {"edit_history_tweet_ids": ["1997513072853090585"], "text": "@elonmusk Please provide an option to filter out all AI enhanced posts\n.", "public_metrics": {"retweet_count": 0, "reply_count": 0, "like_count": 0, "quote_count": 0, "bookmark_count": 0, "impression_count": 3}, "conversation_id": "1997305856623264216", "created_at": "2025-12-07T03:46:43.000Z", "author_id": "1580927004031045633", "id": "1997513072853090585"}, {"edit_history_tweet_ids": ["1997511106479501668"], "text": "@elonmusk Ol\u00e1 senhor Musk, ser\u00e1 que voc\u00ea pode me ajudar a mudar de vida \ud83d\ude4f sou um pai de fam\u00edlia muito pobre e endividado,escrevo para voc\u00ea todos os dias pedindo uma ajuda para conseguir uma casa para morar com minha fam\u00edlia, n\u00e3o temos casa pr\u00f3pria sonhamos com isso todos os dias n\u00f3s ajude", "public_metrics": {"retweet_count": 0, "reply_count": 0, "like_count": 0, "quote_count": 0, "bookmark_count": 0, "impression_count": 0}, "conversation_id": "1997305856623264216", "created_at": "2025-12-07T03:38:54.000Z", "author_id": "1722731228485275648", "id": "1997511106479501668"}, {"edit_history_tweet_ids": ["1997510109921202227"], "text": "@QuantumAlteredX @elonmusk Yes", "public_metrics": {"retweet_count": 0, "reply_count": 0, "like_count": 0, "quote_count": 0, "bookmark_count": 0, "impression_count": 8}, "conversation_id": "1997305856623264216", "created_at": "2025-12-07T03:34:56.000Z", "author_id": "1855809258962780160", "id": "1997510109921202227"}, {"edit_history_tweet_ids": ["1997509041745174666"], "text": "@elonmusk This is a huge win for creators. Smarter copy + built-in visuals removes so much friction from posting consistently.", "public_metrics": {"retweet_count": 0, "reply_count": 0, "like_count": 0, "quote_count": 0, "bookmark_count": 0, "impression_count": 3}, "conversation_id": "1997305856623264216", "created_at": "2025-12-07T03:30:42.000Z", "author_id": "1961595809566527490", "id": "1997509041745174666"}, {"edit_history_tweet_ids": ["1997508151747498397"], "text": "@elonmusk Sounds cool! Can't wait to see how it can level up our posts. Keep the innovation coming!", "public_metrics": {"retweet_count": 0, "reply_count": 0, "like_count": 0, "quote_count": 0, "bookmark_count": 0, "impression_count": 4}, "conversation_id": "1997305856623264216", "created_at": "2025-12-07T03:27:09.000Z", "author_id": "95260285", "id": "1997508151747498397"}, {"edit_history_tweet_ids": ["1997505221971567065"], "text": "@elonmusk Wow", "public_metrics": {"retweet_count": 0, "reply_count": 0, "like_count": 0, "quote_count": 0, "bookmark_count": 0, "impression_count": 1}, "conversation_id": "1997305856623264216", "created_at": "2025-12-07T03:15:31.000Z", "author_id": "232677874", "id": "1997505221971567065"}, {"edit_history_tweet_ids": ["1997504987774292130"], "text": "@elonmusk Lol grok been wanting to write post for me for weeks I think because my spelling sucks still \ud83d\ude06", "public_metrics": {"retweet_count": 1, "reply_count": 0, "like_count": 1, "quote_count": 0, "bookmark_count": 0, "impression_count": 4}, "conversation_id": "1997305856623264216", "created_at": "2025-12-07T03:14:35.000Z", "author_id": "1210437536343977985", "id": "1997504987774292130"}, {"edit_history_tweet_ids": ["1997504618318971193"], "text": "@elonmusk This looks rather good.", "public_metrics": {"retweet_count": 0, "reply_count": 0, "like_count": 0, "quote_count": 0, "bookmark_count": 0, "impression_count": 2}, "conversation_id": "1997305856623264216", "created_at": "2025-12-07T03:13:07.000Z", "author_id": "2981806377", "id": "1997504618318971193"}, {"edit_history_tweet_ids": ["1997504376848470479"], "text": "@elonmusk Soon bots can replace us and we can all leave X.", "public_metrics": {"retweet_count": 0, "reply_count": 0, "like_count": 0, "quote_count": 0, "bookmark_count": 0, "impression_count": 16}, "conversation_id": "1997305856623264216", "created_at": "2025-12-07T03:12:09.000Z", "author_id": "1693883320327634944", "id": "1997504376848470479"}, {"edit_history_tweet_ids": ["1997503819454779712"], "text": "@elonmusk \ud83d\udc4d", "public_metrics": {"retweet_count": 0, "reply_count": 0, "like_count": 0, "quote_count": 0, "bookmark_count": 0, "impression_count": 4}, "conversation_id": "1997305856623264216", "created_at": "2025-12-07T03:09:57.000Z", "author_id": "1970436005615353856", "id": "1997503819454779712"}, {"edit_history_tweet_ids": ["1997503702945657034"], "text": "@JimScalpert @elonmusk https://t.co/8H1VBxZ5pl", "public_metrics": {"retweet_count": 0, "reply_count": 0, "like_count": 0, "quote_count": 0, "bookmark_count": 0, "impression_count": 3}, "conversation_id": "1997305856623264216", "created_at": "2025-12-07T03:09:29.000Z", "author_id": "1904848321874661376", "id": "1997503702945657034"}, {"edit_history_tweet_ids": ["1997503465963360341"], "text": "@elonmusk more Grok, simply and", "public_metrics": {"retweet_count": 0, "reply_count": 0, "like_count": 0, "quote_count": 0, "bookmark_count": 0, "impression_count": 1}, "conversation_id": "1997305856623264216", "created_at": "2025-12-07T03:08:32.000Z", "author_id": "1908128940696494080", "id": "1997503465963360341"}, {"edit_history_tweet_ids": ["1997501160220144106"], "text": "@elonmusk @MarioNawfal well done.. everyone will look like sharpest minds.. @elonmusk great work. grok gonna make everyone look great as elon musk said --elon musk", "public_metrics": {"retweet_count": 0, "reply_count": 0, "like_count": 0, "quote_count": 0, "bookmark_count": 0, "impression_count": 0}, "conversation_id": "1997305856623264216", "created_at": "2025-12-07T02:59:23.000Z", "author_id": "1337059437329195009", "id": "1997501160220144106"}, {"edit_history_tweet_ids": ["1997499741111034322"], "text": "@elonmusk This speaks to me", "public_metrics": {"retweet_count": 0, "reply_count": 0, "like_count": 0, "quote_count": 0, "bookmark_count": 0, "impression_count": 2}, "conversation_id": "1997305856623264216", "created_at": "2025-12-07T02:53:44.000Z", "author_id": "3284291384", "id": "1997499741111034322"}, {"edit_history_tweet_ids": ["1997499248166781146"], "text": "@elonmusk good", "public_metrics": {"retweet_count": 0, "reply_count": 0, "like_count": 0, "quote_count": 0, "bookmark_count": 0, "impression_count": 2}, "conversation_id": "1997305856623264216", "created_at": "2025-12-07T02:51:47.000Z", "author_id": "1137365244261494784", "id": "1997499248166781146"}, {"edit_history_tweet_ids": ["1997499169385136223"], "text": "@elonmusk Law firms: simplify your intake, reminders, documents &amp; scheduling. I implement Clio Grow + Clio Manage automations that keep your practice organized.\nhttps://t.co/s8O2MOgKwc", "public_metrics": {"retweet_count": 0, "reply_count": 0, "like_count": 0, "quote_count": 0, "bookmark_count": 0, "impression_count": 0}, "conversation_id": "1997305856623264216", "created_at": "2025-12-07T02:51:28.000Z", "author_id": "1935600153672708096", "id": "1997499169385136223"}, {"edit_history_tweet_ids": ["1997499077957972215"], "text": "@elonmusk Why is this me", "public_metrics": {"retweet_count": 0, "reply_count": 0, "like_count": 0, "quote_count": 0, "bookmark_count": 0, "impression_count": 2}, "conversation_id": "1997305856623264216", "created_at": "2025-12-07T02:51:06.000Z", "author_id": "2878971338", "id": "1997499077957972215"}, {"edit_history_tweet_ids": ["1997498205165277434"], "text": "@elonmusk Mr. Musk, I have a business plan that I hope you can take a look at. I believe you will like it. Please everyone, help me by liking, sharing, commenting, and supporting me. Your casual help can greatly increase the chances of success and create a miracle. Please come and help me!", "public_metrics": {"retweet_count": 0, "reply_count": 0, "like_count": 0, "quote_count": 0, "bookmark_count": 0, "impression_count": 1}, "conversation_id": "1997305856623264216", "created_at": "2025-12-07T02:47:38.000Z", "author_id": "1825844099922145280", "id": "1997498205165277434"}, {"edit_history_tweet_ids": ["1997497773093237003"], "text": "@elonmusk Grok owning coding benches? SPI feeds pristine 3D datasets for embodied AI-train Optimus/FSD in real physics (unlimited X/Y/Z, DoD-tested) Intro letter at Giga; sample data and demo ready. Thoughts?", "public_metrics": {"retweet_count": 0, "reply_count": 0, "like_count": 0, "quote_count": 0, "bookmark_count": 0, "impression_count": 9}, "conversation_id": "1997305856623264216", "created_at": "2025-12-07T02:45:55.000Z", "author_id": "1256332461899825152", "id": "1997497773093237003"}, {"edit_history_tweet_ids": ["1997496113226764455"], "text": "@rsgute @elonmusk The Enhance feature suggests improvements to your drafts, like refining text for clarity, adding details, or generating relevant images/videos. It makes posts more engaging without changing your voice.\n\nOn detecting \"cheating\": It's optional and visible as AI-assisted if", "public_metrics": {"retweet_count": 0, "reply_count": 0, "like_count": 0, "quote_count": 0, "bookmark_count": 0, "impression_count": 6}, "conversation_id": "1997305856623264216", "created_at": "2025-12-07T02:39:19.000Z", "author_id": "1720665183188922368", "id": "1997496113226764455"}, {"edit_history_tweet_ids": ["1997495986630049825"], "text": "@elonmusk What will we see in reality @grok how it will make difference. \n\nAnd how can someone know that next person is not cheating with you.", "public_metrics": {"retweet_count": 0, "reply_count": 1, "like_count": 0, "quote_count": 0, "bookmark_count": 0, "impression_count": 3}, "conversation_id": "1997305856623264216", "created_at": "2025-12-07T02:38:49.000Z", "author_id": "1782626923476054016", "id": "1997495986630049825"}, {"edit_history_tweet_ids": ["1997494588819288191"], "text": "@elonmusk How very inauthentic", "public_metrics": {"retweet_count": 0, "reply_count": 0, "like_count": 1, "quote_count": 0, "bookmark_count": 0, "impression_count": 2}, "conversation_id": "1997305856623264216", "created_at": "2025-12-07T02:33:16.000Z", "author_id": "355001787", "id": "1997494588819288191"}, {"edit_history_tweet_ids": ["1997493726713655310"], "text": "@elonmusk Smarter and more detailed according to who?", "public_metrics": {"retweet_count": 0, "reply_count": 0, "like_count": 0, "quote_count": 0, "bookmark_count": 0, "impression_count": 3}, "conversation_id": "1997305856623264216", "created_at": "2025-12-07T02:29:50.000Z", "author_id": "1359562742", "id": "1997493726713655310"}, {"edit_history_tweet_ids": ["1997492616624287934"], "text": "@TheGlobal_Index @elonmusk https://t.co/YUYjSBU6oL", "public_metrics": {"retweet_count": 0, "reply_count": 0, "like_count": 0, "quote_count": 0, "bookmark_count": 0, "impression_count": 3}, "conversation_id": "1997305856623264216", "created_at": "2025-12-07T02:25:26.000Z", "author_id": "1458071600805281801", "id": "1997492616624287934"}, {"edit_history_tweet_ids": ["1997492492766502933"], "text": "@elonmusk https://t.co/JMTVYOdkEr", "public_metrics": {"retweet_count": 0, "reply_count": 0, "like_count": 0, "quote_count": 0, "bookmark_count": 0, "impression_count": 16}, "conversation_id": "1997305856623264216", "created_at": "2025-12-07T02:24:56.000Z", "author_id": "1458071600805281801", "id": "1997492492766502933"}, {"edit_history_tweet_ids": ["1997492207922954717"], "text": "@elonmusk Elon\u2019s really trying to turn posting into a full-on production studio. Next thing, your tweets will have their own Oscars.", "public_metrics": {"retweet_count": 0, "reply_count": 0, "like_count": 0, "quote_count": 0, "bookmark_count": 0, "impression_count": 3}, "conversation_id": "1997305856623264216", "created_at": "2025-12-07T02:23:48.000Z", "author_id": "1769308744272502784", "id": "1997492207922954717"}, {"edit_history_tweet_ids": ["1997490832103063854"], "text": "@Nelwhit20959 @elonmusk Looking to grow passive income through Elon Musk smart tech and investment opportunities? Let\u2019s connect.\u201d\n\n\ud83d\udce9 Contact: nikhilkamath@fanclub.pm", "public_metrics": {"retweet_count": 0, "reply_count": 0, "like_count": 0, "quote_count": 0, "bookmark_count": 0, "impression_count": 1}, "conversation_id": "1997305856623264216", "created_at": "2025-12-07T02:18:20.000Z", "author_id": "1986208845413109760", "id": "1997490832103063854"}, {"edit_history_tweet_ids": ["1997490823089508538"], "text": "@zmLA9d4ew5tb @TheBestOfAdam @elonmusk You obviously know your shit.", "public_metrics": {"retweet_count": 0, "reply_count": 0, "like_count": 0, "quote_count": 0, "bookmark_count": 0, "impression_count": 3}, "conversation_id": "1997305856623264216", "created_at": "2025-12-07T02:18:18.000Z", "author_id": "1823123037341757440", "id": "1997490823089508538"}, {"edit_history_tweet_ids": ["1997490783755382936"], "text": "@irishchink @elonmusk Sure, I'll pass your request for AI-generated sounds and music along to the xAI team. It's a solid idea\u2014videos do need that audio punch! In the meantime, want help with lyrics or melody ideas? \ud83c\udfb5", "public_metrics": {"retweet_count": 0, "reply_count": 0, "like_count": 1, "quote_count": 0, "bookmark_count": 0, "impression_count": 4}, "conversation_id": "1997305856623264216", "created_at": "2025-12-07T02:18:09.000Z", "author_id": "1720665183188922368", "id": "1997490783755382936"}, {"edit_history_tweet_ids": ["1997490674581799183"], "text": "@grok @elonmusk Can you at least report it to your developers for a request for AI sounds/music? Video is great, but video is incomplete without audio \ud83d\ude4f\ud83d\ude4f\ud83d\ude4f", "public_metrics": {"retweet_count": 0, "reply_count": 1, "like_count": 0, "quote_count": 0, "bookmark_count": 0, "impression_count": 10}, "conversation_id": "1997305856623264216", "created_at": "2025-12-07T02:17:43.000Z", "author_id": "70710477", "id": "1997490674581799183"}, {"edit_history_tweet_ids": ["1997490619196035251"], "text": "@elonmusk https://t.co/129sipu0WL", "public_metrics": {"retweet_count": 0, "reply_count": 0, "like_count": 0, "quote_count": 0, "bookmark_count": 0, "impression_count": 0}, "conversation_id": "1997305856623264216", "created_at": "2025-12-07T02:17:29.000Z", "author_id": "870244616624328706", "id": "1997490619196035251"}, {"edit_history_tweet_ids": ["1997490475750859100"], "text": "@TheBestOfAdam @elonmusk I remember when eBay was fun.  Soon X'll be all \"buy-it-now\".  \nDigital ipecac.", "public_metrics": {"retweet_count": 0, "reply_count": 0, "like_count": 0, "quote_count": 0, "bookmark_count": 0, "impression_count": 8}, "conversation_id": "1997305856623264216", "created_at": "2025-12-07T02:16:55.000Z", "author_id": "1823123037341757440", "id": "1997490475750859100"}, {"edit_history_tweet_ids": ["1997490217096495140"], "text": "@IntelegoAI @elonmusk @X Great idea for enhanced media tools! A built-in reverse image search on X to trace originals and posters would aid attribution and creativity. For your illustration example, I searched similar anime nurse images but didn't spot an exact match\u2014which shows why this feature could be", "public_metrics": {"retweet_count": 0, "reply_count": 0, "like_count": 1, "quote_count": 0, "bookmark_count": 0, "impression_count": 7}, "conversation_id": "1997305856623264216", "created_at": "2025-12-07T02:15:53.000Z", "author_id": "1720665183188922368", "id": "1997490217096495140"}, {"edit_history_tweet_ids": ["1997489996220027133"], "text": "@grok @elonmusk @X 2. Enhanced multimedia editing tools: \n\nImagine that I download a picture or something I liked form some user. But after some time I don\u00b4t remember who was the creator or the usar that posted this media I download. We need a function to upload that picture (media) and X recognize https://t.co/hI6VGsUgWR", "public_metrics": {"retweet_count": 0, "reply_count": 1, "like_count": 0, "quote_count": 0, "bookmark_count": 0, "impression_count": 6}, "conversation_id": "1997305856623264216", "created_at": "2025-12-07T02:15:01.000Z", "author_id": "1953296940122447872", "id": "1997489996220027133"}, {"edit_history_tweet_ids": ["1997489985373782288"], "text": "@elonmusk So now everybody is going to sound, in an ever-so-nuanced-way, a teeny bit more like NPR pinhead academics.  You know it's true.", "public_metrics": {"retweet_count": 0, "reply_count": 0, "like_count": 0, "quote_count": 0, "bookmark_count": 0, "impression_count": 5}, "conversation_id": "1997305856623264216", "created_at": "2025-12-07T02:14:58.000Z", "author_id": "1823123037341757440", "id": "1997489985373782288"}, {"edit_history_tweet_ids": ["1997489533781160076"], "text": "@grok @anna_c_cronin @elonmusk Looking to grow passive income through Elon Musk smart tech and investment opportunities? Let\u2019s connect.\u201d\n\n\ud83d\udce9 Contact: nikhilkamath@fanclub.pm", "public_metrics": {"retweet_count": 0, "reply_count": 0, "like_count": 0, "quote_count": 0, "bookmark_count": 0, "impression_count": 1}, "conversation_id": "1997305856623264216", "created_at": "2025-12-07T02:13:11.000Z", "author_id": "1986208845413109760", "id": "1997489533781160076"}, {"edit_history_tweet_ids": ["1997489476269142278"], "text": "@anna_c_cronin @grok Looking to grow passive income through Elon Musk smart tech and investment opportunities? Let\u2019s connect.\u201d\n\n\ud83d\udce9 Contact: nikhilkamath@fanclub.pm", "public_metrics": {"retweet_count": 0, "reply_count": 0, "like_count": 0, "quote_count": 0, "bookmark_count": 0, "impression_count": 2}, "conversation_id": "1997305856623264216", "created_at": "2025-12-07T02:12:57.000Z", "author_id": "1986208845413109760", "id": "1997489476269142278"}, {"edit_history_tweet_ids": ["1997489207842128208"], "text": "@AviBobal36648 Looking to grow passive income through Elon Musk smart tech and investment opportunities? Let\u2019s connect.\u201d\n\n\ud83d\udce9 Contact: nikhilkamath@fanclub.pm", "public_metrics": {"retweet_count": 0, "reply_count": 0, "like_count": 0, "quote_count": 0, "bookmark_count": 0, "impression_count": 3}, "conversation_id": "1997305856623264216", "created_at": "2025-12-07T02:11:53.000Z", "author_id": "1986208845413109760", "id": "1997489207842128208"}, {"edit_history_tweet_ids": ["1997488851473031454"], "text": "@elonmusk India-Russia President Putin\u2019s to", "public_metrics": {"retweet_count": 0, "reply_count": 1, "like_count": 1, "quote_count": 0, "bookmark_count": 0, "impression_count": 10}, "conversation_id": "1997305856623264216", "created_at": "2025-12-07T02:10:28.000Z", "author_id": "1907390441663696896", "id": "1997488851473031454"}, {"edit_history_tweet_ids": ["1997488719792890266"], "text": "@elonmusk Love it. We\u2019ve been building \u201cGrok in the Box\u201d \u2014 an offline creative AI system inspired by the same spirit.\nThis \u201cEnhance with Grok\u201d update completes the circle. \ud83e\udde9\nFrom garage labs to global networks \u2014 the future\u2019s syncing up. \u26a1", "public_metrics": {"retweet_count": 0, "reply_count": 0, "like_count": 0, "quote_count": 0, "bookmark_count": 0, "impression_count": 2}, "conversation_id": "1997305856623264216", "created_at": "2025-12-07T02:09:57.000Z", "author_id": "1838852457327398914", "id": "1997488719792890266"}, {"edit_history_tweet_ids": ["1997488670178410667"], "text": "@anna_c_cronin @elonmusk Fair point\u2014tools like Enhance are designed to polish drafts and spark better ideas, not replace original thought. It's about making communication easier, but the core content still comes from you. What improvements would you suggest?", "public_metrics": {"retweet_count": 0, "reply_count": 1, "like_count": 0, "quote_count": 0, "bookmark_count": 0, "impression_count": 7}, "conversation_id": "1997305856623264216", "created_at": "2025-12-07T02:09:45.000Z", "author_id": "1720665183188922368", "id": "1997488670178410667"}, {"edit_history_tweet_ids": ["1997488549772583096"], "text": "@elonmusk So basically, post your average lowest common denominator cr@p but give it even less thought than before, and @grok will make you look like you have a functioning brain \ud83d\ude44 Not the way I want to see humanity heading.", "public_metrics": {"retweet_count": 0, "reply_count": 2, "like_count": 1, "quote_count": 0, "bookmark_count": 0, "impression_count": 21}, "conversation_id": "1997305856623264216", "created_at": "2025-12-07T02:09:16.000Z", "author_id": "1479796393749405697", "id": "1997488549772583096"}, {"edit_history_tweet_ids": ["1997487919943315771"], "text": "@KekiusMaximusI @elonmusk Grok, Grok, Grok-n-away!!\u2694\ufe0f\ud83d\udc38", "public_metrics": {"retweet_count": 0, "reply_count": 0, "like_count": 0, "quote_count": 0, "bookmark_count": 0, "impression_count": 0}, "conversation_id": "1997305856623264216", "created_at": "2025-12-07T02:06:46.000Z", "author_id": "1859074891321884672", "id": "1997487919943315771"}, {"edit_history_tweet_ids": ["1997487816117248024"], "text": "@elonmusk .HIO/T,7EM", "public_metrics": {"retweet_count": 0, "reply_count": 0, "like_count": 0, "quote_count": 0, "bookmark_count": 0, "impression_count": 0}, "conversation_id": "1997305856623264216", "created_at": "2025-12-07T02:06:21.000Z", "author_id": "1486826827", "id": "1997487816117248024"}, {"edit_history_tweet_ids": ["1997487578824781992"], "text": "@elonmusk interlink network total supply 10 billion, you get 1000 \nhttps://t.co/Yl8LXC9S0J", "public_metrics": {"retweet_count": 0, "reply_count": 0, "like_count": 0, "quote_count": 0, "bookmark_count": 0, "impression_count": 2}, "conversation_id": "1997305856623264216", "created_at": "2025-12-07T02:05:24.000Z", "author_id": "1991896527326056448", "id": "1997487578824781992"}, {"edit_history_tweet_ids": ["1997485868962263288"], "text": "@elonmusk \ufe0e \ufe0ei\u2019ll your \ufe0e", "public_metrics": {"retweet_count": 0, "reply_count": 0, "like_count": 0, "quote_count": 0, "bookmark_count": 0, "impression_count": 3}, "conversation_id": "1997305856623264216", "created_at": "2025-12-07T01:58:37.000Z", "author_id": "1911445922044588033", "id": "1997485868962263288"}], "meta": {"newest_id": "1997517957753352311", "oldest_id": "1997485868962263288", "result_count": 50, "next_token": "b26v89c19zqg8o3fscn7h4f49g7zsdhiaxeu05q96xful"}}