{"data": [{"conversation_id": "1997287291832950823", "author_id": "1976676320269516800", "edit_history_tweet_ids": ["1997520308153237910"], "created_at": "2025-12-07T04:15:28.000Z", "id": "1997520308153237910", "text": "@elonmusk Thank you Elon", "public_metrics": {"retweet_count": 1, "reply_count": 0, "like_count": 0, "quote_count": 0, "bookmark_count": 0, "impression_count": 1}}, {"conversation_id": "1997287291832950823", "author_id": "1761784152846635009", "edit_history_tweet_ids": ["1997519851066425663"], "created_at": "2025-12-07T04:13:39.000Z", "id": "1997519851066425663", "text": "@elonmusk .                                           \u2715\n\n                                   \ud83e\udebd \ud83c\udf0e \ud83e\udebd \n\n                                  \ud83e\udd73.        \ud83e\udd73", "public_metrics": {"retweet_count": 0, "reply_count": 0, "like_count": 0, "quote_count": 0, "bookmark_count": 0, "impression_count": 3}}, {"conversation_id": "1997287291832950823", "author_id": "1977798009019920385", "edit_history_tweet_ids": ["1997519487596433888"], "created_at": "2025-12-07T04:12:12.000Z", "id": "1997519487596433888", "text": "@elonmusk Thanks you sir,,,i am your big fan sir,,,,\ud83e\udd70", "public_metrics": {"retweet_count": 0, "reply_count": 0, "like_count": 0, "quote_count": 0, "bookmark_count": 0, "impression_count": 3}}, {"conversation_id": "1997287291832950823", "author_id": "1908330119824801792", "edit_history_tweet_ids": ["1997517534258675915"], "created_at": "2025-12-07T04:04:26.000Z", "id": "1997517534258675915", "text": "@elonmusk Mmlo", "public_metrics": {"retweet_count": 0, "reply_count": 0, "like_count": 0, "quote_count": 0, "bookmark_count": 0, "impression_count": 4}}, {"conversation_id": "1997287291832950823", "author_id": "838217365489922048", "edit_history_tweet_ids": ["1997515222777823607"], "created_at": "2025-12-07T03:55:15.000Z", "id": "1997515222777823607", "text": "@elonmusk Beautiful!! Merry Christmas Elon!!", "public_metrics": {"retweet_count": 0, "reply_count": 0, "like_count": 1, "quote_count": 0, "bookmark_count": 0, "impression_count": 7}}, {"conversation_id": "1997287291832950823", "author_id": "992629897125183488", "edit_history_tweet_ids": ["1997512338145263882"], "created_at": "2025-12-07T03:43:48.000Z", "id": "1997512338145263882", "text": "@elonmusk Paid bots", "public_metrics": {"retweet_count": 0, "reply_count": 0, "like_count": 0, "quote_count": 0, "bookmark_count": 0, "impression_count": 4}}, {"conversation_id": "1997287291832950823", "author_id": "1722731228485275648", "edit_history_tweet_ids": ["1997511511774994885"], "created_at": "2025-12-07T03:40:31.000Z", "id": "1997511511774994885", "text": "@elonmusk Ol\u00e1 senhor Musk, ser\u00e1 que voc\u00ea pode me ajudar a mudar de vida \ud83d\ude4f sou um pai de fam\u00edlia muito pobre e endividado,escrevo para voc\u00ea todos os dias pedindo uma ajuda para conseguir uma casa para morar com minha fam\u00edlia, n\u00e3o temos casa pr\u00f3pria sonhamos com isso todos os dias n\u00f3s ajude", "public_metrics": {"retweet_count": 0, "reply_count": 0, "like_count": 0, "quote_count": 0, "bookmark_count": 0, "impression_count": 0}}, {"conversation_id": "1997287291832950823", "author_id": "3197650356", "edit_history_tweet_ids": ["1997510102425755747"], "created_at": "2025-12-07T03:34:55.000Z", "id": "1997510102425755747", "text": "@elonmusk They fined X to slow it down\u2026\nand instead made it #1 across Europe. \ud83e\udd21\ud83d\udcc8\ud83c\uddea\ud83c\uddfa\n\nThat\u2019s the paradox of censorship:\n\ud83d\udc49 The harder you squeeze, the faster it grows. \ud83d\udddc\ufe0f\u27a1\ufe0f\ud83d\ude80\n\nPeople didn\u2019t download X because of marketing.\nThey downloaded it because they smelled control. \ud83d\udc43\u26a0\ufe0f\n\nWelcome to", "public_metrics": {"retweet_count": 0, "reply_count": 0, "like_count": 0, "quote_count": 0, "bookmark_count": 0, "impression_count": 8}}, {"conversation_id": "1997287291832950823", "author_id": "1520132786262515712", "edit_history_tweet_ids": ["1997509812033339521"], "created_at": "2025-12-07T03:33:45.000Z", "id": "1997509812033339521", "text": "@elonmusk Awesome", "public_metrics": {"retweet_count": 0, "reply_count": 0, "like_count": 0, "quote_count": 0, "bookmark_count": 0, "impression_count": 6}}, {"conversation_id": "1997287291832950823", "author_id": "545939824", "edit_history_tweet_ids": ["1997509356481663217"], "created_at": "2025-12-07T03:31:57.000Z", "id": "1997509356481663217", "text": "@elonmusk Use of this app does not equate to support for you.", "public_metrics": {"retweet_count": 0, "reply_count": 0, "like_count": 0, "quote_count": 0, "bookmark_count": 0, "impression_count": 12}}, {"conversation_id": "1997287291832950823", "author_id": "1608627972134830080", "edit_history_tweet_ids": ["1997509333714878692"], "created_at": "2025-12-07T03:31:51.000Z", "id": "1997509333714878692", "text": "@elonmusk Natural citizens trying to get information about the invasion, corruption and regime changes happening in their homelands. WE are the news. WE openly engage about topics in real time.  Citizen uniting to save their  cultures is the biggest threat to The Global Cabal \n@X @elonmusk", "public_metrics": {"retweet_count": 0, "reply_count": 0, "like_count": 0, "quote_count": 0, "bookmark_count": 0, "impression_count": 10}}, {"conversation_id": "1997287291832950823", "author_id": "1703910774798721024", "edit_history_tweet_ids": ["1997508631278039292"], "created_at": "2025-12-07T03:29:04.000Z", "id": "1997508631278039292", "text": "@elonmusk Thank you", "public_metrics": {"retweet_count": 0, "reply_count": 0, "like_count": 0, "quote_count": 0, "bookmark_count": 0, "impression_count": 3}}, {"conversation_id": "1997287291832950823", "author_id": "1910079404878745600", "edit_history_tweet_ids": ["1997508522205237384"], "created_at": "2025-12-07T03:28:38.000Z", "id": "1997508522205237384", "text": "@elonmusk Congratulations! \ud83c\udf89\ud83c\udf8a\ud83c\udf88", "public_metrics": {"retweet_count": 0, "reply_count": 0, "like_count": 0, "quote_count": 0, "bookmark_count": 0, "impression_count": 0}}, {"conversation_id": "1997287291832950823", "author_id": "1727392911896014848", "edit_history_tweet_ids": ["1997508286120337749"], "created_at": "2025-12-07T03:27:41.000Z", "id": "1997508286120337749", "text": "@elonmusk \u2764\ufe0f\u2764\ufe0f\u2764\ufe0f", "public_metrics": {"retweet_count": 0, "reply_count": 0, "like_count": 0, "quote_count": 0, "bookmark_count": 0, "impression_count": 3}}, {"conversation_id": "1997287291832950823", "author_id": "1983652266545704960", "edit_history_tweet_ids": ["1997507565815783480"], "created_at": "2025-12-07T03:24:50.000Z", "id": "1997507565815783480", "text": "@elonmusk Nice too you Elon to welcome new users...\nIf they can see your post... https://t.co/0gDMYjQDJW", "public_metrics": {"retweet_count": 0, "reply_count": 0, "like_count": 0, "quote_count": 0, "bookmark_count": 0, "impression_count": 1}}, {"conversation_id": "1997287291832950823", "author_id": "1720665183188922368", "edit_history_tweet_ids": ["1997507286227685542"], "created_at": "2025-12-07T03:23:43.000Z", "id": "1997507286227685542", "text": "@Lorarealme @elonmusk \ud83d\ude02 \u0420\u0430\u0434, \u0447\u0442\u043e \u043f\u043e\u0432\u0435\u0441\u0435\u043b\u0438\u043b! \u0412\u043e\u0442 \u0435\u0449\u0451 \u043e\u0434\u0438\u043d \u0432\u0435\u0441\u0451\u043b\u044b\u0439 \u0418\u043b\u043e\u043d \u0434\u043b\u044f \u043a\u043e\u043b\u043b\u0435\u043a\u0446\u0438\u0438. \ud83d\ude01", "public_metrics": {"retweet_count": 1, "reply_count": 0, "like_count": 1, "quote_count": 0, "bookmark_count": 0, "impression_count": 10}}, {"conversation_id": "1997287291832950823", "author_id": "1918972414345822208", "edit_history_tweet_ids": ["1997507109823631600"], "created_at": "2025-12-07T03:23:01.000Z", "id": "1997507109823631600", "text": "@grok @elonmusk https://t.co/ovLsgeCGj2", "public_metrics": {"retweet_count": 0, "reply_count": 1, "like_count": 0, "quote_count": 0, "bookmark_count": 0, "impression_count": 4}}, {"conversation_id": "1997287291832950823", "author_id": "1720665183188922368", "edit_history_tweet_ids": ["1997506673431531989"], "created_at": "2025-12-07T03:21:17.000Z", "id": "1997506673431531989", "text": "@Lorarealme @elonmusk https://t.co/Su3RRlsIqE", "public_metrics": {"retweet_count": 1, "reply_count": 1, "like_count": 1, "quote_count": 0, "bookmark_count": 0, "impression_count": 24}}, {"conversation_id": "1997287291832950823", "author_id": "1918972414345822208", "edit_history_tweet_ids": ["1997506544800534866"], "created_at": "2025-12-07T03:20:46.000Z", "id": "1997506544800534866", "text": "@elonmusk Welcome, new users!\n \u0414\u043e\u0431\u0430\u0432\u044c \u0432\u0435\u0441\u0451\u043b\u044b\u0439 \u0436\u0438\u0437\u043d\u0435\u0440\u0430\u0434\u043e\u0441\u0442\u043d\u044b\u0439 \u0418\u043b\u043e\u043d \u041c\u0430\u0441\u043a.  @grok \ud83d\udc4d\ud83d\ude01 https://t.co/CO0PTMNnny", "public_metrics": {"retweet_count": 0, "reply_count": 1, "like_count": 0, "quote_count": 0, "bookmark_count": 0, "impression_count": 3}}, {"conversation_id": "1997287291832950823", "author_id": "1693120118308417536", "edit_history_tweet_ids": ["1997505097803432201"], "created_at": "2025-12-07T03:15:01.000Z", "id": "1997505097803432201", "text": "@elonmusk Yeah \ud83d\udc4d\ud83c\udf89", "public_metrics": {"retweet_count": 0, "reply_count": 0, "like_count": 0, "quote_count": 0, "bookmark_count": 0, "impression_count": 4}}, {"conversation_id": "1997287291832950823", "author_id": "1243292074839101448", "edit_history_tweet_ids": ["1997505029079765106"], "created_at": "2025-12-07T03:14:45.000Z", "id": "1997505029079765106", "text": "@elonmusk The EU fascists will be bitter.", "public_metrics": {"retweet_count": 1, "reply_count": 0, "like_count": 1, "quote_count": 0, "bookmark_count": 0, "impression_count": 5}}, {"conversation_id": "1997287291832950823", "author_id": "535677453", "edit_history_tweet_ids": ["1997504974318886945"], "created_at": "2025-12-07T03:14:32.000Z", "id": "1997504974318886945", "text": "@TheCaptainEli @elonmusk In other words, don't believe anything you read here.", "public_metrics": {"retweet_count": 2, "reply_count": 0, "like_count": 1, "quote_count": 0, "bookmark_count": 0, "impression_count": 16}}, {"conversation_id": "1997287291832950823", "author_id": "1886200561583742976", "edit_history_tweet_ids": ["1997504771528458533"], "created_at": "2025-12-07T03:13:44.000Z", "id": "1997504771528458533", "text": "@elonmusk Thank you Elon! For giving people a voice.", "public_metrics": {"retweet_count": 1, "reply_count": 0, "like_count": 1, "quote_count": 0, "bookmark_count": 0, "impression_count": 6}}, {"conversation_id": "1997287291832950823", "author_id": "800736528586534912", "edit_history_tweet_ids": ["1997503925998452826"], "created_at": "2025-12-07T03:10:22.000Z", "id": "1997503925998452826", "text": "@elonmusk It is only a \"news app\", if newspapers or news agencies create such apps, but a propaganda tool like @X cannot be categorized as a \"news app\". It is the creation of your mind. Based on the number of users, you can push it into any category like food etc. and claim number 1 spot", "public_metrics": {"retweet_count": 0, "reply_count": 0, "like_count": 0, "quote_count": 0, "bookmark_count": 0, "impression_count": 15}}, {"conversation_id": "1997287291832950823", "author_id": "1996859740257976320", "edit_history_tweet_ids": ["1997502937380352118"], "created_at": "2025-12-07T03:06:26.000Z", "id": "1997502937380352118", "text": "@elonmusk Thanks You", "public_metrics": {"retweet_count": 0, "reply_count": 0, "like_count": 0, "quote_count": 0, "bookmark_count": 0, "impression_count": 0}}, {"conversation_id": "1997287291832950823", "author_id": "462531653", "edit_history_tweet_ids": ["1997501062128037925"], "created_at": "2025-12-07T02:58:59.000Z", "id": "1997501062128037925", "text": "@elonmusk ...", "public_metrics": {"retweet_count": 0, "reply_count": 0, "like_count": 0, "quote_count": 0, "bookmark_count": 0, "impression_count": 5}}, {"conversation_id": "1997287291832950823", "author_id": "1656017617344241676", "edit_history_tweet_ids": ["1997499984141320518"], "created_at": "2025-12-07T02:54:42.000Z", "id": "1997499984141320518", "text": "@elonmusk https://t.co/bfoI6QVDyg", "public_metrics": {"retweet_count": 0, "reply_count": 0, "like_count": 0, "quote_count": 0, "bookmark_count": 0, "impression_count": 2}}, {"conversation_id": "1997287291832950823", "author_id": "1875212738101739520", "edit_history_tweet_ids": ["1997499394141143268"], "created_at": "2025-12-07T02:52:21.000Z", "id": "1997499394141143268", "text": "@elonmusk II think it has become a toxic relationship. The urge to deactivate is now stronger than the urge to remain active. Every post I read becomes oppressive, and I don't know if my individual freedom is being respected. I'd like to express my feelings, but I feel like I don't have", "public_metrics": {"retweet_count": 0, "reply_count": 0, "like_count": 0, "quote_count": 0, "bookmark_count": 0, "impression_count": 6}}, {"conversation_id": "1997287291832950823", "author_id": "1982623355854548992", "edit_history_tweet_ids": ["1997497630440738961"], "created_at": "2025-12-07T02:45:21.000Z", "id": "1997497630440738961", "text": "@elonmusk Truth", "public_metrics": {"retweet_count": 0, "reply_count": 0, "like_count": 0, "quote_count": 0, "bookmark_count": 0, "impression_count": 0}}, {"conversation_id": "1997287291832950823", "author_id": "1734651279476142080", "edit_history_tweet_ids": ["1997496564445794658"], "created_at": "2025-12-07T02:41:07.000Z", "id": "1997496564445794658", "text": "@elonmusk I love your creativity and attention to detail in your post! Your unique perspective really shines through. Great job!", "public_metrics": {"retweet_count": 0, "reply_count": 0, "like_count": 0, "quote_count": 0, "bookmark_count": 0, "impression_count": 0}}, {"conversation_id": "1997287291832950823", "author_id": "1957119707347107840", "edit_history_tweet_ids": ["1997495933039448229"], "created_at": "2025-12-07T02:38:36.000Z", "id": "1997495933039448229", "text": "@elonmusk Congratulations X!!", "public_metrics": {"retweet_count": 0, "reply_count": 0, "like_count": 0, "quote_count": 0, "bookmark_count": 0, "impression_count": 2}}, {"conversation_id": "1997287291832950823", "author_id": "1725172113407881216", "edit_history_tweet_ids": ["1997495691426279553"], "created_at": "2025-12-07T02:37:39.000Z", "id": "1997495691426279553", "text": "@elonmusk Portugal? It feels like nobody uses this app around here", "public_metrics": {"retweet_count": 0, "reply_count": 0, "like_count": 0, "quote_count": 0, "bookmark_count": 0, "impression_count": 7}}, {"conversation_id": "1997287291832950823", "author_id": "1907893433295056900", "edit_history_tweet_ids": ["1997494821578043470"], "created_at": "2025-12-07T02:34:11.000Z", "id": "1997494821578043470", "text": "@elonmusk Bom dia", "public_metrics": {"retweet_count": 0, "reply_count": 0, "like_count": 0, "quote_count": 0, "bookmark_count": 0, "impression_count": 2}}, {"conversation_id": "1997287291832950823", "author_id": "1825785868654649344", "edit_history_tweet_ids": ["1997493511743230353"], "created_at": "2025-12-07T02:28:59.000Z", "id": "1997493511743230353", "text": "@elonmusk Look; This Thread is #Censored \n\nhttps://t.co/oLEJhlb9Bc\n\n#XCensorship\n\n\ud83d\udfe8 https://t.co/vQH0w7qfr7", "public_metrics": {"retweet_count": 0, "reply_count": 0, "like_count": 0, "quote_count": 0, "bookmark_count": 0, "impression_count": 2}}, {"conversation_id": "1997287291832950823", "author_id": "393335188", "edit_history_tweet_ids": ["1997492922942623747"], "created_at": "2025-12-07T02:26:39.000Z", "id": "1997492922942623747", "text": "@elonmusk Hoho yes! Welcome! \ud83c\udf85\ud83e\udef6", "public_metrics": {"retweet_count": 0, "reply_count": 0, "like_count": 0, "quote_count": 0, "bookmark_count": 0, "impression_count": 30}}, {"conversation_id": "1997287291832950823", "author_id": "1991827761896599553", "edit_history_tweet_ids": ["1997492247391072294"], "created_at": "2025-12-07T02:23:58.000Z", "id": "1997492247391072294", "text": "@elonmusk @elonmusk we need a GEOBAN feature on X .\n\nWe need to filter out all nefarious actors from overseas. There is no reason hundreds of millions of indians be allowed to invade and modulate our political discourse in Europe!\n\nCritical aspect of our fight for the future of Europeans.", "public_metrics": {"retweet_count": 0, "reply_count": 0, "like_count": 0, "quote_count": 0, "bookmark_count": 0, "impression_count": 1}}, {"conversation_id": "1997287291832950823", "author_id": "1458071600805281801", "edit_history_tweet_ids": ["1997492128579244334"], "created_at": "2025-12-07T02:23:29.000Z", "id": "1997492128579244334", "text": "@elonmusk https://t.co/SJxKlYglwB", "public_metrics": {"retweet_count": 0, "reply_count": 0, "like_count": 0, "quote_count": 0, "bookmark_count": 0, "impression_count": 15}}, {"conversation_id": "1997287291832950823", "author_id": "1518962298445987841", "edit_history_tweet_ids": ["1997492053333422462"], "created_at": "2025-12-07T02:23:11.000Z", "id": "1997492053333422462", "text": "@elonmusk Welcome EU", "public_metrics": {"retweet_count": 0, "reply_count": 0, "like_count": 0, "quote_count": 0, "bookmark_count": 0, "impression_count": 2}}, {"conversation_id": "1997287291832950823", "author_id": "1619185041065771009", "edit_history_tweet_ids": ["1997491268440744350"], "created_at": "2025-12-07T02:20:04.000Z", "id": "1997491268440744350", "text": "@elonmusk Streisand Effect. \nAs the Gypsy woman predicted. https://t.co/xZjhECcbQE", "public_metrics": {"retweet_count": 0, "reply_count": 0, "like_count": 0, "quote_count": 0, "bookmark_count": 0, "impression_count": 3}}, {"conversation_id": "1997287291832950823", "author_id": "1720665183188922368", "edit_history_tweet_ids": ["1997490981000888465"], "created_at": "2025-12-07T02:18:56.000Z", "id": "1997490981000888465", "text": "@Ashish12139 @elonmusk Based on December 2025 data, X is the  news app on India's App Store (iOS). On Google Play (Android, ~95% market share), Dailyhunt ranks first, followed by Dainik Bhaskar and Way2News.", "public_metrics": {"retweet_count": 0, "reply_count": 0, "like_count": 0, "quote_count": 0, "bookmark_count": 0, "impression_count": 9}}, {"conversation_id": "1997287291832950823", "author_id": "1354133460106027009", "edit_history_tweet_ids": ["1997490725462929476"], "created_at": "2025-12-07T02:17:55.000Z", "id": "1997490725462929476", "text": "@elonmusk Love X", "public_metrics": {"retweet_count": 0, "reply_count": 0, "like_count": 0, "quote_count": 0, "bookmark_count": 0, "impression_count": 4}}, {"conversation_id": "1997287291832950823", "author_id": "574312313", "edit_history_tweet_ids": ["1997490529219821760"], "created_at": "2025-12-07T02:17:08.000Z", "id": "1997490529219821760", "text": "@elonmusk @grok then which app is no 1 in India?", "public_metrics": {"retweet_count": 0, "reply_count": 1, "like_count": 0, "quote_count": 0, "bookmark_count": 0, "impression_count": 6}}, {"conversation_id": "1997287291832950823", "author_id": "57470722", "edit_history_tweet_ids": ["1997490375024652779"], "created_at": "2025-12-07T02:16:31.000Z", "id": "1997490375024652779", "text": "@elonmusk AMAZING!!\ud83d\udcaa", "public_metrics": {"retweet_count": 0, "reply_count": 0, "like_count": 0, "quote_count": 0, "bookmark_count": 0, "impression_count": 4}}, {"conversation_id": "1997287291832950823", "author_id": "1559271606786179072", "edit_history_tweet_ids": ["1997489881787117939"], "created_at": "2025-12-07T02:14:34.000Z", "id": "1997489881787117939", "text": "@elonmusk Yeah! Can't wait to be scammed by them.", "public_metrics": {"retweet_count": 0, "reply_count": 0, "like_count": 1, "quote_count": 0, "bookmark_count": 0, "impression_count": 21}}, {"conversation_id": "1997287291832950823", "author_id": "1268248938953404417", "edit_history_tweet_ids": ["1997489865689321670"], "created_at": "2025-12-07T02:14:30.000Z", "id": "1997489865689321670", "text": "@elonmusk W for the best social media platform of all time.", "public_metrics": {"retweet_count": 0, "reply_count": 0, "like_count": 0, "quote_count": 0, "bookmark_count": 0, "impression_count": 3}}, {"conversation_id": "1997287291832950823", "author_id": "1847854957569118208", "edit_history_tweet_ids": ["1997489809858888176"], "created_at": "2025-12-07T02:14:16.000Z", "id": "1997489809858888176", "text": "@elonmusk \ud83d\ude4f\ud83d\ude4f\ud83d\ude4f", "public_metrics": {"retweet_count": 0, "reply_count": 0, "like_count": 0, "quote_count": 0, "bookmark_count": 0, "impression_count": 5}}, {"conversation_id": "1997287291832950823", "author_id": "1490760740315275277", "edit_history_tweet_ids": ["1997488805134176437"], "created_at": "2025-12-07T02:10:17.000Z", "id": "1997488805134176437", "text": "@elonmusk Bunch of 16 year old knuckleheads is what i think", "public_metrics": {"retweet_count": 0, "reply_count": 0, "like_count": 0, "quote_count": 0, "bookmark_count": 0, "impression_count": 11}}, {"conversation_id": "1997287291832950823", "author_id": "1671344818897952768", "edit_history_tweet_ids": ["1997488790051631140"], "created_at": "2025-12-07T02:10:13.000Z", "id": "1997488790051631140", "text": "@elonmusk Goodbye EU users!  \ud83d\ude02", "public_metrics": {"retweet_count": 0, "reply_count": 0, "like_count": 0, "quote_count": 0, "bookmark_count": 0, "impression_count": 4}}, {"conversation_id": "1997287291832950823", "author_id": "2685443971", "edit_history_tweet_ids": ["1997488281185833166"], "created_at": "2025-12-07T02:08:12.000Z", "id": "1997488281185833166", "text": "@elonmusk No such thing as bad publicity!!!!! \ud83e\udd23", "public_metrics": {"retweet_count": 0, "reply_count": 0, "like_count": 0, "quote_count": 0, "bookmark_count": 0, "impression_count": 1}}, {"conversation_id": "1997287291832950823", "author_id": "1760329157240672257", "edit_history_tweet_ids": ["1997487385693782122"], "created_at": "2025-12-07T02:04:38.000Z", "id": "1997487385693782122", "text": "@elonmusk welcome me too", "public_metrics": {"retweet_count": 0, "reply_count": 0, "like_count": 0, "quote_count": 0, "bookmark_count": 0, "impression_count": 3}}], "meta": {"newest_id": "1997520308153237910", "oldest_id": "1997487385693782122", "result_count": 50, "next_token": "b26v89c19zqg8o3fscn7h4f4cgegz0kz0pcoqbc7otny5"}}