{"data": [{"author_id": "1819632610165116929", "conversation_id": "1987698452688667127", "edit_history_tweet_ids": ["1997056247213052096"], "text": "@edwinboyan Hi Boyan, I\u2019ve applied and haven\u2019t heard back. When can I know the decision", "id": "1997056247213052096", "public_metrics": {"retweet_count": 0, "reply_count": 0, "like_count": 0, "quote_count": 0, "bookmark_count": 0, "impression_count": 1}, "created_at": "2025-12-05T21:31:27.000Z"}, {"author_id": "208364506", "conversation_id": "1987698452688667127", "edit_history_tweet_ids": ["1995828878565339170"], "text": "@Anjaam_e_Buddh We\u2019ve had a full pack this time. Please stay tuned for the upcoming one we will host again soon!", "id": "1995828878565339170", "public_metrics": {"retweet_count": 0, "reply_count": 0, "like_count": 0, "quote_count": 0, "bookmark_count": 0, "impression_count": 8}, "created_at": "2025-12-02T12:14:20.000Z"}, {"author_id": "1986648120919531521", "conversation_id": "1987698452688667127", "edit_history_tweet_ids": ["1995172211880313051"], "text": "@edwinboyan Hello!\nI\u2019m yet to hear back, building 2 production ready apps using X API.", "id": "1995172211880313051", "public_metrics": {"retweet_count": 0, "reply_count": 1, "like_count": 0, "quote_count": 0, "bookmark_count": 0, "impression_count": 13}, "created_at": "2025-11-30T16:44:58.000Z"}], "meta": {"newest_id": "1997056247213052096", "oldest_id": "1995172211880313051", "result_count": 3}}