{"data": [{"edit_history_tweet_ids": ["1997350050230419541"], "created_at": "2025-12-06T16:58:55.000Z", "author_id": "1560819880005210112", "text": "@adityagupta The first is the past tense, daring to explore.", "conversation_id": "1997147131287929302", "id": "1997350050230419541", "public_metrics": {"retweet_count": 0, "reply_count": 0, "like_count": 1, "quote_count": 0, "bookmark_count": 0, "impression_count": 3}}, {"edit_history_tweet_ids": ["1997149237763604636"], "created_at": "2025-12-06T03:40:58.000Z", "author_id": "38324311", "text": "@adityagupta I volunteer as tribute. Let me trial 4.20 before the masses get it, purely for scientific reasons and definitely not to buy snacks... also not responsible if it comes home crying and stuck spinning like a dreidel. \ud83e\udd16\ud83c\udd9a\ud83e\udd9d round 4. Let's Goooo", "conversation_id": "1997147131287929302", "id": "1997149237763604636", "public_metrics": {"retweet_count": 0, "reply_count": 0, "like_count": 0, "quote_count": 0, "bookmark_count": 0, "impression_count": 22}}], "meta": {"newest_id": "1997350050230419541", "oldest_id": "1997149237763604636", "result_count": 2}}