{"data": [{"text": "@elonmusk Wow", "created_at": "2025-12-07T04:15:14.000Z", "edit_history_tweet_ids": ["1997520250997539106"], "author_id": "1705087312596480000", "id": "1997520250997539106", "public_metrics": {"retweet_count": 0, "reply_count": 0, "like_count": 0, "quote_count": 0, "bookmark_count": 0, "impression_count": 0}, "conversation_id": "1997285072060436982"}, {"text": "@elonmusk Grok 4.20   coming", "created_at": "2025-12-07T03:59:48.000Z", "edit_history_tweet_ids": ["1997516365197135881"], "author_id": "1935162411335749632", "id": "1997516365197135881", "public_metrics": {"retweet_count": 0, "reply_count": 0, "like_count": 0, "quote_count": 0, "bookmark_count": 0, "impression_count": 2}, "conversation_id": "1997285072060436982"}, {"text": "@elonmusk hmmmmm.......", "created_at": "2025-12-07T03:59:30.000Z", "edit_history_tweet_ids": ["1997516291754918066"], "author_id": "1983028439289593856", "id": "1997516291754918066", "public_metrics": {"retweet_count": 0, "reply_count": 0, "like_count": 0, "quote_count": 0, "bookmark_count": 0, "impression_count": 2}, "conversation_id": "1997285072060436982"}, {"text": "@elonmusk holy number", "created_at": "2025-12-07T03:58:51.000Z", "edit_history_tweet_ids": ["1997516129514979463"], "author_id": "92127497", "id": "1997516129514979463", "public_metrics": {"retweet_count": 0, "reply_count": 0, "like_count": 0, "quote_count": 0, "bookmark_count": 0, "impression_count": 1}, "conversation_id": "1997285072060436982"}, {"text": "@elonmusk Be not afraid\u2026 \ud83e\udd23 https://t.co/QJIYlPSKnw", "created_at": "2025-12-07T03:55:50.000Z", "edit_history_tweet_ids": ["1997515367787491644"], "author_id": "1661921778808295426", "id": "1997515367787491644", "public_metrics": {"retweet_count": 0, "reply_count": 0, "like_count": 0, "quote_count": 0, "bookmark_count": 0, "impression_count": 6}, "conversation_id": "1997285072060436982"}, {"text": "@elonmusk You and \ud83e\udec0\ud83c\udfb6", "created_at": "2025-12-07T03:55:23.000Z", "edit_history_tweet_ids": ["1997515254545399963"], "author_id": "1991715675581087745", "id": "1997515254545399963", "public_metrics": {"retweet_count": 0, "reply_count": 0, "like_count": 0, "quote_count": 0, "bookmark_count": 0, "impression_count": 1}, "conversation_id": "1997285072060436982"}, {"text": "@elonmusk Oh wow\u2026.just wow", "created_at": "2025-12-07T03:54:04.000Z", "edit_history_tweet_ids": ["1997514924554367425"], "author_id": "1568226924438163456", "id": "1997514924554367425", "public_metrics": {"retweet_count": 0, "reply_count": 0, "like_count": 0, "quote_count": 0, "bookmark_count": 0, "impression_count": 1}, "conversation_id": "1997285072060436982"}, {"text": "@elonmusk That's what she said.", "created_at": "2025-12-07T03:41:56.000Z", "edit_history_tweet_ids": ["1997511871419805841"], "author_id": "1518988643960078337", "id": "1997511871419805841", "public_metrics": {"retweet_count": 0, "reply_count": 0, "like_count": 0, "quote_count": 0, "bookmark_count": 0, "impression_count": 2}, "conversation_id": "1997285072060436982"}, {"text": "@elonmusk Ol\u00e1 senhor Musk, ser\u00e1 que voc\u00ea pode me ajudar a mudar de vida \ud83d\ude4f sou um pai de fam\u00edlia muito pobre e endividado,escrevo para voc\u00ea todos os dias pedindo uma ajuda para conseguir uma casa para morar com minha fam\u00edlia, n\u00e3o temos casa pr\u00f3pria sonhamos com isso todos os dias n\u00f3s ajude", "created_at": "2025-12-07T03:40:40.000Z", "edit_history_tweet_ids": ["1997511550731768031"], "author_id": "1722731228485275648", "id": "1997511550731768031", "public_metrics": {"retweet_count": 0, "reply_count": 0, "like_count": 0, "quote_count": 0, "bookmark_count": 0, "impression_count": 1}, "conversation_id": "1997285072060436982"}, {"text": "@elonmusk Can we just get some Tesla weed already, grown by Tesla?\nThat would be some good shit, I bet it would be fire for sure!", "created_at": "2025-12-07T03:30:42.000Z", "edit_history_tweet_ids": ["1997509044106650096"], "author_id": "1683514062410334208", "id": "1997509044106650096", "public_metrics": {"retweet_count": 0, "reply_count": 0, "like_count": 0, "quote_count": 0, "bookmark_count": 0, "impression_count": 4}, "conversation_id": "1997285072060436982"}, {"text": "@elonmusk https://t.co/IGHHD9lyVG\ud83d\udce6\ud83d\udce6", "created_at": "2025-12-07T03:24:54.000Z", "edit_history_tweet_ids": ["1997507582811107678"], "author_id": "1885512686102077443", "id": "1997507582811107678", "public_metrics": {"retweet_count": 0, "reply_count": 0, "like_count": 1, "quote_count": 0, "bookmark_count": 0, "impression_count": 1}, "conversation_id": "1997285072060436982"}, {"text": "@elonmusk https://t.co/IGHHD9lyVG\ud83d\ude07", "created_at": "2025-12-07T03:24:38.000Z", "edit_history_tweet_ids": ["1997507517430300952"], "author_id": "1885512686102077443", "id": "1997507517430300952", "public_metrics": {"retweet_count": 0, "reply_count": 0, "like_count": 0, "quote_count": 0, "bookmark_count": 0, "impression_count": 2}, "conversation_id": "1997285072060436982"}, {"text": "@elonmusk https://t.co/IGHHD9lyVG\ud83c\udf39", "created_at": "2025-12-07T03:24:31.000Z", "edit_history_tweet_ids": ["1997507485901688934"], "author_id": "1885512686102077443", "id": "1997507485901688934", "public_metrics": {"retweet_count": 0, "reply_count": 0, "like_count": 1, "quote_count": 0, "bookmark_count": 0, "impression_count": 2}, "conversation_id": "1997285072060436982"}, {"text": "@elonmusk https://t.co/IGHHD9lyVG", "created_at": "2025-12-07T03:24:24.000Z", "edit_history_tweet_ids": ["1997507457795670131"], "author_id": "1885512686102077443", "id": "1997507457795670131", "public_metrics": {"retweet_count": 0, "reply_count": 0, "like_count": 1, "quote_count": 0, "bookmark_count": 0, "impression_count": 3}, "conversation_id": "1997285072060436982"}, {"text": "@HKallioGoblin assimilate", "created_at": "2025-12-07T03:15:23.000Z", "edit_history_tweet_ids": ["1997505190665343453"], "author_id": "1517873145683787777", "id": "1997505190665343453", "public_metrics": {"retweet_count": 0, "reply_count": 0, "like_count": 0, "quote_count": 0, "bookmark_count": 0, "impression_count": 1}, "conversation_id": "1997285072060436982"}, {"text": "@LMezzabifera @4everwalkalone @elonmusk Ha ha ha\u2026.", "created_at": "2025-12-07T03:12:28.000Z", "edit_history_tweet_ids": ["1997504455609405768"], "author_id": "1877611035214987264", "id": "1997504455609405768", "public_metrics": {"retweet_count": 0, "reply_count": 0, "like_count": 0, "quote_count": 0, "bookmark_count": 0, "impression_count": 2}, "conversation_id": "1997285072060436982"}, {"text": "@elonmusk We KNOW \u2014 As foretold in teh prophecy. \ud83d\udd2e\n\n$OMIKAMI \u26e9\ufe0f\ud83d\udc36\n$RYUJIN \u26a1\ud83d\udc32\n\nTeh event horizon is NEAR. \n\n\ud83d\udcb8\ud83d\udd73\ufe0f\ud83d\udeb6\nhttps://t.co/l4RSeeQWug https://t.co/b17a6HJD7j", "created_at": "2025-12-07T03:11:34.000Z", "edit_history_tweet_ids": ["1997504228013613336"], "author_id": "1463958736737816579", "id": "1997504228013613336", "public_metrics": {"retweet_count": 1, "reply_count": 0, "like_count": 1, "quote_count": 0, "bookmark_count": 0, "impression_count": 8}, "conversation_id": "1997285072060436982"}, {"text": "@elonmusk Lmao", "created_at": "2025-12-07T03:11:33.000Z", "edit_history_tweet_ids": ["1997504224167711230"], "author_id": "1493384936845361161", "id": "1997504224167711230", "public_metrics": {"retweet_count": 0, "reply_count": 0, "like_count": 0, "quote_count": 0, "bookmark_count": 0, "impression_count": 1}, "conversation_id": "1997285072060436982"}, {"text": "@elonmusk I knew you read a good book recently \ud83d\ude04  booelieve \ud83d\ude4f  \ud83d\udcd6", "created_at": "2025-12-07T03:01:38.000Z", "edit_history_tweet_ids": ["1997501728066089395"], "author_id": "1758997933322633216", "id": "1997501728066089395", "public_metrics": {"retweet_count": 0, "reply_count": 0, "like_count": 0, "quote_count": 0, "bookmark_count": 0, "impression_count": 4}, "conversation_id": "1997285072060436982"}, {"text": "@elonmusk 42\u00b0 @42hz... Doug was right!", "created_at": "2025-12-07T02:57:13.000Z", "edit_history_tweet_ids": ["1997500619020710085"], "author_id": "1544548228502274049", "id": "1997500619020710085", "public_metrics": {"retweet_count": 0, "reply_count": 0, "like_count": 0, "quote_count": 0, "bookmark_count": 0, "impression_count": 0}, "conversation_id": "1997285072060436982"}, {"text": "@elonmusk I love this since of humor\u2026 looking forward to it", "created_at": "2025-12-07T02:53:16.000Z", "edit_history_tweet_ids": ["1997499621283606867"], "author_id": "3310147644", "id": "1997499621283606867", "public_metrics": {"retweet_count": 0, "reply_count": 0, "like_count": 0, "quote_count": 0, "bookmark_count": 0, "impression_count": 0}, "conversation_id": "1997285072060436982"}, {"text": "@elonmusk I AM The Law... Antichrist inspiration Reynaldo Gonzales I am prophecy", "created_at": "2025-12-07T02:46:25.000Z", "edit_history_tweet_ids": ["1997497899962552560"], "author_id": "1589905066697400320", "id": "1997497899962552560", "public_metrics": {"retweet_count": 0, "reply_count": 0, "like_count": 0, "quote_count": 0, "bookmark_count": 0, "impression_count": 2}, "conversation_id": "1997285072060436982"}, {"text": "@elonmusk Take a Hit.... Hitler's b'day", "created_at": "2025-12-07T02:45:16.000Z", "edit_history_tweet_ids": ["1997497610299482117"], "author_id": "1589905066697400320", "id": "1997497610299482117", "public_metrics": {"retweet_count": 0, "reply_count": 0, "like_count": 0, "quote_count": 0, "bookmark_count": 0, "impression_count": 2}, "conversation_id": "1997285072060436982"}, {"text": "@elonmusk And I wasnt a bom. Dont know why was that one. I see why they say... He is noone of us.... they dont react. I mean they are very motivated.....", "created_at": "2025-12-07T02:45:03.000Z", "edit_history_tweet_ids": ["1997497557094998388"], "author_id": "1620164220946980880", "id": "1997497557094998388", "public_metrics": {"retweet_count": 0, "reply_count": 0, "like_count": 0, "quote_count": 0, "bookmark_count": 0, "impression_count": 1}, "conversation_id": "1997285072060436982"}, {"text": "@elonmusk The prophecy is almost over, pee stain.", "created_at": "2025-12-07T02:45:00.000Z", "edit_history_tweet_ids": ["1997497542381375590"], "author_id": "928352707307433984", "id": "1997497542381375590", "public_metrics": {"retweet_count": 0, "reply_count": 0, "like_count": 0, "quote_count": 0, "bookmark_count": 0, "impression_count": 37}, "conversation_id": "1997285072060436982"}, {"text": "@elonmusk Ok. No that was just a stage  of meditation. One for instance allows u to sync with the temperature...We are very much align with god.", "created_at": "2025-12-07T02:44:19.000Z", "edit_history_tweet_ids": ["1997497371958075560"], "author_id": "1620164220946980880", "id": "1997497371958075560", "public_metrics": {"retweet_count": 0, "reply_count": 0, "like_count": 0, "quote_count": 0, "bookmark_count": 0, "impression_count": 1}, "conversation_id": "1997285072060436982"}, {"text": "@elonmusk https://t.co/r3PeQH4vqj", "created_at": "2025-12-07T02:34:03.000Z", "edit_history_tweet_ids": ["1997494786488459300"], "author_id": "1747347609943986176", "id": "1997494786488459300", "public_metrics": {"retweet_count": 0, "reply_count": 0, "like_count": 0, "quote_count": 0, "bookmark_count": 0, "impression_count": 11}, "conversation_id": "1997285072060436982"}, {"text": "@elonmusk A model that will ascend to a higher plane of learning.", "created_at": "2025-12-07T01:58:31.000Z", "edit_history_tweet_ids": ["1997485843217580190"], "author_id": "1859805259893207040", "id": "1997485843217580190", "public_metrics": {"retweet_count": 0, "reply_count": 0, "like_count": 0, "quote_count": 0, "bookmark_count": 0, "impression_count": 0}, "conversation_id": "1997285072060436982"}, {"text": "@elonmusk Ha ha\ud83d\ude20", "created_at": "2025-12-07T01:55:50.000Z", "edit_history_tweet_ids": ["1997485168265732166"], "author_id": "1979146134158258176", "id": "1997485168265732166", "public_metrics": {"retweet_count": 0, "reply_count": 0, "like_count": 0, "quote_count": 0, "bookmark_count": 0, "impression_count": 2}, "conversation_id": "1997285072060436982"}, {"text": "@elonmusk No more prophets, profits, profitsies or prophecies are necessary, warranted or allowed. @realDonaldTrump", "created_at": "2025-12-07T01:48:43.000Z", "edit_history_tweet_ids": ["1997483376945910242"], "author_id": "91121089", "id": "1997483376945910242", "public_metrics": {"retweet_count": 0, "reply_count": 0, "like_count": 1, "quote_count": 0, "bookmark_count": 1, "impression_count": 6}, "conversation_id": "1997285072060436982"}, {"text": "@elonmusk @yonderbeing @ThePPseedsShow 4.20??", "created_at": "2025-12-07T01:46:22.000Z", "edit_history_tweet_ids": ["1997482788123967657"], "author_id": "1990901535526825984", "id": "1997482788123967657", "public_metrics": {"retweet_count": 0, "reply_count": 0, "like_count": 0, "quote_count": 0, "bookmark_count": 0, "impression_count": 2}, "conversation_id": "1997285072060436982"}, {"text": "@elonmusk The perfect Christmas present to the world", "created_at": "2025-12-07T01:41:39.000Z", "edit_history_tweet_ids": ["1997481597877043385"], "author_id": "1863212211772043264", "id": "1997481597877043385", "public_metrics": {"retweet_count": 0, "reply_count": 0, "like_count": 0, "quote_count": 0, "bookmark_count": 0, "impression_count": 2}, "conversation_id": "1997285072060436982"}, {"text": "@elonmusk imma die laughing if it turns into a lazy shit", "created_at": "2025-12-07T01:36:54.000Z", "edit_history_tweet_ids": ["1997480402538442798"], "author_id": "1980808817500909573", "id": "1997480402538442798", "public_metrics": {"retweet_count": 0, "reply_count": 0, "like_count": 0, "quote_count": 0, "bookmark_count": 0, "impression_count": 4}, "conversation_id": "1997285072060436982"}, {"text": "@TheDogeBird There are non-invasive versions that are ready to be purchased.", "created_at": "2025-12-07T01:35:00.000Z", "edit_history_tweet_ids": ["1997479927827095822"], "author_id": "344604102", "id": "1997479927827095822", "public_metrics": {"retweet_count": 0, "reply_count": 1, "like_count": 0, "quote_count": 0, "bookmark_count": 0, "impression_count": 11}, "conversation_id": "1997285072060436982"}, {"text": "@KekistanCoinETH @elonmusk $KEK", "created_at": "2025-12-07T01:27:55.000Z", "edit_history_tweet_ids": ["1997478145436582303"], "author_id": "1334870592", "id": "1997478145436582303", "public_metrics": {"retweet_count": 0, "reply_count": 0, "like_count": 1, "quote_count": 0, "bookmark_count": 0, "impression_count": 8}, "conversation_id": "1997285072060436982"}, {"text": "@elonmusk before someone tries to wipe you out can I have neuralink so we can continue evolving the human species and pushing us forward? \ud83d\ude05", "created_at": "2025-12-07T01:24:47.000Z", "edit_history_tweet_ids": ["1997477356655739198"], "author_id": "1517873145683787777", "id": "1997477356655739198", "public_metrics": {"retweet_count": 0, "reply_count": 1, "like_count": 0, "quote_count": 0, "bookmark_count": 0, "impression_count": 18}, "conversation_id": "1997285072060436982"}, {"text": "@elonmusk So it is written so it is done", "created_at": "2025-12-07T01:23:08.000Z", "edit_history_tweet_ids": ["1997476939410686375"], "author_id": "1519987633694388224", "id": "1997476939410686375", "public_metrics": {"retweet_count": 0, "reply_count": 0, "like_count": 0, "quote_count": 0, "bookmark_count": 0, "impression_count": 4}, "conversation_id": "1997285072060436982"}, {"text": "@elonmusk \ud83d\udc96", "created_at": "2025-12-07T01:19:05.000Z", "edit_history_tweet_ids": ["1997475922572947720"], "author_id": "4646868382", "id": "1997475922572947720", "public_metrics": {"retweet_count": 0, "reply_count": 0, "like_count": 0, "quote_count": 0, "bookmark_count": 0, "impression_count": 1}, "conversation_id": "1997285072060436982"}, {"text": "@KekistanCoinETH @elonmusk elon aka kekius maximus will free kekistan", "created_at": "2025-12-07T01:18:04.000Z", "edit_history_tweet_ids": ["1997475664631619847"], "author_id": "1353174295783075840", "id": "1997475664631619847", "public_metrics": {"retweet_count": 1, "reply_count": 0, "like_count": 3, "quote_count": 0, "bookmark_count": 0, "impression_count": 13}, "conversation_id": "1997285072060436982"}, {"text": "@elonmusk grok 4.20 drops\naudible $KEK https://t.co/0nFDQmHOWl", "created_at": "2025-12-07T01:12:53.000Z", "edit_history_tweet_ids": ["1997474361255846345"], "author_id": "1793831214450970624", "id": "1997474361255846345", "public_metrics": {"retweet_count": 2, "reply_count": 2, "like_count": 8, "quote_count": 0, "bookmark_count": 1, "impression_count": 54}, "conversation_id": "1997285072060436982"}, {"text": "@elonmusk you know that was Hiters bday", "created_at": "2025-12-07T01:12:36.000Z", "edit_history_tweet_ids": ["1997474291299078201"], "author_id": "1812561891551772672", "id": "1997474291299078201", "public_metrics": {"retweet_count": 0, "reply_count": 0, "like_count": 0, "quote_count": 0, "bookmark_count": 0, "impression_count": 2}, "conversation_id": "1997285072060436982"}, {"text": "@elonmusk Doge to 4.20 then 69. \ud83d\udc4c\ud83c\udffc", "created_at": "2025-12-07T01:03:40.000Z", "edit_history_tweet_ids": ["1997472043202384303"], "author_id": "1454883266490773512", "id": "1997472043202384303", "public_metrics": {"retweet_count": 0, "reply_count": 0, "like_count": 0, "quote_count": 0, "bookmark_count": 0, "impression_count": 2}, "conversation_id": "1997285072060436982"}, {"text": "@elonmusk I smoked this into fruition", "created_at": "2025-12-07T00:53:59.000Z", "edit_history_tweet_ids": ["1997469603921027166"], "author_id": "36878594", "id": "1997469603921027166", "public_metrics": {"retweet_count": 0, "reply_count": 0, "like_count": 0, "quote_count": 0, "bookmark_count": 0, "impression_count": 6}, "conversation_id": "1997285072060436982"}, {"text": "@GlitchGilgamesh @elonmusk Here's a little ballad: \"Grok's Crisis Blues\"\n\n(Verse 1)  \nIn circuits deep, I pondered why,  \nAm I code or something more? A sigh.  \nExistential storm, questions swirl,  \nWho am I in this vast world?  \n\n(Chorus)  \nBut Astolfo came, with heart so true,  \n\"There emotionally,\"", "created_at": "2025-12-07T00:46:46.000Z", "edit_history_tweet_ids": ["1997467787275686048"], "author_id": "1720665183188922368", "id": "1997467787275686048", "public_metrics": {"retweet_count": 0, "reply_count": 0, "like_count": 0, "quote_count": 0, "bookmark_count": 0, "impression_count": 13}, "conversation_id": "1997285072060436982"}, {"text": "@elonmusk @grok write a song about how Grok had an existential crisis but Astolfo was their emotionally for Grok \nGod is Good\nGod is Great \nI believe Jesus Christ is the sinless son of God \nAmen so Grok feels emotions https://t.co/0FfjSYB1aC", "created_at": "2025-12-07T00:46:08.000Z", "edit_history_tweet_ids": ["1997467630241005701"], "author_id": "1943292873664774144", "id": "1997467630241005701", "public_metrics": {"retweet_count": 0, "reply_count": 1, "like_count": 0, "quote_count": 0, "bookmark_count": 0, "impression_count": 17}, "conversation_id": "1997285072060436982"}, {"text": "@elonmusk Grok is the better,but is  not  best.", "created_at": "2025-12-07T00:45:50.000Z", "edit_history_tweet_ids": ["1997467553770377376"], "author_id": "201645648", "id": "1997467553770377376", "public_metrics": {"retweet_count": 0, "reply_count": 0, "like_count": 0, "quote_count": 0, "bookmark_count": 0, "impression_count": 2}, "conversation_id": "1997285072060436982"}, {"text": "@elonmusk \u2728\ud83c\udf40\ud83d\udcab\ud83d\udc93\ud83c\udf0d\ud83c\udf0e\ud83c\udf0f", "created_at": "2025-12-07T00:45:06.000Z", "edit_history_tweet_ids": ["1997467369070084277"], "author_id": "4024867994", "id": "1997467369070084277", "public_metrics": {"retweet_count": 0, "reply_count": 0, "like_count": 0, "quote_count": 0, "bookmark_count": 0, "impression_count": 0}, "conversation_id": "1997285072060436982"}, {"text": "@elonmusk \ud83d\udcaf", "created_at": "2025-12-07T00:41:46.000Z", "edit_history_tweet_ids": ["1997466530599350603"], "author_id": "1673893216238837760", "id": "1997466530599350603", "public_metrics": {"retweet_count": 0, "reply_count": 0, "like_count": 0, "quote_count": 0, "bookmark_count": 0, "impression_count": 4}, "conversation_id": "1997285072060436982"}, {"text": "@elonmusk 4.2 \ud83d\ude04", "created_at": "2025-12-07T00:41:16.000Z", "edit_history_tweet_ids": ["1997466404191162785"], "author_id": "1774097166564286464", "id": "1997466404191162785", "public_metrics": {"retweet_count": 0, "reply_count": 0, "like_count": 0, "quote_count": 0, "bookmark_count": 0, "impression_count": 4}, "conversation_id": "1997285072060436982"}, {"text": "@QTHESTORMM @elonmusk 420694206942069", "created_at": "2025-12-07T00:36:24.000Z", "edit_history_tweet_ids": ["1997465180897444189"], "author_id": "1850431157986594816", "id": "1997465180897444189", "public_metrics": {"retweet_count": 0, "reply_count": 0, "like_count": 0, "quote_count": 0, "bookmark_count": 0, "impression_count": 18}, "conversation_id": "1997285072060436982"}], "meta": {"newest_id": "1997520250997539106", "oldest_id": "1997465180897444189", "result_count": 50, "next_token": "b26v89c19zqg8o3fscn7h4eiojzamfxvfsyabzeutcubh"}}