{"data": [{"author_id": "1663234373918023681", "public_metrics": {"retweet_count": 0, "reply_count": 0, "like_count": 0, "quote_count": 0, "bookmark_count": 0, "impression_count": 0}, "conversation_id": "1997355765439348778", "text": "@elonmusk YOU CAN EITHER WAKE IN LIFE OR SLUMBER INTO OBLIVION. JD\ud83c\uddfa\ud83c\uddf8\u271d\ufe0f\ud83c\uddfa\ud83c\uddf8\u271d\ufe0f", "id": "1997520550688882788", "edit_history_tweet_ids": ["1997520550688882788"], "created_at": "2025-12-07T04:16:26.000Z"}, {"author_id": "1686031974979547136", "public_metrics": {"retweet_count": 0, "reply_count": 0, "like_count": 0, "quote_count": 0, "bookmark_count": 0, "impression_count": 2}, "conversation_id": "1997355765439348778", "text": "@elonmusk They're unbelievers. \nThey don't believe the history of Islam.\nThey've fooled themselves that they can control them and remain in power.", "id": "1997518967498571889", "edit_history_tweet_ids": ["1997518967498571889"], "created_at": "2025-12-07T04:10:08.000Z"}, {"author_id": "20769497", "public_metrics": {"retweet_count": 0, "reply_count": 0, "like_count": 0, "quote_count": 0, "bookmark_count": 0, "impression_count": 1}, "conversation_id": "1997355765439348778", "text": "@elonmusk Time to flee", "id": "1997518302604857589", "edit_history_tweet_ids": ["1997518302604857589"], "created_at": "2025-12-07T04:07:30.000Z"}, {"author_id": "1650130862271528962", "public_metrics": {"retweet_count": 0, "reply_count": 0, "like_count": 0, "quote_count": 0, "bookmark_count": 0, "impression_count": 1}, "conversation_id": "1997355765439348778", "text": "@elonmusk the \u201cbest civilization\u201d is not defined by wealth, power, race, or monuments. It is judged by faith (\u012bm\u0101n), justice (\u2018adl), moral character (akhl\u0101q), and benefit to humanity (khayr al-n\u0101s).", "id": "1997518272997273636", "edit_history_tweet_ids": ["1997518272997273636"], "created_at": "2025-12-07T04:07:23.000Z"}, {"author_id": "1594664708568936448", "public_metrics": {"retweet_count": 0, "reply_count": 0, "like_count": 0, "quote_count": 0, "bookmark_count": 0, "impression_count": 2}, "conversation_id": "1997355765439348778", "text": "@elonmusk Soon the Muslims will be in control of Europe's military", "id": "1997517879886147849", "edit_history_tweet_ids": ["1997517879886147849"], "created_at": "2025-12-07T04:05:49.000Z"}, {"author_id": "1978166193614729220", "public_metrics": {"retweet_count": 0, "reply_count": 0, "like_count": 0, "quote_count": 0, "bookmark_count": 0, "impression_count": 2}, "conversation_id": "1997355765439348778", "text": "@elonmusk Right-wing oblivion, yes.", "id": "1997516687336521754", "edit_history_tweet_ids": ["1997516687336521754"], "created_at": "2025-12-07T04:01:04.000Z"}, {"author_id": "1714788288089800704", "public_metrics": {"retweet_count": 0, "reply_count": 0, "like_count": 0, "quote_count": 0, "bookmark_count": 0, "impression_count": 3}, "conversation_id": "1997355765439348778", "text": "@elonmusk EU is toast . It\u2019s bizarre to watch Germanys strong economy have to rely on windmills . Why the DAX is where it\u2019s at is baffling.", "id": "1997516600078201225", "edit_history_tweet_ids": ["1997516600078201225"], "created_at": "2025-12-07T04:00:44.000Z"}, {"author_id": "728981821", "public_metrics": {"retweet_count": 0, "reply_count": 0, "like_count": 0, "quote_count": 0, "bookmark_count": 0, "impression_count": 3}, "conversation_id": "1997355765439348778", "text": "@elonmusk Ty si\u0119 \u0107punie z RPA nie martw o Europ\u0119, zacznij si\u0119 martwi\u0107 o ameryk\u0119  \u015bmierdz\u0105ca g\u00f3wnem.", "id": "1997516343961354560", "edit_history_tweet_ids": ["1997516343961354560"], "created_at": "2025-12-07T03:59:43.000Z"}, {"author_id": "1766672310398791680", "public_metrics": {"retweet_count": 0, "reply_count": 0, "like_count": 0, "quote_count": 0, "bookmark_count": 0, "impression_count": 2}, "conversation_id": "1997355765439348778", "text": "@elonmusk Europe is a prime example of how civilizations fall .", "id": "1997516086137475121", "edit_history_tweet_ids": ["1997516086137475121"], "created_at": "2025-12-07T03:58:41.000Z"}, {"author_id": "246455433", "public_metrics": {"retweet_count": 0, "reply_count": 0, "like_count": 0, "quote_count": 0, "bookmark_count": 0, "impression_count": 0}, "conversation_id": "1997355765439348778", "text": "@elonmusk I agree, looks like we could do without the EU. Support Communist Cuba??", "id": "1997515252251218300", "edit_history_tweet_ids": ["1997515252251218300"], "created_at": "2025-12-07T03:55:22.000Z"}, {"author_id": "968591546399559681", "public_metrics": {"retweet_count": 0, "reply_count": 0, "like_count": 0, "quote_count": 0, "bookmark_count": 0, "impression_count": 4}, "conversation_id": "1997355765439348778", "text": "@Kanthan2030 @elonmusk It's sad but true... And the people who defend themselves will be banned and hated from the sheep... It's beyond madness here... \ud83d\ude14 Why can't we live in peace anymore...?", "id": "1997515195690983626", "edit_history_tweet_ids": ["1997515195690983626"], "created_at": "2025-12-07T03:55:09.000Z"}, {"author_id": "1670096953516998656", "public_metrics": {"retweet_count": 0, "reply_count": 0, "like_count": 0, "quote_count": 0, "bookmark_count": 0, "impression_count": 7}, "conversation_id": "1997355765439348778", "text": "@ValentinaForUSA @elonmusk Yup.  Black Rock.  \ud83e\udd14", "id": "1997514633201226143", "edit_history_tweet_ids": ["1997514633201226143"], "created_at": "2025-12-07T03:52:55.000Z"}, {"author_id": "968591546399559681", "public_metrics": {"retweet_count": 0, "reply_count": 0, "like_count": 0, "quote_count": 0, "bookmark_count": 0, "impression_count": 1}, "conversation_id": "1997355765439348778", "text": "@Curiosity521 @elonmusk Sadly germans... once again... Klaus Schwab, too... \ud83d\ude14", "id": "1997514485050073145", "edit_history_tweet_ids": ["1997514485050073145"], "created_at": "2025-12-07T03:52:19.000Z"}, {"author_id": "1904134787276943360", "public_metrics": {"retweet_count": 0, "reply_count": 0, "like_count": 0, "quote_count": 0, "bookmark_count": 0, "impression_count": 2}, "conversation_id": "1997355765439348778", "text": "@elonmusk Same in South Korea.. diving..\ud83d\ude2d\ud83c\uddf0\ud83c\uddf7", "id": "1997514179012603912", "edit_history_tweet_ids": ["1997514179012603912"], "created_at": "2025-12-07T03:51:06.000Z"}, {"author_id": "786191142261960704", "public_metrics": {"retweet_count": 0, "reply_count": 0, "like_count": 0, "quote_count": 0, "bookmark_count": 0, "impression_count": 1}, "conversation_id": "1997355765439348778", "text": "@elonmusk no\nit is intentional", "id": "1997513865853354232", "edit_history_tweet_ids": ["1997513865853354232"], "created_at": "2025-12-07T03:49:52.000Z"}, {"author_id": "1925721987717959680", "public_metrics": {"retweet_count": 0, "reply_count": 0, "like_count": 0, "quote_count": 0, "bookmark_count": 0, "impression_count": 2}, "conversation_id": "1997355765439348778", "text": "@elonmusk Maybe the pile of shoes was such a good idea that it actually over did its purpose", "id": "1997513619001782666", "edit_history_tweet_ids": ["1997513619001782666"], "created_at": "2025-12-07T03:48:53.000Z"}, {"author_id": "67238144", "public_metrics": {"retweet_count": 0, "reply_count": 0, "like_count": 0, "quote_count": 0, "bookmark_count": 0, "impression_count": 3}, "conversation_id": "1997355765439348778", "text": "@elonmusk \ud83d\ude4c\ud83c\udffb", "id": "1997512913012318411", "edit_history_tweet_ids": ["1997512913012318411"], "created_at": "2025-12-07T03:46:05.000Z"}, {"author_id": "821897280915701760", "public_metrics": {"retweet_count": 0, "reply_count": 0, "like_count": 0, "quote_count": 0, "bookmark_count": 0, "impression_count": 4}, "conversation_id": "1997355765439348778", "text": "@elonmusk \ud83d\ude22", "id": "1997512724692230265", "edit_history_tweet_ids": ["1997512724692230265"], "created_at": "2025-12-07T03:45:20.000Z"}, {"author_id": "881338476762980353", "public_metrics": {"retweet_count": 0, "reply_count": 0, "like_count": 0, "quote_count": 0, "bookmark_count": 0, "impression_count": 3}, "conversation_id": "1997355765439348778", "text": "@elonmusk Why? Hasn\u2019t the US played enough with other countries and imposing their way on other countries? You afraid of non white ppl? That\u2019s the craziest thing. So will only white ppl be able to go to mars?", "id": "1997512589815972049", "edit_history_tweet_ids": ["1997512589815972049"], "created_at": "2025-12-07T03:44:48.000Z"}, {"author_id": "14418557", "public_metrics": {"retweet_count": 0, "reply_count": 0, "like_count": 0, "quote_count": 0, "bookmark_count": 0, "impression_count": 4}, "conversation_id": "1997355765439348778", "text": "@elonmusk Oh, you wish! They are well aware of the consequences of ignoring the warning signs of an unreliable, maniacal dictator, along with facsism, to fall for it again. Why do you think behind closed doors they see exactly what Trump is! A traitor to freedom!", "id": "1997512202526642422", "edit_history_tweet_ids": ["1997512202526642422"], "created_at": "2025-12-07T03:43:15.000Z"}, {"author_id": "1982607498201939968", "public_metrics": {"retweet_count": 0, "reply_count": 0, "like_count": 0, "quote_count": 0, "bookmark_count": 0, "impression_count": 4}, "conversation_id": "1997355765439348778", "text": "@elonmusk They wish that dice role", "id": "1997512127750521201", "edit_history_tweet_ids": ["1997512127750521201"], "created_at": "2025-12-07T03:42:57.000Z"}, {"author_id": "1912211341013549056", "public_metrics": {"retweet_count": 0, "reply_count": 0, "like_count": 0, "quote_count": 0, "bookmark_count": 0, "impression_count": 2}, "conversation_id": "1997355765439348778", "text": "@elonmusk Really? How\u2019s that?", "id": "1997511975983845552", "edit_history_tweet_ids": ["1997511975983845552"], "created_at": "2025-12-07T03:42:21.000Z"}, {"author_id": "1057276117", "public_metrics": {"retweet_count": 0, "reply_count": 0, "like_count": 1, "quote_count": 0, "bookmark_count": 0, "impression_count": 4}, "conversation_id": "1997355765439348778", "text": "@elonmusk Yes it\u2019s True \ud835\udd4f Can save the whole world \ud83c\udf0e not only the EU \ud83d\ude04", "id": "1997511916013724121", "edit_history_tweet_ids": ["1997511916013724121"], "created_at": "2025-12-07T03:42:07.000Z"}, {"author_id": "1545145724525899776", "public_metrics": {"retweet_count": 0, "reply_count": 0, "like_count": 0, "quote_count": 0, "bookmark_count": 0, "impression_count": 18}, "conversation_id": "1997355765439348778", "text": "@elonmusk As a Franco/ American, I agree! France is so lost\u2026 please support Jordan Bardella for the next election ! Since they went after Le pen, he\u2019s France\u2019s only hope!", "id": "1997511730843509075", "edit_history_tweet_ids": ["1997511730843509075"], "created_at": "2025-12-07T03:41:23.000Z"}, {"author_id": "1405147262901047301", "public_metrics": {"retweet_count": 0, "reply_count": 0, "like_count": 0, "quote_count": 0, "bookmark_count": 0, "impression_count": 1}, "conversation_id": "1997355765439348778", "text": "@elonmusk Europe is done for buddy", "id": "1997511219901841824", "edit_history_tweet_ids": ["1997511219901841824"], "created_at": "2025-12-07T03:39:21.000Z"}, {"author_id": "1866950118055800832", "public_metrics": {"retweet_count": 0, "reply_count": 0, "like_count": 0, "quote_count": 0, "bookmark_count": 0, "impression_count": 3}, "conversation_id": "1997355765439348778", "text": "@elonmusk @elonmusk have you read \u201cThe Camp of the Saints?\u201d", "id": "1997511118756151752", "edit_history_tweet_ids": ["1997511118756151752"], "created_at": "2025-12-07T03:38:57.000Z"}, {"author_id": "1057276117", "public_metrics": {"retweet_count": 0, "reply_count": 1, "like_count": 1, "quote_count": 0, "bookmark_count": 0, "impression_count": 5}, "conversation_id": "1997355765439348778", "text": "@elonmusk Wake up EU \ud83d\ude02\ud83c\uddea\ud83c\uddfa", "id": "1997511096161419432", "edit_history_tweet_ids": ["1997511096161419432"], "created_at": "2025-12-07T03:38:51.000Z"}, {"author_id": "1722731228485275648", "public_metrics": {"retweet_count": 0, "reply_count": 0, "like_count": 0, "quote_count": 0, "bookmark_count": 0, "impression_count": 0}, "conversation_id": "1997355765439348778", "text": "@elonmusk Ol\u00e1 senhor Musk, ser\u00e1 que voc\u00ea pode me ajudar a mudar de vida \ud83d\ude4f sou um pai de fam\u00edlia muito pobre e endividado,escrevo para voc\u00ea todos os dias pedindo uma ajuda para conseguir uma casa para morar com minha fam\u00edlia, n\u00e3o temos casa pr\u00f3pria sonhamos com isso todos os dias n\u00f3s ajude", "id": "1997510937742651841", "edit_history_tweet_ids": ["1997510937742651841"], "created_at": "2025-12-07T03:38:14.000Z"}, {"author_id": "1857853357626462208", "public_metrics": {"retweet_count": 0, "reply_count": 0, "like_count": 0, "quote_count": 0, "bookmark_count": 0, "impression_count": 9}, "conversation_id": "1997355765439348778", "text": "@elonmusk It is there country let them burn it down. maby send over some Gas!", "id": "1997510694632358321", "edit_history_tweet_ids": ["1997510694632358321"], "created_at": "2025-12-07T03:37:16.000Z"}, {"author_id": "1519087052180049920", "public_metrics": {"retweet_count": 0, "reply_count": 0, "like_count": 0, "quote_count": 0, "bookmark_count": 0, "impression_count": 6}, "conversation_id": "1997355765439348778", "text": "@elonmusk THEY ARE NOT SLEEP WALKING . THAY ARE BRAINWASHED AND CONTROLLED BY THE CIA, MOSSAD AND MI6 CONTROLLED MEDIA. WHILE THE UN, NATO AND EU FORCE ALL THE COUNTRY DESTROYING IMMIGRATION. SUPPORTED BY THE ELITE BANKERS AND GLOBALIST BILLIONAIERS.  TELL ME I'M FUCKIN WRONG.", "id": "1997509234553196748", "edit_history_tweet_ids": ["1997509234553196748"], "created_at": "2025-12-07T03:31:28.000Z"}, {"author_id": "1357463646796972039", "public_metrics": {"retweet_count": 0, "reply_count": 0, "like_count": 0, "quote_count": 0, "bookmark_count": 0, "impression_count": 5}, "conversation_id": "1997355765439348778", "text": "@elonmusk Only if they listen to you.", "id": "1997508828414542165", "edit_history_tweet_ids": ["1997508828414542165"], "created_at": "2025-12-07T03:29:51.000Z"}, {"author_id": "385937332", "public_metrics": {"retweet_count": 0, "reply_count": 0, "like_count": 0, "quote_count": 0, "bookmark_count": 0, "impression_count": 1}, "conversation_id": "1997355765439348778", "text": "@elonmusk You are losing on your own platform, lol.", "id": "1997508276716786059", "edit_history_tweet_ids": ["1997508276716786059"], "created_at": "2025-12-07T03:27:39.000Z"}, {"author_id": "1905796860679446528", "public_metrics": {"retweet_count": 0, "reply_count": 0, "like_count": 0, "quote_count": 0, "bookmark_count": 0, "impression_count": 0}, "conversation_id": "1997355765439348778", "text": "@elonmusk like Nero fiddling while Rome was burning\u2026", "id": "1997508270693781590", "edit_history_tweet_ids": ["1997508270693781590"], "created_at": "2025-12-07T03:27:38.000Z"}, {"author_id": "1586116491048427520", "public_metrics": {"retweet_count": 0, "reply_count": 0, "like_count": 0, "quote_count": 0, "bookmark_count": 0, "impression_count": 0}, "conversation_id": "1997355765439348778", "text": "@elonmusk https://t.co/8XAdER3KGM", "id": "1997508154511528047", "edit_history_tweet_ids": ["1997508154511528047"], "created_at": "2025-12-07T03:27:10.000Z"}, {"author_id": "1594186121038241792", "public_metrics": {"retweet_count": 0, "reply_count": 0, "like_count": 0, "quote_count": 0, "bookmark_count": 0, "impression_count": 4}, "conversation_id": "1997355765439348778", "text": "@elonmusk That is what a union will do to sovereigns.", "id": "1997508091391443046", "edit_history_tweet_ids": ["1997508091391443046"], "created_at": "2025-12-07T03:26:55.000Z"}, {"author_id": "1955076447414128642", "public_metrics": {"retweet_count": 0, "reply_count": 0, "like_count": 0, "quote_count": 0, "bookmark_count": 0, "impression_count": 1}, "conversation_id": "1997355765439348778", "text": "@elonmusk And you want them to sleepwalk according to your tune.", "id": "1997507520240500851", "edit_history_tweet_ids": ["1997507520240500851"], "created_at": "2025-12-07T03:24:39.000Z"}, {"author_id": "1105278212", "public_metrics": {"retweet_count": 0, "reply_count": 0, "like_count": 0, "quote_count": 0, "bookmark_count": 0, "impression_count": 2}, "conversation_id": "1997355765439348778", "text": "@elonmusk Yeah\ud83d\ude1e", "id": "1997507354347340131", "edit_history_tweet_ids": ["1997507354347340131"], "created_at": "2025-12-07T03:23:59.000Z"}, {"author_id": "266060401", "public_metrics": {"retweet_count": 0, "reply_count": 0, "like_count": 0, "quote_count": 0, "bookmark_count": 0, "impression_count": 5}, "conversation_id": "1997355765439348778", "text": "@elonmusk Europe is now part of Africa  \ud83c\udf0d", "id": "1997506580821205418", "edit_history_tweet_ids": ["1997506580821205418"], "created_at": "2025-12-07T03:20:55.000Z"}, {"author_id": "110953139", "public_metrics": {"retweet_count": 0, "reply_count": 0, "like_count": 0, "quote_count": 0, "bookmark_count": 0, "impression_count": 1}, "conversation_id": "1997355765439348778", "text": "@elonmusk Europe is on a declining path", "id": "1997505699803488504", "edit_history_tweet_ids": ["1997505699803488504"], "created_at": "2025-12-07T03:17:25.000Z"}, {"author_id": "2552129780", "public_metrics": {"retweet_count": 0, "reply_count": 0, "like_count": 0, "quote_count": 0, "bookmark_count": 0, "impression_count": 4}, "conversation_id": "1997355765439348778", "text": "@elonmusk I used to be an adventurer, but then I took an arrow to the knee.", "id": "1997505479824851035", "edit_history_tweet_ids": ["1997505479824851035"], "created_at": "2025-12-07T03:16:32.000Z"}, {"author_id": "15233161", "public_metrics": {"retweet_count": 0, "reply_count": 0, "like_count": 0, "quote_count": 0, "bookmark_count": 0, "impression_count": 10}, "conversation_id": "1997355765439348778", "text": "@timacheson @elonmusk They take six weeks of vacation every year", "id": "1997505295095136682", "edit_history_tweet_ids": ["1997505295095136682"], "created_at": "2025-12-07T03:15:48.000Z"}, {"author_id": "1937529525304459268", "public_metrics": {"retweet_count": 0, "reply_count": 0, "like_count": 0, "quote_count": 0, "bookmark_count": 0, "impression_count": 5}, "conversation_id": "1997355765439348778", "text": "@elonmusk Awesome \ud83d\udc4d\ud83d\ude0d", "id": "1997505199850819737", "edit_history_tweet_ids": ["1997505199850819737"], "created_at": "2025-12-07T03:15:26.000Z"}, {"author_id": "1589954616447623171", "public_metrics": {"retweet_count": 0, "reply_count": 0, "like_count": 0, "quote_count": 0, "bookmark_count": 0, "impression_count": 4}, "conversation_id": "1997355765439348778", "text": "@elonmusk pretty soon..? https://t.co/7RMjwJw3cw", "id": "1997504649084244362", "edit_history_tweet_ids": ["1997504649084244362"], "created_at": "2025-12-07T03:13:14.000Z"}, {"author_id": "1838800920638820352", "public_metrics": {"retweet_count": 0, "reply_count": 0, "like_count": 0, "quote_count": 0, "bookmark_count": 0, "impression_count": 4}, "conversation_id": "1997355765439348778", "text": "@elonmusk On what planet would a 18 year old man, invade a country to take care of that countries elderly?\n\n-Zero universes where that happens\n-They will leave the elderly to die in the streets hungry", "id": "1997504176222593443", "edit_history_tweet_ids": ["1997504176222593443"], "created_at": "2025-12-07T03:11:22.000Z"}, {"author_id": "730942427075248130", "public_metrics": {"retweet_count": 0, "reply_count": 0, "like_count": 1, "quote_count": 0, "bookmark_count": 0, "impression_count": 4}, "conversation_id": "1997355765439348778", "text": "@elonmusk Marx Carnage is just ITCHING to do the same to Canada...  even join the EU.", "id": "1997503983209025996", "edit_history_tweet_ids": ["1997503983209025996"], "created_at": "2025-12-07T03:10:36.000Z"}, {"author_id": "1838800920638820352", "public_metrics": {"retweet_count": 0, "reply_count": 1, "like_count": 0, "quote_count": 0, "bookmark_count": 0, "impression_count": 4}, "conversation_id": "1997355765439348778", "text": "@elonmusk what are the odd that young migrants the boomers let in once reaching voting age , dont vote to eliminate the elderly (since its not their grandparents or parents)?\n\nWhy would an invasive culture care for the elderly of the conquered culture?\n\nThe young refugees boomers let in,", "id": "1997503874739908877", "edit_history_tweet_ids": ["1997503874739908877"], "created_at": "2025-12-07T03:10:10.000Z"}, {"author_id": "1709640410899873792", "public_metrics": {"retweet_count": 0, "reply_count": 0, "like_count": 0, "quote_count": 0, "bookmark_count": 0, "impression_count": 1}, "conversation_id": "1997355765439348778", "text": "@elonmusk As long as you are in bed with the Jew doing it to you, you can\u2019t complain.", "id": "1997503711573328159", "edit_history_tweet_ids": ["1997503711573328159"], "created_at": "2025-12-07T03:09:31.000Z"}, {"author_id": "918142685197754368", "public_metrics": {"retweet_count": 0, "reply_count": 0, "like_count": 0, "quote_count": 0, "bookmark_count": 0, "impression_count": 4}, "conversation_id": "1997355765439348778", "text": "@elonmusk https://t.co/HJbXrPjOwF", "id": "1997503267547549922", "edit_history_tweet_ids": ["1997503267547549922"], "created_at": "2025-12-07T03:07:45.000Z"}, {"author_id": "964734085729054720", "public_metrics": {"retweet_count": 0, "reply_count": 0, "like_count": 0, "quote_count": 0, "bookmark_count": 0, "impression_count": 3}, "conversation_id": "1997355765439348778", "text": "@elonmusk Lest, We Forget Canada is Eagerly &amp; Politely joining in on the Free Speach Death March to Oblivion https://t.co/TlPMwsNpoL", "id": "1997503250539430325", "edit_history_tweet_ids": ["1997503250539430325"], "created_at": "2025-12-07T03:07:41.000Z"}, {"author_id": "1237118697493446659", "public_metrics": {"retweet_count": 1, "reply_count": 0, "like_count": 1, "quote_count": 0, "bookmark_count": 0, "impression_count": 5}, "conversation_id": "1997355765439348778", "text": "@elonmusk We are all sleepwalking into Agenda2030", "id": "1997502915943305652", "edit_history_tweet_ids": ["1997502915943305652"], "created_at": "2025-12-07T03:06:21.000Z"}], "meta": {"newest_id": "1997520550688882788", "oldest_id": "1997502915943305652", "result_count": 50, "next_token": "b26v89c19zqg8o3fscn7h6hfytixcl609mn1fsz12v24d"}}