{"data": [{"public_metrics": {"retweet_count": 0, "reply_count": 0, "like_count": 2, "quote_count": 0, "bookmark_count": 0, "impression_count": 48}, "author_id": "1912261494311436288", "text": "@phroo He has things to do, places to be, and there's no dilly dallying.", "created_at": "2025-12-03T12:55:23.000Z", "edit_history_tweet_ids": ["1996201597060428119"], "conversation_id": "1996007035310407751", "id": "1996201597060428119"}, {"public_metrics": {"retweet_count": 0, "reply_count": 0, "like_count": 0, "quote_count": 0, "bookmark_count": 0, "impression_count": 24}, "author_id": "10394832", "text": "@phroo Now imagine the terminator running like that", "created_at": "2025-12-03T11:25:49.000Z", "edit_history_tweet_ids": ["1996179057881530716"], "conversation_id": "1996007035310407751", "id": "1996179057881530716"}], "meta": {"newest_id": "1996201597060428119", "oldest_id": "1996179057881530716", "result_count": 2}}