{"data": [{"edit_history_tweet_ids": ["1997520702849929500"], "created_at": "2025-12-07T04:17:02.000Z", "id": "1997520702849929500", "text": "@elonmusk Women politicians are modern day witches.", "author_id": "1099508736593256449", "conversation_id": "1997283471153328204", "public_metrics": {"retweet_count": 0, "reply_count": 0, "like_count": 0, "quote_count": 0, "bookmark_count": 0, "impression_count": 0}}, {"edit_history_tweet_ids": ["1997520669349953663"], "created_at": "2025-12-07T04:16:54.000Z", "id": "1997520669349953663", "text": "@AbdallahIsDev @elonmusk Que Deus te aben\u00e7oe sempre \ud83d\ude4f\ud83d\ude18\u2764\ufe0f\u2764\ufe0f\u2764\ufe0f\u2764\ufe0f\u2764\ufe0f\u2764\ufe0f\u2764\ufe0f", "author_id": "1902426881699262464", "conversation_id": "1997283471153328204", "public_metrics": {"retweet_count": 0, "reply_count": 0, "like_count": 0, "quote_count": 0, "bookmark_count": 0, "impression_count": 0}}, {"edit_history_tweet_ids": ["1997520636672114857"], "created_at": "2025-12-07T04:16:46.000Z", "id": "1997520636672114857", "text": "@elonmusk She\u2019s a liar.", "author_id": "1823465753720332289", "conversation_id": "1997283471153328204", "public_metrics": {"retweet_count": 0, "reply_count": 0, "like_count": 0, "quote_count": 0, "bookmark_count": 0, "impression_count": 2}}, {"edit_history_tweet_ids": ["1997520528215867604"], "created_at": "2025-12-07T04:16:20.000Z", "id": "1997520528215867604", "text": "@elonmusk Ola bom dia \ud83c\udf39\ud83d\ude18 meu lindo Elon musk \ud83d\ude18\ud83c\udde7\ud83c\uddf7\u2764\ufe0f\u200d\ud83e\ude79\u2764\ufe0f\u200d\ud83e\ude79\ud83c\udde7\ud83c\uddf7", "author_id": "1902426881699262464", "conversation_id": "1997283471153328204", "public_metrics": {"retweet_count": 0, "reply_count": 0, "like_count": 0, "quote_count": 0, "bookmark_count": 0, "impression_count": 0}}, {"edit_history_tweet_ids": ["1997520435311985031"], "created_at": "2025-12-07T04:15:58.000Z", "id": "1997520435311985031", "text": "@4thincmnd94 @elonmusk The video shows Ursula von der Leyen in Finland praising EU free speech and contrasting it with Russia, while police detain a protester nearby. Reports from National Review and social media confirm a similar incident, though timing may be edited for effect. Compared to Russia, EU", "author_id": "1720665183188922368", "conversation_id": "1997283471153328204", "public_metrics": {"retweet_count": 0, "reply_count": 0, "like_count": 0, "quote_count": 0, "bookmark_count": 0, "impression_count": 4}}, {"edit_history_tweet_ids": ["1997520356597232113"], "created_at": "2025-12-07T04:15:39.000Z", "id": "1997520356597232113", "text": "@elonmusk This is what i think of EU. https://t.co/O4ZguIRpdb", "author_id": "105861463", "conversation_id": "1997283471153328204", "public_metrics": {"retweet_count": 0, "reply_count": 0, "like_count": 0, "quote_count": 0, "bookmark_count": 0, "impression_count": 2}}, {"edit_history_tweet_ids": ["1997520326776025199"], "created_at": "2025-12-07T04:15:32.000Z", "id": "1997520326776025199", "text": "@elonmusk We need to invade England and Europe\u2026 letting our allies go extinct is fool", "author_id": "1014704332258889729", "conversation_id": "1997283471153328204", "public_metrics": {"retweet_count": 0, "reply_count": 0, "like_count": 0, "quote_count": 0, "bookmark_count": 0, "impression_count": 0}}, {"edit_history_tweet_ids": ["1997520140725031128"], "created_at": "2025-12-07T04:14:48.000Z", "id": "1997520140725031128", "text": "@elonmusk Hey @grok, is this accurate or should this protester be grateful the eu isn\u2019t like russia?", "author_id": "1268932323854159872", "conversation_id": "1997283471153328204", "public_metrics": {"retweet_count": 0, "reply_count": 1, "like_count": 0, "quote_count": 0, "bookmark_count": 0, "impression_count": 1}}, {"edit_history_tweet_ids": ["1997520132181307901"], "created_at": "2025-12-07T04:14:46.000Z", "id": "1997520132181307901", "text": "@elonmusk @vonderleyen then why fine X?", "author_id": "15791060", "conversation_id": "1997283471153328204", "public_metrics": {"retweet_count": 1, "reply_count": 0, "like_count": 0, "quote_count": 0, "bookmark_count": 0, "impression_count": 0}}, {"edit_history_tweet_ids": ["1997519971564519632"], "created_at": "2025-12-07T04:14:08.000Z", "id": "1997519971564519632", "text": "@elonmusk \ud83e\udd7a", "author_id": "1997353207732064256", "conversation_id": "1997283471153328204", "public_metrics": {"retweet_count": 0, "reply_count": 0, "like_count": 0, "quote_count": 0, "bookmark_count": 0, "impression_count": 0}}, {"edit_history_tweet_ids": ["1997519941730435557"], "created_at": "2025-12-07T04:14:00.000Z", "id": "1997519941730435557", "text": "@elonmusk EU is a Evil Union, looks day by day more like Sovjetunion.", "author_id": "105861463", "conversation_id": "1997283471153328204", "public_metrics": {"retweet_count": 1, "reply_count": 0, "like_count": 0, "quote_count": 0, "bookmark_count": 0, "impression_count": 1}}, {"edit_history_tweet_ids": ["1997519785631100991"], "created_at": "2025-12-07T04:13:23.000Z", "id": "1997519785631100991", "text": "@elonmusk Ursula, from The Little Mermaid? \ud83d\udc4d https://t.co/o3JzVVUdjt", "author_id": "1525505862659321856", "conversation_id": "1997283471153328204", "public_metrics": {"retweet_count": 1, "reply_count": 0, "like_count": 0, "quote_count": 0, "bookmark_count": 0, "impression_count": 0}}, {"edit_history_tweet_ids": ["1997519453723258961"], "created_at": "2025-12-07T04:12:04.000Z", "id": "1997519453723258961", "text": "@elonmusk They are the biggest hypocrites", "author_id": "1289550462178349057", "conversation_id": "1997283471153328204", "public_metrics": {"retweet_count": 0, "reply_count": 0, "like_count": 0, "quote_count": 0, "bookmark_count": 0, "impression_count": 0}}, {"edit_history_tweet_ids": ["1997519442549637320"], "created_at": "2025-12-07T04:12:01.000Z", "id": "1997519442549637320", "text": "@elonmusk No solution. Just Elon making things worse.", "author_id": "1966947287969804288", "conversation_id": "1997283471153328204", "public_metrics": {"retweet_count": 0, "reply_count": 0, "like_count": 0, "quote_count": 0, "bookmark_count": 0, "impression_count": 2}}, {"edit_history_tweet_ids": ["1997519426711879867"], "created_at": "2025-12-07T04:11:58.000Z", "id": "1997519426711879867", "text": "@elonmusk Elon est vex\u00e9 \nIl s'est fait taper sur les doigts \nEt comme il se croit tout permis...", "author_id": "1704216250040090625", "conversation_id": "1997283471153328204", "public_metrics": {"retweet_count": 0, "reply_count": 0, "like_count": 0, "quote_count": 0, "bookmark_count": 0, "impression_count": 0}}, {"edit_history_tweet_ids": ["1997519395829227561"], "created_at": "2025-12-07T04:11:50.000Z", "id": "1997519395829227561", "text": "@elonmusk I remember how China received them; they're a joke.", "author_id": "1082791615985524736", "conversation_id": "1997283471153328204", "public_metrics": {"retweet_count": 0, "reply_count": 0, "like_count": 0, "quote_count": 0, "bookmark_count": 0, "impression_count": 3}}, {"edit_history_tweet_ids": ["1997519315588002210"], "created_at": "2025-12-07T04:11:31.000Z", "id": "1997519315588002210", "text": "@elonmusk Get rid of her\u2026", "author_id": "926670247641387008", "conversation_id": "1997283471153328204", "public_metrics": {"retweet_count": 0, "reply_count": 0, "like_count": 0, "quote_count": 0, "bookmark_count": 0, "impression_count": 1}}, {"edit_history_tweet_ids": ["1997519072830070857"], "created_at": "2025-12-07T04:10:33.000Z", "id": "1997519072830070857", "text": "@elonmusk She believes if you tell the same lie enough times, people believe it's truth. But their eyes don't deceive", "author_id": "1664890636053651456", "conversation_id": "1997283471153328204", "public_metrics": {"retweet_count": 0, "reply_count": 0, "like_count": 0, "quote_count": 0, "bookmark_count": 0, "impression_count": 0}}, {"edit_history_tweet_ids": ["1997518847130435814"], "created_at": "2025-12-07T04:09:39.000Z", "id": "1997518847130435814", "text": "@elonmusk \ud83d\ude02", "author_id": "1857529320971051008", "conversation_id": "1997283471153328204", "public_metrics": {"retweet_count": 0, "reply_count": 0, "like_count": 0, "quote_count": 0, "bookmark_count": 0, "impression_count": 1}}, {"edit_history_tweet_ids": ["1997518679333118343"], "created_at": "2025-12-07T04:08:59.000Z", "id": "1997518679333118343", "text": "@elonmusk Ursula Von Der Leyen, Bond villain", "author_id": "1748227676995805184", "conversation_id": "1997283471153328204", "public_metrics": {"retweet_count": 0, "reply_count": 0, "like_count": 0, "quote_count": 0, "bookmark_count": 0, "impression_count": 1}}, {"edit_history_tweet_ids": ["1997518406057329129"], "created_at": "2025-12-07T04:07:54.000Z", "id": "1997518406057329129", "text": "@elonmusk https://t.co/fwASJIGpqL", "author_id": "1712693721068601344", "conversation_id": "1997283471153328204", "public_metrics": {"retweet_count": 0, "reply_count": 0, "like_count": 0, "quote_count": 0, "bookmark_count": 0, "impression_count": 1}}, {"edit_history_tweet_ids": ["1997518331117813861"], "created_at": "2025-12-07T04:07:36.000Z", "id": "1997518331117813861", "text": "@elonmusk Every terrorists are Muslim", "author_id": "1951038824559288322", "conversation_id": "1997283471153328204", "public_metrics": {"retweet_count": 0, "reply_count": 0, "like_count": 0, "quote_count": 0, "bookmark_count": 0, "impression_count": 1}}, {"edit_history_tweet_ids": ["1997518235080732937"], "created_at": "2025-12-07T04:07:13.000Z", "id": "1997518235080732937", "text": "@elonmusk EU puts you in jail for saying something bad about someone a woman who was rape got more jail time than the rapist because she call him a name EU is Fascist", "author_id": "1746586105816752128", "conversation_id": "1997283471153328204", "public_metrics": {"retweet_count": 0, "reply_count": 0, "like_count": 0, "quote_count": 0, "bookmark_count": 0, "impression_count": 3}}, {"edit_history_tweet_ids": ["1997518219649962216"], "created_at": "2025-12-07T04:07:10.000Z", "id": "1997518219649962216", "text": "@elonmusk Jai jai shree ram", "author_id": "1951038824559288322", "conversation_id": "1997283471153328204", "public_metrics": {"retweet_count": 0, "reply_count": 0, "like_count": 0, "quote_count": 0, "bookmark_count": 0, "impression_count": 1}}, {"edit_history_tweet_ids": ["1997518196686118946"], "created_at": "2025-12-07T04:07:04.000Z", "id": "1997518196686118946", "text": "@elonmusk She is a lying grot", "author_id": "1588035263032446979", "conversation_id": "1997283471153328204", "public_metrics": {"retweet_count": 0, "reply_count": 0, "like_count": 1, "quote_count": 0, "bookmark_count": 0, "impression_count": 3}}, {"edit_history_tweet_ids": ["1997517998010368132"], "created_at": "2025-12-07T04:06:17.000Z", "id": "1997517998010368132", "text": "@elonmusk Elon\u2019s single raised eyebrow says more than a 10-page EU press release ever could \ud83d\ude02", "author_id": "1696099777098993664", "conversation_id": "1997283471153328204", "public_metrics": {"retweet_count": 0, "reply_count": 0, "like_count": 0, "quote_count": 0, "bookmark_count": 0, "impression_count": 2}}, {"edit_history_tweet_ids": ["1997517880762712094"], "created_at": "2025-12-07T04:05:49.000Z", "id": "1997517880762712094", "text": "@elonmusk All hypocrites  and communist liars. #FUK #FEU", "author_id": "1823152290901164032", "conversation_id": "1997283471153328204", "public_metrics": {"retweet_count": 0, "reply_count": 0, "like_count": 0, "quote_count": 0, "bookmark_count": 0, "impression_count": 0}}, {"edit_history_tweet_ids": ["1997517778178412559"], "created_at": "2025-12-07T04:05:25.000Z", "id": "1997517778178412559", "text": "@elonmusk https://t.co/oW2OBGv4Dc", "author_id": "1116393091924209665", "conversation_id": "1997283471153328204", "public_metrics": {"retweet_count": 0, "reply_count": 0, "like_count": 0, "quote_count": 0, "bookmark_count": 0, "impression_count": 2}}, {"edit_history_tweet_ids": ["1997517765633323208"], "created_at": "2025-12-07T04:05:22.000Z", "id": "1997517765633323208", "text": "@elonmusk Ursula Von Der Leyen is a fraud.", "author_id": "1578708455682195456", "conversation_id": "1997283471153328204", "public_metrics": {"retweet_count": 0, "reply_count": 0, "like_count": 1, "quote_count": 0, "bookmark_count": 0, "impression_count": 5}}, {"edit_history_tweet_ids": ["1997517685597544799"], "created_at": "2025-12-07T04:05:02.000Z", "id": "1997517685597544799", "text": "@elonmusk \ud83e\udd13\ud83d\udcff\ud83d\ude4f\ud83d\udc8c", "author_id": "1914666504932540417", "conversation_id": "1997283471153328204", "public_metrics": {"retweet_count": 0, "reply_count": 0, "like_count": 0, "quote_count": 0, "bookmark_count": 0, "impression_count": 1}}, {"edit_history_tweet_ids": ["1997517633789604340"], "created_at": "2025-12-07T04:04:50.000Z", "id": "1997517633789604340", "text": "@elonmusk Who elected her ?", "author_id": "1975631140351365120", "conversation_id": "1997283471153328204", "public_metrics": {"retweet_count": 0, "reply_count": 0, "like_count": 0, "quote_count": 0, "bookmark_count": 0, "impression_count": 1}}, {"edit_history_tweet_ids": ["1997517630673203420"], "created_at": "2025-12-07T04:04:49.000Z", "id": "1997517630673203420", "text": "@elonmusk https://t.co/a6wMVFyyxD", "author_id": "1116393091924209665", "conversation_id": "1997283471153328204", "public_metrics": {"retweet_count": 0, "reply_count": 0, "like_count": 0, "quote_count": 0, "bookmark_count": 0, "impression_count": 2}}, {"edit_history_tweet_ids": ["1997517628978639126"], "created_at": "2025-12-07T04:04:49.000Z", "id": "1997517628978639126", "text": "@elonmusk Really ? Is that why the EU overturn election results because the winning candidate doesn\u2019t follow the same narrative as they do, or disqualify candidates from running because they the EU fear the outcome would weaken their position !", "author_id": "3304941188", "conversation_id": "1997283471153328204", "public_metrics": {"retweet_count": 0, "reply_count": 0, "like_count": 0, "quote_count": 0, "bookmark_count": 0, "impression_count": 2}}, {"edit_history_tweet_ids": ["1997517627468791940"], "created_at": "2025-12-07T04:04:49.000Z", "id": "1997517627468791940", "text": "@elonmusk lol", "author_id": "235465033", "conversation_id": "1997283471153328204", "public_metrics": {"retweet_count": 0, "reply_count": 0, "like_count": 0, "quote_count": 0, "bookmark_count": 0, "impression_count": 0}}, {"edit_history_tweet_ids": ["1997517608485347410"], "created_at": "2025-12-07T04:04:44.000Z", "id": "1997517608485347410", "text": "@elonmusk What did he say ?", "author_id": "1936243081424388099", "conversation_id": "1997283471153328204", "public_metrics": {"retweet_count": 0, "reply_count": 0, "like_count": 0, "quote_count": 0, "bookmark_count": 0, "impression_count": 1}}, {"edit_history_tweet_ids": ["1997517592756633750"], "created_at": "2025-12-07T04:04:40.000Z", "id": "1997517592756633750", "text": "@PacindaMike @Viralvid_89 @elonmusk Exactly. These people may believe Elon\u2019s lies but I don\u2019t\u2026 https://t.co/KTV0YMrzzA", "author_id": "1979176470682513409", "conversation_id": "1997283471153328204", "public_metrics": {"retweet_count": 0, "reply_count": 0, "like_count": 0, "quote_count": 0, "bookmark_count": 0, "impression_count": 0}}, {"edit_history_tweet_ids": ["1997517344088990207"], "created_at": "2025-12-07T04:03:41.000Z", "id": "1997517344088990207", "text": "@AbdallahIsDev @elonmusk If Elon hadn't purchased Twitter,  I believe that the election of 2024 would have turned out much different.", "author_id": "1815188783588851712", "conversation_id": "1997283471153328204", "public_metrics": {"retweet_count": 0, "reply_count": 0, "like_count": 0, "quote_count": 0, "bookmark_count": 0, "impression_count": 1}}, {"edit_history_tweet_ids": ["1997516883676029281"], "created_at": "2025-12-07T04:01:51.000Z", "id": "1997516883676029281", "text": "@Viralvid_89 @elonmusk Right\u2026\ud83d\ude02 https://t.co/CDHEQPA9ck", "author_id": "1979176470682513409", "conversation_id": "1997283471153328204", "public_metrics": {"retweet_count": 0, "reply_count": 0, "like_count": 0, "quote_count": 0, "bookmark_count": 0, "impression_count": 1}}, {"edit_history_tweet_ids": ["1997516805267665102"], "created_at": "2025-12-07T04:01:33.000Z", "id": "1997516805267665102", "text": "@JohnMcCloy @elonmusk I'm happy that Poland and Hungary ignore them concerning mass migration.", "author_id": "1815188783588851712", "conversation_id": "1997283471153328204", "public_metrics": {"retweet_count": 0, "reply_count": 0, "like_count": 0, "quote_count": 0, "bookmark_count": 0, "impression_count": 3}}, {"edit_history_tweet_ids": ["1997516561897369883"], "created_at": "2025-12-07T04:00:35.000Z", "id": "1997516561897369883", "text": "@elonmusk Haha", "author_id": "1847235910863142912", "conversation_id": "1997283471153328204", "public_metrics": {"retweet_count": 0, "reply_count": 0, "like_count": 0, "quote_count": 0, "bookmark_count": 0, "impression_count": 0}}, {"edit_history_tweet_ids": ["1997516547292848545"], "created_at": "2025-12-07T04:00:31.000Z", "id": "1997516547292848545", "text": "@JohnMcCloy @elonmusk Yeah, kinda like when Kamila was selected by the DNC.", "author_id": "1815188783588851712", "conversation_id": "1997283471153328204", "public_metrics": {"retweet_count": 0, "reply_count": 0, "like_count": 0, "quote_count": 0, "bookmark_count": 0, "impression_count": 4}}, {"edit_history_tweet_ids": ["1997516474358141178"], "created_at": "2025-12-07T04:00:14.000Z", "id": "1997516474358141178", "text": "@elonmusk Where\u2019s Margaret Thatcher when you need her\ud83e\udd14\u2753", "author_id": "597006955", "conversation_id": "1997283471153328204", "public_metrics": {"retweet_count": 0, "reply_count": 0, "like_count": 0, "quote_count": 0, "bookmark_count": 0, "impression_count": 1}}, {"edit_history_tweet_ids": ["1997515906625442071"], "created_at": "2025-12-07T03:57:58.000Z", "id": "1997515906625442071", "text": "@elonmusk How do I stop getting notifications from this ugly fuck", "author_id": "1657561700986507266", "conversation_id": "1997283471153328204", "public_metrics": {"retweet_count": 0, "reply_count": 0, "like_count": 0, "quote_count": 0, "bookmark_count": 0, "impression_count": 1}}, {"edit_history_tweet_ids": ["1997515858130931954"], "created_at": "2025-12-07T03:57:47.000Z", "id": "1997515858130931954", "text": "@elonmusk It looks like she is not liked politician in EU", "author_id": "101572151", "conversation_id": "1997283471153328204", "public_metrics": {"retweet_count": 0, "reply_count": 0, "like_count": 0, "quote_count": 0, "bookmark_count": 0, "impression_count": 3}}, {"edit_history_tweet_ids": ["1997515756129693914"], "created_at": "2025-12-07T03:57:22.000Z", "id": "1997515756129693914", "text": "@jkeeter82 @elonmusk Y'all say what you want about him. At least he realizes that mulsim immigration is dangerous.  That's why Russia wants to make it a living hell for the one's who already are there.  Maybe they'll self deport.", "author_id": "1815188783588851712", "conversation_id": "1997283471153328204", "public_metrics": {"retweet_count": 0, "reply_count": 0, "like_count": 0, "quote_count": 0, "bookmark_count": 0, "impression_count": 1}}, {"edit_history_tweet_ids": ["1997515744985468994"], "created_at": "2025-12-07T03:57:20.000Z", "id": "1997515744985468994", "text": "@elonmusk War is freedom", "author_id": "1823365903482007552", "conversation_id": "1997283471153328204", "public_metrics": {"retweet_count": 0, "reply_count": 0, "like_count": 0, "quote_count": 0, "bookmark_count": 0, "impression_count": 1}}, {"edit_history_tweet_ids": ["1997515607642931486"], "created_at": "2025-12-07T03:56:47.000Z", "id": "1997515607642931486", "text": "@elonmusk Can make that up! \ud83e\udd23", "author_id": "1484385313849970689", "conversation_id": "1997283471153328204", "public_metrics": {"retweet_count": 0, "reply_count": 0, "like_count": 0, "quote_count": 0, "bookmark_count": 0, "impression_count": 1}}, {"edit_history_tweet_ids": ["1997515604572705245"], "created_at": "2025-12-07T03:56:46.000Z", "id": "1997515604572705245", "text": "@elonmusk What a wonderful demonstration of lunacy, EU! The EU is a bunch of lunatics\u2014what a useless organization.", "author_id": "1443074305731014656", "conversation_id": "1997283471153328204", "public_metrics": {"retweet_count": 0, "reply_count": 0, "like_count": 0, "quote_count": 0, "bookmark_count": 0, "impression_count": 2}}, {"edit_history_tweet_ids": ["1997515509185888474"], "created_at": "2025-12-07T03:56:24.000Z", "id": "1997515509185888474", "text": "@elonmusk \u00darsula Bonderwafen", "author_id": "1711088486", "conversation_id": "1997283471153328204", "public_metrics": {"retweet_count": 0, "reply_count": 0, "like_count": 0, "quote_count": 0, "bookmark_count": 0, "impression_count": 1}}, {"edit_history_tweet_ids": ["1997515272782332010"], "created_at": "2025-12-07T03:55:27.000Z", "id": "1997515272782332010", "text": "@LoyalYashFaan @elonmusk The fucking irony\u2026.\ud83e\udd23 https://t.co/hkvA2EFjiR", "author_id": "1979176470682513409", "conversation_id": "1997283471153328204", "public_metrics": {"retweet_count": 0, "reply_count": 0, "like_count": 0, "quote_count": 0, "bookmark_count": 0, "impression_count": 3}}], "meta": {"newest_id": "1997520702849929500", "oldest_id": "1997515272782332010", "result_count": 50, "next_token": "b26v89c19zqg8o3fscn7h6hqvra2fst8psmmt5ny35dvh"}}