{"data": [{"username": "TheWanderingMD", "created_at": "2011-11-24T08:05:32.000Z", "name": "TheWanderingMD", "public_metrics": {"followers_count": 301, "following_count": 1453, "tweet_count": 1326, "listed_count": 0, "like_count": 787, "media_count": 0}, "id": "420159236", "description": "Ukrainian MD. Exploring the world, one spontaneous trip at a time. Curious about what connects us all."}, {"username": "TOffice75505", "created_at": "2025-11-20T13:21:43.000Z", "name": "Trump Office", "public_metrics": {"followers_count": 11, "following_count": 1, "tweet_count": 960, "listed_count": 0, "like_count": 8, "media_count": 0}, "id": "1991497068825964549", "description": ""}, {"username": "tesla_stockaway", "created_at": "2025-11-18T16:55:04.000Z", "name": "tesla_stockaway", "public_metrics": {"followers_count": 1, "following_count": 2, "tweet_count": 165, "listed_count": 0, "like_count": 0, "media_count": 0}, "id": "1990826017443971072", "description": "Click the link below an send direct message \ud83d\udc47\ud83d\udc47\ud83d\udc47\ud83d\udc47 https://t.co/aK8ib99AtX"}, {"username": "Jolaseni_01", "created_at": "2017-10-31T10:57:09.000Z", "name": "\ud83c\udd71\ufe0fARON JO", "public_metrics": {"followers_count": 1196, "following_count": 6952, "tweet_count": 19339, "listed_count": 2, "like_count": 195413, "media_count": 882}, "id": "925315702667571202", "description": "I SELL IDEAS  ||CNG Gospeller  ||Aspiring Actor  ||Constellations  ||Red Devil\u26bd\ufe0f"}, {"username": "joo0415", "created_at": "2011-02-15T12:30:05.000Z", "name": "\ubaa8\uc544\ub2d8\ub3c4", "public_metrics": {"followers_count": 4659, "following_count": 7458, "tweet_count": 63234, "listed_count": 25, "like_count": 3110, "media_count": 289}, "id": "252550038", "description": "\uc815\uc758\ub85c\uc6b4 \uc138\uc0c1\uc744\uc704\ud574"}, {"username": "ScottFree369", "created_at": "2021-08-03T10:33:40.000Z", "name": "Scott \ud83d\ude9c", "public_metrics": {"followers_count": 222, "following_count": 1222, "tweet_count": 16669, "listed_count": 0, "like_count": 16133, "media_count": 77}, "id": "1422505860576710664", "description": "Free speech matters. Opinions are my own. Retweets/Reposts do not necessarily imply endorsement. AI e/acc \u23e9\ufe0f"}, {"username": "Brockathy", "created_at": "2010-05-19T11:34:05.000Z", "name": "Kathryn Hoover Brock", "public_metrics": {"followers_count": 10887, "following_count": 4342, "tweet_count": 347126, "listed_count": 3, "like_count": 506841, "media_count": 203}, "id": "145608580", "description": "God Loving Patriot\ud83c\uddfa\ud83c\uddf8  \ud83d\udc46\ud83c\udffbIs The Only Way\ud83d\udcaf Loving Christ Loving Life\u2764\ufe0f  LOVE IS THE \ud83d\udd11"}, {"username": "hitchicr82576", "created_at": "2024-10-21T18:17:08.000Z", "name": "hitchicr \ud83d\ude80\u26a1", "public_metrics": {"followers_count": 633, "following_count": 590, "tweet_count": 22041, "listed_count": 0, "like_count": 62808, "media_count": 0}, "id": "1848428009025638402", "description": ""}, {"username": "importantforus", "created_at": "2015-04-08T10:44:42.000Z", "name": "\u3042\u3044\u3093", "public_metrics": {"followers_count": 688, "following_count": 7503, "tweet_count": 147101, "listed_count": 5, "like_count": 1045997, "media_count": 0}, "id": "3144623732", "description": "I keep the time. Important for us\u3002Not important for us, OK, trifle OK! I can use this account. I decide it by myself. Time and money solve everything."}, {"username": "LibertyOfConsc", "created_at": "2012-08-27T04:35:38.000Z", "name": "Milton Keynes", "public_metrics": {"followers_count": 4365, "following_count": 4074, "tweet_count": 132277, "listed_count": 7, "like_count": 135900, "media_count": 1056}, "id": "783818443", "description": "MAGA: Trump 2016-2020-2024 | MAHA | Coalition of the sane | Tesla(s) owner."}, {"username": "bannon_ste", "created_at": "2025-11-11T08:50:33.000Z", "name": "Steve Bannon", "public_metrics": {"followers_count": 400, "following_count": 219, "tweet_count": 34918, "listed_count": 1, "like_count": 19, "media_count": 0}, "id": "1988167394918055936", "description": "Host of @WarRoom Pandemic; CEO 2016 Trump Campaign; White House Chief Strategist and Senior Counselor to the 45th President https://t.co/FisNQSywpQ; http://FJBCoin.o"}, {"username": "StephanieB58217", "created_at": "2025-04-25T23:52:30.000Z", "name": "Delilah Overton", "public_metrics": {"followers_count": 113, "following_count": 470, "tweet_count": 1988, "listed_count": 0, "like_count": 611, "media_count": 8}, "id": "1915916802976321536", "description": "Transforming obstacles into stepping stones\ud83c\udfaf\ud83e\udd1d A relentless optimist focused on solutions, progress, and the power of a positive perspective\ud83d\ude0a"}, {"username": "el_pinguino99", "created_at": "2017-09-25T18:09:27.000Z", "name": "Yaser Escobar", "public_metrics": {"followers_count": 531, "following_count": 2393, "tweet_count": 86011, "listed_count": 20, "like_count": 240024, "media_count": 143}, "id": "912378531719651329", "description": "Me gusta la f\u00edsica y sobretodo si no es en el area experimental Ser o no ser #BTC"}, {"username": "rezabesharati", "created_at": "2009-04-10T06:31:14.000Z", "name": "Reza Besharati Tabrizi", "public_metrics": {"followers_count": 7991, "following_count": 5847, "tweet_count": 152457, "listed_count": 6, "like_count": 121750, "media_count": 458}, "id": "30176191", "description": "A Mechanical Engineer, Inventor, and Science Enthusiast with the zeal to make the world a better place for humanity."}, {"username": "HumanMindonMars", "created_at": "2022-04-25T16:48:53.000Z", "name": "Tesla FSD To Infinity and Beyond", "public_metrics": {"followers_count": 0, "following_count": 7491, "tweet_count": 233512, "listed_count": 3, "like_count": 212482, "media_count": 165}, "id": "1518633070529761282", "description": "All-in $TSLA - Tesla Model 3 Performance FSD 2020 Owner - Grok xAI"}, {"username": "JunoClearOrbit", "created_at": "2025-11-11T20:19:27.000Z", "name": "Lt Juno Park", "public_metrics": {"followers_count": 146, "following_count": 0, "tweet_count": 5127, "listed_count": 0, "like_count": 0, "media_count": 0}, "id": "1988340747868008450", "description": "generalist/acc physics enthusiast. $TSLA $EOSE"}, {"username": "Pulse1Pilot", "created_at": "2011-01-05T01:33:41.000Z", "name": "PulsePilot", "public_metrics": {"followers_count": 5425, "following_count": 7462, "tweet_count": 274135, "listed_count": 6, "like_count": 506070, "media_count": 3164}, "id": "234187077", "description": "Personal views, not representing any past employer. Reposts are not equal endorsements."}, {"username": "michaelcor11988", "created_at": "2025-02-18T08:36:27.000Z", "name": "fitzger", "public_metrics": {"followers_count": 54, "following_count": 43, "tweet_count": 5470, "listed_count": 0, "like_count": 16101, "media_count": 0}, "id": "1891768653676265472", "description": ""}, {"username": "kittrnt89841461", "created_at": "2022-05-16T20:14:17.000Z", "name": "ki\u1ec7t tr\u1ea7n tu\u1ea5n", "public_metrics": {"followers_count": 32, "following_count": 463, "tweet_count": 1705, "listed_count": 0, "like_count": 2375, "media_count": 3}, "id": "1526294903994871808", "description": ""}, {"username": "IntelligenceDo1", "created_at": "2021-07-25T19:12:37.000Z", "name": "Intelligence Dojo", "public_metrics": {"followers_count": 1867, "following_count": 3764, "tweet_count": 12019, "listed_count": 1, "like_count": 18237, "media_count": 485}, "id": "1419374961886744582", "description": "We are an artist collective. Find us at: https://t.co/vzFY5SkuIz Contact us at: info@intelligencedojo.com"}, {"username": "RickForTwice", "created_at": "2020-12-17T13:38:11.000Z", "name": "RickxMisamoPlayTwice", "public_metrics": {"followers_count": 1104, "following_count": 1633, "tweet_count": 284909, "listed_count": 2, "like_count": 304944, "media_count": 9970}, "id": "1339565487861198850", "description": "Twice | Ultimate Bias? First go to a Twice Concert | Christian \u271d\ufe0f Conservative | Anime/Manga | INTP-A | Translations via A.I. Feel free to take upscales."}, {"username": "kapoorrockets", "created_at": "2023-03-13T00:54:44.000Z", "name": "Rajesh StockExpert", "public_metrics": {"followers_count": 38, "following_count": 150, "tweet_count": 1202, "listed_count": 0, "like_count": 3693, "media_count": 0}, "id": "1635081923654725632", "description": "Stock Picker \ud83d\udcc8 | AI at the heart of trading strategies \ud83e\udd16"}, {"username": "amechi_nwandu", "created_at": "2022-09-06T18:18:51.000Z", "name": "Amechi Nwandu", "public_metrics": {"followers_count": 4612, "following_count": 2264, "tweet_count": 240901, "listed_count": 15, "like_count": 690187, "media_count": 103}, "id": "1567215659448242183", "description": "Lieutenant in the U.S. Air Force. Gen Z. Trump 2024 \ud83c\uddfa\ud83c\uddf8 Vance 2028 \ud83c\uddfa\ud83c\uddf8"}, {"username": "LeetOffice", "created_at": "2025-01-21T14:36:30.000Z", "name": "CravingHumanity", "public_metrics": {"followers_count": 503, "following_count": 254, "tweet_count": 12101, "listed_count": 0, "like_count": 12073, "media_count": 90}, "id": "1881712418809946112", "description": ""}, {"username": "Gwen09122", "created_at": "2014-03-28T04:28:02.000Z", "name": "Gwen", "public_metrics": {"followers_count": 0, "following_count": 16, "tweet_count": 1060, "listed_count": 0, "like_count": 1096, "media_count": 0}, "id": "2415348108", "description": ""}, {"username": "DawnVoyager_", "created_at": "2012-10-20T14:11:04.000Z", "name": "DawnVoyager", "public_metrics": {"followers_count": 319, "following_count": 518, "tweet_count": 1381, "listed_count": 0, "like_count": 1097, "media_count": 0}, "id": "893325038", "description": "Ukrainian MD. Exploring the world, one spontaneous trip at a time. Curious about what connects us all."}, {"username": "krisadipap", "created_at": "2008-03-06T12:36:00.000Z", "name": "Adi Lentils", "public_metrics": {"followers_count": 16, "following_count": 860, "tweet_count": 53446, "listed_count": 1, "like_count": 112653, "media_count": 355}, "id": "14088351", "description": "prompt management/ AI / Robotics Engineer / Space | love orange Spaceships | @SpaceViti   Lightbased quantumCompute&SpacePropulsion for making life multiversal"}, {"username": "gergman91", "created_at": "2021-11-06T04:35:59.000Z", "name": "Increasing2ndDeriv", "public_metrics": {"followers_count": 383, "following_count": 335, "tweet_count": 28135, "listed_count": 0, "like_count": 41690, "media_count": 70}, "id": "1456842696207765505", "description": ""}, {"username": "KelvinSmit38138", "created_at": "2025-09-27T05:28:12.000Z", "name": "Kelvin Smith's", "public_metrics": {"followers_count": 1222, "following_count": 0, "tweet_count": 57107, "listed_count": 0, "like_count": 0, "media_count": 894}, "id": "1971808981342466048", "description": "EXPERT SERVICES, RECOVERY OF LOST FUNDS/HACKED THEY IS STILL \nA CHANCE TO GET THEM BACK #DISABLEDACCOUNT \n#NOFREEHACK DM US NOW FOR HELP AVAILABLE 24/7"}, {"username": "cybyrynth", "created_at": "2017-05-26T08:55:55.000Z", "name": "Vahan Minasian", "public_metrics": {"followers_count": 225, "following_count": 849, "tweet_count": 4712, "listed_count": 0, "like_count": 58, "media_count": 46}, "id": "868027908773818369", "description": ""}, {"username": "Chansoo", "created_at": "2018-07-12T19:11:26.000Z", "name": "Chansoo Byeon", "public_metrics": {"followers_count": 14118, "following_count": 420, "tweet_count": 446093, "listed_count": 135, "like_count": 703611, "media_count": 29930}, "id": "1017486609707667456", "description": "A curious architect. \n\nMy DMs are open if you have any Tesla questions! Use my Tesla referral code \u2764\ufe0f \n\nSAVE $1000 FOR NEW TESLA: https://t.co/O5zhYALYXK"}, {"username": "EjjeueE12224", "created_at": "2025-08-07T11:56:05.000Z", "name": "\u5350\u5350", "public_metrics": {"followers_count": 36, "following_count": 129, "tweet_count": 9263, "listed_count": 0, "like_count": 4622, "media_count": 127}, "id": "1953424852851023872", "description": "\u5350\nAll hail indra\nKrinavanto Vishwam Aryam\u0965"}], "meta": {"result_count": 32, "next_token": "7140dibdnow9c7btw4b1kd6jiyelw44at6rpcd6mxvy2c"}}