{"data": [{"id": "1722181909013528576", "description": "", "name": "Amy Cook", "username": "Amy20230704", "public_metrics": {"followers_count": 1498, "following_count": 2641, "tweet_count": 47304, "listed_count": 0, "like_count": 44058, "media_count": 0}, "created_at": "2023-11-08T09:19:17.000Z"}, {"id": "1355457925746216962", "description": "Just a dude", "name": "GerritBoll", "username": "GerritBoll", "public_metrics": {"followers_count": 653, "following_count": 193, "tweet_count": 27820, "listed_count": 3, "like_count": 31709, "media_count": 16}, "created_at": "2021-01-30T10:09:02.000Z"}, {"id": "440144299", "description": "Your direct link between grant verification, approval, and smooth disbursement. \ud83d\udcb0helping Biz owners secure $50k-$100k in funding. \ud83d\udce5DM \u201cGRANTS\u201d to start today!", "name": "Jekwenta Primm | Coach K", "username": "itsscoach_k", "public_metrics": {"followers_count": 428, "following_count": 27, "tweet_count": 2197, "listed_count": 0, "like_count": 1400, "media_count": 1}, "created_at": "2011-12-18T16:37:59.000Z"}, {"id": "1140325790577582080", "description": "How is your @x perience? You can tag me or share it under my pinned tweet, i am interested in knowing, thanks\n\n~Trying to move into the reply guy zone~", "name": "Kowalski Analysis", "username": "cutepengu", "public_metrics": {"followers_count": 199, "following_count": 0, "tweet_count": 26174, "listed_count": 3, "like_count": 28285, "media_count": 68}, "created_at": "2019-06-16T18:30:29.000Z"}, {"id": "1760023270127218688", "description": "I use X as a brief news reader. not here to make new friends or to socialize.  Just looking for the pulse of America.", "name": "marc", "username": "marc_brown_", "public_metrics": {"followers_count": 1967, "following_count": 399, "tweet_count": 40697, "listed_count": 0, "like_count": 56140, "media_count": 0}, "created_at": "2024-02-20T19:27:24.000Z"}, {"id": "199203952", "description": "Overthinking since birth.\nI tweet what others just think.\nBrain: 99% jokes. 1% deep trauma.\nInternet's unpaid motivational speaker.\nMay cause motivation or mild", "name": "Gaurav", "username": "GDAMBEKAR", "public_metrics": {"followers_count": 1583, "following_count": 7494, "tweet_count": 3060, "listed_count": 0, "like_count": 2259, "media_count": 126}, "created_at": "2010-10-06T08:32:27.000Z"}, {"id": "245504559", "description": "Representative of ERM management team, curating exclusive opportunities that connect select supporters with his groundbreaking vision.", "name": "Justin Padgett", "username": "juz_padgett", "public_metrics": {"followers_count": 1456, "following_count": 3625, "tweet_count": 1818, "listed_count": 10, "like_count": 774, "media_count": 147}, "created_at": "2011-01-31T21:08:58.000Z"}, {"id": "3269144634", "description": "I live.", "name": "Lumpy_Cam", "username": "Lumpy_Cam86", "public_metrics": {"followers_count": 530, "following_count": 2221, "tweet_count": 19305, "listed_count": 3, "like_count": 35754, "media_count": 106}, "created_at": "2015-07-05T15:51:47.000Z"}, {"id": "1720589607127891968", "description": "A.K.A. THE BAN MAN!", "name": "B.C. MADCAPPER", "username": "carmic38304", "public_metrics": {"followers_count": 1313, "following_count": 2132, "tweet_count": 71176, "listed_count": 0, "like_count": 71535, "media_count": 95}, "created_at": "2023-11-03T23:52:10.000Z"}, {"id": "1660118914037350410", "description": "\u5bcc\u5c71\u770c\u51fa\u8eab\u3067\u3059\u3088\u308d\u3057\u304f\u304a\u9858\u3044\u3057\u307e\u3059", "name": "\u9577\u5cf0\u50da\u592a\u6717", "username": "0731_ryotaro", "public_metrics": {"followers_count": 1041, "following_count": 7485, "tweet_count": 19414, "listed_count": 10, "like_count": 0, "media_count": 11}, "created_at": "2023-05-21T03:03:08.000Z"}, {"id": "1596016393031340032", "description": "", "name": "Sabry Akram", "username": "sabry448", "public_metrics": {"followers_count": 410, "following_count": 1442, "tweet_count": 10300, "listed_count": 2, "like_count": 11455, "media_count": 123}, "created_at": "2022-11-25T05:43:34.000Z"}, {"id": "2240212824", "description": "Engineer, Investor, FSD Supervisor, Photographer, Tesla Nerd | follow me on @meetblossomapp for my investment journey", "name": "Parsa Mivehchi", "username": "parsamivehchi", "public_metrics": {"followers_count": 1978, "following_count": 3341, "tweet_count": 52533, "listed_count": 8, "like_count": 148769, "media_count": 540}, "created_at": "2013-12-11T05:01:18.000Z"}, {"id": "1971808981342466048", "description": "EXPERT SERVICES, RECOVERY OF LOST FUNDS/HACKED THEY IS STILL \nA CHANCE TO GET THEM BACK #DISABLEDACCOUNT \n#NOFREEHACK DM US NOW FOR HELP AVAILABLE 24/7", "name": "Kelvin Smith's", "username": "KelvinSmit38138", "public_metrics": {"followers_count": 1222, "following_count": 0, "tweet_count": 57107, "listed_count": 0, "like_count": 0, "media_count": 894}, "created_at": "2025-09-27T05:28:12.000Z"}, {"id": "107542320", "description": "", "name": "PapaZulu1381", "username": "StarStuddedPimp", "public_metrics": {"followers_count": 513, "following_count": 1862, "tweet_count": 64981, "listed_count": 5, "like_count": 101561, "media_count": 58}, "created_at": "2010-01-22T22:46:43.000Z"}, {"id": "2309510756", "description": "", "name": "Dave Marshall", "username": "davomarshall", "public_metrics": {"followers_count": 193, "following_count": 828, "tweet_count": 5632, "listed_count": 2, "like_count": 51276, "media_count": 1}, "created_at": "2014-01-25T06:12:26.000Z"}, {"id": "1016885256094248960", "description": "", "name": "lasi bnt", "username": "BntLasi", "public_metrics": {"followers_count": 330, "following_count": 79, "tweet_count": 20023, "listed_count": 0, "like_count": 33103, "media_count": 3}, "created_at": "2018-07-11T03:21:52.000Z"}, {"id": "827073805", "description": "\u8ffd\u6c42\u81ea\u7531\u7684\u4e2d(\u83ef\u6c11)\u570b\u4eba", "name": "Peter Brown", "username": "aben08", "public_metrics": {"followers_count": 438, "following_count": 17, "tweet_count": 38050, "listed_count": 1, "like_count": 42044, "media_count": 11}, "created_at": "2012-09-16T13:04:01.000Z"}, {"id": "1937778679641419776", "description": "", "name": "\u9670\u8b00\u8ad6\u306f\u4e8b\u5b9f\u306b\u5bfe\u3059\u308b\u30ec\u30c3\u30c6\u30eb\u8cbc\u308a", "username": "invouron", "public_metrics": {"followers_count": 75, "following_count": 613, "tweet_count": 6030, "listed_count": 0, "like_count": 5211, "media_count": 58}, "created_at": "2025-06-25T07:44:17.000Z"}, {"id": "35241709", "description": "Retired computer programmer. \nBuffalo Bills, Buffalo Sabres and Buffalo Bisons aficionado. \nTesla Referral Code: https://t.co/LETVTQ5ELW", "name": "Mark Cromwell", "username": "markcromwell", "public_metrics": {"followers_count": 5754, "following_count": 6418, "tweet_count": 411130, "listed_count": 44, "like_count": 744586, "media_count": 4661}, "created_at": "2009-04-25T15:58:06.000Z"}, {"id": "1511527118634733569", "description": "\ud83d\udfe2 Offer me Money \ud83d\udcb0 Offer me power \ud83e\uddb8\ud83c\udffc\u200d\u2642\ufe0f I don\u2019t care  \n\ud83d\udfe2 This is just the beginning of the beginnings \ud83e\udd20", "name": "Rk", "username": "RmckRk", "public_metrics": {"followers_count": 2010, "following_count": 1187, "tweet_count": 64334, "listed_count": 5, "like_count": 83254, "media_count": 5151}, "created_at": "2022-04-06T02:13:07.000Z"}, {"id": "1805447721244848128", "description": "", "name": "Labrador Jackson", "username": "LaJa24jun24", "public_metrics": {"followers_count": 1081, "following_count": 3155, "tweet_count": 145131, "listed_count": 0, "like_count": 170268, "media_count": 3}, "created_at": "2024-06-25T03:47:58.000Z"}, {"id": "1222614472231215104", "description": "African nomad x Belgian ch\u00e2telaine x lucky mom of 2 teen sons. $TSLA changed our family's future; now working on changing others' futures.", "name": "\ud83c\udf0b", "username": "EvrybodynthrMom", "public_metrics": {"followers_count": 3316, "following_count": 4886, "tweet_count": 178812, "listed_count": 15, "like_count": 544627, "media_count": 2968}, "created_at": "2020-01-29T20:16:34.000Z"}, {"id": "1219763009511284737", "description": "I repost valuable news. I share prayers and music. I hope to make you laugh and sing. Quotes and manga colorings in Photos.", "name": "Marc", "username": "MML42632882", "public_metrics": {"followers_count": 557, "following_count": 4163, "tweet_count": 181441, "listed_count": 6, "like_count": 22448, "media_count": 38321}, "created_at": "2020-01-21T23:29:56.000Z"}, {"id": "269518394", "description": "", "name": "Ren\u00e9 Cuchens", "username": "forestgardeners", "public_metrics": {"followers_count": 772, "following_count": 898, "tweet_count": 8210, "listed_count": 1, "like_count": 9135, "media_count": 10}, "created_at": "2011-03-20T23:20:28.000Z"}, {"id": "1876138827250847744", "description": "", "name": "Optimistic", "username": "Optimistic7975", "public_metrics": {"followers_count": 88, "following_count": 738, "tweet_count": 2241, "listed_count": 0, "like_count": 1349, "media_count": 81}, "created_at": "2025-01-06T05:29:10.000Z"}, {"id": "1493650145732354057", "description": "Co-owner https://t.co/qWzf2MKanN | AI Sorcerer \ud83e\udd16 | SEO Ninja | Decoding Google, one algorithm at a time | X & Grok \u270c", "name": "\ud83c\udff4\u200d\u2620\ufe0f XtReme_Nodes", "username": "XtremeNodes", "public_metrics": {"followers_count": 2019, "following_count": 679, "tweet_count": 13782, "listed_count": 3, "like_count": 66349, "media_count": 256}, "created_at": "2022-02-15T18:15:53.000Z"}, {"id": "324883636", "description": "Conseiller municipal @FiersdeRouen / PS Rouen / Bureau CFDT Metallurgie Rouen-Elbeuf-Dieppe / photographe / #velotaf / Ecolo / metalleux\ud83e\udd1f", "name": "Thibaut Drouet", "username": "ThibautDrouet", "public_metrics": {"followers_count": 1312, "following_count": 840, "tweet_count": 6151, "listed_count": 20, "like_count": 15498, "media_count": 729}, "created_at": "2011-06-27T11:20:21.000Z"}, {"id": "886779698239332352", "description": "Building intelligence @xAI. Grok-2\ud83c\udf4d, 3\ud83c\udf6b, 4\ud83e\uded0, Video Gen\ud83e\ude84. PhD from UIUC CS.", "name": "Jie Huang", "username": "jefffhj", "public_metrics": {"followers_count": 13134, "following_count": 647, "tweet_count": 469, "listed_count": 172, "like_count": 1325, "media_count": 59}, "created_at": "2017-07-17T02:48:50.000Z"}, {"id": "22604944", "description": "xAI Specialist Team Lead Kevin K. Shah ~| Creator of Worlds |~ Artist / Producer ~|~ Cinema, Games, Music ~|~ Methods/Mediums: All", "name": "Creative AIgency", "username": "CreativeAIgency", "public_metrics": {"followers_count": 3361, "following_count": 1426, "tweet_count": 10102, "listed_count": 70, "like_count": 16192, "media_count": 1463}, "created_at": "2009-03-03T09:23:51.000Z"}, {"id": "1873256325700079616", "description": "AI Explorer | Learning to harness the power of Artificial Intelligence.  Sharing insights, tools, and trends in the AI world. \ud83c\udf1f Stay curious and grow with", "name": "JessicaCarpenter", "username": "JessicaCar27562", "public_metrics": {"followers_count": 7, "following_count": 27, "tweet_count": 39, "listed_count": 0, "like_count": 64, "media_count": 0}, "created_at": "2024-12-29T06:34:54.000Z"}, {"id": "1040744782589579264", "description": "xAI, pre-train lead. ex-OpenAI, sole inventor of GPT4-turbo long-context. Core contributor to (GPT4/o/turbo, DaLLE 3, OAI Embedding v3)", "name": "Juntang Zhuang", "username": "archanfel_anoth", "public_metrics": {"followers_count": 6635, "following_count": 506, "tweet_count": 154, "listed_count": 133, "like_count": 310, "media_count": 11}, "created_at": "2018-09-14T23:31:07.000Z"}, {"id": "1420600798505885698", "description": "", "name": "Hrishikesh Kokane", "username": "HrishikeshKokan", "public_metrics": {"followers_count": 260, "following_count": 675, "tweet_count": 10371, "listed_count": 0, "like_count": 52844, "media_count": 39}, "created_at": "2021-07-29T04:23:37.000Z"}, {"id": "1261922115428573185", "description": "Pretraining @xAI | prev @anyscalecompute | KubeRay maintainer | Ray committer | Apache Submarine PMC", "name": "Kai-Hsun Chen", "username": "kaihsunchen", "public_metrics": {"followers_count": 379, "following_count": 329, "tweet_count": 90, "listed_count": 8, "like_count": 1447, "media_count": 3}, "created_at": "2020-05-17T07:31:01.000Z"}, {"id": "2420205698", "description": "\ud83e\udd18\ud83d\ude0d\ud83d\ude4f\ud83c\udffd\u2764\ufe0f Believe!! Persevere!! Strive!! Achieve!! tweets are mostly nice, sometimes wise!! Never give up!!\u2728\ud83d\udcfd\ufe0f", "name": "Ragavendra Jegadeesan", "username": "RagavendraJ", "public_metrics": {"followers_count": 357, "following_count": 4866, "tweet_count": 11205, "listed_count": 4, "like_count": 32754, "media_count": 384}, "created_at": "2014-03-31T08:17:42.000Z"}, {"id": "1514242023963910150", "description": "#FreeOromia \n#IndependentOromia #OromiaShallBeFree #OromoLiberationArmy \n#Oromia \n#Finfinnee", "name": "Free Oromia", "username": "oromiafree24", "public_metrics": {"followers_count": 1866, "following_count": 2016, "tweet_count": 65662, "listed_count": 0, "like_count": 52533, "media_count": 3206}, "created_at": "2022-04-13T14:00:53.000Z"}, {"id": "1604777932714610688", "description": "MAGA | America First | Stop Abusing EAD programs | Anti Immigration | Fraudulent Activities \n| Stop F1 OPT H4EAD L1 L2\n| Stop EB1/2/3", "name": "Project Firewall || America First", "username": "FlagUSANetwork", "public_metrics": {"followers_count": 2681, "following_count": 7501, "tweet_count": 25730, "listed_count": 8, "like_count": 28982, "media_count": 480}, "created_at": "2022-12-19T09:57:59.000Z"}, {"id": "1566840253855711232", "description": "", "name": "lauda lassan 001", "username": "ty79i", "public_metrics": {"followers_count": 313, "following_count": 1654, "tweet_count": 35876, "listed_count": 1, "like_count": 403072, "media_count": 519}, "created_at": "2022-09-05T17:26:55.000Z"}, {"id": "1654427223863197696", "description": "CEO & Founder | Turning industries upside down | Luxury, leadership & legacy | Empowering the next generation of leaders | Medica & Health", "name": "Shaira Brown", "username": "Shairapque08", "public_metrics": {"followers_count": 282, "following_count": 129, "tweet_count": 6135, "listed_count": 0, "like_count": 10496, "media_count": 1}, "created_at": "2023-05-05T10:06:03.000Z"}, {"id": "2470320569", "description": "Astrophotography & astronomy, space travel & rocketry, SpaceX, Tesla, UFO/UAP\u2019s, lover of classical music, Zen practitioner, eyes always to the stars", "name": "Klaatu", "username": "cosmichome", "public_metrics": {"followers_count": 2658, "following_count": 5168, "tweet_count": 84843, "listed_count": 20, "like_count": 105888, "media_count": 927}, "created_at": "2014-04-08T22:11:51.000Z"}, {"id": "4410902118", "description": "The best preparation for tomorrow is doing your best today.", "name": "Emily12269", "username": "EmilyAstor12269", "public_metrics": {"followers_count": 667, "following_count": 334, "tweet_count": 1134, "listed_count": 0, "like_count": 3506, "media_count": 0}, "created_at": "2015-11-30T15:26:58.000Z"}, {"id": "1312882703176474624", "description": "My Help Come From God\ud83d\ude4f\ud83c\udffc\ud83e\ude94\ud83d\udd4a", "name": "Darosha\u2651\ufe0f", "username": "Darosha101", "public_metrics": {"followers_count": 491, "following_count": 155, "tweet_count": 98270, "listed_count": 1, "like_count": 114702, "media_count": 23}, "created_at": "2020-10-04T22:30:21.000Z"}, {"id": "1605502982585737216", "description": "Korea First! America First! Japan First!", "name": "Jikba \ud83c\uddf0\ud83c\uddf7\ud83c\uddef\ud83c\uddf5\ud83c\uddfa\ud83c\uddf2", "username": "haeimdal3", "public_metrics": {"followers_count": 337, "following_count": 241, "tweet_count": 17924, "listed_count": 0, "like_count": 17168, "media_count": 0}, "created_at": "2022-12-21T09:59:16.000Z"}, {"id": "13348", "description": "The best from ML/AI community | Ex-Microsoft, Rackspace, Fast Company | Wrote eight books about the future | Silicon Valley robots, holodecks, BCIs, & startups.", "name": "Robert Scoble", "username": "Scobleizer", "public_metrics": {"followers_count": 548516, "following_count": 32594, "tweet_count": 230927, "listed_count": 23277, "like_count": 548301, "media_count": 6005}, "created_at": "2006-11-20T23:43:44.000Z"}, {"id": "30237396", "description": "Utopia Prepper. Stock pile fusion cells and plan for beautiful adventures above the glittering skylines of Saturn's moons.", "name": "Commander Tommorow", "username": "ZenMasterFunk", "public_metrics": {"followers_count": 344, "following_count": 1495, "tweet_count": 40074, "listed_count": 2, "like_count": 47707, "media_count": 241}, "created_at": "2009-04-10T15:26:33.000Z"}, {"id": "1671012584777199616", "description": "GOD, Country, USAF VETERAN \ud83c\uddfa\ud83c\uddf8 DIPLORABLE  I love My PRESIDENT TRUMP! ELON , X STARLINK !! USA, USA, USA!!\ud83d\udeab DM!!", "name": "V C", "username": "VC939480354057", "public_metrics": {"followers_count": 1926, "following_count": 1824, "tweet_count": 83255, "listed_count": 1, "like_count": 60318, "media_count": 1613}, "created_at": "2023-06-20T04:31:05.000Z"}, {"id": "1974653202722168832", "description": "Codify Trump's agenda.  Dems will nuke the filibuster if they ever have power again. GOP should get first bite at the apple. Only way to have honest elections.", "name": "Nuke The Filibuster Official", "username": "51_MAGA_Tons", "public_metrics": {"followers_count": 89, "following_count": 512, "tweet_count": 3780, "listed_count": 0, "like_count": 3589, "media_count": 9}, "created_at": "2025-10-05T01:50:00.000Z"}, {"id": "2742821369", "description": "\ud83d\ude80 Full-Stack Dev | React, React Native, Flask, Python | \ud83e\udd16 AI & Chatbots | MongoDB & REST APIs | \ud83d\udca1 Tech, Music & Science | \u271d\ufe0f Believer | \ud83d\udcf2 Building Solutions", "name": "Michael Panashe Mudimbu", "username": "MudimbuMichael", "public_metrics": {"followers_count": 9233, "following_count": 8548, "tweet_count": 17443, "listed_count": 1, "like_count": 86938, "media_count": 53}, "created_at": "2014-08-14T17:43:43.000Z"}, {"id": "1590536244941012995", "description": "all views are my own", "name": "Curtis Pulaski", "username": "CurtisJayX", "public_metrics": {"followers_count": 1058, "following_count": 1088, "tweet_count": 8145, "listed_count": 12, "like_count": 6656, "media_count": 237}, "created_at": "2022-11-10T02:46:15.000Z"}, {"id": "278594632", "description": "Web Design, Web Development, AI and Tesla fanboy.", "name": "Steven Knows", "username": "stevenknowsweb", "public_metrics": {"followers_count": 546, "following_count": 695, "tweet_count": 9521, "listed_count": 5, "like_count": 18190, "media_count": 126}, "created_at": "2011-04-07T15:43:37.000Z"}, {"id": "1755358166005473280", "description": "\ud83e\udd81", "name": "El outsider", "username": "eloutsider2025", "public_metrics": {"followers_count": 736, "following_count": 2, "tweet_count": 46620, "listed_count": 1, "like_count": 54794, "media_count": 1954}, "created_at": "2024-02-07T22:30:21.000Z"}, {"id": "1838355640890331137", "description": "ex-xAI Head Legal Eagle: Lily is an adventurer, former rocket scientist, and until recently launcher of products at the innovative Elon Musk AI start-up, xAI.", "name": "Lily Lim", "username": "LiLiDuc22", "public_metrics": {"followers_count": 3864, "following_count": 501, "tweet_count": 347, "listed_count": 60, "like_count": 1789, "media_count": 7}, "created_at": "2024-09-23T23:12:04.000Z"}, {"id": "1093868186917732357", "description": "\u65e5\u672c\u3092\u5b88\u308d\u3046\u3068\u3001\u3044\u308d\u3093\u306a\u60c5\u5831\u96c6\u3081\u3066\u307e\u3059\u3002\n\u805e\u304f\u3053\u3068\u306f\u3001\u5927\u4e8b\u306a\u306e\u3067\u3001\u307f\u3093\u306a\u3067\u77e5\u3063\u3066\u3044\u304d\u307e\u3057\u3087\u3046\u3002\u80cc\u666f\u306f\u5ac1\u3067\u3059\uff01\uff01", "name": "at sushi", "username": "JOf1MMMIos9r0y0", "public_metrics": {"followers_count": 4106, "following_count": 7487, "tweet_count": 278109, "listed_count": 8, "like_count": 381050, "media_count": 169}, "created_at": "2019-02-08T13:44:33.000Z"}, {"id": "1348060735746703365", "description": "Building AI @xAI", "name": "sehoonkim", "username": "sehoonkim418", "public_metrics": {"followers_count": 2371, "following_count": 153, "tweet_count": 94, "listed_count": 41, "like_count": 181, "media_count": 8}, "created_at": "2021-01-10T00:15:07.000Z"}, {"id": "1103931180", "description": "EGALITARIAN || PACIFIST", "name": "Abdul-Lateef", "username": "ABDULLATEEF_AAA", "public_metrics": {"followers_count": 134, "following_count": 473, "tweet_count": 65655, "listed_count": 0, "like_count": 36676, "media_count": 6}, "created_at": "2013-01-19T15:21:15.000Z"}, {"id": "1850345683326488576", "description": "\"A man's heart plans his way, But the LORD directs his steps.\" Proverbs 16:9 \u271d\ufe0f\ud83c\uddfa\ud83c\uddf8", "name": "Lm mor", "username": "Lmmor146090", "public_metrics": {"followers_count": 1170, "following_count": 1467, "tweet_count": 67734, "listed_count": 0, "like_count": 62902, "media_count": 1237}, "created_at": "2024-10-27T01:16:31.000Z"}, {"id": "1873117617537339392", "description": "Proponent of the Age of Abundance, techno-optimist, edutainer and independent thinker. Likes and Reshares do NOT imply support; but extend the dialogue.", "name": "Dalibor Petrovic", "username": "DaliborTTC", "public_metrics": {"followers_count": 1005, "following_count": 665, "tweet_count": 7553, "listed_count": 6, "like_count": 31554, "media_count": 95}, "created_at": "2024-12-28T21:23:48.000Z"}, {"id": "1976267914819821568", "description": "", "name": "Chen Horvat", "username": "ChenHorvat54684", "public_metrics": {"followers_count": 2, "following_count": 29, "tweet_count": 4, "listed_count": 0, "like_count": 6, "media_count": 0}, "created_at": "2025-10-09T12:46:09.000Z"}, {"id": "4581512292", "description": "", "name": "Avi ( aka I am $USELESS)", "username": "btc_abhishek", "public_metrics": {"followers_count": 116, "following_count": 588, "tweet_count": 5650, "listed_count": 6, "like_count": 8024, "media_count": 24}, "created_at": "2015-12-17T05:21:15.000Z"}, {"id": "1836993297358704640", "description": "Technology geek. \u201cHave a vision, chase it\u201d / Elon Musk is the future \ud83d\udd2d", "name": "Sam Quillwright", "username": "SamQuillwright", "public_metrics": {"followers_count": 1529, "following_count": 2288, "tweet_count": 38598, "listed_count": 0, "like_count": 45831, "media_count": 170}, "created_at": "2024-09-20T04:58:35.000Z"}, {"id": "1600377171192971264", "description": "I will offend you all the way to the truth", "name": "TheAlphaEffect\u2122", "username": "The4lphaEffect", "public_metrics": {"followers_count": 1324, "following_count": 2391, "tweet_count": 85903, "listed_count": 5, "like_count": 100616, "media_count": 1072}, "created_at": "2022-12-07T06:30:51.000Z"}, {"id": "1671555075775266831", "description": "SZN \ud83d\udda4\ud83e\udd85\n\nvis\u00e7a barca!!\n\nGGMU..", "name": "BAMM", "username": "bamm_szn", "public_metrics": {"followers_count": 243, "following_count": 93, "tweet_count": 119897, "listed_count": 1, "like_count": 207580, "media_count": 2}, "created_at": "2023-06-21T16:26:50.000Z"}, {"id": "984172042533695488", "description": "@xai pretraining", "name": "Chaoqi Wang", "username": "chaoqi_w", "public_metrics": {"followers_count": 935, "following_count": 435, "tweet_count": 75, "listed_count": 26, "like_count": 136, "media_count": 0}, "created_at": "2018-04-11T20:51:14.000Z"}, {"id": "911572360242909184", "description": "Nigerian, BDM, SCML,Trader, Entrepreneur, Politics & Policy Analyst", "name": "Dupe Jimoh", "username": "DupeJimoh1", "public_metrics": {"followers_count": 1614, "following_count": 5148, "tweet_count": 88686, "listed_count": 3, "like_count": 280669, "media_count": 1002}, "created_at": "2017-09-23T12:46:01.000Z"}, {"id": "42086886", "description": "Smile, Simplify, Share, Say Please & Thank you, Love, Live, Listen, Learn, Laugh, Help, Adapt :) \u2022 Unofficial booper of doggie snoots that come across the feed", "name": "Ginai", "username": "SmileSimplify", "public_metrics": {"followers_count": 1680, "following_count": 823, "tweet_count": 418496, "listed_count": 29, "like_count": 558728, "media_count": 5270}, "created_at": "2009-05-23T19:56:02.000Z"}, {"id": "781024050848161796", "description": "reasoning @xAI | prev-founding engineer @anyscalecompute | senior committer of @raydistributed | committer @vllm_project Sglang | Github: rkooo567", "name": "SangBin Cho", "username": "Saaaang94", "public_metrics": {"followers_count": 2821, "following_count": 500, "tweet_count": 99, "listed_count": 45, "like_count": 4184, "media_count": 0}, "created_at": "2016-09-28T06:53:39.000Z"}, {"id": "1431650185805844486", "description": "#TSLA", "name": "F.Nel", "username": "F__N____el", "public_metrics": {"followers_count": 1423, "following_count": 150, "tweet_count": 30605, "listed_count": 3, "like_count": 64213, "media_count": 290}, "created_at": "2021-08-28T16:09:46.000Z"}, {"id": "1700596133175947264", "description": "", "name": "cyrus", "username": "cyrus2123", "public_metrics": {"followers_count": 412, "following_count": 150, "tweet_count": 8287, "listed_count": 0, "like_count": 24324, "media_count": 133}, "created_at": "2023-09-09T19:45:14.000Z"}, {"id": "1484016650521395200", "description": "Build Intelligence @xai | ML PhD @UofT @VectorInst | Prev. @GoogleAI @GoogleDeepMind", "name": "Yongchao Zhou", "username": "Yongchao_Zhou_", "public_metrics": {"followers_count": 3519, "following_count": 430, "tweet_count": 185, "listed_count": 64, "like_count": 607, "media_count": 24}, "created_at": "2022-01-20T04:15:22.000Z"}, {"id": "1846074471418839040", "description": "", "name": "juliechen17860", "username": "juliechen17860", "public_metrics": {"followers_count": 1368, "following_count": 22, "tweet_count": 14239, "listed_count": 1, "like_count": 4550, "media_count": 25}, "created_at": "2024-10-15T06:27:41.000Z"}, {"id": "1929040850", "description": "\u271d\ufe0f", "name": "Sueven", "username": "chasingreen2", "public_metrics": {"followers_count": 54, "following_count": 66, "tweet_count": 448, "listed_count": 0, "like_count": 451, "media_count": 0}, "created_at": "2013-10-03T02:43:45.000Z"}, {"id": "369664742", "description": "deal-maker by day \u26a1\ufe0f ai sci-fi fantasy by night \u2600\ufe0f \ud83c\uddfa\ud83c\uddf8 \ud83d\udedc \ud83c\udfb6 \ud83d\udc69\u200d\ud83d\udcbb \ud83e\udd1d \ud83d\udc95\ud83c\udf3b \ud83e\udeb6 \u260e\ufe0f \ud83c\udf53\ud83c\udf19 to beep or not to beep \ud83e\uded6 https://t.co/ljrNqIV6O7 \u2615\ufe0f \u2728", "name": "S Lamouroux", "username": "SLamouroux", "public_metrics": {"followers_count": 1454, "following_count": 1617, "tweet_count": 8489, "listed_count": 56, "like_count": 22700, "media_count": 847}, "created_at": "2011-09-07T18:49:07.000Z"}, {"id": "1425125687057272835", "description": "Proud supporter of President Trump/Vance  !!!!  MAGA !!!\ud83c\uddfa\ud83c\uddf8\ud83c\uddfa\ud83c\uddf8\ud83c\uddfa\ud83c\uddf8\ud83c\uddfa\ud83c\uddf8  \ud83c\uddfa\ud83c\uddf8\ud83c\uddfa\ud83c\uddf8 I STAND WITH PRESIDENT DONALD TRUMP AND AMERICA \ud83c\uddfa\ud83c\uddf8\ud83c\uddfa\ud83c\uddf8\ud83c\uddfa\ud83c\uddf8", "name": "lemon", "username": "lemon26ol1", "public_metrics": {"followers_count": 21, "following_count": 260, "tweet_count": 175, "listed_count": 0, "like_count": 21, "media_count": 0}, "created_at": "2021-08-10T16:03:46.000Z"}, {"id": "1588010201738661889", "description": "#MAGA    #MAHA     FREE SPEECH IS A MUST thank you Elon Musk.       100% Contra Tirania.          \n               100% Contra Censura.", "name": "Souza", "username": "SouzaSo_us", "public_metrics": {"followers_count": 4057, "following_count": 2727, "tweet_count": 174869, "listed_count": 1, "like_count": 177713, "media_count": 263}, "created_at": "2022-11-03T03:29:54.000Z"}, {"id": "1805621127705686016", "description": "", "name": "Ifeak'ego", "username": "IfeakE57748", "public_metrics": {"followers_count": 401, "following_count": 872, "tweet_count": 39744, "listed_count": 0, "like_count": 44252, "media_count": 0}, "created_at": "2024-06-25T15:17:30.000Z"}, {"id": "1608534603232604165", "description": "The opposite of Good isn\u2019t Evil, it\u2019s indifference\u2026", "name": "MirrorMan", "username": "MarxsNightmare", "public_metrics": {"followers_count": 2755, "following_count": 1104, "tweet_count": 38518, "listed_count": 1, "like_count": 32325, "media_count": 277}, "created_at": "2022-12-29T18:45:22.000Z"}, {"id": "1790198326534549504", "description": "All-in Tesla. MAHA.", "name": "Al Amungus", "username": "Alien_Amungus", "public_metrics": {"followers_count": 809, "following_count": 1108, "tweet_count": 37299, "listed_count": 2, "like_count": 163171, "media_count": 1}, "created_at": "2024-05-14T02:00:37.000Z"}, {"id": "820877483243409408", "description": "I solve Chemical Eng. problems and play SuperTight\u2122\ufe0f poker...always best hand! Crypto HODL 4-life $ADA and $BTC LFG!!", "name": "TabbyPOS", "username": "nichxbt1", "public_metrics": {"followers_count": 58, "following_count": 64, "tweet_count": 276, "listed_count": 0, "like_count": 292, "media_count": 0}, "created_at": "2017-01-16T06:16:57.000Z"}, {"id": "902108974014705664", "description": "", "name": "\u0645\u0646\u062a\u0636\u0631 \u0627\u0644\u0645\u0644\u0643\u064a", "username": "RisenHion", "public_metrics": {"followers_count": 91, "following_count": 68, "tweet_count": 194, "listed_count": 0, "like_count": 213, "media_count": 0}, "created_at": "2017-08-28T10:01:54.000Z"}, {"id": "1713779922421022720", "description": "me", "name": "xiaoqiang", "username": "xiaohuzc", "public_metrics": {"followers_count": 54, "following_count": 389, "tweet_count": 4326, "listed_count": 0, "like_count": 4320, "media_count": 2}, "created_at": "2023-10-16T04:53:01.000Z"}, {"id": "703325833", "description": "student\ncrypto enthusiast\nshill me coins\nChelsea fan", "name": "Alex", "username": "Zzz1Ly", "public_metrics": {"followers_count": 58, "following_count": 83, "tweet_count": 480, "listed_count": 0, "like_count": 468, "media_count": 0}, "created_at": "2012-07-18T16:01:34.000Z"}], "meta": {"result_count": 80, "next_token": "7140dibdnow9c7btw4b1k6ugnfx4imseyrqskptttaaer"}}