{"data": [{"username": "shawn276890702", "id": "1987659272474509313", "name": "shawn2768", "created_at": "2025-11-09T23:14:23.000Z", "public_metrics": {"followers_count": 586, "following_count": 508, "tweet_count": 7035, "listed_count": 0, "like_count": 6180, "media_count": 1}, "description": ""}, {"username": "Jayroooood", "id": "360132500", "name": "Jayrooooood", "created_at": "2011-08-22T18:51:51.000Z", "public_metrics": {"followers_count": 198, "following_count": 173, "tweet_count": 4601, "listed_count": 3, "like_count": 1433, "media_count": 144}, "description": "In the trenches stacking Solana like Kabuto cards\nLMAO"}, {"username": "choice722927", "id": "1051120002", "name": "sherry Rogers", "created_at": "2012-12-31T20:30:02.000Z", "public_metrics": {"followers_count": 1362, "following_count": 1740, "tweet_count": 26437, "listed_count": 0, "like_count": 18367, "media_count": 103}, "description": "great grandma of https://t.co/T3EdnA6gid animals .caregiver of wild an tame.Enjoy being outside with God an nature.Bird watcher."}, {"username": "TPhelpzy1990", "id": "860537802261397507", "name": "Trav", "created_at": "2017-05-05T16:52:54.000Z", "public_metrics": {"followers_count": 3948, "following_count": 7386, "tweet_count": 264895, "listed_count": 10, "like_count": 518499, "media_count": 671}, "description": "Just a guy that says what others are thinking"}, {"username": "jenise_c", "id": "480710595", "name": "JeniseSt", "created_at": "2012-02-01T20:16:41.000Z", "public_metrics": {"followers_count": 531, "following_count": 391, "tweet_count": 33905, "listed_count": 2, "like_count": 34511, "media_count": 0}, "description": ""}, {"username": "JohnMcClane1986", "id": "1080796009", "name": "John McClane", "created_at": "2013-01-11T20:03:42.000Z", "public_metrics": {"followers_count": 847, "following_count": 3531, "tweet_count": 49409, "listed_count": 14, "like_count": 35550, "media_count": 66}, "description": "#1stGenCdn Proud Dad of #2ndGenCdn #ProudCanadian #Sikh by heritage Respect the #taxpayer Just want #goodpolicy for #Canada"}, {"username": "heideekat", "id": "1698533620049379328", "name": "Heidi", "created_at": "2023-09-04T03:09:24.000Z", "public_metrics": {"followers_count": 1491, "following_count": 5499, "tweet_count": 28109, "listed_count": 2, "like_count": 63698, "media_count": 1321}, "description": "Dragon believer. TRUMP 2024 baby! EL Specialist. miss my lil boo so much. \ud83d\udc94"}, {"username": "berneiceka81970", "id": "1976090645728239616", "name": "Berneicekate Burton", "created_at": "2025-10-09T01:01:45.000Z", "public_metrics": {"followers_count": 4, "following_count": 5, "tweet_count": 19, "listed_count": 0, "like_count": 8, "media_count": 3}, "description": ""}, {"username": "CalcCzar", "id": "1995546903657021440", "name": "Ezra Sharv", "created_at": "2025-12-01T17:34:22.000Z", "public_metrics": {"followers_count": 0, "following_count": 3, "tweet_count": 38, "listed_count": 0, "like_count": 88, "media_count": 0}, "description": "16 , let me sleep"}, {"username": "erichensley_xx", "id": "1328149374191489025", "name": "Eric Hensley", "created_at": "2020-11-16T01:34:31.000Z", "public_metrics": {"followers_count": 139, "following_count": 1919, "tweet_count": 5268, "listed_count": 0, "like_count": 4930, "media_count": 2}, "description": "working with Elon musk as personal Assistant @spacex @tesla"}, {"username": "Miya_chan36", "id": "1431522791191240713", "name": "\u307f\u3084\u3061\u3083\u3093", "created_at": "2021-08-28T07:43:33.000Z", "public_metrics": {"followers_count": 977, "following_count": 29, "tweet_count": 50428, "listed_count": 18, "like_count": 80, "media_count": 340}, "description": "\ud83d\udc09"}, {"username": "drcita2024", "id": "1675149884557602816", "name": "Dr.cita #IHope", "created_at": "2023-07-01T14:30:43.000Z", "public_metrics": {"followers_count": 133, "following_count": 335, "tweet_count": 8974, "listed_count": 1, "like_count": 18885, "media_count": 120}, "description": "/Eclesi\u00e1stico 1:23): \u201cHasta su tiempo aguanta el paciente, despu\u00e9s se le devolver\u00e1 la alegr\u00eda."}, {"username": "FreemanKam6751", "id": "1983208271436754945", "name": "Kamala Freeman", "created_at": "2025-10-28T16:24:40.000Z", "public_metrics": {"followers_count": 26, "following_count": 39, "tweet_count": 84, "listed_count": 0, "like_count": 72, "media_count": 1}, "description": ""}, {"username": "stopcappinpls", "id": "1392947428333170689", "name": "Juicer#1", "created_at": "2021-05-13T20:58:48.000Z", "public_metrics": {"followers_count": 108, "following_count": 378, "tweet_count": 1650, "listed_count": 6, "like_count": 4846, "media_count": 91}, "description": ""}, {"username": "kimberleigh74", "id": "1364676554484314115", "name": "kimberleigh7", "created_at": "2021-02-24T20:41:18.000Z", "public_metrics": {"followers_count": 4870, "following_count": 4948, "tweet_count": 38552, "listed_count": 5, "like_count": 52171, "media_count": 57}, "description": "America First Patriot !! \ud83c\uddfa\ud83c\uddf8"}, {"username": "KaschkeJohanna", "id": "1549317075562369026", "name": "Johanna Kaschke", "created_at": "2022-07-19T08:56:24.000Z", "public_metrics": {"followers_count": 554, "following_count": 272, "tweet_count": 14384, "listed_count": 5, "like_count": 12535, "media_count": 1614}, "description": "Tower Hamlets since 1977 @th_crime_watch -"}, {"username": "GfzOJXErECD3cIv", "id": "1421379598932086786", "name": "\u306a\u3081\u3053\u304f\u3093", "created_at": "2021-07-31T07:58:39.000Z", "public_metrics": {"followers_count": 3126, "following_count": 7501, "tweet_count": 216520, "listed_count": 14, "like_count": 295524, "media_count": 475}, "description": "\u30d1\u30ba\u30c9\u30e9\u3067\u30d5\u30ec\u30f3\u30c9\u52df\u96c6\u4e2d\u2757\ufe0f"}, {"username": "michaelmjs", "id": "26400528", "name": "Michael Rodriguez \uf8ff \uea00 \ud835\udd4f", "created_at": "2009-03-25T02:10:44.000Z", "public_metrics": {"followers_count": 1637, "following_count": 1710, "tweet_count": 150373, "listed_count": 11, "like_count": 88035, "media_count": 10292}, "description": "\uf8ff ZoeRodriguez Mike IOS,Line,G+,Wii,Netflix,Iphone,Alonso,Mj,Susan."}, {"username": "anandddwi", "id": "1220804179", "name": "Anand dhar dwivedi", "created_at": "2013-02-26T07:59:16.000Z", "public_metrics": {"followers_count": 337, "following_count": 582, "tweet_count": 4791, "listed_count": 0, "like_count": 60084, "media_count": 500}, "description": "\ud83d\udc9aA@a\u00b0 \ud83c\uddee\ud83c\uddf3\ud83e\udef6"}, {"username": "FatRabb1t", "id": "1524885725908389888", "name": "FatRabbit", "created_at": "2022-05-12T22:55:30.000Z", "public_metrics": {"followers_count": 388, "following_count": 57, "tweet_count": 10116, "listed_count": 0, "like_count": 11995, "media_count": 7}, "description": ""}, {"username": "Rosedragon108_", "id": "4734447872", "name": "Rosedragon", "created_at": "2016-01-09T18:00:15.000Z", "public_metrics": {"followers_count": 10477, "following_count": 10286, "tweet_count": 229853, "listed_count": 8, "like_count": 366453, "media_count": 1644}, "description": "#BizarroWorld escapee; Search for Silver Linings; BioPhysicsPhD= using LIGHT to study Life+hemes & metalloproteins. #SaveSTEM; 2nd American Revolution = Truth"}, {"username": "trhiking", "id": "746770085692375040", "name": "Terry Berry", "created_at": "2016-06-25T18:20:37.000Z", "public_metrics": {"followers_count": 2529, "following_count": 1089, "tweet_count": 156094, "listed_count": 3, "like_count": 162460, "media_count": 9}, "description": ""}, {"username": "LauraBrrz_", "id": "1600609197107847212", "name": "Laura Brooks", "created_at": "2022-12-07T21:52:44.000Z", "public_metrics": {"followers_count": 1123, "following_count": 1305, "tweet_count": 1061, "listed_count": 0, "like_count": 0, "media_count": 0}, "description": ""}, {"username": "Musk_Space_Xinc", "id": "1994006365719945216", "name": "\u00a3\u00b0Musk/Ce\u00d8", "created_at": "2025-11-27T11:32:54.000Z", "public_metrics": {"followers_count": 2, "following_count": 34, "tweet_count": 41, "listed_count": 0, "like_count": 65, "media_count": 0}, "description": "Official-CEO/ Spacex (concerned about the direction of our country and the need for a revised vision to maximize our future role ) Political Commentary\u303d\ufe0f\ud83d\udc4d\ud83d\udebe ."}, {"username": "coquita_c", "id": "1305177662034505729", "name": "QT 3.14", "created_at": "2020-09-13T16:13:27.000Z", "public_metrics": {"followers_count": 1512, "following_count": 956, "tweet_count": 60143, "listed_count": 3, "like_count": 35427, "media_count": 746}, "description": "\u2764\ufe0f without bounds. I believe in truth, doing the right thing even when no one is looking. God sees all. I also believe in karma."}, {"username": "ssiizzzz", "id": "1569158504530997249", "name": "justVerna\ud83c\uddfa\ud83c\udde6\ud83c\uddee\ud83c\uddf1\ud83c\uddfa\ud83c\uddf8", "created_at": "2022-09-12T02:59:06.000Z", "public_metrics": {"followers_count": 19, "following_count": 118, "tweet_count": 569, "listed_count": 0, "like_count": 2757, "media_count": 0}, "description": ""}, {"username": "marynini4", "id": "1326359880706519040", "name": "marynini", "created_at": "2020-11-11T03:03:43.000Z", "public_metrics": {"followers_count": 523, "following_count": 296, "tweet_count": 312, "listed_count": 0, "like_count": 1176, "media_count": 17}, "description": "Patriot \ud83c\uddfa\ud83c\uddf8 #Musk MAGA"}, {"username": "sanjayKD13", "id": "1113589525", "name": "sanjay bhattacharya", "created_at": "2013-01-23T05:58:27.000Z", "public_metrics": {"followers_count": 160, "following_count": 733, "tweet_count": 3447, "listed_count": 0, "like_count": 19367, "media_count": 5}, "description": "DEMONSTRATOR MICROBIOLOGY\nNODAL OFFICER VRDL, COVID-19 DIAGNOSTIC LABORATORY & Deputy Superintendent\nFAAMCH\nBARPETA"}, {"username": "ToryTory1018", "id": "335925287", "name": "Tory \ud83c\uddfa\ud83c\uddf8", "created_at": "2011-07-15T13:29:57.000Z", "public_metrics": {"followers_count": 2501, "following_count": 2329, "tweet_count": 106172, "listed_count": 3, "like_count": 279458, "media_count": 376}, "description": "Retired attorney, history and paralegal teacher. Three daughters & one granddaughter. Two dogs & one cat. Animal rights advocate. #MAGA."}, {"username": "UOlekseevic", "id": "1531896392662253568", "name": "iurasokolov17 & hamster.785430", "created_at": "2022-06-01T07:13:21.000Z", "public_metrics": {"followers_count": 622, "following_count": 17, "tweet_count": 2908, "listed_count": 0, "like_count": 32824, "media_count": 0}, "description": ""}, {"username": "markitman2", "id": "1358861243688366083", "name": "markitman2", "created_at": "2021-02-08T19:32:34.000Z", "public_metrics": {"followers_count": 2571, "following_count": 277, "tweet_count": 186517, "listed_count": 2, "like_count": 223924, "media_count": 12}, "description": ""}, {"username": "LoriAndCompany_", "id": "1352012491241394176", "name": "Lori & Company - Lori Parrish", "created_at": "2021-01-20T21:59:29.000Z", "public_metrics": {"followers_count": 728, "following_count": 824, "tweet_count": 34774, "listed_count": 3, "like_count": 2522, "media_count": 15023}, "description": "We spotlight people, causes, businesses and resources that help make life beautiful.  Drop by and see what's brewing at ICU & get some TLC ."}, {"username": "kai_ment", "id": "1627145447436607489", "name": "\u85e4\u672c \u4eac", "created_at": "2023-02-19T03:18:23.000Z", "public_metrics": {"followers_count": 42, "following_count": 232, "tweet_count": 137, "listed_count": 0, "like_count": 655, "media_count": 11}, "description": ""}, {"username": "vtcadieux", "id": "274449260", "name": "James Cadieux", "created_at": "2011-03-30T09:42:31.000Z", "public_metrics": {"followers_count": 6427, "following_count": 6785, "tweet_count": 61810, "listed_count": 3, "like_count": 431529, "media_count": 356}, "description": ""}, {"username": "USA1478520n963", "id": "1917576676957179904", "name": "Karina", "created_at": "2025-04-30T13:48:09.000Z", "public_metrics": {"followers_count": 124, "following_count": 62, "tweet_count": 112, "listed_count": 0, "like_count": 23932, "media_count": 67}, "description": "\ud83c\uddfa\ud83c\uddf8A sincere and kind MAGA girl"}, {"username": "UUtattaa", "id": "1943652055870324736", "name": "\u0e2d\u0e40\u0e21\u0e19\u0e14\u0e49\u0e32 \u0e01\u0e23\u0e34\u0e4a\u0e14\u0e46", "created_at": "2025-07-11T12:42:31.000Z", "public_metrics": {"followers_count": 0, "following_count": 39, "tweet_count": 853, "listed_count": 0, "like_count": 2855, "media_count": 0}, "description": ""}, {"username": "StarkJoakim", "id": "1324621989189947392", "name": "Joakim Stark", "created_at": "2020-11-06T07:57:56.000Z", "public_metrics": {"followers_count": 79, "following_count": 70, "tweet_count": 19078, "listed_count": 4, "like_count": 25137, "media_count": 4380}, "description": "#TSLA Share holder and professional @X lurker."}, {"username": "Lucci154748", "id": "1759043908728926208", "name": "Gobgoblin", "created_at": "2024-02-18T02:35:40.000Z", "public_metrics": {"followers_count": 93, "following_count": 168, "tweet_count": 1566, "listed_count": 1, "like_count": 1274, "media_count": 47}, "description": "Chief Editor of \u300aLies\u300bMagazine ; Founder of the Brotherhood Association."}, {"username": "HopedealerSteve", "id": "1857914762715344897", "name": "Steve", "created_at": "2024-11-16T22:33:22.000Z", "public_metrics": {"followers_count": 754, "following_count": 255, "tweet_count": 7852, "listed_count": 2, "like_count": 5354, "media_count": 250}, "description": "Saved by Faith Alone in Jesus the Christ Alone who is the creator God and our Lord and Redeemer"}, {"username": "DavidBreth3", "id": "1463567668091375627", "name": "David Breth", "created_at": "2021-11-24T17:59:24.000Z", "public_metrics": {"followers_count": 1976, "following_count": 311, "tweet_count": 29506, "listed_count": 1, "like_count": 34426, "media_count": 1}, "description": ""}, {"username": "SL46094861", "id": "883679685934272512", "name": "SL", "created_at": "2017-07-08T13:30:29.000Z", "public_metrics": {"followers_count": 464, "following_count": 552, "tweet_count": 17105, "listed_count": 2, "like_count": 21317, "media_count": 29}, "description": "\u4e0d\u5fc5\u5173\u6ce8\u6211. \u60f3\u5ff5\u653f\u4e8b\u5c0f\u54e5\u3001\u7ea6\u7ff0\u5c0f\u54e5\u3001\u548c\u6c5f\u6708"}, {"username": "droppedrose", "id": "1894735378843881472", "name": "Irene", "created_at": "2025-02-26T13:04:59.000Z", "public_metrics": {"followers_count": 17, "following_count": 441, "tweet_count": 39, "listed_count": 0, "like_count": 3, "media_count": 0}, "description": "Scientists have yet to explain how 300 people can be working at a Wal-Mart but only 4 registers will be open."}, {"username": "inc_Emusk1", "id": "1994005763786956800", "name": "Jfv", "created_at": "2025-11-27T11:30:24.000Z", "public_metrics": {"followers_count": 15, "following_count": 16, "tweet_count": 53, "listed_count": 0, "like_count": 57, "media_count": 1}, "description": "Building a relationship with God through Jesus and with family & friends is the meaning of life for me, read my Bible is the first thing to do Every morning."}, {"username": "Rosemary1011___", "id": "1189716355752189952", "name": "\u307e\u30fc\u307c", "created_at": "2019-10-31T01:31:08.000Z", "public_metrics": {"followers_count": 570, "following_count": 1154, "tweet_count": 32124, "listed_count": 4, "like_count": 64161, "media_count": 11}, "description": "Twitter\u521d\u5fc3\u8005\u3067\u3059\u3002"}, {"username": "alejandragold42", "id": "1788026215456178176", "name": "Alejandra Gold", "created_at": "2024-05-08T02:00:57.000Z", "public_metrics": {"followers_count": 3409, "following_count": 1634, "tweet_count": 8597, "listed_count": 1, "like_count": 46544, "media_count": 940}, "description": ""}, {"username": "katiespell86636", "id": "1888828309926027265", "name": "Katie", "created_at": "2025-02-10T05:52:42.000Z", "public_metrics": {"followers_count": 3154, "following_count": 612, "tweet_count": 41915, "listed_count": 0, "like_count": 30074, "media_count": 473}, "description": "Married*BA Honors+BS* Prod/Dist facility Owner*Stay home Mom*Worship Leader *Health Care*hobbies"}, {"username": "IZUJIN2", "id": "1085019162836004864", "name": "isawanin2", "created_at": "2019-01-15T03:41:41.000Z", "public_metrics": {"followers_count": 86760, "following_count": 4073, "tweet_count": 346103, "listed_count": 424, "like_count": 673157, "media_count": 75756}, "description": "https://t.co/IObV0lMnkx\nhttps://t.co/4jb7cGQuTm"}, {"username": "DM91852", "id": "1826752455063076872", "name": "Joy", "created_at": "2024-08-22T22:49:25.000Z", "public_metrics": {"followers_count": 70, "following_count": 274, "tweet_count": 2403, "listed_count": 0, "like_count": 5978, "media_count": 1}, "description": "\u271d\ufe0fGod, Family, \ud83c\uddfa\ud83c\uddf8 Country No DMs No Porn"}, {"username": "MidoriIchikawa", "id": "1238261383881347072", "name": "\ud83e\uddda\ud83c\udfff\u200d\u2642\ufe0fMIDORI\ud83e\uddda\ud83c\udfff\u200d\u2642\ufe0f", "created_at": "2020-03-13T00:34:52.000Z", "public_metrics": {"followers_count": 79, "following_count": 182, "tweet_count": 14781, "listed_count": 0, "like_count": 4070, "media_count": 1}, "description": "\ud83e\ude90\u4e16\u754c\u4e2d\u4ef2\u826f\u3057\u7e4b\u304c\u308a\ud83c\udf0e"}, {"username": "EuAlePavanelli", "id": "1572774178616401920", "name": "Ale Pavanelli", "created_at": "2022-09-22T02:26:29.000Z", "public_metrics": {"followers_count": 56968, "following_count": 2174, "tweet_count": 171946, "listed_count": 82, "like_count": 185408, "media_count": 16819}, "description": "Meu intuito \u00e9 ajudar o Brasil da forma que posso.\nE muito importante : Sou respons\u00e1vel pelo que falo e n\u00e3o pelo que vc entende. \n\nPai de 3 Meninas\n\nTmj \ud83d\udc4a \ud83c\udde7\ud83c\uddf7"}, {"username": "Nine9Six6Three3", "id": "1815205647140720640", "name": "\ud83d\udfe0\u20bfosston_\ud835\udd4b \ud83d\udcca", "created_at": "2024-07-22T02:03:24.000Z", "public_metrics": {"followers_count": 249, "following_count": 1587, "tweet_count": 20137, "listed_count": 1, "like_count": 10223, "media_count": 1505}, "description": "Expect us. \ud83d\udcca\ud83d\udcbb\ud83d\udcc8"}, {"username": "manish_205", "id": "1939355849228767234", "name": "Manish kumar", "created_at": "2025-06-29T16:11:08.000Z", "public_metrics": {"followers_count": 5, "following_count": 174, "tweet_count": 258, "listed_count": 0, "like_count": 47, "media_count": 4}, "description": "AI enthusiast\nAge 23"}, {"username": "zhangfeng158", "id": "788415786012389376", "name": "\u5f20\u7f8e\u4e30", "created_at": "2016-10-18T16:25:46.000Z", "public_metrics": {"followers_count": 37, "following_count": 131, "tweet_count": 2281, "listed_count": 0, "like_count": 1042, "media_count": 60}, "description": ""}, {"username": "Alicia6563A", "id": "1437194997342695425", "name": "Alicia6563", "created_at": "2021-09-12T23:23:03.000Z", "public_metrics": {"followers_count": 316, "following_count": 524, "tweet_count": 17706, "listed_count": 0, "like_count": 13093, "media_count": 44}, "description": "\u5954\u7740\u5929\u5802\u800c\u6765\uff0c\u5374\u53d1\u73b0\u5929\u5802\u6b63\u5728\u53d8\u6210\u5730\u72f1\u7684\u8def\u4e0a\u72c2\u5954\u3002"}, {"username": "KLashonda69748", "id": "1976079606684975104", "name": "Kargarettekeki Lashonda", "created_at": "2025-10-09T00:17:55.000Z", "public_metrics": {"followers_count": 5, "following_count": 6, "tweet_count": 20, "listed_count": 0, "like_count": 10, "media_count": 10}, "description": ""}, {"username": "Choco_Arma_Psy", "id": "19895729", "name": "happenstance013(\u30cf\u30d7\u30f3\u30b9\u30bf\u30f3\u30b9013)", "created_at": "2009-02-02T06:12:48.000Z", "public_metrics": {"followers_count": 754, "following_count": 1245, "tweet_count": 513419, "listed_count": 6, "like_count": 18674, "media_count": 9235}, "description": "\u697d\u5668\u5168\u7136\u5f3e\u3051\u307e\u305b\u3093\u304cSUNO AI\u3067\u4f5c\u66f2\u304c\u8da3\u5473(\u7f8a\u6587\u5b66\u304c\u597d\u304d\u306a\u306e\u3067\u30b8\u30e3\u30f3\u30eb\u306f\u4e3b\u306b\u30aa\u30eb\u30bf\u30ca\u30c6\u30a3\u30d6\u30ed\u30c3\u30af\u3002\u8a5e\u306f\u30aa\u30ea\u30b8\u30ca\u30eb)\u3002\u30de\u30f3\u30ac\u304c\u597d\u304d\u3001\u7279\u306b\u65e5\u5e38\u7cfbSF\u3002\u3082\u3046\u3053\u306e\u5834\u6240\u304b\u3089\u5f15\u3063\u8d8a\u3057\u305f\u3044\u3002\nChocolate Armageddon Psychic Research"}, {"username": "jefsal1", "id": "881550902", "name": "Sharon Harrington", "created_at": "2012-10-15T04:34:00.000Z", "public_metrics": {"followers_count": 1982, "following_count": 964, "tweet_count": 59693, "listed_count": 11, "like_count": 58577, "media_count": 39}, "description": "GOD, COUNTRY/CONSTITUTION and FAMILY, TRUMP 47, ELON \ud83d\udc4d\ud83c\udffcgood vs. evil, I serve a risen Savior, Christ is King -love Gods creatures, WE ARE CHARLIE\u2764\ufe0f- \ud83d\udeabDM"}, {"username": "JMZA999144682", "id": "1946212142522449920", "name": "L\u54e5", "created_at": "2025-07-18T14:15:14.000Z", "public_metrics": {"followers_count": 26, "following_count": 321, "tweet_count": 160, "listed_count": 0, "like_count": 286, "media_count": 10}, "description": ""}, {"username": "KnowsGrows", "id": "889213226914807808", "name": "ThisAmerican", "created_at": "2017-07-23T19:58:48.000Z", "public_metrics": {"followers_count": 1390, "following_count": 1792, "tweet_count": 14949, "listed_count": 2, "like_count": 27689, "media_count": 202}, "description": "TruthSeeker. Humanist. Increase your knows. THINK it thru. Ask Why? All posts are for critical thinking entertainment only. RT\u2019s don\u2019t mean I agree."}, {"username": "sexxxyd206", "id": "4119144123", "name": "Sexxxyd", "created_at": "2015-11-05T12:13:05.000Z", "public_metrics": {"followers_count": 761, "following_count": 335, "tweet_count": 3614, "listed_count": 1, "like_count": 66305, "media_count": 18}, "description": "\u2694\ufe0f\ud83d\udcaf\ud83c\uddfa\ud83c\uddf8\ud83c\uddfa\ud83c\uddf8\ud83d\udcaf\u2694\ufe0f"}, {"username": "vikingwombat", "id": "211394540", "name": "Wanda", "created_at": "2010-11-03T03:40:49.000Z", "public_metrics": {"followers_count": 1460, "following_count": 692, "tweet_count": 80304, "listed_count": 11, "like_count": 129679, "media_count": 68}, "description": "International in my thinking. A believer in true Democracy and equal educational opportunities for all. Dislike nastiness. Love to travel. Always a Viking..."}, {"username": "effortisRude", "id": "1726508644425216000", "name": "effort rude", "created_at": "2023-11-20T07:52:07.000Z", "public_metrics": {"followers_count": 30, "following_count": 58, "tweet_count": 1432, "listed_count": 0, "like_count": 4139, "media_count": 23}, "description": "Effort can sometimes come off as rude to others, and I enjoy that rudeness"}, {"username": "danpcman", "id": "22808290", "name": "Dan Macgowan", "created_at": "2009-03-04T18:03:34.000Z", "public_metrics": {"followers_count": 3891, "following_count": 1497, "tweet_count": 78871, "listed_count": 23, "like_count": 185064, "media_count": 1495}, "description": "Bell ringer, dragon slayer, computer network engineer, and all around good guy. Oh! And I have great hideout for the zombie apocalypse."}, {"username": "fasbealgyl92891", "id": "1997206371327156224", "name": "fasbealgyl", "created_at": "2025-12-06T07:28:52.000Z", "public_metrics": {"followers_count": 2, "following_count": 46, "tweet_count": 30, "listed_count": 0, "like_count": 62, "media_count": 1}, "description": ""}, {"username": "KaRaSu0", "id": "91593823", "name": "KaRaSu0 \ud83c\uddef\ud83c\uddf5", "created_at": "2009-11-21T15:39:33.000Z", "public_metrics": {"followers_count": 1050, "following_count": 7498, "tweet_count": 851103, "listed_count": 15, "like_count": 1735272, "media_count": 5897}, "description": "2E/grapheme\u2192color synesthesia/Muninn/\n#\u65e5\u672cSF\u8aad\u8005\u30af\u30e9\u30d6 No.404\nTwitter\u767b\u9332\u65e5\u6642 2009\u5e7411\u670822\u65e5 00\u664239\u520633\u79d2"}, {"username": "AnsinkLang", "id": "1889078123553333248", "name": "\u013b\u00c5\u0147\u0120", "created_at": "2025-02-10T22:25:15.000Z", "public_metrics": {"followers_count": 240, "following_count": 292, "tweet_count": 8019, "listed_count": 0, "like_count": 9815, "media_count": 15}, "description": "\u01d1\u0147\u0118 Adventurous Old Soul. Having a good time everywhere I go. \u013b\u00cf F\u0116 7 Destiny 6 \u015e\u014c\u00db\u0141 \u00dc\u0158\u0120\u00cb 3 Personality 3 \ud83c\udfcd\ufe0f\ud83c\udfd5\ufe0f \ud83d\udeb5\ud83d\udef9\ud83d\udefc\u26f8\ufe0f\ud83c\udfb6\ud83d\udc99\ud83e\ude89\u2764\ufe0f\u200d\ud83d\udd25\u2763\ufe0f\ud83d\udc93\ud83d\udc97"}, {"username": "RosiesPlacemgmt", "id": "1658754667", "name": "Rosies Place", "created_at": "2013-08-09T22:27:44.000Z", "public_metrics": {"followers_count": 9, "following_count": 156, "tweet_count": 61, "listed_count": 0, "like_count": 201, "media_count": 0}, "description": "TEAM ELON MANAGEMENT OFFICAIL FANS GROUP"}, {"username": "sawyer6h", "id": "2165889344", "name": "sawyer merritt", "created_at": "2013-10-31T03:01:24.000Z", "public_metrics": {"followers_count": 2, "following_count": 7, "tweet_count": 14, "listed_count": 0, "like_count": 0, "media_count": 1}, "description": "EV/space/tech news. Bringing you the latest news in a single, easy-to-read feed. $TSLA investor & Model Y owner."}, {"username": "diyapatel2241", "id": "949202724524052480", "name": "Diya Patel", "created_at": "2018-01-05T08:55:39.000Z", "public_metrics": {"followers_count": 46, "following_count": 87, "tweet_count": 1533, "listed_count": 0, "like_count": 0, "media_count": 18}, "description": ""}, {"username": "satou_minto", "id": "984040972056018944", "name": "\u307f\u3093\u3068", "created_at": "2018-04-11T12:10:25.000Z", "public_metrics": {"followers_count": 563, "following_count": 3752, "tweet_count": 30905, "listed_count": 3, "like_count": 128748, "media_count": 31}, "description": ""}, {"username": "MinarokoShelly", "id": "1443069442879983618", "name": "Minato", "created_at": "2021-09-29T04:25:50.000Z", "public_metrics": {"followers_count": 13, "following_count": 207, "tweet_count": 7693, "listed_count": 0, "like_count": 16160, "media_count": 5}, "description": "I'm not a very famous artist, I mainly draw about Hetalia and a few other things and I also follow Hetamyu.~"}, {"username": "Kozen_Sato", "id": "96262414", "name": "\u4f50\u85e4\u9d3b\u5168\uff08SSRI \u4f50\u85e4\u6226\u7565\u7dcf\u7814\uff09", "created_at": "2009-12-12T03:02:14.000Z", "public_metrics": {"followers_count": 2923, "following_count": 0, "tweet_count": 343273, "listed_count": 86, "like_count": 0, "media_count": 6431}, "description": "I'm a political animal! My themes are Foreign affairs, Economics, Politics, History, Culture, and everything. I'm a manager in a company & a writer too.\u3000\u21d9\u30d6\u30ed\u30b0\u306f\u4e0b\u8a18"}, {"username": "lovecan0203", "id": "1330524333782003718", "name": "lovecandy\ud83e\udd0d\ud83e\ude75", "created_at": "2020-11-22T14:51:48.000Z", "public_metrics": {"followers_count": 715, "following_count": 647, "tweet_count": 76025, "listed_count": 6, "like_count": 111733, "media_count": 147}, "description": "NWO\u53cd\u5bfeTRUMP\u3001\uff31\u3001\u767d\ud83d\udc07\u60c5\u5831\u2728X\u306f\u307b\u307c\u898b\u308b\u5c02\u9580\u3002\u571f\u306e\u6642\u4ee3\u306f\u8f9b\u304f\u6563\u3005\ud83d\udca6\u6570\u79d8\u8853\u30ec\u30a2\u306a44\u2728\u5bb6\u65cf\u3068\u611b\u72ac\ud83d\udc36\u3068\u611b\u732b\ud83d\udc31\u304c\u5927\u597d\u304d\ud83c\udf40\u52d5\u7269\u3001\u5065\u5eb7\u60c5\u5831\u304c\u597d\u304d\ud83d\udd4a\u6c17\u306b\u306a\u3063\u305f\u65b9\u7121\u8a00\u30d5\u30a9\u30ed\u30fc\u3057\u3061\u3083\u3046\u6642\u3042\u308a\u307e\u3059\ud83d\ude4f\u2728\ud83c\uddef\ud83c\uddf5\u30d5\u30a9\u30ed\u30fc\u5927\u6b53\u8fce\u3067\u3059\u2728"}, {"username": "Iam___George", "id": "1748014433136214016", "name": "George", "created_at": "2024-01-18T16:08:25.000Z", "public_metrics": {"followers_count": 216, "following_count": 705, "tweet_count": 8293, "listed_count": 0, "like_count": 7661, "media_count": 364}, "description": "\ud83e\udd0d"}, {"username": "Awesome48847891", "id": "1784222943372845056", "name": "Awesome \ud83c\uddff\ud83c\udde6", "created_at": "2024-04-27T14:08:07.000Z", "public_metrics": {"followers_count": 11513, "following_count": 10858, "tweet_count": 171876, "listed_count": 2, "like_count": 165108, "media_count": 12215}, "description": "https://t.co/sdyKcTrEly; https://t.co/1eVpGmfPeF https://t.co/gL5IMZzObT"}, {"username": "shailu78", "id": "147224900", "name": "Shailendra Soni", "created_at": "2010-05-23T14:57:56.000Z", "public_metrics": {"followers_count": 164, "following_count": 527, "tweet_count": 15312, "listed_count": 2, "like_count": 25848, "media_count": 71}, "description": "Funloving, jovial, Liverpool FC in my blood..!!\nYNWA, Jai Hind..!!"}, {"username": "timthebabyman", "id": "1956566497427398656", "name": "Andrew Wallace", "created_at": "2025-08-16T04:00:03.000Z", "public_metrics": {"followers_count": 0, "following_count": 6, "tweet_count": 1, "listed_count": 0, "like_count": 1, "media_count": 0}, "description": "I'm not a god damn detective."}, {"username": "naseem_zah46000", "id": "1796553758354309120", "name": "Naseem Zahedi", "created_at": "2024-05-31T14:46:33.000Z", "public_metrics": {"followers_count": 101, "following_count": 244, "tweet_count": 943, "listed_count": 0, "like_count": 55575, "media_count": 30}, "description": "World"}, {"username": "PatRici41331221", "id": "980175142532808704", "name": "Pat", "created_at": "2018-03-31T20:08:59.000Z", "public_metrics": {"followers_count": 1757, "following_count": 541, "tweet_count": 87733, "listed_count": 0, "like_count": 85048, "media_count": 627}, "description": "#2A #DefundPP #NormalizeBreastfeeding\nHumanities History Gymnastics Aviation.  Individual Liberty.\nScientific Critical Analytical Thinker."}, {"username": "mara3_rachel", "id": "1761012477838417920", "name": "Rachel", "created_at": "2024-02-23T12:57:59.000Z", "public_metrics": {"followers_count": 387, "following_count": 958, "tweet_count": 659, "listed_count": 0, "like_count": 13, "media_count": 17}, "description": "Mentally and physically, you actually do have a \"second wind\", and if you keep working at something you will eventually reach it."}, {"username": "LorienMaren7", "id": "1869744046245019648", "name": "Maren Elizabeth Lorien", "created_at": "2024-12-19T14:00:58.000Z", "public_metrics": {"followers_count": 240, "following_count": 547, "tweet_count": 8371, "listed_count": 0, "like_count": 12330, "media_count": 1}, "description": "Happily married mom. Patriot. PLEASE DON'T DM ME. I follow you because I enjoy your posts. Am here to read and learn!!!"}, {"username": "angelillo_ok", "id": "797633785357484033", "name": "Angel", "created_at": "2016-11-13T02:54:48.000Z", "public_metrics": {"followers_count": 857, "following_count": 5413, "tweet_count": 29497, "listed_count": 4, "like_count": 71458, "media_count": 442}, "description": "\ud83e\udef0You & Us In The Challengers\ud83e\udef0"}, {"username": "X8289877229042", "id": "1996117328980049925", "name": "Elon-X\ud83c\udf84\ud83e\uddd1\u200d\ud83c\udf84", "created_at": "2025-12-03T07:20:40.000Z", "public_metrics": {"followers_count": 1, "following_count": 88, "tweet_count": 188, "listed_count": 0, "like_count": 82, "media_count": 0}, "description": "Fanns Account DON ELON! EARTH ELON"}, {"username": "GREEN_LVNTERN", "id": "1754766334561267712", "name": "Nick", "created_at": "2024-02-06T07:20:59.000Z", "public_metrics": {"followers_count": 381, "following_count": 342, "tweet_count": 2058, "listed_count": 0, "like_count": 1237, "media_count": 10}, "description": "Keep God 1st in your life, even when it feels like he isn't blessing it."}, {"username": "lynnwardmoore", "id": "1937368747452301312", "name": "Wardell", "created_at": "2025-06-24T04:37:17.000Z", "public_metrics": {"followers_count": 4359, "following_count": 136, "tweet_count": 15696, "listed_count": 0, "like_count": 11254, "media_count": 12}, "description": "Life is what we make of it. no reason to complain. look around Thank God for food, clothes, home. love one another as Christ loved us. Smile. \ud83c\udfb5"}, {"username": "StevenAsnes", "id": "1518707058958376963", "name": "Steve", "created_at": "2022-04-25T21:43:07.000Z", "public_metrics": {"followers_count": 412, "following_count": 491, "tweet_count": 1316, "listed_count": 0, "like_count": 2761, "media_count": 30}, "description": "40 years building America one house at a time.  \ud83d\udeab DM's plz"}, {"username": "H4bl3m0s", "id": "866663474411094017", "name": "Mr Hyde. Maxi, para los amigos.", "created_at": "2017-05-22T14:34:08.000Z", "public_metrics": {"followers_count": 1497, "following_count": 1678, "tweet_count": 72623, "listed_count": 3, "like_count": 125383, "media_count": 1376}, "description": "Vot\u00e9 y banco la f\u00f3rmula Milei-Villarruel. Los dos son complementos necesarios. \nNo vot\u00e9 (ni votar\u00e9) a la repostera tarotista, ni al andr\u00f3gino lamebotas."}, {"username": "viajealaverdad", "id": "1256929133797560320", "name": "Primero la verdad, por la sociedad civil.", "created_at": "2020-05-03T12:51:11.000Z", "public_metrics": {"followers_count": 1197, "following_count": 5420, "tweet_count": 82444, "listed_count": 4, "like_count": 63473, "media_count": 1431}, "description": "Contra la CENSURA POLITICA.\nBAN CENSORSHIP\nEspa\u00f1a, USA, Europa...NO somos CHINA !\nANTIGLOBALIZACION\nESTADO DE DERECHO &L I B E R T A D\nRULE OF LAW & FREEDOM"}, {"username": "charles94425320", "id": "1546953903194836993", "name": "charles bronson", "created_at": "2022-07-12T20:25:45.000Z", "public_metrics": {"followers_count": 516, "following_count": 188, "tweet_count": 14003, "listed_count": 1, "like_count": 70820, "media_count": 690}, "description": "\ud83c\uddfa\ud83c\uddf8\ud83e\udd85  Pronouns = He/Haw"}, {"username": "MAKEUSASEXIER", "id": "1857082698344349696", "name": "MAX IVEY", "created_at": "2024-11-14T15:26:51.000Z", "public_metrics": {"followers_count": 202, "following_count": 257, "tweet_count": 3166, "listed_count": 0, "like_count": 3858, "media_count": 266}, "description": "\ud83c\uddfa\ud83c\uddf8Friend Of All Creatures\ud83e\udd85\u2122\ufe0fGreat Guy\u2764\ufe0fNature Lover"}, {"username": "RavinderKapur2", "id": "1197564487034753024", "name": "Ravinder Kapur.", "created_at": "2019-11-21T17:17:10.000Z", "public_metrics": {"followers_count": 46851, "following_count": 5666, "tweet_count": 391528, "listed_count": 82, "like_count": 378512, "media_count": 36856}, "description": "Trader on the NSE\n Strong supporter of secular and democratic INC. Strongly influenced by  PM Indira Gandhi , Sonia Gandhi and my future PM Rahul Gandhi  \ud83c\uddee\ud83c\uddf3"}, {"username": "EdCarte36534745", "id": "832433314971664384", "name": "Ed Carter", "created_at": "2017-02-17T03:35:42.000Z", "public_metrics": {"followers_count": 2916, "following_count": 4134, "tweet_count": 55815, "listed_count": 1, "like_count": 98406, "media_count": 3953}, "description": "Constitutional Conservative, Christian, 2nd Amendment, MAGA, Pro Trump, Time to fight the Satanic forces of Globalism. Carter\u2019s American patriots since 1630\u2019s."}, {"username": "RealCathAarts", "id": "1683018740294643712", "name": "Cath \ud83e\uddf7\ud83c\udff4\u200d\u2620\ufe0f\ud83c\udfdb\ufe0f", "created_at": "2023-07-23T07:38:58.000Z", "public_metrics": {"followers_count": 1163, "following_count": 1210, "tweet_count": 21858, "listed_count": 0, "like_count": 56707, "media_count": 1826}, "description": "Permanent vrijgezel \nAnti-WEF\nAnti-ISLAM\nPro-Farmer \ud83d\udc69\u200d\ud83c\udf3e\ud83e\udd69\ud83c\udf57\ud83e\udd53\ud83c\udf3f\nExpert over mijn eigen mening!\nTrotse D66 hater."}, {"username": "jojoArizonan", "id": "3233020368", "name": "\ud835\udce2c\ud835\udcf1\ud835\udcee\ud835\udcf5\ud835\udcf5\ud835\udcf2\ud835\udcee \ud835\udcd9\ud835\udcf8 \ud83c\udf35\ud83c\udfdc\ufe0f\ud83d\udd31\ud83e\udeb6", "created_at": "2015-06-02T02:07:50.000Z", "public_metrics": {"followers_count": 769, "following_count": 1563, "tweet_count": 75803, "listed_count": 2, "like_count": 142697, "media_count": 748}, "description": ""}], "meta": {"result_count": 94, "next_token": "7140dibdnow9c7btw4b1yznqohg4h0qqzs6d9nybr8vg2"}}