{"data": [{"username": "Ralphtan", "description": "\u20bfitcoin Maxi\ud83e\udde1\u26a1\ufe0f \ud83c\udf93\ud83c\udf3e\ud83e\uddf8 \u65e9\u7a32\u7530\u5927\u5b66 \u5352,\u793e\u4f1a\u4eba\u9662\u751f\ud83c\uddfa\ud83c\uddf8, \ud835\udd69 Creator #SpacesHost, Instagram & TikTok\u516c\u8a8dCreator | \u5922\u54b2\u3081\u308d\u3042 @Aerolipop_Meroa\ud83e\ude77\u5fdc\u63f4, \u3081\u308d\u3042\u30de\u30cb\u30a2/ *\u9375\u57a2:\u30d5\u30a9\u30ed\u30fc\u5916\u308c(\u2235\u9023\u9396\u51cd\u7d50 \u4e88\u9632)", "id": "1041175359364816896", "public_metrics": {"followers_count": 569, "following_count": 6823, "tweet_count": 227489, "listed_count": 14, "like_count": 282976, "media_count": 3177}, "created_at": "2018-09-16T04:02:04.000Z", "name": "#\u3089\u308b\ud83e\udd81\u26a1\ufe0f\ud83c\udf97\ufe0f\u1bc5 / #\ud835\ude4d\ud835\ude56\ud835\ude61\ud835\ude65\ud835\ude5d\ud835\ude69\ud835\ude56\ud835\ude63\ud83e\udd81"}, {"username": "WCNegentropy", "description": "WCNegentropy\u2122: Regenerative agriculture, soil amendments, carbon sequestration, verifiable credits. Licensing models to monetize planetary repair.", "id": "1954968545344819200", "public_metrics": {"followers_count": 321, "following_count": 3334, "tweet_count": 993, "listed_count": 0, "like_count": 829, "media_count": 116}, "created_at": "2025-08-11T18:10:25.000Z", "name": "WCNegentropy"}], "meta": {"result_count": 2, "next_token": "7140dibdnow9c7btw4b1kd5y14wevg122f512cq4mpjcp"}}