{"data": [{"public_metrics": {"followers_count": 524, "following_count": 621, "tweet_count": 64123, "listed_count": 1, "like_count": 157530, "media_count": 3604}, "description": "Altura", "username": "Al85297118Jorge", "created_at": "2022-02-16T17:35:28.000Z", "id": "1494002419453378565", "name": "Jorge Almeida"}, {"public_metrics": {"followers_count": 677, "following_count": 871, "tweet_count": 47902, "listed_count": 0, "like_count": 129618, "media_count": 25}, "description": "Project Manager,Events organizer,Political Strategist,Business Man", "username": "bruceogal", "created_at": "2019-06-16T10:11:05.000Z", "id": "1140200112389574656", "name": "Patriot."}, {"public_metrics": {"followers_count": 2610, "following_count": 1991, "tweet_count": 67016, "listed_count": 1, "like_count": 28338, "media_count": 317}, "description": "Conservative by choice. NO DMs please.", "username": "KeeperKritter", "created_at": "2023-08-23T22:20:36.000Z", "id": "1694473950154428416", "name": "KritterKeeper"}, {"public_metrics": {"followers_count": 762, "following_count": 1133, "tweet_count": 32053, "listed_count": 1, "like_count": 24228, "media_count": 141}, "description": "Everyone gets on my nerves!!!", "username": "Cherylkiwisquaw", "created_at": "2024-05-28T18:41:38.000Z", "id": "1795525804333355008", "name": "Cheryl"}, {"public_metrics": {"followers_count": 4357, "following_count": 7041, "tweet_count": 177901, "listed_count": 1, "like_count": 371474, "media_count": 5891}, "description": "Former Journalist.\nI always stand for the underdog! Got a dry sense of Humor.\nWriter, Poet, Animal & Nature Lover! Every Step I take in light is mine forever \ud83e\ude94", "username": "SweetBandit108", "created_at": "2022-02-28T13:53:44.000Z", "id": "1498295290633277443", "name": "TimelessTigress"}, {"public_metrics": {"followers_count": 1236, "following_count": 677, "tweet_count": 45475, "listed_count": 0, "like_count": 60248, "media_count": 0}, "description": "", "username": "thomason_k80877", "created_at": "2025-05-16T00:18:07.000Z", "id": "1923170784723255296", "name": "Kelly Thomason"}, {"public_metrics": {"followers_count": 943, "following_count": 564, "tweet_count": 65319, "listed_count": 1, "like_count": 39046, "media_count": 13148}, "description": "If you have to look for pronouns, I don't think we'll get along. Catholic, NRA & GOA, Cold War Sub Vet. Teacher and future programmer.", "username": "Billoncho777", "created_at": "2022-01-05T23:04:22.000Z", "id": "1478864883710296066", "name": "Billy Ridgeway"}, {"public_metrics": {"followers_count": 1162, "following_count": 850, "tweet_count": 40589, "listed_count": 1, "like_count": 25031, "media_count": 5904}, "description": "PATRIOT \ud83c\udde7\ud83c\uddf7Brazilian and \ud83c\uddfa\ud83c\uddf8 American citizen, Visionary, altruistic, ecological miner, professor, GIA graduate gemologist since 1986.", "username": "CaioMaia0001", "created_at": "2022-10-23T04:19:35.000Z", "id": "1584036685729464320", "name": "Caio Maia\ud83c\udde7\ud83c\uddf7\ud83c\uddfa\ud83c\uddf8"}, {"public_metrics": {"followers_count": 899, "following_count": 1540, "tweet_count": 134448, "listed_count": 0, "like_count": 133341, "media_count": 7}, "description": "", "username": "art_mouthnerve", "created_at": "2017-06-24T01:48:22.000Z", "id": "878429562392031232", "name": "Art Garner"}, {"public_metrics": {"followers_count": 281, "following_count": 228, "tweet_count": 77398, "listed_count": 5, "like_count": 45647, "media_count": 3}, "description": "", "username": "DgDonnagf611", "created_at": "2015-09-22T22:53:33.000Z", "id": "3743396596", "name": "DgF"}, {"public_metrics": {"followers_count": 3976, "following_count": 6205, "tweet_count": 86643, "listed_count": 5, "like_count": 93355, "media_count": 3787}, "description": "#Cherokee #\u13a0\u13c2\u13e5\u13cd\u13c6 \ud83e\udd85\ud83e\udd85\ud83e\udd85\u271d\ufe0f\u271d\ufe0f\u271d\ufe0f the name of Jesus every knee should bow, of things in heaven, and things in earth, and things under the earth          \ud83d\udeabNO DMS \ud83d\udeab", "username": "cherokeegirl707", "created_at": "2022-01-12T03:55:23.000Z", "id": "1481112506613571589", "name": "\u13aa\u13a6"}, {"public_metrics": {"followers_count": 7410, "following_count": 7633, "tweet_count": 22019, "listed_count": 2, "like_count": 24133, "media_count": 126}, "description": "Lover of Jesus \u271d\ufe0fPatriot \ud83c\uddfa\ud83c\uddf8Bass Player \ud83c\udfb8Guitar Builder\ud83c\udfb8IFBAP", "username": "GlennerdSkynyrd", "created_at": "2022-11-24T01:23:23.000Z", "id": "1595588758786670592", "name": "Glennerd Skynyrd \ud83c\uddfa\ud83c\uddf8 \u271d\ufe0f \ud83c\udfb8\ud83c\uddfa\ud83c\uddf8"}, {"public_metrics": {"followers_count": 998, "following_count": 149, "tweet_count": 49830, "listed_count": 0, "like_count": 49455, "media_count": 707}, "description": "Christian Wife,Mother,Grandma", "username": "ThorneColl51930", "created_at": "2024-09-12T12:40:14.000Z", "id": "1834210305477390336", "name": "Colleen Thorne"}, {"public_metrics": {"followers_count": 141, "following_count": 3540, "tweet_count": 2038, "listed_count": 0, "like_count": 19002, "media_count": 5}, "description": "", "username": "LizHanc17176062", "created_at": "2023-01-29T21:35:21.000Z", "id": "1619811340054413312", "name": "Liz Hancock"}, {"public_metrics": {"followers_count": 2628, "following_count": 3179, "tweet_count": 113918, "listed_count": 2, "like_count": 520958, "media_count": 7}, "description": "", "username": "BudOG165", "created_at": "2022-12-06T01:38:54.000Z", "id": "1599941366338895872", "name": "Chris"}, {"public_metrics": {"followers_count": 1954, "following_count": 427, "tweet_count": 219685, "listed_count": 3, "like_count": 443571, "media_count": 7}, "description": "", "username": "mwnine", "created_at": "2010-11-21T15:23:14.000Z", "id": "218150174", "name": "Emberday"}, {"public_metrics": {"followers_count": 1935, "following_count": 229, "tweet_count": 52280, "listed_count": 0, "like_count": 47029, "media_count": 5}, "description": "American Patriot \ud83c\uddfa\ud83c\uddf8", "username": "WDWEZ", "created_at": "2022-05-01T23:20:02.000Z", "id": "1520905732819984385", "name": "BW"}, {"public_metrics": {"followers_count": 1936, "following_count": 4519, "tweet_count": 86440, "listed_count": 10, "like_count": 170715, "media_count": 339}, "description": "Pronoun: Handsome ASF. Army Aviation. America and American\u2019s first.", "username": "DarrenGiles15", "created_at": "2017-03-07T22:47:32.000Z", "id": "839246163761065986", "name": "US was built by settlers from Europe."}, {"public_metrics": {"followers_count": 477, "following_count": 59, "tweet_count": 2713, "listed_count": 0, "like_count": 571, "media_count": 3}, "description": "I love peace and art.\nI want to share good times with friends", "username": "emma_lara6h", "created_at": "2018-11-12T16:30:23.000Z", "id": "1062019785695858688", "name": "Emma_lara"}, {"public_metrics": {"followers_count": 756, "following_count": 3866, "tweet_count": 2163, "listed_count": 14, "like_count": 1635, "media_count": 102}, "description": "Wife / Mother / Jesus Girl / Servant Leader / Conversational  Writer / Animal Lover / Flower Gardener", "username": "Laurie_Fritsch", "created_at": "2013-09-16T10:10:27.000Z", "id": "1870975776", "name": "Laurie Fritsch"}, {"public_metrics": {"followers_count": 109, "following_count": 155, "tweet_count": 3006, "listed_count": 0, "like_count": 306, "media_count": 12}, "description": "", "username": "fpbald", "created_at": "2010-08-21T03:12:57.000Z", "id": "181035006", "name": "Frannie Baldwin"}, {"public_metrics": {"followers_count": 3664, "following_count": 7455, "tweet_count": 23251, "listed_count": 0, "like_count": 29752, "media_count": 1}, "description": "Married to a fabulous woman.  USMC.  Retired CPA etc....\nHell bent on saving our beloved country. Need More G@D  people as well. Happy Jew. MAGA!", "username": "calen1952", "created_at": "2023-08-28T20:55:56.000Z", "id": "1696264689049559040", "name": "Calen Lybarger"}, {"public_metrics": {"followers_count": 339, "following_count": 3794, "tweet_count": 867, "listed_count": 0, "like_count": 3, "media_count": 1}, "description": "", "username": "Reggie452024", "created_at": "2023-08-26T13:57:03.000Z", "id": "1695435137352421376", "name": "Reggie"}, {"public_metrics": {"followers_count": 2805, "following_count": 331, "tweet_count": 126052, "listed_count": 1, "like_count": 171387, "media_count": 17}, "description": "", "username": "LambertBarb", "created_at": "2012-03-20T23:49:27.000Z", "id": "531838803", "name": "@lambertbabs"}, {"public_metrics": {"followers_count": 773, "following_count": 565, "tweet_count": 26109, "listed_count": 0, "like_count": 120370, "media_count": 0}, "description": "Texas Nole", "username": "SharonTxFl", "created_at": "2022-02-02T05:44:27.000Z", "id": "1488750044694077441", "name": "Sharon"}, {"public_metrics": {"followers_count": 494, "following_count": 508, "tweet_count": 6896, "listed_count": 0, "like_count": 3366, "media_count": 11}, "description": "A woman who wants to experience life in color | A journey in pursuit of beauty and style \ud83c\udf39\ud83d\udcab  \ud83d\udcab", "username": "z0rinkaaa", "created_at": "2011-02-13T15:55:05.000Z", "id": "251656440", "name": "Evangeline Grace"}, {"public_metrics": {"followers_count": 4391, "following_count": 5447, "tweet_count": 48116, "listed_count": 11, "like_count": 17026, "media_count": 7160}, "description": "#GodblessAmerica NO DM\u2019S \u274c\u274cBLOCK \ud83d\udeab\ud83d\udcaf No matter where you go, you will always be there,& if you never leave you will always stay. JMB: 1962 Ohio\ud83c\uddfa\ud83c\uddf8", "username": "JMHaircut", "created_at": "2009-01-25T04:35:33.000Z", "id": "19477874", "name": "StasheMc'Stashe"}, {"public_metrics": {"followers_count": 1840, "following_count": 571, "tweet_count": 61609, "listed_count": 3, "like_count": 78673, "media_count": 1722}, "description": "God, Family, Country!", "username": "CMJZ64", "created_at": "2012-01-22T03:59:37.000Z", "id": "470764951", "name": "Chris Johnston"}, {"public_metrics": {"followers_count": 4916, "following_count": 6296, "tweet_count": 40273, "listed_count": 2, "like_count": 94399, "media_count": 691}, "description": "\ud83c\uddfa\ud83c\uddf8 #1A \ud83c\uddfa\ud83c\uddf8 #2A \ud83c\uddfa\ud83c\uddf8 #MAGA \ud83c\uddfa\ud83c\uddf8 #TRUMP \ud83c\uddfa\ud83c\uddf8 #MAHA \ud83c\uddfa\ud83c\uddf8 #UNvaXXed #SaveTheRepublic \u270c\ufe0f#EndALLWar #Gold & #Silver \ud83c\uddfa\ud83c\uddf8 Freedom Over Tyranny   \ud83d\udeabNO DM's \ud83c\uddfa\ud83c\uddf8", "username": "70_MAGA_Patriot", "created_at": "2022-12-06T18:00:42.000Z", "id": "1600188468637859850", "name": "\ud83c\uddfa\ud83c\uddf8 \ud83c\uddfa\ud83c\uddf8 American Highlander \ud83c\udff4\udb40\udc67\udb40\udc62\udb40\udc73\udb40\udc63\udb40\udc74\udb40\udc7f"}, {"public_metrics": {"followers_count": 474, "following_count": 368, "tweet_count": 1745, "listed_count": 1, "like_count": 6869, "media_count": 10}, "description": "", "username": "SandyMu36827476", "created_at": "2022-01-09T02:39:00.000Z", "id": "1480006068537372673", "name": "Sandy Mueller"}, {"public_metrics": {"followers_count": 1614, "following_count": 116, "tweet_count": 110867, "listed_count": 0, "like_count": 103583, "media_count": 2}, "description": "", "username": "anitalanderos3", "created_at": "2020-12-17T02:03:02.000Z", "id": "1339390475762094081", "name": "anitalanderos"}, {"public_metrics": {"followers_count": 4301, "following_count": 705, "tweet_count": 73796, "listed_count": 0, "like_count": 124096, "media_count": 0}, "description": "Entrepreneur", "username": "Alpharjth", "created_at": "2012-11-17T18:44:31.000Z", "id": "954114560", "name": "Richard Hogan"}, {"public_metrics": {"followers_count": 1522, "following_count": 1959, "tweet_count": 59794, "listed_count": 0, "like_count": 104549, "media_count": 2171}, "description": "Block resistance. Loved our POTUS. Biden is dimwitted & corrupt! Occasionally curse on tweets, not a Bot! No DM's.", "username": "Debeez55", "created_at": "2013-08-30T23:52:32.000Z", "id": "1714004610", "name": "Debeez\ud83c\uddfa\ud83c\uddf8\ud83c\uddfa\ud83c\uddf8\ud83d\ude4f\ud83e\udd85\ud83d\udd4a\ud83c\udf4a\ud83c\udf4a"}, {"public_metrics": {"followers_count": 2850, "following_count": 7499, "tweet_count": 288774, "listed_count": 2, "like_count": 485722, "media_count": 12451}, "description": "\ud83d\udc72", "username": "HoraceOflaherty", "created_at": "2009-04-19T18:58:11.000Z", "id": "33279817", "name": "Hoggo"}, {"public_metrics": {"followers_count": 1128, "following_count": 115, "tweet_count": 96943, "listed_count": 0, "like_count": 364187, "media_count": 944}, "description": "Gadfly who attempts to argue logically; not emotionally; but, with a dash of humour.", "username": "ConnieMcLou", "created_at": "2017-03-19T03:39:58.000Z", "id": "843306020634025984", "name": "Connie McLou \ud83c\udf40\ud83c\uddfa\ud83c\uddf8\u2618\ufe0f"}, {"public_metrics": {"followers_count": 18305, "following_count": 15262, "tweet_count": 36249, "listed_count": 14, "like_count": 59315, "media_count": 1271}, "description": "Dios, Patria y Familia.", "username": "mexa_freedom", "created_at": "2010-11-02T01:24:15.000Z", "id": "211006923", "name": "mexa.freedom"}, {"public_metrics": {"followers_count": 767, "following_count": 156, "tweet_count": 72704, "listed_count": 2, "like_count": 62403, "media_count": 283}, "description": "Retired and loving it.", "username": "col78086", "created_at": "2023-09-04T17:44:08.000Z", "id": "1698753697226870784", "name": "Yvette B Colon"}, {"public_metrics": {"followers_count": 76, "following_count": 88, "tweet_count": 1707, "listed_count": 0, "like_count": 1551, "media_count": 1}, "description": "", "username": "ChuckSaxton7779", "created_at": "2025-10-12T22:53:33.000Z", "id": "1977507522123796480", "name": "Chuck Saxton"}, {"public_metrics": {"followers_count": 1004, "following_count": 2991, "tweet_count": 18730, "listed_count": 0, "like_count": 3764, "media_count": 163}, "description": "Army veteran. Former INS Criminal Investigator. Practicing Roman Catholic and Proud member of the NSDAR. Disabled housewife. Mom of dachshunds.  Shield Matron.", "username": "AgnesBullock62", "created_at": "2025-10-03T16:24:57.000Z", "id": "1974148457196584964", "name": "Agnes Bullock"}, {"public_metrics": {"followers_count": 850, "following_count": 388, "tweet_count": 20232, "listed_count": 0, "like_count": 31685, "media_count": 8}, "description": "", "username": "Anibritt7", "created_at": "2024-08-20T09:20:19.000Z", "id": "1825825075901222912", "name": "Ana Carvalho"}, {"public_metrics": {"followers_count": 58, "following_count": 193, "tweet_count": 6754, "listed_count": 0, "like_count": 78, "media_count": 965}, "description": "", "username": "OK_AC", "created_at": "2012-09-20T22:46:20.000Z", "id": "836499834", "name": "Abe Cure"}, {"public_metrics": {"followers_count": 1120, "following_count": 1105, "tweet_count": 27016, "listed_count": 0, "like_count": 76698, "media_count": 368}, "description": "Our world is a carefully manufactured lie. The more people fight the truth, the more painful it will be in the end.", "username": "drip_drip_flood", "created_at": "2022-12-10T17:06:21.000Z", "id": "1601624321675300868", "name": "DripDripFlood"}, {"public_metrics": {"followers_count": 3606, "following_count": 2199, "tweet_count": 292101, "listed_count": 12, "like_count": 281775, "media_count": 65429}, "description": "serf's up\ud83c\udf0astop believing your television \ud83d\udcfa \ud83d\udd28 \n\ud83c\udff4\u200d\u2620\ufe0f#anarcho#patriot \u2764your country\ud83e\udd85not its government\ud83e\udd96pro-homo, anti-alphabet\ud83d\ude0ealways polite\ud83d\udeaeoften nice\ud83d\udc2c", "username": "TamaraInphilly", "created_at": "2017-01-26T05:03:18.000Z", "id": "824482823759396866", "name": "Ultra Dark Tamara \ud83d\ude0d\ud83c\uddfa\ud83c\uddf2\ud83e\uddf2\ud83e\uddec\ud83d\udd25\ud83e\udd41\ud83c\udfcb\ufe0f\u200d\u2642\ufe0f"}, {"public_metrics": {"followers_count": 425, "following_count": 591, "tweet_count": 11412, "listed_count": 0, "like_count": 13561, "media_count": 106}, "description": "Business man engineer", "username": "tuffgong_kenya", "created_at": "2014-05-30T03:00:53.000Z", "id": "2571561527", "name": "Thomas"}, {"public_metrics": {"followers_count": 1614, "following_count": 2539, "tweet_count": 97962, "listed_count": 2, "like_count": 69049, "media_count": 33}, "description": "", "username": "MAAult", "created_at": "2009-02-19T23:04:45.000Z", "id": "21350195", "name": "Mary Ann Ault"}, {"public_metrics": {"followers_count": 372, "following_count": 428, "tweet_count": 17481, "listed_count": 1, "like_count": 20213, "media_count": 0}, "description": "", "username": "MeganeJun32965", "created_at": "2023-07-01T08:34:59.000Z", "id": "1675060189194772480", "name": "\u30e1\u30ac\u30cd\u541b"}, {"public_metrics": {"followers_count": 372, "following_count": 151, "tweet_count": 13152, "listed_count": 0, "like_count": 12764, "media_count": 21}, "description": "", "username": "carly4USA", "created_at": "2023-08-23T21:45:23.000Z", "id": "1694465328917413888", "name": "carly"}, {"public_metrics": {"followers_count": 250, "following_count": 847, "tweet_count": 7421, "listed_count": 0, "like_count": 27342, "media_count": 35}, "description": "", "username": "doc_wello10782", "created_at": "2023-10-01T23:44:14.000Z", "id": "1708628514511970304", "name": "DocWello"}, {"public_metrics": {"followers_count": 263, "following_count": 37, "tweet_count": 8801, "listed_count": 0, "like_count": 64573, "media_count": 73}, "description": "", "username": "tyler_thor68088", "created_at": "2024-06-08T23:13:57.000Z", "id": "1799580517966524416", "name": "Tyler Thornton"}, {"public_metrics": {"followers_count": 0, "following_count": 5, "tweet_count": 16, "listed_count": 0, "like_count": 0, "media_count": 0}, "description": "09:00-17:09 \u0e19.", "username": "Sudaqe2g", "created_at": "2025-11-10T03:43:08.000Z", "id": "1987727445018189824", "name": "\u0e23\u0e31\u0e1a\u0e07\u0e32\u0e19\u0e2a\u0e34\u0e07\u0e2b\u0e4c\u0e1a\u0e38\u0e23\u0e35\u2764\ufe0f"}, {"public_metrics": {"followers_count": 245, "following_count": 374, "tweet_count": 16661, "listed_count": 1, "like_count": 7836, "media_count": 991}, "description": "WE ARE NOT DIVIDED. IT'S A FARCE.We are all stories. Practice what you are preaching.Belief is often the death of reason\n\ud83d\udd4a\ud83c\uddfa\ud83c\uddf8\ud83e\udd85\ud83d\udd15 PLEASE WATCH THE VIDEO", "username": "tweet_b_r_o", "created_at": "2011-10-27T00:55:18.000Z", "id": "399116363", "name": "United States of Bribes"}, {"public_metrics": {"followers_count": 856, "following_count": 4902, "tweet_count": 634353, "listed_count": 4, "like_count": 553225, "media_count": 1678}, "description": "\u8868\u73fe\u306e\u81ea\u7531\u6b7b\u5b88\u3002\u53cd\u30d5\u30a7\u30df\u30cb\u30ba\u30e0\u3001\u53cd\u5171\u7523\u4e3b\u7fa9\u3001\u53f0\u7063\u7368\u7acb\u842c\u6b72\u3001\u6211\u652f\u6301\u53f0\u7063\u7368\u7acb\u3001\u6210\u4eba\u6e08\u3002\u30dc\u30ad\u30e3\u8ca7\u3002KK(\u8910\u8272\u5a18\u00b7\u7b4b\u8089\u5a18)\u540c\u597d\u4f1a\u30e1\u30f3\u30d0\u30fc\u52df\u96c6\u4e2d\u3002\u7d75\u5e2b\u3068MMDer\u3068\u7e4b\u304c\u308a\u305f\u3044\u3002(\u76f4\u7403)\u3000\u30a8\u30ed\u3068\u30b5\u30d0\u30b2\u30fc\u3068\u30b5\u30d6\u30ab\u30eb\u3068\u30df\u30ea\u30bf\u30ea\u30fc\u7b49\u304c\u597d\u304d\u306a\u6b32\u671b\u306e\u6a29\u5316\u3002\u57fa\u672cwelcome\u306a\u306e\u3067\u6c17\u8efd\u306b\u30d5\u30a9\u30ed\u30fc\u304a\u5f85\u3061\u3057\u3066\u307e\u3059\uff01(\u30a8\u30ed\u57a2\u3001\u30b9\u30d1\u30e0\u57a2\u306f\u9664\u304f)", "username": "404ARplatoon", "created_at": "2018-07-27T10:47:55.000Z", "id": "1022795713904668672", "name": "\u30b9\u30ca\u30a4\u30d1\u30fc\u828b\u866b(\u65e7Yellow Cake \u2622\ufe0f)"}, {"public_metrics": {"followers_count": 1933, "following_count": 1009, "tweet_count": 373432, "listed_count": 10, "like_count": 593073, "media_count": 4320}, "description": "Bygger b\u00f6rsrobotar (day/swing) f\u00f6r #OMXS30, #DOW, #DJIA, #DAX, #AKTIER, \u00e4ven manuell  #DAYTRADING. Anv\u00e4nder Nordnet #AUTOTRADER #NAT #AUTOSTOCK. #B\u00d6RSROBOT", "username": "Swedtraders", "created_at": "2012-08-31T13:58:41.000Z", "id": "793922364", "name": "Swedtraders"}, {"public_metrics": {"followers_count": 51, "following_count": 173, "tweet_count": 892, "listed_count": 0, "like_count": 118, "media_count": 19}, "description": "Podcast Host, Gamer, Salesman, Entertainer, lover of History. Figured I\u2019d start using x", "username": "Z_Nix_", "created_at": "2020-10-25T00:12:08.000Z", "id": "1320156093457272833", "name": "Ryan"}, {"public_metrics": {"followers_count": 849, "following_count": 59, "tweet_count": 269267, "listed_count": 0, "like_count": 5175, "media_count": 318}, "description": "", "username": "sridharkrishn1", "created_at": "2016-03-20T02:59:13.000Z", "id": "711386585502261248", "name": "Sridhari Madhav das"}, {"public_metrics": {"followers_count": 1184, "following_count": 210, "tweet_count": 110775, "listed_count": 1, "like_count": 179971, "media_count": 6}, "description": "", "username": "myers922890", "created_at": "2023-07-15T16:38:33.000Z", "id": "1680255419623636994", "name": "CJMyers"}, {"public_metrics": {"followers_count": 2059, "following_count": 342, "tweet_count": 298662, "listed_count": 1, "like_count": 327339, "media_count": 0}, "description": "", "username": "MaureenMcClusk5", "created_at": "2017-06-20T20:41:07.000Z", "id": "877265073399529473", "name": "TJenny fae Wings"}, {"public_metrics": {"followers_count": 558, "following_count": 282, "tweet_count": 44062, "listed_count": 4, "like_count": 181310, "media_count": 105}, "description": "Outer Banks Surf Shop.", "username": "obssurf", "created_at": "2012-05-25T02:32:47.000Z", "id": "589619812", "name": "outerbankssurfshop"}, {"public_metrics": {"followers_count": 1493, "following_count": 1119, "tweet_count": 97825, "listed_count": 1, "like_count": 96239, "media_count": 2143}, "description": "UNLV BS Public Admin.,M.Ed, USC MSW, Clinical Military, Medical Clinical SW, \ud83c\udfe5Co-Founder of Remy Premier Health & Wellness \u267b\ufe0fAllInClarkCounty \ud83c\udf0fWBENC Certified", "username": "SevenDivinity", "created_at": "2018-06-24T22:21:25.000Z", "id": "1011011440025600000", "name": "Divinity Seven\ud83d\udcda\ud83c\udfe5\ud83c\udf0f\ud83e\udea7"}, {"public_metrics": {"followers_count": 806, "following_count": 360, "tweet_count": 40649, "listed_count": 0, "like_count": 39241, "media_count": 3}, "description": "", "username": "thebeachiscalin", "created_at": "2022-04-10T01:47:53.000Z", "id": "1512969279578198023", "name": "VS"}, {"public_metrics": {"followers_count": 3415, "following_count": 7407, "tweet_count": 96675, "listed_count": 2, "like_count": 169819, "media_count": 413}, "description": "CHRISTIAN, ULTRA MAGA, PATRIOT, CONSERVATIVE, 2A, FJB, TRUMP WON, TRUMP2016, TRUMP2020, TRUMP2024, ELON MUSK, YELLOWSTONE, DALLAS COWBOYS", "username": "usa_hipster", "created_at": "2022-04-27T03:21:47.000Z", "id": "1519154752285818881", "name": "USAHipster \u2b50\ufe0f\u2b50\ufe0f\u2b50\ufe0f"}, {"public_metrics": {"followers_count": 1311, "following_count": 291, "tweet_count": 56100, "listed_count": 1, "like_count": 45641, "media_count": 4}, "description": "Lover of God, family and country. Retired soldier, recovering middle school history teacher, IT professional, small business owner, husband of 1, father of 4.", "username": "giley_mcconnell", "created_at": "2022-04-26T04:21:31.000Z", "id": "1518807344838184960", "name": "Giley Mcconnell"}, {"public_metrics": {"followers_count": 4504, "following_count": 6227, "tweet_count": 120744, "listed_count": 23, "like_count": 462245, "media_count": 1588}, "description": "Proud Christian American, Wife, Mother & Attorney\ud83d\ude4f\ud83c\udffc\ud83c\uddfa\ud83c\uddf8 MAGA - MAHA - DOGE - NO DM\u2019s", "username": "ShiversMunoz", "created_at": "2022-11-01T02:38:00.000Z", "id": "1587272619056930817", "name": "Rachel Munoz-Shivers"}, {"public_metrics": {"followers_count": 2748, "following_count": 2565, "tweet_count": 70724, "listed_count": 1, "like_count": 52165, "media_count": 2353}, "description": "", "username": "Phillipflip7", "created_at": "2022-12-01T23:51:06.000Z", "id": "1598464658100428813", "name": "Phillip"}, {"public_metrics": {"followers_count": 435, "following_count": 1929, "tweet_count": 56117, "listed_count": 2, "like_count": 213199, "media_count": 201}, "description": "", "username": "ApautaCf", "created_at": "2014-01-26T16:10:26.000Z", "id": "2312094211", "name": "Arturo Pauta"}, {"public_metrics": {"followers_count": 948, "following_count": 1706, "tweet_count": 48795, "listed_count": 3, "like_count": 130051, "media_count": 345}, "description": "Rambling man", "username": "Mav3kids", "created_at": "2017-01-15T11:51:00.000Z", "id": "820599159048679424", "name": "Mavrick5"}, {"public_metrics": {"followers_count": 3576, "following_count": 2998, "tweet_count": 143299, "listed_count": 2, "like_count": 217124, "media_count": 5243}, "description": "", "username": "MeInTheMitten", "created_at": "2017-01-21T18:58:33.000Z", "id": "822881082529947648", "name": "Mitten"}, {"public_metrics": {"followers_count": 22, "following_count": 247, "tweet_count": 194, "listed_count": 0, "like_count": 196, "media_count": 3}, "description": "", "username": "cherokee0706", "created_at": "2025-10-20T10:53:58.000Z", "id": "1980225459213254656", "name": "Bec"}, {"public_metrics": {"followers_count": 16924, "following_count": 16293, "tweet_count": 98771, "listed_count": 1, "like_count": 286, "media_count": 5}, "description": "#AmericaFirst #MAGA #KAG", "username": "bobdubbia", "created_at": "2014-11-02T03:13:57.000Z", "id": "2886892854", "name": "Bob Webb"}, {"public_metrics": {"followers_count": 654, "following_count": 595, "tweet_count": 146503, "listed_count": 1, "like_count": 111418, "media_count": 2}, "description": "", "username": "fukuyoko05", "created_at": "2021-11-29T09:50:22.000Z", "id": "1465256688483966976", "name": "\u305f\u3056\u308f\u3055\u3088"}, {"public_metrics": {"followers_count": 1364, "following_count": 370, "tweet_count": 25950, "listed_count": 0, "like_count": 43562, "media_count": 28}, "description": "Conservative Christian wife, mother, and nurse.", "username": "GooberParris", "created_at": "2024-10-07T18:40:04.000Z", "id": "1843360502610833408", "name": "Ann Parris"}, {"public_metrics": {"followers_count": 2876, "following_count": 7485, "tweet_count": 19774, "listed_count": 0, "like_count": 20210, "media_count": 2}, "description": "", "username": "Viribus21", "created_at": "2021-08-03T20:31:18.000Z", "id": "1422656207735517184", "name": "Patriot Dad"}, {"public_metrics": {"followers_count": 30518, "following_count": 30433, "tweet_count": 181340, "listed_count": 8, "like_count": 14548, "media_count": 1290}, "description": "NO DMS PLEASE \ud83c\uddfa\ud83c\uddf8GOD BLESS THE USA\ud83c\uddfa\ud83c\uddf8", "username": "coco14391", "created_at": "2019-07-05T21:07:11.000Z", "id": "1147250593578278912", "name": "coco1439"}, {"public_metrics": {"followers_count": 1862, "following_count": 749, "tweet_count": 33275, "listed_count": 0, "like_count": 36556, "media_count": 13}, "description": "\ud83c\udfd6\ufe0fCalifornia | \ud83c\udfd5Nature | \ud83d\udefbOff-roading | \ud83d\udcf8Fujifilm | \ud83c\udfdePhoto | \u26be\ufe0fGiants | \ud83c\uddfa\ud83c\uddf8Trump | \u271d\ufe0fCatholic", "username": "howdy_brian", "created_at": "2022-11-05T05:25:29.000Z", "id": "1588764307562516480", "name": "Brian"}, {"public_metrics": {"followers_count": 604, "following_count": 81, "tweet_count": 72568, "listed_count": 1, "like_count": 122729, "media_count": 24}, "description": "", "username": "TuathaD3Danan", "created_at": "2023-03-16T22:32:47.000Z", "id": "1636495632918519809", "name": "KYTREEFARMER"}, {"public_metrics": {"followers_count": 600, "following_count": 557, "tweet_count": 138393, "listed_count": 0, "like_count": 227518, "media_count": 2}, "description": "Truth seeker. Catholic. I block and report all spam, impersonation, crypto folks, alleged lottery winners, and salacious followers. \ud83c\uddfa\ud83c\uddf8", "username": "BB19775", "created_at": "2022-10-29T15:31:23.000Z", "id": "1586379978110898178", "name": "BB1977"}, {"public_metrics": {"followers_count": 1770, "following_count": 759, "tweet_count": 68123, "listed_count": 0, "like_count": 98570, "media_count": 635}, "description": "", "username": "neekyb1", "created_at": "2022-10-28T15:45:44.000Z", "id": "1586021318327095297", "name": "Neekyb \ud83c\uddfa\ud83c\uddf8"}, {"public_metrics": {"followers_count": 4932, "following_count": 4864, "tweet_count": 423784, "listed_count": 9, "like_count": 197229, "media_count": 171}, "description": "Rangers, family, bull terriers, - not always in that order! \ud83c\udff4\udb40\udc67\udb40\udc62\udb40\udc73\udb40\udc63\udb40\udc74\udb40\udc7f\ud83c\uddec\ud83c\udde7\ud83c\uddfa\ud83c\uddf8\ud83c\uddff\ud83c\udde6", "username": "DavieFae", "created_at": "2013-06-22T14:13:04.000Z", "id": "1538785182", "name": "Davie fae Durban"}, {"public_metrics": {"followers_count": 436, "following_count": 400, "tweet_count": 89166, "listed_count": 0, "like_count": 135224, "media_count": 10}, "description": "\ud83c\uddfb\ud83c\uddea\ud83c\uddee\ud83c\uddf1 \u00a1Liberen a los secuestrados!  \ud83c\udf97\ufe0f Am Israel Jai", "username": "Yixous", "created_at": "2020-08-30T00:56:40.000Z", "id": "1299873571662114816", "name": "Jes\u00fas Gonz\u00e1lez"}, {"public_metrics": {"followers_count": 1731, "following_count": 719, "tweet_count": 49226, "listed_count": 2, "like_count": 87502, "media_count": 32}, "description": "With great power comes with great responsibility.\n(Bia speaking  person )Igbo from Delta state.", "username": "boi_mish", "created_at": "2022-02-27T01:27:51.000Z", "id": "1497745083759841287", "name": "Boi_Mish"}, {"public_metrics": {"followers_count": 1044, "following_count": 1231, "tweet_count": 28866, "listed_count": 0, "like_count": 136005, "media_count": 311}, "description": "The best is yet to come.  BELIEVE", "username": "BBlackcomb37430", "created_at": "2023-05-04T16:47:49.000Z", "id": "1654165880153206784", "name": "Burton of Blackcomb"}, {"public_metrics": {"followers_count": 13906, "following_count": 14782, "tweet_count": 178516, "listed_count": 1, "like_count": 540701, "media_count": 1329}, "description": "conservative patriot \nMAGA \n no dms please.", "username": "killroy678", "created_at": "2017-03-06T02:08:20.000Z", "id": "838571920723439618", "name": "Killroy\ud83c\udf4a"}, {"public_metrics": {"followers_count": 261, "following_count": 989, "tweet_count": 2158, "listed_count": 0, "like_count": 18461, "media_count": 11}, "description": "Alcoholic Bulldog.  Guitar Hero in training.  Father, husband, patriot, lover of dogs.", "username": "BennettMacDoug4", "created_at": "2022-08-03T00:17:27.000Z", "id": "1554622205383811072", "name": "Fireball Roberts"}, {"public_metrics": {"followers_count": 6092, "following_count": 6562, "tweet_count": 102232, "listed_count": 42, "like_count": 58898, "media_count": 94}, "description": "#Trump2024 MAGA #Trump #Patriot #WalkAway. Dog \ud83d\udc15 lover! \ud83c\uddfa\ud83c\uddf8\ud83c\uddee\ud83c\uddf9\ud83c\uddee\ud83c\uddf9\ud83c\uddfa\ud83c\uddf8\ud83c\uddfa\ud83c\uddf8\ud83c\uddfa\ud83c\uddf8\ud83c\uddfa\ud83c\uddf8\ud83c\uddfa\ud83c\uddf8\ud83c\uddfa\ud83c\uddf8\ud83c\uddfa\ud83c\uddf8\ud83c\uddfa\ud83c\uddf8\ud83c\uddfa\ud83c\uddf8", "username": "luci_very", "created_at": "2015-09-01T02:32:30.000Z", "id": "3410054538", "name": "Luci Very \ud83c\uddfa\ud83c\uddf8\ud83c\uddee\ud83c\uddf9"}, {"public_metrics": {"followers_count": 1200, "following_count": 1160, "tweet_count": 150882, "listed_count": 0, "like_count": 65831, "media_count": 2922}, "description": "Adopted by grace; exercise grace. RT May \u2260 Endorsement. Listen, Discern, Speak. Think for Yourself.  Embrace today!  Sansei  #Hapa #Hafu", "username": "paradise919400", "created_at": "2009-04-11T05:56:33.000Z", "id": "30409067", "name": "David \ud83d\udd3a\ud83d\udd3b\ud83d\udd3a"}, {"public_metrics": {"followers_count": 87, "following_count": 559, "tweet_count": 5801, "listed_count": 0, "like_count": 3269, "media_count": 60}, "description": "", "username": "TSAllen7", "created_at": "2020-09-22T15:32:49.000Z", "id": "1308428893481820161", "name": "TS Allen"}, {"public_metrics": {"followers_count": 533, "following_count": 517, "tweet_count": 17931, "listed_count": 0, "like_count": 42338, "media_count": 23}, "description": "Born in California. Lived all over", "username": "Peteharper34683", "created_at": "2020-06-07T21:33:59.000Z", "id": "1269744363845963778", "name": "Pete in Florida"}, {"public_metrics": {"followers_count": 6210, "following_count": 5631, "tweet_count": 84504, "listed_count": 2, "like_count": 93271, "media_count": 4}, "description": "Terps Hoops and Ravens Football. 1A 2A RED CONSERVATIVE !!! America First !!! IFBAP!!! Thank you Elon !! 2025 belongs to Patriots !\ud83c\uddfa\ud83c\uddf8", "username": "TerpsHoops24", "created_at": "2021-12-25T01:17:52.000Z", "id": "1474549867238330375", "name": "Ned"}, {"public_metrics": {"followers_count": 2538, "following_count": 738, "tweet_count": 16938, "listed_count": 1, "like_count": 34023, "media_count": 147}, "description": "A patriot with a passion for Yoga, nature, photography and the culinary arts, deeply rooted in love for God and the USA.", "username": "lori_zappas523", "created_at": "2025-01-12T12:20:47.000Z", "id": "1878416410101116928", "name": "Lori Zappas"}, {"public_metrics": {"followers_count": 841, "following_count": 546, "tweet_count": 15251, "listed_count": 0, "like_count": 15478, "media_count": 55}, "description": "It's all about the Children! God Wins God Bless each and everyone of you. Momma, Nonna, 3 beautiful daughters! Happily Married to the Love of my Life!", "username": "DawnRog75868811", "created_at": "2023-01-07T03:31:53.000Z", "id": "1611566041745817603", "name": "Dawnie"}, {"public_metrics": {"followers_count": 609, "following_count": 591, "tweet_count": 270312, "listed_count": 8, "like_count": 281717, "media_count": 1}, "description": "\u3053\u308c\u306f\u3001\u672c\u4eba\u304c\u3001\u66f8\u304d\u8fbc\u3093\u3067\u308b\u30d7\u30ed\u30d5\u30a3\u30fc\u30eb\u3067\u3059\u3002\u798f\u5ca1\u751f\u307e\u308c\u3001\u798f\u5ca1\u80b2\u3061\u3002\u91ce\u7403\u306f\u3001\u30db\u30fc\u30af\u30b9\u3001\u30a2\u30a4\u30c9\u30eb\u306f\u3001HKT48\u3092\u5fdc\u63f4\u3057\u3066\u307e\u3059\u3002\u6b74\u53f2\u597d\u304d\u306e\u666e\u901a\u306e\u4f1a\u793e\u54e1\u3067\u3059\u3002", "username": "gomokucharhan74", "created_at": "2014-11-19T05:29:25.000Z", "id": "2904215509", "name": "\u6885\u30b3\u30d6\u8336\u3002"}, {"public_metrics": {"followers_count": 768, "following_count": 1388, "tweet_count": 65035, "listed_count": 0, "like_count": 99445, "media_count": 38}, "description": "", "username": "CoachSuns", "created_at": "2022-06-17T14:34:36.000Z", "id": "1537805808292855808", "name": "Velocity Suns Coach Robison"}, {"public_metrics": {"followers_count": 1638, "following_count": 134, "tweet_count": 26003, "listed_count": 0, "like_count": 97259, "media_count": 15}, "description": "", "username": "terry_henson", "created_at": "2012-05-20T03:09:02.000Z", "id": "585393963", "name": "Terry Henson"}, {"public_metrics": {"followers_count": 508, "following_count": 425, "tweet_count": 33922, "listed_count": 1, "like_count": 45223, "media_count": 2939}, "description": "A New Era...One-Nation Conservative Gov\u2019t \nProud Patriot \ud83c\uddfa\ud83c\uddf8", "username": "austin5brandt", "created_at": "2021-09-17T23:57:14.000Z", "id": "1439015184341905410", "name": "Austin Brandt"}, {"public_metrics": {"followers_count": 454, "following_count": 139, "tweet_count": 10602, "listed_count": 0, "like_count": 23232, "media_count": 4}, "description": "", "username": "Kincaid5555", "created_at": "2025-04-17T14:27:16.000Z", "id": "1912875366911242240", "name": "Kincaid"}, {"public_metrics": {"followers_count": 3, "following_count": 9, "tweet_count": 12, "listed_count": 0, "like_count": 18, "media_count": 0}, "description": "", "username": "LisaHulen445", "created_at": "2024-05-20T01:31:43.000Z", "id": "1792367438803120128", "name": "Lisa Hulen"}, {"public_metrics": {"followers_count": 2012, "following_count": 1212, "tweet_count": 176202, "listed_count": 8, "like_count": 173003, "media_count": 1061}, "description": "REPOSTING your posts.", "username": "Truthbetold62", "created_at": "2011-09-23T21:58:50.000Z", "id": "378829979", "name": "Doctor of Truth"}, {"public_metrics": {"followers_count": 17, "following_count": 105, "tweet_count": 118, "listed_count": 0, "like_count": 125, "media_count": 1}, "description": "I enjoy cozy nights in, meaningful talks, and a slow rhythm of life. Could we be a good match?\u2764", "username": "joeoffiah", "created_at": "2015-11-27T04:58:29.000Z", "id": "4374058994", "name": "Julia Novikova"}, {"public_metrics": {"followers_count": 1499, "following_count": 2699, "tweet_count": 45559, "listed_count": 1, "like_count": 101054, "media_count": 7}, "description": "", "username": "EvanJohannsen", "created_at": "2020-09-22T10:43:06.000Z", "id": "1308356042393300995", "name": "Evan Johannsen"}], "meta": {"result_count": 99, "next_token": "7140dibdnow9c7btw4b1yznqohgd448t0tlgs9rx3ttfa"}}