{"data": [{"username": "RubyaH7BM", "description": "", "id": "1843001526098464768", "created_at": "2024-10-06T18:53:31.000Z", "name": "Rubya", "public_metrics": {"followers_count": 277, "following_count": 66, "tweet_count": 21132, "listed_count": 0, "like_count": 33792, "media_count": 7}}, {"username": "Bitcoiner_PlanB", "description": "#Bitcoin maxi , I hodl bitcoin only #hyperbitcoinization, planning to start my own #blockchain #game dev & publishing company in between 2030 2040,", "id": "1254693540090662912", "created_at": "2020-04-27T08:49:34.000Z", "name": "Bitcoiner", "public_metrics": {"followers_count": 445, "following_count": 2638, "tweet_count": 3531, "listed_count": 8, "like_count": 5173, "media_count": 28}}, {"username": "rudymogavero", "description": "Drove down in an ice storm.\r\n\r\nCame back in a hurricane.", "id": "21037857", "created_at": "2009-02-16T22:39:41.000Z", "name": "Rudy Mogavero", "public_metrics": {"followers_count": 5106, "following_count": 3750, "tweet_count": 171104, "listed_count": 5, "like_count": 240916, "media_count": 136}}, {"username": "Armando543345", "description": "Dios, independiente y messi. No me llamo armando.", "id": "1468794261151883267", "created_at": "2021-12-09T04:07:03.000Z", "name": "armando", "public_metrics": {"followers_count": 164, "following_count": 1031, "tweet_count": 7925, "listed_count": 0, "like_count": 24313, "media_count": 288}}, {"username": "Nomi_9090", "description": "NO ENEMY IMPORTANT THAN PENCIL RUBBER \ud83c\udf51\ud83c\udf53\ud83c\udf4a\ud83c\udf4c\ud83e\udd6d\ud83c\udf53\ud83c\udf51\ud83c\udf4a\ud83e\udd6d\ud83c\udf4c\ud83c\udf51\ud83c\udf53\ud83e\udd6d\ud83c\udf4c\ud83c\udf4a\nHATE ME TONIGHT BUT LOVE ME TOMMOROW \nPLEDGED", "id": "1944636534436601856", "created_at": "2025-07-14T05:54:29.000Z", "name": "Muhammad Nouman", "public_metrics": {"followers_count": 843, "following_count": 7, "tweet_count": 102397, "listed_count": 0, "like_count": 26047, "media_count": 14}}, {"username": "allll637718", "description": "", "id": "1894387571901554688", "created_at": "2025-02-25T14:03:01.000Z", "name": "allll6", "public_metrics": {"followers_count": 3, "following_count": 35, "tweet_count": 1321, "listed_count": 0, "like_count": 2107, "media_count": 1}}, {"username": "nascenttaza", "description": "Now", "id": "1545096635138863105", "created_at": "2022-07-07T17:25:36.000Z", "name": "Tasin Zaman", "public_metrics": {"followers_count": 0, "following_count": 32, "tweet_count": 134, "listed_count": 0, "like_count": 10, "media_count": 0}}, {"username": "carolluhring", "description": "", "id": "810048962", "created_at": "2012-09-08T02:52:05.000Z", "name": "Iblametheparents", "public_metrics": {"followers_count": 286, "following_count": 1186, "tweet_count": 29517, "listed_count": 0, "like_count": 94462, "media_count": 14}}, {"username": "ErnstBeNoticin", "description": "Disciple of Christ | sales, finance, and politics geek | Midwest farmer \ud83d\udd05 Deus Vult \u271d\ufe0f MAGA | MAHA | block = I think you\u2019re retarded", "id": "3305328414", "created_at": "2015-08-03T18:14:44.000Z", "name": "Ernst Z\u00fcndel | Noticer \ud83c\uddfa\ud83c\uddf8", "public_metrics": {"followers_count": 1104, "following_count": 1131, "tweet_count": 22966, "listed_count": 7, "like_count": 64056, "media_count": 224}}, {"username": "x1Ler", "description": "\ud83c\uddfa\ud83c\uddf8 Taxation is theft", "id": "561170775", "created_at": "2012-04-23T12:29:18.000Z", "name": "x1Ler", "public_metrics": {"followers_count": 2035, "following_count": 2815, "tweet_count": 38933, "listed_count": 4, "like_count": 74002, "media_count": 2001}}, {"username": "DallasWayneJ", "description": "I use \ud835\udd4f to find out what is true. I reshare posts I find interesting on finance, econ, politics, and related matters in a relaxed manner. #Vivek4POTUS \ud83c\uddfa\ud83c\uddf8", "id": "1283101861722181633", "created_at": "2020-07-14T18:11:59.000Z", "name": "Triple D", "public_metrics": {"followers_count": 99, "following_count": 143, "tweet_count": 4262, "listed_count": 1, "like_count": 4649, "media_count": 82}}, {"username": "Zubbairha", "description": "I Help IT Beginners Cut Through the Noise | SysAdmin, Cybersecurity & Freelancing Made Simple | 50K+ Downloads | Start Free \u2192 https://t.co/uPDqRlP2vW", "id": "1849438169479131136", "created_at": "2024-10-24T13:11:56.000Z", "name": "Zubair H", "public_metrics": {"followers_count": 601, "following_count": 591, "tweet_count": 1338, "listed_count": 0, "like_count": 5870, "media_count": 185}}, {"username": "ujuhyeongn94409", "description": "\ub300\ud55c\ubbfc\uad6d \uc608\ube44\uc5ed \ubcd1\uc7a5  / \uc138\uc0c1\uc5d0 \uad00\uc2ec\uc774 \ub9ce\uc740 \uaf2c\uaf2c\ub9d8 \uc8fc\uc778", "id": "1688077853915807744", "created_at": "2023-08-06T06:42:06.000Z", "name": "\ud3ec\uc7a5 \uc218\ucd9c\uc758 \ub2ec\uc778", "public_metrics": {"followers_count": 245, "following_count": 408, "tweet_count": 3266, "listed_count": 1, "like_count": 2827, "media_count": 69}}, {"username": "reeve766", "description": "Building the future, one crazy idea at a time\u2026\u2026. Failure is an option here if things aren\u2019t failing, you\u2019re not innovating enough. Together we success \u2764\ufe0f\ud83d\ude80", "id": "1976275096567218176", "created_at": "2025-10-09T13:15:02.000Z", "name": "Reeve Elo", "public_metrics": {"followers_count": 41, "following_count": 1, "tweet_count": 2356, "listed_count": 0, "like_count": 14103, "media_count": 2}}, {"username": "gibduckies", "description": "nothing I tweet should ever be considered investment or financial advice\n\n$ika\n\nTrump2024\n\ud83c\uddfa\ud83c\uddf2\ud83c\uddee\ud83c\uddf1", "id": "1636845121185488899", "created_at": "2023-03-17T21:41:37.000Z", "name": "Suimaxi", "public_metrics": {"followers_count": 196, "following_count": 20, "tweet_count": 5621, "listed_count": 3, "like_count": 8430, "media_count": 422}}, {"username": "kcmothership", "description": "All KC, all the time.", "id": "482137714", "created_at": "2012-02-03T15:29:44.000Z", "name": "KC Mothership", "public_metrics": {"followers_count": 1513, "following_count": 1748, "tweet_count": 179240, "listed_count": 8, "like_count": 223625, "media_count": 136}}, {"username": "Whoatalthepuss", "description": "", "id": "1832090243027161088", "created_at": "2024-09-06T16:16:38.000Z", "name": "D", "public_metrics": {"followers_count": 1583, "following_count": 11, "tweet_count": 59507, "listed_count": 0, "like_count": 58231, "media_count": 2}}, {"username": "jumikelly", "description": "", "id": "1823336575331115008", "created_at": "2024-08-13T12:31:58.000Z", "name": "Jule Kelly", "public_metrics": {"followers_count": 5786, "following_count": 1104, "tweet_count": 67475, "listed_count": 0, "like_count": 96190, "media_count": 17}}, {"username": "REDBIKEJohn", "description": "", "id": "1353446918", "created_at": "2013-04-15T04:25:49.000Z", "name": "John Bennett", "public_metrics": {"followers_count": 563, "following_count": 1442, "tweet_count": 7728, "listed_count": 8, "like_count": 53891, "media_count": 206}}, {"username": "FrancisJeffrey7", "description": "Scientist, environmental forecaster, biographer, software & network designer; Bioethics & Human Rights exponent. Quantum Computing & Quantum Neurophysiology !", "id": "2268376730", "created_at": "2013-12-30T05:32:15.000Z", "name": "Francis Jeffrey", "public_metrics": {"followers_count": 5011, "following_count": 5943, "tweet_count": 273425, "listed_count": 531, "like_count": 159571, "media_count": 6665}}, {"username": "AlphaProMega", "description": "CEO @ https://t.co/50mklRyrwy & https://t.co/Oxb53gxZOA, Licensed REALTOR\u00ae, SC2 Pro-Gamer, Truth Seeker, and Lover of our Universally Shared & Naturally Thriving Heavens!", "id": "356095663", "created_at": "2011-08-16T10:12:55.000Z", "name": "Sherif Botros", "public_metrics": {"followers_count": 2875, "following_count": 5665, "tweet_count": 122746, "listed_count": 38, "like_count": 105888, "media_count": 3366}}, {"username": "art_mouthnerve", "description": "", "id": "878429562392031232", "created_at": "2017-06-24T01:48:22.000Z", "name": "Art Garner", "public_metrics": {"followers_count": 899, "following_count": 1540, "tweet_count": 134449, "listed_count": 0, "like_count": 133342, "media_count": 7}}, {"username": "franley12", "description": "28\u2502Sig Sauer 2A \u2502 Software Engineer \u2502 Powerlifter \u2502 Neuro B.S. \u2502 Corolla \u2502 Mini CM \u2502 Stargate & Trek \u2502 Brutalism \u2502 INTJ-A \u2502 #BulkingSZN \u2502 https://t.co/NoVZqT0VnS", "id": "162519431", "created_at": "2010-07-03T22:51:30.000Z", "name": "Teflon Don (Day 2089 of Quarantine)\ud83c\udded\ud83c\uddf9", "public_metrics": {"followers_count": 2912, "following_count": 3027, "tweet_count": 594706, "listed_count": 3, "like_count": 643866, "media_count": 18492}}, {"username": "CrayonEater27", "description": "Professional Asset Speculator, CS Grad, Full-time Degen", "id": "1890199568131977216", "created_at": "2025-02-14T00:43:20.000Z", "name": "CrayonEater", "public_metrics": {"followers_count": 54, "following_count": 50, "tweet_count": 612, "listed_count": 0, "like_count": 945, "media_count": 11}}, {"username": "bgargesh", "description": "", "id": "828301915305840640", "created_at": "2017-02-05T17:59:00.000Z", "name": "Bharath", "public_metrics": {"followers_count": 198, "following_count": 551, "tweet_count": 45889, "listed_count": 0, "like_count": 50973, "media_count": 94}}, {"username": "JustKipNgetich", "description": "\ud83c\udf0d Geographer |  GIS & Urban Planning Enthusiast | \ud83d\udcf8 Photographer | \u26bd Arsenal Fan\u2764 |\ud83d\udcbb AI, Crypto & Programming Explorer| Visionary | Leader | Dreaming Big \ud83d\ude80", "id": "1517517384344641536", "created_at": "2022-04-22T14:55:38.000Z", "name": "Threads of Terra\ud83e\udded\ud83c\udf0d", "public_metrics": {"followers_count": 1006, "following_count": 6745, "tweet_count": 3402, "listed_count": 2, "like_count": 78199, "media_count": 49}}, {"username": "tensorhedge", "description": "Goymaxing", "id": "1599395238967025664", "created_at": "2022-12-04T13:28:53.000Z", "name": "tensorHedge \u2014e/acc", "public_metrics": {"followers_count": 146, "following_count": 1438, "tweet_count": 2256, "listed_count": 0, "like_count": 7923, "media_count": 9}}, {"username": "PaulAndrsReyes", "description": "Como Data Scientist, trazo y conduzco rutas verificables. MANUAL.\ud835\udddc\ud835\uddd4\ud835\udfef\ud835\udde3+\u2234https://t.co/lr53xPBiWn", "id": "1830739709716279297", "created_at": "2024-09-02T22:49:33.000Z", "name": "\ud835\uddfd\ud835\uddee\ud835\ude02\ud835\uddf9", "public_metrics": {"followers_count": 1736, "following_count": 1739, "tweet_count": 40451, "listed_count": 1, "like_count": 15995, "media_count": 278}}, {"username": "1Alihamza0", "description": "\ud83c\udf3a\ud83c\udff5\ufe0f This time too shall pass \ud83c\udff5\ufe0f\ud83c\udf3a", "id": "1981538163186434048", "created_at": "2025-10-24T01:48:37.000Z", "name": "Olivia \ud83d\udc51", "public_metrics": {"followers_count": 1769, "following_count": 1409, "tweet_count": 19989, "listed_count": 0, "like_count": 6301, "media_count": 4}}, {"username": "STEVEMCKEO57791", "description": "", "id": "1888589333147652096", "created_at": "2025-02-09T14:03:16.000Z", "name": "STEVE MCKEOWN", "public_metrics": {"followers_count": 597, "following_count": 506, "tweet_count": 10479, "listed_count": 0, "like_count": 23093, "media_count": 269}}, {"username": "destinatorq", "description": "Sr. Instructional Designer, Classicist, Amateur everything else. I love ancient and modern languages. A Golden Age is dawning in America! \ud83c\uddfa\ud83c\uddf8\ud83c\udf05", "id": "1518733083108802560", "created_at": "2022-04-25T23:26:32.000Z", "name": "DQD", "public_metrics": {"followers_count": 2156, "following_count": 3702, "tweet_count": 72020, "listed_count": 5, "like_count": 74202, "media_count": 2330}}, {"username": "heonkuk", "description": "Future Science and Technology, Investment, Humanities, Education, Japan/Tesla holder/Writer, Teacher, Blogger, Lecturer/\uace0\uad50\ud559\uc810\uc81c \uc644\ubcbd \uac00\uc774\ub4dc\ubd81,\uc77c\ubcf8\uc744 \uc54c\uba74 \uc9c4\ub85c\uac00 \ubcf4\uc778\ub2e4 \ucd9c\uac04", "id": "855649645", "created_at": "2012-10-01T01:29:50.000Z", "name": "Bryan Im", "public_metrics": {"followers_count": 1112, "following_count": 1305, "tweet_count": 9023, "listed_count": 5, "like_count": 13938, "media_count": 1028}}, {"username": "vanillewndrbaum", "description": "\ud83c\udde9\ud83c\uddea\ud83d\udc08\u200d\u2b1b Cats, *nix, open minded craziness, lebt die meiste Zeit unter einem Stein, verbrennt Sprit zum Spa\u00df \u26fd\ufe0f uptime, uptime, uptime", "id": "1911542656141819904", "created_at": "2025-04-13T22:12:57.000Z", "name": "Der Schrottwichtel", "public_metrics": {"followers_count": 46, "following_count": 1046, "tweet_count": 4556, "listed_count": 0, "like_count": 6708, "media_count": 79}}, {"username": "AudreyHan505", "description": "I'm working on becoming a better version of myself, and I'm waiting for someone worthy of my love.", "id": "1296476139595145216", "created_at": "2020-08-20T15:56:26.000Z", "name": "Audrey Han", "public_metrics": {"followers_count": 41, "following_count": 44, "tweet_count": 3114, "listed_count": 0, "like_count": 3060, "media_count": 50}}, {"username": "librxrian", "description": "\ud83c\udf84", "id": "259034658", "created_at": "2011-03-01T01:03:13.000Z", "name": "\u266a \ud83c\udf0c\ud83e\udd8c", "public_metrics": {"followers_count": 30697, "following_count": 1391, "tweet_count": 99504, "listed_count": 309, "like_count": 248545, "media_count": 9174}}, {"username": "themusknews", "description": "\u201cParody/Commentary account. Independent updates & opinions. No affiliation with Elon Musk.\u201d", "id": "1872565134024937472", "created_at": "2024-12-27T08:48:29.000Z", "name": "Commentary Elon Musk", "public_metrics": {"followers_count": 1439, "following_count": 983, "tweet_count": 16011, "listed_count": 14, "like_count": 19552, "media_count": 2101}}, {"username": "Martl101", "description": "", "id": "1894072133816651776", "created_at": "2025-02-24T17:09:44.000Z", "name": "M", "public_metrics": {"followers_count": 1235, "following_count": 204, "tweet_count": 65617, "listed_count": 0, "like_count": 9, "media_count": 17923}}, {"username": "elonmusk19770", "description": "", "id": "77924890", "created_at": "2009-09-28T04:31:07.000Z", "name": "E M", "public_metrics": {"followers_count": 19, "following_count": 21, "tweet_count": 229, "listed_count": 0, "like_count": 3820, "media_count": 0}}, {"username": "mayechat_X1", "description": "THANK Y\u2019ALL FOR THE LOVE AND SUPPORT, LET\u2019S MAKE AMERICA GREAT AGAIN. #MAGA\u2764\ufe0f\ud83c\uddfa\ud83c\uddf8", "id": "1995207118451036160", "created_at": "2025-11-30T19:04:16.000Z", "name": "MAYE OFFiCIAl", "public_metrics": {"followers_count": 6, "following_count": 8, "tweet_count": 244, "listed_count": 0, "like_count": 29, "media_count": 2}}, {"username": "XOfficial_477", "description": "\ud83d\ude80| Spacex \u2022 CEO & CTO\n\ud83d\ude94 Tesla \u2022 CEO and Product architect \n\ud83e\udde9| OpenAI \u2022 Co-founder", "id": "1997479631914696704", "created_at": "2025-12-07T01:34:54.000Z", "name": "XOfficial", "public_metrics": {"followers_count": 0, "following_count": 28, "tweet_count": 185, "listed_count": 0, "like_count": 0, "media_count": 6}}, {"username": "Jose_Moreno_S", "description": "We are all broken\u2014that\u2019s how the light gets in. '97", "id": "749827050232512512", "created_at": "2016-07-04T04:47:54.000Z", "name": "Jos\u00e9", "public_metrics": {"followers_count": 135, "following_count": 75, "tweet_count": 24194, "listed_count": 0, "like_count": 13831, "media_count": 56}}, {"username": "husky6678", "description": "", "id": "1587600370204753920", "created_at": "2022-11-02T00:20:10.000Z", "name": "David", "public_metrics": {"followers_count": 1475, "following_count": 1459, "tweet_count": 43029, "listed_count": 2, "like_count": 137262, "media_count": 136}}, {"username": "sirawitmamon", "description": "investment kpop jpop", "id": "1089229080", "created_at": "2013-01-14T14:52:05.000Z", "name": "AE", "public_metrics": {"followers_count": 217, "following_count": 2819, "tweet_count": 196160, "listed_count": 4, "like_count": 218966, "media_count": 329}}, {"username": "twojstarykappa", "description": ".", "id": "1832803434573033472", "created_at": "2024-09-08T15:29:30.000Z", "name": "Imi\u0119 nie mo\u017ce by\u0107 puste", "public_metrics": {"followers_count": 400, "following_count": 1048, "tweet_count": 37003, "listed_count": 3, "like_count": 56079, "media_count": 810}}, {"username": "jacob_balma", "description": "optimist, into supercomputers and cooling chips with light, on a mission to 1000x the limits of classical computing, likes funny animal videos, humanity, 1/137", "id": "1221570977466847232", "created_at": "2020-01-26T23:10:04.000Z", "name": "Jacob Balma", "public_metrics": {"followers_count": 351, "following_count": 1747, "tweet_count": 2297, "listed_count": 3, "like_count": 11850, "media_count": 183}}, {"username": "TayamBahnasi", "description": "They call me T.B\ud83e\uddcb", "id": "1996689183252021248", "created_at": "2025-12-04T21:13:01.000Z", "name": "Tayam Bahnasi", "public_metrics": {"followers_count": 1, "following_count": 123, "tweet_count": 4731, "listed_count": 0, "like_count": 30, "media_count": 0}}, {"username": "DaltonRives14", "description": "\ud83e\udd0e", "id": "2923335553", "created_at": "2014-12-09T01:41:06.000Z", "name": "D", "public_metrics": {"followers_count": 489, "following_count": 541, "tweet_count": 12258, "listed_count": 1, "like_count": 8102, "media_count": 235}}, {"username": "CorruptedNovice", "description": "", "id": "1824429579710369792", "created_at": "2024-08-16T12:54:54.000Z", "name": "NoviceUser", "public_metrics": {"followers_count": 473, "following_count": 51, "tweet_count": 27330, "listed_count": 1, "like_count": 50063, "media_count": 185}}, {"username": "Alien_Amungus", "description": "All-in Tesla. MAHA.", "id": "1790198326534549504", "created_at": "2024-05-14T02:00:37.000Z", "name": "Al Amungus", "public_metrics": {"followers_count": 808, "following_count": 1108, "tweet_count": 37252, "listed_count": 2, "like_count": 163104, "media_count": 1}}, {"username": "JonathanPichard", "description": "Business / Sports / Rice / Science", "id": "91605007", "created_at": "2009-11-21T16:36:24.000Z", "name": "Jonathan Pichardo", "public_metrics": {"followers_count": 1188, "following_count": 7245, "tweet_count": 15523, "listed_count": 3, "like_count": 484895, "media_count": 304}}, {"username": "ELONTESLA1I", "description": "I'm Elon Musk, the CEO and lead designer at SpaceX, CEO of Tesla, Inc\ud83d\ude97", "id": "1996252142664114176", "created_at": "2025-12-03T16:16:22.000Z", "name": "CONGRATULATIONS MESSAGE ME TO CLAIM YOUR PRIZE \ud83d\ude80", "public_metrics": {"followers_count": 0, "following_count": 3, "tweet_count": 69, "listed_count": 0, "like_count": 0, "media_count": 0}}, {"username": "hyperionist1142", "description": "Just an anon noooticing that the world is on fire.", "id": "2988416494", "created_at": "2015-01-21T00:11:58.000Z", "name": "Buffs top", "public_metrics": {"followers_count": 952, "following_count": 864, "tweet_count": 106831, "listed_count": 3, "like_count": 115792, "media_count": 19}}, {"username": "musk_39463", "description": "", "id": "1996188715883134976", "created_at": "2025-12-03T12:04:43.000Z", "name": "E-M \ud83d\ude80\ud83d\ude80\ud83d\ude80\ud83d\ude80", "public_metrics": {"followers_count": 1, "following_count": 7, "tweet_count": 233, "listed_count": 0, "like_count": 0, "media_count": 0}}, {"username": "AM_IsLife", "description": "I believe that when confronted with new information we have a chance to change our position accordingly", "id": "1326362610078507008", "created_at": "2020-11-11T03:14:34.000Z", "name": "A.M. \ud83c\udf34\u2600\ufe0f\ud83c\udf0a", "public_metrics": {"followers_count": 266, "following_count": 2559, "tweet_count": 18124, "listed_count": 8, "like_count": 76891, "media_count": 264}}, {"username": "LoveCharmGrace", "description": "Freedom", "id": "725292612", "created_at": "2012-07-30T04:41:42.000Z", "name": "Hawk", "public_metrics": {"followers_count": 54596, "following_count": 50152, "tweet_count": 203481, "listed_count": 3, "like_count": 71721, "media_count": 7515}}, {"username": "TonyaRBuchanan", "description": "Cybernetic Entity; Prefers dogs to people", "id": "2903241685", "created_at": "2014-11-18T02:39:54.000Z", "name": "Tonya Buchanan", "public_metrics": {"followers_count": 472, "following_count": 2030, "tweet_count": 9641, "listed_count": 5, "like_count": 60739, "media_count": 56}}, {"username": "koochi2257890", "description": "\u304a\u8179\u304c\u7a7a\u3044\u305f\u3002\u3060\u304b\u3089\u65e5\u672c\u98df\u304b\u98df\u3079\u305f\u3044\u3002\uff08\u3054\u98ef\u3068\u304a\u8c46\u8150\u3068\u304a\u6f2c\u7269\u3068\u304a\u5473\u564c\u3060\u3051\u3067\u826f\u3044\u304b\u3082\uff09 DM\u306e\u8fd4\u4e8b\u306f\u3057\u307e\u305b\u3093\u3002", "id": "1823630547975069696", "created_at": "2024-08-14T08:01:15.000Z", "name": "\u3086\u3063\u304d\u30fc\u3002", "public_metrics": {"followers_count": 456, "following_count": 464, "tweet_count": 28410, "listed_count": 4, "like_count": 37869, "media_count": 671}}, {"username": "AlCamb", "description": "", "id": "32264482", "created_at": "2009-04-17T02:35:44.000Z", "name": "Alvaro", "public_metrics": {"followers_count": 751, "following_count": 718, "tweet_count": 95999, "listed_count": 0, "like_count": 182731, "media_count": 140}}, {"username": "donalddean9", "description": "#49ERS #UFC #BROTIQUE owner @rijustore my wife @MeJuJuBee https://t.co/RWpCHrkHRs", "id": "1089536220", "created_at": "2013-01-14T16:51:30.000Z", "name": "RICH DEAN \ud83c\uddfa\ud83c\uddf8", "public_metrics": {"followers_count": 3531, "following_count": 3187, "tweet_count": 207451, "listed_count": 70, "like_count": 1018225, "media_count": 506}}, {"username": "MusiuPicao", "description": "Nasqad \ud83d\udcca\ud83d\udcc8", "id": "102630861", "created_at": "2010-01-07T09:44:19.000Z", "name": "Lewis", "public_metrics": {"followers_count": 2282, "following_count": 1952, "tweet_count": 62590, "listed_count": 3, "like_count": 234150, "media_count": 3899}}, {"username": "iufixit", "description": "", "id": "1665674689765842946", "created_at": "2023-06-05T10:59:48.000Z", "name": "jaeho lee", "public_metrics": {"followers_count": 94, "following_count": 1286, "tweet_count": 4084, "listed_count": 0, "like_count": 0, "media_count": 1}}, {"username": "ZadCa150", "description": "\u261d\ufe0f\ud83e\udd14", "id": "1509300421394944001", "created_at": "2022-03-30T22:44:05.000Z", "name": "MrZad", "public_metrics": {"followers_count": 894, "following_count": 997, "tweet_count": 31644, "listed_count": 4, "like_count": 30787, "media_count": 28}}, {"username": "BuysAlfred", "description": "Collector of graceful steps, soft soles, and lasting impressions \ud83e\udd11\ud83e\udd2d\ud83e\udd70", "id": "1899940350124580865", "created_at": "2025-03-12T21:47:58.000Z", "name": "Alfred Buys legitimate", "public_metrics": {"followers_count": 420, "following_count": 66, "tweet_count": 2704, "listed_count": 0, "like_count": 2188, "media_count": 7}}, {"username": "PaulC4340443252", "description": "", "id": "1819745423160229888", "created_at": "2024-08-03T14:42:20.000Z", "name": "Clau C", "public_metrics": {"followers_count": 1341, "following_count": 1621, "tweet_count": 44272, "listed_count": 0, "like_count": 79998, "media_count": 121}}, {"username": "CBurkott", "description": "Finding the magic in the mundane. Making mistakes so you don't have to. Learning daily. \ud83d\udca1\ud83d\udcda", "id": "1170391816014876676", "created_at": "2019-09-07T17:42:19.000Z", "name": "Collin Burkott", "public_metrics": {"followers_count": 24, "following_count": 69, "tweet_count": 241, "listed_count": 0, "like_count": 1163, "media_count": 5}}, {"username": "Ares_Gracian9", "description": "If this was a different time I would invade his favela on horseback and kill anyone that was not fit to work. But we are in a new time.", "id": "1370436311157403651", "created_at": "2021-03-12T18:07:43.000Z", "name": "Sovereign_Conglomerate28", "public_metrics": {"followers_count": 310, "following_count": 845, "tweet_count": 25387, "listed_count": 4, "like_count": 23702, "media_count": 632}}, {"username": "0xPelano", "description": "ex @TheCavalRe Alumi @traderjoe_xyz veteran @steakhut_fi | DeFi enjoyoooor kook \ud83d\udc95", "id": "1691348532", "created_at": "2013-08-22T15:32:19.000Z", "name": "pelano", "public_metrics": {"followers_count": 832, "following_count": 1400, "tweet_count": 88497, "listed_count": 15, "like_count": 47652, "media_count": 793}}, {"username": "MrStewart_X", "description": "", "id": "1891313010217549824", "created_at": "2025-02-17T02:25:47.000Z", "name": "David Stewart", "public_metrics": {"followers_count": 4770, "following_count": 4688, "tweet_count": 16060, "listed_count": 4, "like_count": 9602, "media_count": 1187}}, {"username": "poildetouffe", "description": "", "id": "1535052601", "created_at": "2013-06-20T21:15:47.000Z", "name": "Titi & Grosminet", "public_metrics": {"followers_count": 859, "following_count": 5294, "tweet_count": 205613, "listed_count": 9, "like_count": 248593, "media_count": 1193}}, {"username": "DidiaRichard", "description": "", "id": "1897912229091217408", "created_at": "2025-03-07T07:40:59.000Z", "name": "Richard", "public_metrics": {"followers_count": 25, "following_count": 47, "tweet_count": 902, "listed_count": 0, "like_count": 0, "media_count": 0}}, {"username": "marcinarndt", "description": "", "id": "1315309260", "created_at": "2013-03-29T22:11:11.000Z", "name": "Marcin Arndt", "public_metrics": {"followers_count": 664, "following_count": 5249, "tweet_count": 54223, "listed_count": 14, "like_count": 53517, "media_count": 11}}, {"username": "kourosh15915126", "description": "", "id": "1220546587312762880", "created_at": "2020-01-24T03:19:53.000Z", "name": "kourosh", "public_metrics": {"followers_count": 4232, "following_count": 7499, "tweet_count": 714252, "listed_count": 12, "like_count": 528841, "media_count": 14383}}, {"username": "HLRDefineHim", "description": "Wearing his colours proudly; he's a formidable gladiator at war. Founded since 02' John Cena sets his standard as a gallantry soldier.", "id": "773528008011440128", "created_at": "2016-09-07T14:27:03.000Z", "name": "Clark Kent.", "public_metrics": {"followers_count": 14, "following_count": 10, "tweet_count": 606, "listed_count": 0, "like_count": 612, "media_count": 0}}, {"username": "ale_gambetti", "description": "PhD Candidate Universidade Nova de Lisboa \ud83c\uddee\ud83c\uddf9\ud83c\uddf5\ud83c\uddf9\nComputer Science | Information Systems | Applied Machine Learning\n\nFree time: \u26f7\ufe0f\ud83c\udf0a\ud83c\udf78", "id": "1391710914806751234", "created_at": "2021-05-10T11:05:23.000Z", "name": "Alessandro Gambetti", "public_metrics": {"followers_count": 85, "following_count": 630, "tweet_count": 213, "listed_count": 1, "like_count": 453, "media_count": 4}}, {"username": "HenryNoboaA", "description": "#MAGA \u201cUnificar y construir para ser feliz\u201dLic.#Filosof\u00eda||Mtr.#Ciberseguridad|||#RRPP||#Arte #ComercioExterior || #RP  Apoyo a Elon en \ud835\udd4f", "id": "403802054", "created_at": "2011-11-03T01:01:38.000Z", "name": "Henry Noboa A", "public_metrics": {"followers_count": 5357, "following_count": 4298, "tweet_count": 294273, "listed_count": 87, "like_count": 251818, "media_count": 6981}}, {"username": "CharlotteE9g8z", "description": "Protecting Elon Musk online presence from impersonators is my top priority, leveraging my cybercrime expertise to safeguard his digital identity.", "id": "2823283949", "created_at": "2014-10-11T18:19:55.000Z", "name": "Charlotte Elizabeth", "public_metrics": {"followers_count": 52, "following_count": 561, "tweet_count": 295, "listed_count": 0, "like_count": 541, "media_count": 1}}, {"username": "MBMyop", "description": "Everything I post is just my opinion", "id": "1955517391435407360", "created_at": "2025-08-13T06:33:13.000Z", "name": "Michael Baker", "public_metrics": {"followers_count": 186, "following_count": 3, "tweet_count": 5567, "listed_count": 1, "like_count": 4204, "media_count": 314}}, {"username": "rossyy11", "description": "Proud assistant to @ElonMusk | Bridging innovation, communication & vision across SpaceX, Tesla & Neuralink | Tech enthusiast & dream chaser \ud83d\ude80\ud83c\uddf1\ud83c\uddf7\u2764\ufe0f", "id": "2166243672", "created_at": "2013-10-31T08:21:44.000Z", "name": "rosy lopez", "public_metrics": {"followers_count": 0, "following_count": 5, "tweet_count": 45, "listed_count": 0, "like_count": 31, "media_count": 0}}, {"username": "karlina_tesa", "description": "Former NASA Chief Information Officer, now advising SpaceX on cybersecurity strategies.", "id": "1429611145", "created_at": "2013-05-15T05:20:16.000Z", "name": "tesa karlina", "public_metrics": {"followers_count": 3, "following_count": 87, "tweet_count": 88, "listed_count": 0, "like_count": 0, "media_count": 0}}, {"username": "Market_Whale12", "description": "Art of Trading", "id": "1697353410024968192", "created_at": "2023-08-31T20:59:38.000Z", "name": "$TradeIQ", "public_metrics": {"followers_count": 64, "following_count": 516, "tweet_count": 36, "listed_count": 0, "like_count": 11319, "media_count": 2}}, {"username": "augustina_ugo", "description": "", "id": "1411434507278983175", "created_at": "2021-07-03T21:19:55.000Z", "name": "Augustina Ugo", "public_metrics": {"followers_count": 486, "following_count": 341, "tweet_count": 64890, "listed_count": 1, "like_count": 83609, "media_count": 992}}, {"username": "wgrip1", "description": "", "id": "2656988917", "created_at": "2014-07-18T15:24:55.000Z", "name": "Wayne Grip", "public_metrics": {"followers_count": 0, "following_count": 0, "tweet_count": 143, "listed_count": 0, "like_count": 0, "media_count": 0}}, {"username": "ceo42657", "description": "the CEO of Tesla beforeX", "id": "1974177126007123968", "created_at": "2025-10-03T18:18:54.000Z", "name": "CEO of Tesla", "public_metrics": {"followers_count": 34, "following_count": 1994, "tweet_count": 372, "listed_count": 0, "like_count": 10019, "media_count": 0}}, {"username": "TMitterlehner92", "description": "Verlobter: Peter Franz Irschik 16.11.1967,\nMutter von 3 Kindern: Elisabeth Mitterlehner 14.01.2020, Johannes Leopold M., Maximillian Konstantin Mitterlehner", "id": "1951083193626451968", "created_at": "2025-08-01T00:51:33.000Z", "name": "Theresia Mitterlehner", "public_metrics": {"followers_count": 984, "following_count": 642, "tweet_count": 11628, "listed_count": 0, "like_count": 15485, "media_count": 182}}, {"username": "cipher_quaker", "description": "Indo-Greek eurasian. Fiat wary #btc vet,0 interest loans to IQ+Gym toppers+collab if Open Source.Socratic DENARius+#1A+#5A 2.0 cypherpunk quaker retrofuturist\ud83d\uddfd", "id": "1504356018163048452", "created_at": "2022-03-17T07:17:01.000Z", "name": "\ud83c\udfb6Symphonic Metal RetroFuturism: \ud83c\uddfa\ud83c\uddf8+X+\u20bf encore!", "public_metrics": {"followers_count": 919, "following_count": 1065, "tweet_count": 186613, "listed_count": 5, "like_count": 4, "media_count": 128}}, {"username": "alex_delmoral2", "description": "\ud83e\udd16 Analista de IA y el futuro tech. | Hardware \ud83d\udcbb, Gaming \ud83c\udfae", "id": "1517146184992772097", "created_at": "2022-04-21T14:20:21.000Z", "name": "Alex_TechBits", "public_metrics": {"followers_count": 974, "following_count": 947, "tweet_count": 13894, "listed_count": 0, "like_count": 421, "media_count": 161}}, {"username": "2b4qKaFgyE89171", "description": "\u6642\u4ee3\u306f\u60aa\u304b\u3089\u5584\u306e\u6642\u4ee3\u306b\u2026\u5317\u3084\u5357\u306b\u6d41\u308c\u3066\u884c\u304f\u3002\u4eca\u65e5\u306e\u6f01\u5834\u3084\u597d\u990c\u306f\u8352\u308c\u3066\u304a\u308a\u307e\u3059\u3002\u53f3\u3082\u5de6\u3082\u4e2d\u5eb8\u3082\u4f55\u304c\u6b63\u3057\u3044\u4e16\u306e\u4e2d\u304b\u5206\u304b\u308a\u307e\u305b\u3093\u304c\u3001\u7d20\u306e\u81ea\u5206\u3092\u51fa\u3057\u3066\u884c\u304f\u306e\u304c\u6b63\u9053\u304b\u3068\u3002\u4eca\u5bb5\u3082\u5c4b\u6839\u88cf\u304b\u3089\u54c0\u308c\u307f\u306e\u30d4\u30af\u30c1\u30e3\u30fc\uff06\u30a4\u30a8\u30ed\u30fc\u30d5\u30a1\u30a4\u30bf\u30fc\u3002\u305d\u3053\u304b\u3089\u898b\u3048\u308b\u5927\u5c40\u89b3\u306e\u666f\u8272\u306f\u6b32\u306e\u6e26\u6f6e\u3002\u6f5c\u5728\u7684\u306b\u53e4\u4ee3\u5deb\u5973\u306e\u300c\u53e1\u667a\u300d\u3092\u6301\u3064\u5973\u6027\u3002M\u306e\u518d\u6765\u2026\u305f\u3063\u305f\u4e00\u3064\u306e\u5e0c\u671b\u3002", "id": "1975417483910914059", "created_at": "2025-10-07T04:27:22.000Z", "name": "\u7e04\u6587\u30e4\u30de\u30c8\u30a5\u5171\u548c\u56fd\uff08\u304a\u3053\u3093\u756a\u5c4b)", "public_metrics": {"followers_count": 317, "following_count": 959, "tweet_count": 31025, "listed_count": 0, "like_count": 737, "media_count": 129}}, {"username": "rng_0c", "description": "", "id": "1402176150785335296", "created_at": "2021-06-08T08:10:37.000Z", "name": "rng", "public_metrics": {"followers_count": 105, "following_count": 2954, "tweet_count": 2028, "listed_count": 5, "like_count": 4508, "media_count": 3}}, {"username": "dogefather0787", "description": "", "id": "1918785432", "created_at": "2013-09-30T03:24:52.000Z", "name": "Dogefather", "public_metrics": {"followers_count": 120, "following_count": 756, "tweet_count": 622, "listed_count": 0, "like_count": 619, "media_count": 0}}, {"username": "Do38885Donnie", "description": "", "id": "1824821095842840576", "created_at": "2024-08-17T14:51:54.000Z", "name": "Donnie Vaughan", "public_metrics": {"followers_count": 2095, "following_count": 1140, "tweet_count": 10804, "listed_count": 0, "like_count": 14835, "media_count": 195}}, {"username": "abc_rambo", "description": "Soy s\u00faper fan del manga. Mis series de siempre son #Naruto y #Boruto. Itachi es mi favorito. Tambi\u00e9n estoy obsesionado con #Kagurabachi y #SakamotoDays .", "id": "1061542997559394305", "created_at": "2018-11-11T08:55:47.000Z", "name": "ABC Rambo", "public_metrics": {"followers_count": 560, "following_count": 953, "tweet_count": 405023, "listed_count": 6, "like_count": 401068, "media_count": 1}}, {"username": "RoccoDbunny", "description": "Socio / Psycho confabulant.", "id": "1746309151503142912", "created_at": "2024-01-13T23:13:02.000Z", "name": "Anachronist.", "public_metrics": {"followers_count": 302, "following_count": 55, "tweet_count": 30024, "listed_count": 0, "like_count": 25941, "media_count": 181}}, {"username": "Dogenews548", "description": "Mr CEO", "id": "1984608336990650368", "created_at": "2025-11-01T13:08:11.000Z", "name": "C.E.O. of D.O.G.E", "public_metrics": {"followers_count": 45, "following_count": 599, "tweet_count": 776, "listed_count": 0, "like_count": 1698, "media_count": 0}}, {"username": "justinb81870206", "description": "", "id": "1035509982", "created_at": "2012-12-25T20:07:45.000Z", "name": "justin beiber6012875", "public_metrics": {"followers_count": 19, "following_count": 4, "tweet_count": 911, "listed_count": 0, "like_count": 928, "media_count": 0}}, {"username": "EloahIsrafel", "description": "Thelemite | Lawyer | Garage Podcaster | Standing up for personal freedom and limited goverment | Terrible at gaming, but great at procrastinate", "id": "1837708865971818496", "created_at": "2024-09-22T04:22:43.000Z", "name": "Gustavo Adolfo", "public_metrics": {"followers_count": 44, "following_count": 75, "tweet_count": 1015, "listed_count": 1, "like_count": 2351, "media_count": 2}}, {"username": "koreafsdplz", "description": "Optimistic tesla investor for sustainable abundance, Please see my Highlights", "id": "1294248125406699522", "created_at": "2020-08-14T12:23:01.000Z", "name": "Cybercab", "public_metrics": {"followers_count": 3902, "following_count": 2807, "tweet_count": 22067, "listed_count": 7, "like_count": 76690, "media_count": 367}}, {"username": "MrElon877", "description": "", "id": "895448382646263810", "created_at": "2017-08-10T00:55:05.000Z", "name": "ElonX", "public_metrics": {"followers_count": 130, "following_count": 491, "tweet_count": 653, "listed_count": 0, "like_count": 0, "media_count": 0}}], "meta": {"result_count": 97, "next_token": "7140dibdnow9c7btw4b1yznqli4m0v07olofxrwp5d2ya"}}