{"data": [{"name": "coffey Samantha", "username": "SamanthaCo76186", "created_at": "2025-11-30T06:02:09.000Z", "id": "1995010284059332610", "description": "", "public_metrics": {"followers_count": 19, "following_count": 7, "tweet_count": 1111, "listed_count": 0, "like_count": 0, "media_count": 0}}, {"name": "\u3061\u3063\u3061", "username": "gwhYPEdcxcc6sa", "created_at": "2011-01-01T08:38:57.000Z", "id": "232785061", "description": "let's do something great, like csgo", "public_metrics": {"followers_count": 128, "following_count": 275, "tweet_count": 1061, "listed_count": 0, "like_count": 9, "media_count": 9}}, {"name": "cokkke", "username": "cokiKHAvf5wm", "created_at": "2016-01-23T23:45:33.000Z", "id": "4840213253", "description": "I only think of good things", "public_metrics": {"followers_count": 135, "following_count": 244, "tweet_count": 1037, "listed_count": 0, "like_count": 6, "media_count": 6}}, {"name": "Heaps Lindsey", "username": "HeapsLinds91789", "created_at": "2025-11-30T06:05:25.000Z", "id": "1995011101105487872", "description": "", "public_metrics": {"followers_count": 21, "following_count": 3, "tweet_count": 1018, "listed_count": 0, "like_count": 0, "media_count": 0}}, {"name": "Official_Gorklon Rust\ud83c\udd7e\ufe0f\ud83c\uddfa\ud83c\uddf8", "username": "EMusk_Gotesla", "created_at": "2014-02-10T00:06:16.000Z", "id": "2334714880", "description": "Concentrating on \ud83d\ude80SpaceX, \u26a1Tesla, \ud83e\udde0Neuralink, \ud83e\udd16xAI & more.", "public_metrics": {"followers_count": 673, "following_count": 704, "tweet_count": 757, "listed_count": 3, "like_count": 76, "media_count": 0}}, {"name": "Keila Walter\u2019s", "username": "keila_walters_", "created_at": "2013-08-02T18:32:27.000Z", "id": "1641085039", "description": "Dedicated innovator and visionary, working closely with Elon Musk for years to drive groundbreaking advancements in technology, sustainability,space exploration", "public_metrics": {"followers_count": 74, "following_count": 18, "tweet_count": 887, "listed_count": 0, "like_count": 655, "media_count": 0}}, {"name": "luka\u3063\u3061", "username": "osluka", "created_at": "2011-08-13T11:29:50.000Z", "id": "354244775", "description": "let's do something great, like csgo", "public_metrics": {"followers_count": 94, "following_count": 148, "tweet_count": 1081, "listed_count": 0, "like_count": 0, "media_count": 0}}, {"name": "James Jay Renaud", "username": "TroyGladde87242", "created_at": "2025-10-16T23:40:04.000Z", "id": "1978969157912666112", "description": "Hey what's up \ud83e\udd1a\ud83c\udffbI chose you as the \"GIVEAWAY\", add me as a friend then send me a \"PAY ME\" message asap\ud83d\udcb5\ud83d\udcaf", "public_metrics": {"followers_count": 47, "following_count": 1, "tweet_count": 2756, "listed_count": 0, "like_count": 2520, "media_count": 0}}, {"name": "Scarlett Johnsson Private chat", "username": "Chat_BradPitt", "created_at": "2013-08-10T19:44:18.000Z", "id": "1660855747", "description": "", "public_metrics": {"followers_count": 508, "following_count": 1, "tweet_count": 801, "listed_count": 0, "like_count": 48, "media_count": 0}}, {"name": "nefes", "username": "nsferrecp9", "created_at": "2016-07-28T17:00:00.000Z", "id": "758708597534720001", "description": "I love the wonderful patterns, maybe I can buy one", "public_metrics": {"followers_count": 122, "following_count": 286, "tweet_count": 1079, "listed_count": 0, "like_count": 13, "media_count": 9}}, {"name": "EM Li X", "username": "EMLiXu14", "created_at": "2013-08-04T00:42:43.000Z", "id": "1644002491", "description": "You shouldn\u2019t do things differently just because they\u2019re different. they need to be\u2026. better \ud83d\ude80\ud83d\ude80\ud83d\ude80", "public_metrics": {"followers_count": 22, "following_count": 28, "tweet_count": 2021, "listed_count": 0, "like_count": 2328, "media_count": 0}}, {"name": "dayAA", "username": "DayaDayaa3h6ue", "created_at": "2017-03-25T22:10:08.000Z", "id": "845759733239894017", "description": "shy. innocent. and playful", "public_metrics": {"followers_count": 146, "following_count": 871, "tweet_count": 1059, "listed_count": 0, "like_count": 2742, "media_count": 9}}, {"name": "Lucia Gasser", "username": "Lucia__Gasser", "created_at": "2024-02-11T13:41:18.000Z", "id": "1756674702913769472", "description": "The world won't change because you hesitate. your unwavering belief and actions are the keys to creating a new world \n#belief  #persistin #success\n#diving", "public_metrics": {"followers_count": 117, "following_count": 33, "tweet_count": 1110, "listed_count": 0, "like_count": 36, "media_count": 19}}, {"name": "Elon", "username": "SpaceXreeve_tsl", "created_at": "2013-04-23T18:17:53.000Z", "id": "1375160082", "description": "", "public_metrics": {"followers_count": 5, "following_count": 82, "tweet_count": 578, "listed_count": 0, "like_count": 0, "media_count": 79}}, {"name": "\uc9c0\uc544", "username": "bhanurana8999", "created_at": "2013-04-26T09:30:15.000Z", "id": "1381505665", "description": "", "public_metrics": {"followers_count": 8, "following_count": 3, "tweet_count": 390, "listed_count": 0, "like_count": 1, "media_count": 1}}, {"name": "Anabel lucia", "username": "Anabelluci8742", "created_at": "2025-11-20T17:45:27.000Z", "id": "1991563252896264193", "description": "\u2764\ufe0f\u2764\ufe0f\ud83d\udc93\u2764\ufe0f\ud83d\udc93\ud83d\udc93", "public_metrics": {"followers_count": 276, "following_count": 21, "tweet_count": 6033, "listed_count": 0, "like_count": 1, "media_count": 0}}, {"name": "Tong", "username": "mrspacex_TSLA", "created_at": "2013-05-11T06:19:19.000Z", "id": "1419920858", "description": "", "public_metrics": {"followers_count": 5, "following_count": 2, "tweet_count": 226, "listed_count": 0, "like_count": 0, "media_count": 0}}, {"name": "Elon-M\ud83d\ude80", "username": "ElonM918482", "created_at": "2025-10-27T00:09:45.000Z", "id": "1982600462630273025", "description": "You must be the change you wish to see in the world.", "public_metrics": {"followers_count": 65, "following_count": 0, "tweet_count": 14197, "listed_count": 0, "like_count": 17275, "media_count": 3}}, {"name": "Hans", "username": "wm5987", "created_at": "2025-11-06T02:23:39.000Z", "id": "1986258071656800259", "description": "", "public_metrics": {"followers_count": 3, "following_count": 1, "tweet_count": 387, "listed_count": 0, "like_count": 0, "media_count": 0}}, {"name": "Elains hans", "username": "elains34063", "created_at": "2025-10-14T00:23:38.000Z", "id": "1977892950114787328", "description": "", "public_metrics": {"followers_count": 0, "following_count": 0, "tweet_count": 340, "listed_count": 0, "like_count": 0, "media_count": 0}}, {"name": "Mary \u26a1", "username": "WarioandWa32585", "created_at": "2023-07-30T20:10:23.000Z", "id": "1685744609048006657", "description": "", "public_metrics": {"followers_count": 6, "following_count": 354, "tweet_count": 375, "listed_count": 0, "like_count": 1, "media_count": 0}}, {"name": "tommy \ud83d\ude80", "username": "nibbler3955", "created_at": "2023-08-12T23:16:38.000Z", "id": "1690502522820087808", "description": "", "public_metrics": {"followers_count": 9, "following_count": 358, "tweet_count": 525, "listed_count": 0, "like_count": 0, "media_count": 0}}, {"name": "Kelly Dehart", "username": "kellyDehart99", "created_at": "2009-10-31T14:00:13.000Z", "id": "86532478", "description": "Your life won\u2019t change by chance; it will change by choice.", "public_metrics": {"followers_count": 422, "following_count": 47, "tweet_count": 1997, "listed_count": 0, "like_count": 14, "media_count": 1}}, {"name": "Ray", "username": "Raynxm43", "created_at": "2014-07-03T02:15:40.000Z", "id": "2600817510", "description": "Tesla owner since 2015. TSLA holder since 2016. This account is about Tesla, EVs & other topics.", "public_metrics": {"followers_count": 252, "following_count": 1461, "tweet_count": 3116, "listed_count": 0, "like_count": 26, "media_count": 0}}, {"name": "Zejzl", "username": "zejzl", "created_at": "2011-02-17T10:28:01.000Z", "id": "253488640", "description": "We have actually accidently everything'd\n\nmy whole life is a shitpost, and should be treated as such. \n\nteh internet is for porn!", "public_metrics": {"followers_count": 886, "following_count": 7487, "tweet_count": 19913, "listed_count": 5, "like_count": 30088, "media_count": 1473}}, {"name": "Elon Maximus Prime\u25cf", "username": "elonprime_max", "created_at": "2014-09-23T15:49:55.000Z", "id": "2781429003", "description": "AUTONOMY BEGINS NOW", "public_metrics": {"followers_count": 695, "following_count": 184, "tweet_count": 2098, "listed_count": 0, "like_count": 1129, "media_count": 0}}, {"name": "E-M \ud83d\ude80\ud83d\ude80", "username": "em67208", "created_at": "2025-11-15T18:48:01.000Z", "id": "1989767308651397120", "description": "", "public_metrics": {"followers_count": 6, "following_count": 0, "tweet_count": 291, "listed_count": 0, "like_count": 973, "media_count": 0}}, {"name": "Motte Klara", "username": "anu1_n", "created_at": "2019-10-14T17:26:48.000Z", "id": "1183796254729555968", "description": "", "public_metrics": {"followers_count": 11, "following_count": 1, "tweet_count": 1658, "listed_count": 0, "like_count": 0, "media_count": 0}}, {"name": "CEO Musk X", "username": "ceomuskX002", "created_at": "2010-03-09T15:07:44.000Z", "id": "121454498", "description": "", "public_metrics": {"followers_count": 4, "following_count": 65, "tweet_count": 354, "listed_count": 0, "like_count": 1, "media_count": 0}}, {"name": "Amy Miller", "username": "AmyMiller0729", "created_at": "2020-04-10T06:30:25.000Z", "id": "1248498511676497920", "description": "Only those who always look up at the sky can spread their wings and fly high.", "public_metrics": {"followers_count": 345, "following_count": 30, "tweet_count": 3145, "listed_count": 0, "like_count": 4103, "media_count": 1}}, {"name": "Amy Miller", "username": "AmyMiller8807", "created_at": "2009-11-01T15:17:32.000Z", "id": "86739422", "description": "#SelfWorth Success isn't about how others see you, but about whether you stay true to your dreams \ud83c\udf1f\ud83c\udf3f #StayTrueToYourself", "public_metrics": {"followers_count": 354, "following_count": 213, "tweet_count": 12337, "listed_count": 1, "like_count": 971, "media_count": 382}}, {"name": "Emily", "username": "DefinaTaya", "created_at": "2019-06-04T18:12:20.000Z", "id": "1135972567423102978", "description": "I'm not here to fit in, I'm here to stand out. The world\u2019s loud, so I\u2019ll make my voice heard. \ud83d\udca5\ud83c\udfa4\nUS", "public_metrics": {"followers_count": 14, "following_count": 7, "tweet_count": 2258, "listed_count": 0, "like_count": 21, "media_count": 1}}, {"name": "Amos", "username": "Amos429413", "created_at": "2025-11-17T14:40:05.000Z", "id": "1990429595364212736", "description": "", "public_metrics": {"followers_count": 3, "following_count": 1, "tweet_count": 379, "listed_count": 0, "like_count": 0, "media_count": 0}}, {"name": "Nicole Mann", "username": "AstroDuke_l", "created_at": "2012-05-06T11:45:51.000Z", "id": "572554645", "description": "", "public_metrics": {"followers_count": 178, "following_count": 63, "tweet_count": 528, "listed_count": 0, "like_count": 15, "media_count": 6}}, {"name": "Vijay Sehrawat", "username": "vijaysehrawat61", "created_at": "2012-01-11T12:40:20.000Z", "id": "461084283", "description": "\ud83c\uddee\ud83c\uddf3\ud83c\uddee\ud83c\uddf3\ud83c\uddee\ud83c\uddf3\ud83c\uddee\ud83c\uddf3\ud83c\uddee\ud83c\uddf3", "public_metrics": {"followers_count": 521, "following_count": 123, "tweet_count": 98457, "listed_count": 0, "like_count": 110096, "media_count": 15}}, {"name": "Cypto Vice", "username": "LGrant50576", "created_at": "2025-02-15T22:36:51.000Z", "id": "1890892998189187072", "description": "Loves the Lord \u2764\ufe0f", "public_metrics": {"followers_count": 406, "following_count": 185, "tweet_count": 10392, "listed_count": 0, "like_count": 332, "media_count": 62}}, {"name": "ZheJun", "username": "ZHEJUN1425", "created_at": "2019-02-16T23:01:04.000Z", "id": "1096907342938030080", "description": "Beach and sun lover\u2600\ufe0f\ud83c\udfd6\ufe0f\nUnited Airlines flight attendant\u2708\ufe0f\nCar enthusiast, Porsche owner\ud83c\udfce\ufe0f", "public_metrics": {"followers_count": 175, "following_count": 171, "tweet_count": 3991, "listed_count": 0, "like_count": 5117, "media_count": 20}}, {"name": "Richard Hauptman", "username": "Fargo1967", "created_at": "2014-08-24T15:23:44.000Z", "id": "2762812616", "description": "My attitude", "public_metrics": {"followers_count": 2916, "following_count": 361, "tweet_count": 167689, "listed_count": 3, "like_count": 123164, "media_count": 1626}}, {"name": "Haminah", "username": "Doncash78", "created_at": "2023-07-01T00:57:45.000Z", "id": "1674945293089996806", "description": "just for fun", "public_metrics": {"followers_count": 3, "following_count": 20, "tweet_count": 259, "listed_count": 0, "like_count": 7, "media_count": 0}}, {"name": "Praveen_42", "username": "PSR42_", "created_at": "2021-03-31T14:07:56.000Z", "id": "1377261213072060424", "description": "\u2042\n\ud835\ude43\ud835\ude5a\ud835\ude61\ud835\ude61\ud835\ude64 \ud835\ude48\ud835\ude6e \ud835\ude53. \ud835\ude41\ud835\ude56\ud835\ude62 \ud835\ude48\ud835\ude6e \ud835\ude68\ud835\ude5a\ud835\ude61\ud835\ude5b \ud835\ude4b\ud835\ude67\ud835\ude56\ud835\ude6b\ud835\ude5a\ud835\ude5a\ud835\ude63 \ud835\ude6c\ud835\ude5a\ud835\ude61\ud835\ude58\ud835\ude64\ud835\ude62\ud835\ude5a \ud835\ude69\ud835\ude64 \ud835\ude62\ud835\ude6e \ud835\ude53 \ud835\ude65\ud835\ude67\ud835\ude64\ud835\ude5b\ud835\ude5e\ud835\ude61\ud835\ude5a  @PSR42_  \ud835\ude45\ud835\ude64\ud835\ude5e\ud835\ude63 \ud835\ude56\ud835\ude61\ud835\ude61 \ud835\ude48\ud835\ude6e \ud835\ude53 \ud835\ude65\ud835\ude67\ud835\ude64\ud835\ude5b\ud835\ude5e\ud835\ude61\ud835\ude5a", "public_metrics": {"followers_count": 75837, "following_count": 76574, "tweet_count": 573063, "listed_count": 24, "like_count": 668819, "media_count": 5599}}, {"name": "Smith", "username": "Smith1646511", "created_at": "2025-11-09T10:13:21.000Z", "id": "1987463454777823232", "description": "Hard problems, meaningful works", "public_metrics": {"followers_count": 7, "following_count": 1, "tweet_count": 303, "listed_count": 0, "like_count": 301, "media_count": 0}}, {"name": "Dyllinar", "username": "akinfeseun", "created_at": "2013-08-05T15:27:30.000Z", "id": "1648068997", "description": "Computer \ud83d\udda5 repair/internet website, web3 developer, base on Assets recovery, Dm for all crypto recovery #cryptocurrency #cryptoscam #lost #helpmate #BTC\ud83e\uddd1", "public_metrics": {"followers_count": 13, "following_count": 8, "tweet_count": 4228, "listed_count": 0, "like_count": 1082, "media_count": 804}}, {"name": "Space Vision Max", "username": "SpaceVisionMax", "created_at": "2012-09-01T14:03:18.000Z", "id": "796148948", "description": "Innovation, Technology, Rockets & Tesla ignite my passion. Host of The Story Book. Sharing updates & info 24/7. Breaking world News! Motivation & Fun guaranteed", "public_metrics": {"followers_count": 979, "following_count": 49, "tweet_count": 1452, "listed_count": 0, "like_count": 522, "media_count": 0}}, {"name": "Management", "username": "Management18199", "created_at": "2025-11-12T13:08:26.000Z", "id": "1988594577478168576", "description": "", "public_metrics": {"followers_count": 6, "following_count": 1, "tweet_count": 1027, "listed_count": 0, "like_count": 0, "media_count": 0}}], "meta": {"result_count": 44, "next_token": "7140dibdnow9c7btw4b1kb3m8rf3bkw3q8k491zauu7n7"}}