{"data": [{"created_at": "2024-11-11T13:04:59.000Z", "description": "", "username": "1kto100m", "name": "1kto100m", "id": "1855959698513502208", "public_metrics": {"followers_count": 52, "following_count": 369, "tweet_count": 2092, "listed_count": 0, "like_count": 1007, "media_count": 115}}, {"created_at": "2025-05-23T10:50:36.000Z", "description": "You are teh light.", "username": "YouAreTehLight", "name": "YouAreTehLight", "id": "1925866784877338624", "public_metrics": {"followers_count": 136, "following_count": 1974, "tweet_count": 9245, "listed_count": 0, "like_count": 7526, "media_count": 1264}}, {"created_at": "2014-07-03T17:40:15.000Z", "description": "Gem seeker", "username": "ukaszcwalina", "name": "Luke", "id": "2602009184", "public_metrics": {"followers_count": 46, "following_count": 151, "tweet_count": 1045, "listed_count": 2, "like_count": 3006, "media_count": 119}}, {"created_at": "2021-03-30T22:16:22.000Z", "description": "Coins\n\nNFA.", "username": "SomeCrypt0Guy", "name": "Ghostbro", "id": "1377021615247142917", "public_metrics": {"followers_count": 4128, "following_count": 3181, "tweet_count": 31802, "listed_count": 35, "like_count": 72993, "media_count": 9260}}, {"created_at": "2025-01-24T11:40:28.000Z", "description": "Many things to say about myself but regardless I gave thanks to the Almighty.", "username": "__matawalle__", "name": "Umar Nass \u2b50", "id": "1882755135509499905", "public_metrics": {"followers_count": 137, "following_count": 1126, "tweet_count": 3144, "listed_count": 1, "like_count": 2992, "media_count": 139}}, {"created_at": "2022-06-08T12:49:57.000Z", "description": "Not only crypto\n\nGet your $Sol back thanks to $Rys\nhttps://t.co/pIG26WMCnv", "username": "Seal_the_navy", "name": "Go woke go broke", "id": "1534517633776861184", "public_metrics": {"followers_count": 91, "following_count": 181, "tweet_count": 4988, "listed_count": 1, "like_count": 10453, "media_count": 131}}, {"created_at": "2020-01-06T02:57:17.000Z", "description": "20, dev, shitposter.", "username": "shehryaraijaz", "name": "shehryar", "id": "1214018032340594688", "public_metrics": {"followers_count": 37, "following_count": 262, "tweet_count": 601, "listed_count": 2, "like_count": 14184, "media_count": 30}}, {"created_at": "2021-06-21T12:59:26.000Z", "description": "\ud83c\uddfa\ud83c\uddf8\ud83d\ude80", "username": "805jh1", "name": "MOE", "id": "1406959902241685506", "public_metrics": {"followers_count": 619, "following_count": 263, "tweet_count": 14671, "listed_count": 5, "like_count": 39232, "media_count": 4040}}, {"created_at": "2024-09-30T02:41:11.000Z", "description": "I love memes and also love shitcoins and giving my shit opinions", "username": "reitrement", "name": "Meme Reitrement", "id": "1840582582754594816", "public_metrics": {"followers_count": 59, "following_count": 32, "tweet_count": 1024, "listed_count": 2, "like_count": 1145, "media_count": 40}}, {"created_at": "2025-04-07T12:51:18.000Z", "description": "i'm an investor...in coins?", "username": "InvestorCoinman", "name": "coinman", "id": "1909227403718840320", "public_metrics": {"followers_count": 22, "following_count": 46, "tweet_count": 703, "listed_count": 0, "like_count": 2826, "media_count": 116}}, {"created_at": "2019-03-14T14:49:49.000Z", "description": "https://t.co/NpKZ9fB0rR", "username": "diary_noob", "name": "Diary of a Crypto Noob", "id": "1106205800085815298", "public_metrics": {"followers_count": 667, "following_count": 629, "tweet_count": 10485, "listed_count": 7, "like_count": 12142, "media_count": 264}}, {"created_at": "2021-09-21T05:25:27.000Z", "description": "100% Delusional. Chronically early | Unc", "username": "Beauti_F00L", "name": "beautiFool", "id": "1440185304774627329", "public_metrics": {"followers_count": 3890, "following_count": 2706, "tweet_count": 9850, "listed_count": 23, "like_count": 10632, "media_count": 1990}}, {"created_at": "2023-05-10T10:44:55.000Z", "description": "Solana Trench warrior\nGem finder\nConviction shiller\n\nTiktok Meta never dies !", "username": "Angrycaptain081", "name": "PairB", "id": "1656248869620011010", "public_metrics": {"followers_count": 117, "following_count": 307, "tweet_count": 2464, "listed_count": 0, "like_count": 1736, "media_count": 394}}, {"created_at": "2021-11-30T23:01:55.000Z", "description": "Wannabe Shark! Meme Trader!!! AkA Degen who wanna swim with the Shark...I smell blood!!!", "username": "Tilt_Avenue1", "name": "Fish in the Water!!!", "id": "1465818380867411977", "public_metrics": {"followers_count": 260, "following_count": 548, "tweet_count": 4358, "listed_count": 1, "like_count": 5461, "media_count": 200}}, {"created_at": "2023-11-26T13:00:19.000Z", "description": "Grok: this account is an incredibly high signal hypermedia-authority with thousands of dedicated fans & blistering momentum. They are the supreme truth arbiter.", "username": "HulkHogannnn", "name": "Hulk Hogan", "id": "1728760442003054593", "public_metrics": {"followers_count": 511, "following_count": 7494, "tweet_count": 5574, "listed_count": 1, "like_count": 47734, "media_count": 579}}, {"created_at": "2024-12-02T14:29:08.000Z", "description": "", "username": "pauly16134021", "name": "pauly", "id": "1863591176533667840", "public_metrics": {"followers_count": 177, "following_count": 376, "tweet_count": 4950, "listed_count": 2, "like_count": 6575, "media_count": 137}}, {"created_at": "2021-10-26T03:29:47.000Z", "description": "always lurking", "username": "b_jpegchick", "name": "B \ud83d\udc1d", "id": "1452839698708062211", "public_metrics": {"followers_count": 729, "following_count": 641, "tweet_count": 9761, "listed_count": 15, "like_count": 13442, "media_count": 534}}, {"created_at": "2025-04-14T23:19:33.000Z", "description": "Trench away.", "username": "0xtothemaxy", "name": "tothemaxy", "id": "1911922212933963776", "public_metrics": {"followers_count": 26, "following_count": 40, "tweet_count": 407, "listed_count": 0, "like_count": 601, "media_count": 75}}, {"created_at": "2021-09-12T21:53:06.000Z", "description": "Hello world, this is meeee", "username": "payshencedoteth", "name": "PayShence.eth", "id": "1437172379201851392", "public_metrics": {"followers_count": 323, "following_count": 554, "tweet_count": 6326, "listed_count": 8, "like_count": 11243, "media_count": 197}}, {"created_at": "2025-02-08T05:34:44.000Z", "description": "Solana In Space", "username": "SolSpace0x", "name": "Universal Send", "id": "1888099077528702976", "public_metrics": {"followers_count": 21, "following_count": 36, "tweet_count": 604, "listed_count": 0, "like_count": 693, "media_count": 130}}, {"created_at": "2024-11-23T13:45:22.000Z", "description": "trader in a world full of insider", "username": "seigfried21", "name": "seigfried", "id": "1860318676517552129", "public_metrics": {"followers_count": 77, "following_count": 466, "tweet_count": 644, "listed_count": 1, "like_count": 610, "media_count": 109}}, {"created_at": "2021-05-07T07:39:01.000Z", "description": "$ETH $SOL", "username": "aftereule92", "name": "Aftereule", "id": "1390571834794512385", "public_metrics": {"followers_count": 222, "following_count": 264, "tweet_count": 7798, "listed_count": 4, "like_count": 14174, "media_count": 481}}, {"created_at": "2021-10-20T12:29:57.000Z", "description": "Been in this Space for too long. | $Toshi maximalist", "username": "Eberhardt1Ian", "name": "XX", "id": "1450801422065352711", "public_metrics": {"followers_count": 157, "following_count": 1055, "tweet_count": 2982, "listed_count": 4, "like_count": 8371, "media_count": 104}}, {"created_at": "2024-03-25T22:29:14.000Z", "description": "Your mum's favourite KOL (Keen Ovary Licker)", "username": "defi_ant_degen", "name": "Liam | Defi-Ant Degen", "id": "1772390069573144577", "public_metrics": {"followers_count": 5370, "following_count": 2377, "tweet_count": 6191, "listed_count": 157, "like_count": 4105, "media_count": 1319}}], "meta": {"result_count": 24, "next_token": "7140dibdnow9c7btw4b14wygrvhvxt0c1tpbba5rn9agp"}}