{"data": [{"created_at": "2019-03-23T01:29:16.000Z", "public_metrics": {"followers_count": 83, "following_count": 307, "tweet_count": 237, "listed_count": 0, "like_count": 633, "media_count": 14}, "name": "Satish Kumar Patchipulusu", "username": "spatchip", "id": "1109265824320110593", "description": "avg product manager | engg. @CarnegieMellon"}, {"created_at": "2019-09-15T09:44:10.000Z", "public_metrics": {"followers_count": 116, "following_count": 627, "tweet_count": 642, "listed_count": 0, "like_count": 890, "media_count": 13}, "name": "Oshonik", "username": "oshonikislucky", "id": "1173170583565025280", "description": "Rooted in three rivers one flows with grace, one with devotion, and one with detachment"}, {"created_at": "2021-12-11T18:38:54.000Z", "public_metrics": {"followers_count": 330, "following_count": 462, "tweet_count": 5502, "listed_count": 6, "like_count": 7516, "media_count": 472}, "name": "thesvn", "username": "iamthesvn", "id": "1469738380195893250", "description": "seeking truth in the chain"}], "meta": {"result_count": 3, "next_token": "7140dibdnow9c7btw4b1kd8c6gk58ntzp24dei75bwily"}}