{"data": [{"name": "Jennifer", "id": "1819375207892529152", "username": "JenniferDe92562", "description": "", "created_at": "2024-08-02T14:11:08.000Z", "public_metrics": {"followers_count": 1102, "following_count": 835, "tweet_count": 52025, "listed_count": 0, "like_count": 117071, "media_count": 4}}, {"name": "Hein Huyser", "id": "1866920013237547008", "username": "huyser6057", "description": "You must develop the ability to be disliked in order to free yourself from the prison of other people\u2019s opinions.", "created_at": "2024-12-11T18:57:09.000Z", "public_metrics": {"followers_count": 1179, "following_count": 1494, "tweet_count": 69654, "listed_count": 0, "like_count": 23081, "media_count": 1389}}, {"name": "Thomas Prince", "id": "4152891299", "username": "Only1Trickster", "description": "Private Security For D.J.T & Intelligence\nSpecial Forces /NSA/US Consulate General.\n\nStupidity Is Not A Crime, But A Tragedy, That In The End, We All Pay For.", "created_at": "2015-11-10T00:46:41.000Z", "public_metrics": {"followers_count": 11633, "following_count": 4242, "tweet_count": 389836, "listed_count": 23, "like_count": 601933, "media_count": 3111}}, {"name": "TexasTwin2", "id": "1644569810125070337", "username": "D_K_Morrow", "description": "Faith \ud83d\ude4fFamily \u2764\ufe0fFreedom \ud83c\uddfa\ud83c\uddf8 \u2694\ufe0f #WeThePeople \u2694\ufe0f \u201cNo weapon turned against you will succeed\u2026\u201d Isaiah 54:17\ud83c\udf9a\ufe0f\ud83d\udd4a\ufe0f", "created_at": "2023-04-08T05:16:37.000Z", "public_metrics": {"followers_count": 1846, "following_count": 2313, "tweet_count": 33773, "listed_count": 1, "like_count": 68740, "media_count": 36}}, {"name": "Karen", "id": "1804928861152710656", "username": "JaxiesMom77", "description": "Humans helping Save Our People", "created_at": "2024-06-23T17:26:09.000Z", "public_metrics": {"followers_count": 2757, "following_count": 4253, "tweet_count": 149877, "listed_count": 0, "like_count": 181423, "media_count": 1}}, {"name": "Robey san", "id": "1464231033751101442", "username": "ChristineRobey5", "description": "I wanna be an astronaut, where's my spaceship?", "created_at": "2021-11-26T13:54:24.000Z", "public_metrics": {"followers_count": 1710, "following_count": 1977, "tweet_count": 1334, "listed_count": 0, "like_count": 0, "media_count": 0}}, {"name": "Ullie", "id": "23482251", "username": "ullionweb", "description": "", "created_at": "2009-03-09T19:06:44.000Z", "public_metrics": {"followers_count": 2118, "following_count": 1, "tweet_count": 162602, "listed_count": 7, "like_count": 12, "media_count": 5254}}, {"name": "kristenl325", "id": "1359344770573873157", "username": "kristenl325", "description": "Entrepreneur", "created_at": "2021-02-10T03:33:54.000Z", "public_metrics": {"followers_count": 1409, "following_count": 852, "tweet_count": 32032, "listed_count": 1, "like_count": 103340, "media_count": 2}}, {"name": "Dimension Breaker Nakroth", "id": "3084972398", "username": "Hazerion", "description": "I am for a free, unbiased gaming press because video games are not a political battleground nor your propaganda machine to push agenda.", "created_at": "2015-03-15T12:15:57.000Z", "public_metrics": {"followers_count": 662, "following_count": 141, "tweet_count": 197941, "listed_count": 49, "like_count": 298669, "media_count": 1368}}, {"name": "Scott Edelman", "id": "4837023214", "username": "NoDiplomat", "description": "Retired diplomat (Middle East and east-central Europe). Genetic Democrat who grew up to be constitutional conservative. History buff -- any kind.", "created_at": "2016-01-23T01:05:33.000Z", "public_metrics": {"followers_count": 1754, "following_count": 3934, "tweet_count": 47306, "listed_count": 6, "like_count": 83037, "media_count": 27}}, {"name": "deependra singh", "id": "1014171870399066112", "username": "deepennsail", "description": "Indian ||\n\nRT's are not endorsements .", "created_at": "2018-07-03T15:39:51.000Z", "public_metrics": {"followers_count": 719, "following_count": 955, "tweet_count": 284734, "listed_count": 0, "like_count": 328534, "media_count": 12}}, {"name": "CryptoS6\u2604\ufe0f", "id": "772854962992799744", "username": "cryptos6_bk10x", "description": "Chief Meme Builder \ud83d\udc77 | Crypto OG since 2013 | $BONK $PENGU", "created_at": "2016-09-05T17:52:36.000Z", "public_metrics": {"followers_count": 3814, "following_count": 1243, "tweet_count": 52063, "listed_count": 16, "like_count": 54088, "media_count": 3435}}, {"name": "Emma", "id": "1270882454", "username": "Emma122310", "description": "", "created_at": "2013-03-15T22:42:08.000Z", "public_metrics": {"followers_count": 516, "following_count": 349, "tweet_count": 534, "listed_count": 0, "like_count": 2247, "media_count": 29}}, {"name": "Edna Silveira", "id": "1918659005913939968", "username": "EdnaNina007", "description": "Brazilian, American, Portuguese, English, Spanish...\nLove people, kids, and pets.\nCosmetologyst, Visionary, Entrepreneur, \nP.B.S.C. Love is the answer!!!", "created_at": "2025-05-03T13:29:11.000Z", "public_metrics": {"followers_count": 2566, "following_count": 2520, "tweet_count": 24451, "listed_count": 0, "like_count": 37353, "media_count": 508}}, {"name": "Possibly \ud83c\uddfa\ud83c\uddf8", "id": "1480340776949329921", "username": "Possiblyinabit", "description": "A little bit of everything except drama. If you\u2019re looking for a fight rather than a discussion, this account is not for you.", "created_at": "2022-01-10T00:48:53.000Z", "public_metrics": {"followers_count": 3404, "following_count": 2562, "tweet_count": 108514, "listed_count": 8, "like_count": 512926, "media_count": 803}}, {"name": "SCPatriot", "id": "3029130303", "username": "raruffell", "description": "", "created_at": "2015-02-11T01:04:29.000Z", "public_metrics": {"followers_count": 1150, "following_count": 1227, "tweet_count": 198117, "listed_count": 1, "like_count": 765490, "media_count": 45}}, {"name": "Amysright", "id": "1693435317473198080", "username": "Amysright1", "description": "happy wife, proud mother, \nlove my family \nlove my country- America and all of her people first!", "created_at": "2023-08-21T01:30:54.000Z", "public_metrics": {"followers_count": 2934, "following_count": 284, "tweet_count": 93761, "listed_count": 0, "like_count": 4783, "media_count": 3}}, {"name": "\u0645\u0635\u0637\u0641\u0649 \u0643\u0627\u0645\u0644 \u0645\u062d\u0645\u062f \u0645\u0635\u0637\u0641\u0649", "id": "1594434278049214466", "username": "mfykmlmmdmfy1", "description": "\u0627\u0646\u0633\u0627\u0646", "created_at": "2022-11-20T20:56:39.000Z", "public_metrics": {"followers_count": 661, "following_count": 1118, "tweet_count": 84639, "listed_count": 1, "like_count": 129255, "media_count": 361}}, {"name": "Chris Sandlin", "id": "931928583202684928", "username": "RBastage", "description": "", "created_at": "2017-11-18T16:54:23.000Z", "public_metrics": {"followers_count": 656, "following_count": 509, "tweet_count": 53397, "listed_count": 0, "like_count": 141972, "media_count": 567}}, {"name": "DANNY TRAN (ALPHA-MALE)-(ULTRA-MAGA)-(PRO-TRUMP)", "id": "19265675", "username": "MRDANNYTRAN", "description": "ME MYSELF AND I\nI USE VULGAR LANGUAGE & ALL CAPS SO STAY AWAY IF YOU DON'T LIKE IT\nIFBAP\n@realDonaldTrump\n@ElonMusk\n@GuntherEagleman\n@ScottPresler\n@ninivarchive", "created_at": "2009-01-20T23:56:27.000Z", "public_metrics": {"followers_count": 39621, "following_count": 42338, "tweet_count": 301076, "listed_count": 24, "like_count": 345170, "media_count": 1398}}, {"name": "Reeve Elo", "id": "1976275096567218176", "username": "reeve766", "description": "Building the future, one crazy idea at a time\u2026\u2026. Failure is an option here if things aren\u2019t failing, you\u2019re not innovating enough. Together we success \u2764\ufe0f\ud83d\ude80", "created_at": "2025-10-09T13:15:02.000Z", "public_metrics": {"followers_count": 41, "following_count": 1, "tweet_count": 2356, "listed_count": 0, "like_count": 14103, "media_count": 2}}, {"name": "Chris Mueller", "id": "1692621442238623745", "username": "MuelsPhD2006", "description": "", "created_at": "2023-08-18T19:37:53.000Z", "public_metrics": {"followers_count": 1954, "following_count": 615, "tweet_count": 88659, "listed_count": 1, "like_count": 396133, "media_count": 4}}, {"name": "Jeanne-Marie Rosano", "id": "1836158868843368448", "username": "Jeannieros1965", "description": "Absolutely No DM\u2019S!  MAGA since the escalator, \ud83c\uddfa\ud83c\uddf8\ud83c\uddfa\ud83c\uddf8\ud83c\uddfa\ud83c\uddf8Proud Mama and soon to be Grandma! God Bless The USA!", "created_at": "2024-09-17T21:43:26.000Z", "public_metrics": {"followers_count": 6115, "following_count": 4660, "tweet_count": 70978, "listed_count": 1, "like_count": 77133, "media_count": 687}}, {"name": "Deepak\ud83c\uddee\ud83c\uddf3", "id": "4680872952", "username": "Deepak2006116", "description": "", "created_at": "2015-12-31T02:25:54.000Z", "public_metrics": {"followers_count": 752, "following_count": 572, "tweet_count": 272274, "listed_count": 15, "like_count": 1072884, "media_count": 300}}, {"name": "Mohammad Junaid Durrani", "id": "1514361980773191686", "username": "RealDurraniView", "description": "", "created_at": "2022-04-13T21:57:03.000Z", "public_metrics": {"followers_count": 327, "following_count": 212, "tweet_count": 113263, "listed_count": 0, "like_count": 180256, "media_count": 75}}, {"name": "TinaPM American", "id": "587891491", "username": "TpmPeiser", "description": "A proud Legal Imm./WOMAN/USA citizen, I\u2764\ufe0fAMERICA/military. ProLife \u2764Constitution, GOD, FAMILY #ULTRAMAGA #DEPLORABLE #MAHA #votered  #2nd\ud83d\udeabDM", "created_at": "2012-05-23T01:02:10.000Z", "public_metrics": {"followers_count": 6748, "following_count": 5347, "tweet_count": 323668, "listed_count": 2, "like_count": 272140, "media_count": 433}}, {"name": "American Knight", "id": "1519353060618735616", "username": "stevep38af", "description": "Intelligent, cool, handsome and lots of fun, I follow back \ud83d\ude00", "created_at": "2022-04-27T16:38:41.000Z", "public_metrics": {"followers_count": 740, "following_count": 638, "tweet_count": 27228, "listed_count": 3, "like_count": 54493, "media_count": 155}}, {"name": "Rodney Hatchett", "id": "1519449350404984833", "username": "RodneyHatchett2", "description": "", "created_at": "2022-04-27T22:53:09.000Z", "public_metrics": {"followers_count": 2050, "following_count": 401, "tweet_count": 72482, "listed_count": 0, "like_count": 78916, "media_count": 5}}, {"name": "Holistic \u0189OGE \ud835\udd4f", "id": "935531679371923458", "username": "Doge4Faithful", "description": "Harvard University Healthy Eating cert. My tweets are just jokes & AI art\ud83d\udc15\ud83d\ude80\ud83c\udf15\ud83c\udf0cCheck out my HIGHLIGHTS tab for interesting X posts! $Doge,Freedom, Elon rock.", "created_at": "2017-11-28T15:31:48.000Z", "public_metrics": {"followers_count": 6024, "following_count": 1733, "tweet_count": 303976, "listed_count": 34, "like_count": 469037, "media_count": 38887}}, {"name": "Francis Gregory\ud83c\uddee\ud83c\uddf3", "id": "2476894926", "username": "FrancisChennai", "description": "Patriot. Ex Wockhardt, Goodlass Nerolac Paints,Ex-Consultant Quality Systems. Want to see a clean & corruption free India.", "created_at": "2014-05-04T13:34:44.000Z", "public_metrics": {"followers_count": 1187, "following_count": 2701, "tweet_count": 23774, "listed_count": 9, "like_count": 18883, "media_count": 14}}, {"name": "Gusto", "id": "1586779458329002004", "username": "Gusto9797", "description": "", "created_at": "2022-10-30T17:58:22.000Z", "public_metrics": {"followers_count": 721, "following_count": 276, "tweet_count": 68727, "listed_count": 0, "like_count": 9860, "media_count": 0}}, {"name": "GolondrinaSure\u00f1a \ud83c\udde8\ud83c\uddf1", "id": "51829997", "username": "dearely", "description": "Adoro a mis hijos, Patriota que ama Chile,\ud83d\udc9a y a la maravillosa m\u00fasica de #IlVolo.", "created_at": "2009-06-28T20:15:14.000Z", "public_metrics": {"followers_count": 8274, "following_count": 8610, "tweet_count": 295560, "listed_count": 4, "like_count": 298093, "media_count": 677}}, {"name": "Florian Nadal", "id": "83342321", "username": "florian92200", "description": "\u00ab Go woke, go broke \u00bb \u00ab School is the advertising agency which makes you believe that you need the society as it is \u00bb Ivan Illich", "created_at": "2009-10-18T10:56:03.000Z", "public_metrics": {"followers_count": 185, "following_count": 594, "tweet_count": 3446, "listed_count": 3, "like_count": 45271, "media_count": 196}}, {"name": "Howie", "id": "1585811881675169793", "username": "MotorcycleVet", "description": "Vietnam era Veteran 64 to 67 served in #Korea \nMotorcyclist \nNo DMs\nHapily Married\nI'm not as good as I once was, but I'm as good once\nAs I ever was! @tobykeith", "created_at": "2022-10-28T01:53:44.000Z", "public_metrics": {"followers_count": 4188, "following_count": 4177, "tweet_count": 243047, "listed_count": 12, "like_count": 255222, "media_count": 188}}, {"name": "HonestRED", "id": "1626981310618296321", "username": "originaltreble", "description": "Committed Man Utd fan for over 40 years. Sick of all these plastic fans and lazy journo\u2019s that haven\u2019t got a clue about the issues at our great club.", "created_at": "2023-02-18T16:26:01.000Z", "public_metrics": {"followers_count": 746, "following_count": 1609, "tweet_count": 16739, "listed_count": 3, "like_count": 41936, "media_count": 589}}, {"name": "Jmads25", "id": "1339616430103420931", "username": "Jmads251", "description": "Constitutionalist", "created_at": "2020-12-17T17:00:39.000Z", "public_metrics": {"followers_count": 365, "following_count": 846, "tweet_count": 16388, "listed_count": 1, "like_count": 22433, "media_count": 12}}, {"name": "D", "id": "1832090243027161088", "username": "Whoatalthepuss", "description": "", "created_at": "2024-09-06T16:16:38.000Z", "public_metrics": {"followers_count": 1583, "following_count": 11, "tweet_count": 59507, "listed_count": 0, "like_count": 58231, "media_count": 2}}, {"name": "My2Common\u00a2ents\ud83c\uddfa\ud83c\uddf8\ud83d\ude4f\u271d\ufe0f\u2696\ufe0f", "id": "1306671808976912394", "username": "7CommonSense", "description": "\ud83d\udce31A,2A\ud83d\udd14Trump\u2019s Golden Age of America\ud83c\uddfa\ud83c\uddf8\ud83e\udd85Not Monetized, just support X free speech\ud83d\ude80Protect the children\u23f3Reposts, Likes are not endorsements \ud83d\udeabNo DMs", "created_at": "2020-09-17T19:10:31.000Z", "public_metrics": {"followers_count": 6414, "following_count": 5005, "tweet_count": 153182, "listed_count": 9, "like_count": 107906, "media_count": 1750}}, {"name": "Seshagiri", "id": "25030979", "username": "seshuc", "description": "", "created_at": "2009-03-18T04:59:01.000Z", "public_metrics": {"followers_count": 460, "following_count": 125, "tweet_count": 16255, "listed_count": 0, "like_count": 18320, "media_count": 0}}, {"name": "Neko", "id": "1640696575113719809", "username": "NekoJJ1219", "description": "", "created_at": "2023-03-28T12:46:31.000Z", "public_metrics": {"followers_count": 138, "following_count": 163, "tweet_count": 13983, "listed_count": 0, "like_count": 102655, "media_count": 0}}, {"name": "SAL - Rule Britannia \ud83c\uddec\ud83c\udde7\ud83c\uddec\ud83c\udde7\ud83c\uddec\ud83c\udde7", "id": "1615453292032823296", "username": "SAL_14535", "description": "DNA/Genealogy Researcher \ud83c\uddec\ud83c\udde7 \ud83c\udff4\udb40\udc67\udb40\udc62\udb40\udc65\udb40\udc6e\udb40\udc67\udb40\udc7f \ud83c\udff4\udb40\udc67\udb40\udc62\udb40\udc73\udb40\udc63\udb40\udc74\udb40\udc7f STAND PROUD BRITONS FOR WE ARE THE GREATEST EMPIRE ON EARTH \ud83c\uddec\ud83c\udde7 WE ARE THE BRITISH EMPIRE \ud83c\uddec\ud83c\udde7", "created_at": "2023-01-17T20:58:04.000Z", "public_metrics": {"followers_count": 2523, "following_count": 0, "tweet_count": 263536, "listed_count": 3, "like_count": 51, "media_count": 308}}, {"name": "DMKrane", "id": "1249431053413928961", "username": "KraneDm", "description": "Proud Christian, 2nd amendment supporting, constitutional conservative American! Veteran mother, daughter and sister. newly retired RN.\nAmerica First!", "created_at": "2020-04-12T20:16:12.000Z", "public_metrics": {"followers_count": 3939, "following_count": 2394, "tweet_count": 299974, "listed_count": 2, "like_count": 522939, "media_count": 4}}, {"name": "Debbie A Moore", "id": "1006521080", "username": "DebbieAMoore1", "description": "", "created_at": "2012-12-12T14:47:12.000Z", "public_metrics": {"followers_count": 3490, "following_count": 657, "tweet_count": 102682, "listed_count": 0, "like_count": 501178, "media_count": 4}}, {"name": "Sasssy333", "id": "1659848755066339328", "username": "Auspatriot33", "description": "I believe in free speech, equality of opportunity and reality. Obscenities and insults will be blocked. Retweeting is not agreeing.", "created_at": "2023-05-20T09:09:33.000Z", "public_metrics": {"followers_count": 1584, "following_count": 6797, "tweet_count": 61848, "listed_count": 11, "like_count": 134059, "media_count": 425}}, {"name": "Rita Thomas", "id": "132230870", "username": "RitaLThomas", "description": "American Patriot MAGA", "created_at": "2010-04-12T17:13:48.000Z", "public_metrics": {"followers_count": 8189, "following_count": 3253, "tweet_count": 259576, "listed_count": 2, "like_count": 339521, "media_count": 425}}, {"name": "Nigel Brereton", "id": "712492600", "username": "Brereton_N", "description": "I'm ready!", "created_at": "2013-10-13T10:18:16.000Z", "public_metrics": {"followers_count": 1023, "following_count": 1201, "tweet_count": 103717, "listed_count": 1, "like_count": 210470, "media_count": 493}}, {"name": "Claudia Nunes \ud83c\udde7\ud83c\uddf7 \ud83c\udde7\ud83c\uddf7 \ud83c\udde7\ud83c\uddf7", "id": "56131587", "username": "csnunes1", "description": "Carioca radicada em S\u00e3o Paulo, apaixonada pela linguagem e suas m\u00faltiplas possibilidades e preocupada com a forma\u00e7\u00e3o de adolescentes e jovens para a cidadania.", "created_at": "2009-07-12T16:43:54.000Z", "public_metrics": {"followers_count": 7117, "following_count": 5887, "tweet_count": 525647, "listed_count": 0, "like_count": 969061, "media_count": 1428}}, {"name": "Shahriar Rahman \ud83c\udde7\ud83c\udde9\ud83c\uddf5\ud83c\uddf8", "id": "839522515458252800", "username": "S_R_Goddo", "description": "AI & Robotics Enthusiast | DevOps | Data Engineering https://t.co/hbQcjTvQ6k \nhttps://t.co/nHK3D96Dwe\nhttps://t.co/uKNeMa8KWh", "created_at": "2017-03-08T17:05:40.000Z", "public_metrics": {"followers_count": 564, "following_count": 726, "tweet_count": 24687, "listed_count": 34, "like_count": 516658, "media_count": 41}}, {"name": "XX.", "id": "133603778", "username": "Susie64528211", "description": "Truth Warrior \u271d\ufe0f\ud83d\udc9f\u262e\ufe0f Human will is God\u2019s will; Jesus Christ is KING; MAGA; President Trump; Free Speech; I DON\u2019T sugar coat. Honesty is integrity! No DM\u2019s \ud83d\udeab", "created_at": "2010-04-16T05:48:36.000Z", "public_metrics": {"followers_count": 8918, "following_count": 1901, "tweet_count": 219043, "listed_count": 17, "like_count": 199812, "media_count": 1029}}, {"name": "*MEGA*", "id": "739870873214197764", "username": "feuer_licht9", "description": "", "created_at": "2016-06-06T17:25:37.000Z", "public_metrics": {"followers_count": 1756, "following_count": 7501, "tweet_count": 124839, "listed_count": 3, "like_count": 78654, "media_count": 6}}, {"name": "Musk", "id": "1233171579330334727", "username": "Elon_X_215", "description": "\ud83d\ude80| Spacex .CEO&CTO\n\ud83d\ude94| Tesla .CEO and product architect \n\ud83d\ude84| Hyperloop .Founder of The boring company \n\ud83e\udd16|CO-Founder-Neturalink, OpenAl", "created_at": "2020-02-27T23:26:46.000Z", "public_metrics": {"followers_count": 236, "following_count": 340, "tweet_count": 59, "listed_count": 0, "like_count": 6, "media_count": 0}}, {"name": "Todd MacPherson", "id": "80147522", "username": "toddmacpherson", "description": "Navigating the stormy seas of the Communist Industrial Complex\u2122 that\u2019s infiltrated Western culture.", "created_at": "2009-10-05T22:50:19.000Z", "public_metrics": {"followers_count": 2523, "following_count": 1464, "tweet_count": 16492, "listed_count": 1, "like_count": 13805, "media_count": 704}}, {"name": "Nicu Acostachioaie", "id": "1518797900418977793", "username": "NAcostachioaie", "description": "", "created_at": "2022-04-26T03:44:28.000Z", "public_metrics": {"followers_count": 555, "following_count": 318, "tweet_count": 41535, "listed_count": 0, "like_count": 72807, "media_count": 63}}, {"name": "mj", "id": "1946844858838319104", "username": "MjPx1992", "description": "Falls der Hoffnung letzter Funke erlischt, soll dies durch salzige tr\u00e4nen linksgr\u00fcner Troglodyten geschehen. \nFckCmmnsm. \nPolitisch zwischen V.L.L.C. und PPP.", "created_at": "2025-07-20T08:09:35.000Z", "public_metrics": {"followers_count": 402, "following_count": 1102, "tweet_count": 18793, "listed_count": 2, "like_count": 16321, "media_count": 24}}, {"name": "Roberto Conde", "id": "1384310969766092805", "username": "Roberto56249298", "description": "Empresario sector inmobiliario, carpe diem, quam minimim credula postero \ud83d\ude09puerta de hierro Guadalajara y puro Polanco \ud83d\ude0ebro \ud83d\udc4c\u270c\n#bitcoin \ud83d\udcb0#crypto\ud83d\udcb0PALM, TABO", "created_at": "2021-04-20T01:02:03.000Z", "public_metrics": {"followers_count": 880, "following_count": 556, "tweet_count": 123042, "listed_count": 34, "like_count": 160872, "media_count": 15413}}, {"name": "Todd Sargent", "id": "723480030", "username": "toddsargent79", "description": "", "created_at": "2012-07-29T06:06:00.000Z", "public_metrics": {"followers_count": 1100, "following_count": 774, "tweet_count": 20765, "listed_count": 0, "like_count": 41779, "media_count": 163}}, {"name": "XOfficial", "id": "1997479631914696704", "username": "XOfficial_477", "description": "\ud83d\ude80| Spacex \u2022 CEO & CTO\n\ud83d\ude94 Tesla \u2022 CEO and Product architect \n\ud83e\udde9| OpenAI \u2022 Co-founder", "created_at": "2025-12-07T01:34:54.000Z", "public_metrics": {"followers_count": 0, "following_count": 28, "tweet_count": 185, "listed_count": 0, "like_count": 0, "media_count": 6}}, {"name": "Peter", "id": "1563616541404712964", "username": "PeterHo85410099", "description": "", "created_at": "2022-08-27T19:57:19.000Z", "public_metrics": {"followers_count": 399, "following_count": 51, "tweet_count": 6421, "listed_count": 2, "like_count": 37018, "media_count": 84}}, {"name": "Javed", "id": "1630766685186846724", "username": "Javedforpeace", "description": "", "created_at": "2023-03-01T03:07:58.000Z", "public_metrics": {"followers_count": 59, "following_count": 150, "tweet_count": 26589, "listed_count": 0, "like_count": 633, "media_count": 454}}, {"name": "E M", "id": "77924890", "username": "elonmusk19770", "description": "", "created_at": "2009-09-28T04:31:07.000Z", "public_metrics": {"followers_count": 19, "following_count": 21, "tweet_count": 229, "listed_count": 0, "like_count": 3820, "media_count": 0}}, {"name": "M", "id": "1894072133816651776", "username": "Martl101", "description": "", "created_at": "2025-02-24T17:09:44.000Z", "public_metrics": {"followers_count": 1235, "following_count": 204, "tweet_count": 65617, "listed_count": 0, "like_count": 9, "media_count": 17923}}, {"name": "Beth ***", "id": "2802272943", "username": "bknuth96", "description": "Hope I am brave enough to defend animals&children with my life!  #Trump2020#2024#wwg1wga Red 20rip, beloved,amish belgian,calico Keepu2,I am 72,NO DMS", "created_at": "2014-10-03T17:11:54.000Z", "public_metrics": {"followers_count": 5685, "following_count": 7498, "tweet_count": 332790, "listed_count": 1, "like_count": 522741, "media_count": 1013}}, {"name": "timemachine", "id": "1435456359282069509", "username": "Timemachine1211", "description": "", "created_at": "2021-09-08T04:14:12.000Z", "public_metrics": {"followers_count": 885, "following_count": 564, "tweet_count": 5529, "listed_count": 11, "like_count": 8822, "media_count": 139}}, {"name": "Skiing Bear", "id": "292513112", "username": "DrUnfried", "description": "", "created_at": "2011-05-03T19:32:56.000Z", "public_metrics": {"followers_count": 2238, "following_count": 2921, "tweet_count": 208056, "listed_count": 5, "like_count": 456791, "media_count": 21}}, {"name": "Tayam Bahnasi", "id": "1996689183252021248", "username": "TayamBahnasi", "description": "They call me T.B\ud83e\uddcb", "created_at": "2025-12-04T21:13:01.000Z", "public_metrics": {"followers_count": 1, "following_count": 123, "tweet_count": 4731, "listed_count": 0, "like_count": 30, "media_count": 0}}, {"name": "Pam Bailey", "id": "206835706", "username": "iamjadedraigon", "description": "Author, Writer. House flipper. Searching for truth, justice and clearance sales. #MAGA", "created_at": "2010-10-23T21:05:56.000Z", "public_metrics": {"followers_count": 7854, "following_count": 4552, "tweet_count": 333065, "listed_count": 45, "like_count": 67296, "media_count": 19}}, {"name": "Julie", "id": "1823102258390732800", "username": "JulieMatth27690", "description": "I\u2019m a Blessed American whom loves God & Family. I am a firm believer God is in control. Do no harm is the way for a good life! Love God, Live with Peace & Hope.", "created_at": "2024-08-12T21:00:38.000Z", "public_metrics": {"followers_count": 2769, "following_count": 694, "tweet_count": 74323, "listed_count": 19, "like_count": 45051, "media_count": 700}}, {"name": "Sudhanva Alatur Raghvendra\ud83c\uddee\ud83c\uddf3", "id": "1120008625458696193", "username": "ARSudhanva", "description": "Don't be ashamed of your ignorance, be ashamed of your unwillingness to overcome it.", "created_at": "2019-04-21T16:57:19.000Z", "public_metrics": {"followers_count": 763, "following_count": 5139, "tweet_count": 144320, "listed_count": 0, "like_count": 126809, "media_count": 57}}, {"name": "Beverly Wasson", "id": "1599215772274159616", "username": "Bev_Wasson", "description": "", "created_at": "2022-12-04T01:36:23.000Z", "public_metrics": {"followers_count": 6686, "following_count": 546, "tweet_count": 265713, "listed_count": 0, "like_count": 250488, "media_count": 18}}, {"name": "Just Sayin \ud83c\uddfa\ud83c\uddf8\ud83d\udc4d\ud83c\uddfa\ud83c\uddf8", "id": "985507718", "username": "SayinWhatever", "description": "\"Only in the darkness can you see the stars.\" Stay Hopeful.  \ud83c\uddfa\ud83c\uddf8", "created_at": "2012-12-02T22:38:15.000Z", "public_metrics": {"followers_count": 4043, "following_count": 6030, "tweet_count": 222854, "listed_count": 26, "like_count": 219741, "media_count": 4971}}, {"name": "Rick Ford 907 \ud83c\udf4a\ud83c\udfb8\ud83c\uddfa\ud83c\uddf8", "id": "1832575923369193472", "username": "RickFordLt", "description": "Southern by birth, Veteran by choice, redeemed by the grace of a loving Lord! Honored to be a Husband, Father, and Grandfather! God bless the USA! \ud83c\uddfa\ud83c\uddf8", "created_at": "2024-09-08T00:26:11.000Z", "public_metrics": {"followers_count": 8485, "following_count": 7673, "tweet_count": 141752, "listed_count": 3, "like_count": 209520, "media_count": 91}}, {"name": "\ud83c\uddfa\ud83c\uddf8 KitKaT # XX", "id": "140310352", "username": "toothpickcross", "description": "I love to read.", "created_at": "2010-05-05T05:02:59.000Z", "public_metrics": {"followers_count": 6625, "following_count": 1609, "tweet_count": 223656, "listed_count": 7, "like_count": 344567, "media_count": 518}}, {"name": "R Griffith", "id": "1600569487807610880", "username": "RGriffi57748222", "description": "", "created_at": "2022-12-07T19:14:57.000Z", "public_metrics": {"followers_count": 1621, "following_count": 2058, "tweet_count": 176867, "listed_count": 0, "like_count": 238609, "media_count": 0}}, {"name": "CONGRATULATIONS MESSAGE ME TO CLAIM YOUR PRIZE \ud83d\ude80", "id": "1996252142664114176", "username": "ELONTESLA1I", "description": "I'm Elon Musk, the CEO and lead designer at SpaceX, CEO of Tesla, Inc\ud83d\ude97", "created_at": "2025-12-03T16:16:22.000Z", "public_metrics": {"followers_count": 0, "following_count": 3, "tweet_count": 69, "listed_count": 0, "like_count": 0, "media_count": 0}}, {"name": "\u266a \ud83c\udf0c\ud83e\udd8c", "id": "259034658", "username": "librxrian", "description": "\ud83c\udf84", "created_at": "2011-03-01T01:03:13.000Z", "public_metrics": {"followers_count": 30697, "following_count": 1391, "tweet_count": 99504, "listed_count": 309, "like_count": 248545, "media_count": 9174}}, {"name": "Vote for BJP to save India from Congress and othrs", "id": "1426843408228749315", "username": "guunja12", "description": "I,m a Hindu who belongs to Bharat", "created_at": "2021-08-15T09:50:08.000Z", "public_metrics": {"followers_count": 120, "following_count": 220, "tweet_count": 21081, "listed_count": 1, "like_count": 20480, "media_count": 0}}, {"name": "E-M \ud83d\ude80\ud83d\ude80\ud83d\ude80\ud83d\ude80", "id": "1996188715883134976", "username": "musk_39463", "description": "", "created_at": "2025-12-03T12:04:43.000Z", "public_metrics": {"followers_count": 1, "following_count": 7, "tweet_count": 233, "listed_count": 0, "like_count": 0, "media_count": 0}}, {"name": "Jon", "id": "1518993816493113344", "username": "320OSE", "description": "American dad that is proud of his daughters and loves their mom.", "created_at": "2022-04-26T16:42:35.000Z", "public_metrics": {"followers_count": 819, "following_count": 452, "tweet_count": 62811, "listed_count": 0, "like_count": 39242, "media_count": 4}}, {"name": "F14V!U5 F3RN4ND35", "id": "131600005", "username": "FlaviusFX", "description": "\ud83c\uddec\ud83c\udde7\ud83c\uddf5\ud83c\uddf9\ud83c\uddf0\ud83c\uddea\ud83c\uddee\ud83c\uddf3\u271d \nAstra inclinant, sed non obligant. \n80+ Billion, 15+ year fraud exposed at my time at @ImperialBankLtd", "created_at": "2010-04-10T19:23:39.000Z", "public_metrics": {"followers_count": 2774, "following_count": 5314, "tweet_count": 159950, "listed_count": 11, "like_count": 160255, "media_count": 5812}}, {"name": "SeldenGADawgs", "id": "339831428", "username": "SeldenGADawgs", "description": "Ultra MAGA Deplorable- Followed by James Woods,Charlie Kirk,Ted Cruz, General Flynn, Dinesh, Juanita Broaddrick +. Cry harder Dems/I\u2019ll ALWAYS be MAGA. #GoDawgs", "created_at": "2011-07-21T18:42:11.000Z", "public_metrics": {"followers_count": 53677, "following_count": 34850, "tweet_count": 578981, "listed_count": 186, "like_count": 23424, "media_count": 9337}}, {"name": "Santos Ray Victorero, II", "id": "1889517966296743936", "username": "realSRVictorero", "description": "Independent IT Consultant on the analysis, design and implementation of IT Business Hardware/Software systems.\nNO DM's please.", "created_at": "2025-02-12T03:35:00.000Z", "public_metrics": {"followers_count": 1051, "following_count": 338, "tweet_count": 19034, "listed_count": 1, "like_count": 13711, "media_count": 2992}}, {"name": "Ghana12", "id": "1993087752192376834", "username": "Ghana121451736", "description": "", "created_at": "2025-11-24T22:42:13.000Z", "public_metrics": {"followers_count": 24, "following_count": 25, "tweet_count": 4211, "listed_count": 0, "like_count": 3744, "media_count": 0}}, {"name": "Helena, Pizza Queen", "id": "942985146843594752", "username": "Helena5jhy", "description": "Interested in politics, space, travel, fitness, literature, BBQ & cooking. I manage my own portfolio\u2014happy to discuss, but not seeking invites to invest.", "created_at": "2017-12-19T05:09:13.000Z", "public_metrics": {"followers_count": 15, "following_count": 3, "tweet_count": 1002, "listed_count": 0, "like_count": 538, "media_count": 0}}, {"name": "\u0415\u0433\u043e\u0440", "id": "2890677197", "username": "vatana7", "description": "", "created_at": "2014-11-24T12:28:25.000Z", "public_metrics": {"followers_count": 7354, "following_count": 8109, "tweet_count": 436000, "listed_count": 261, "like_count": 213664, "media_count": 14353}}, {"name": "MrZad", "id": "1509300421394944001", "username": "ZadCa150", "description": "\u261d\ufe0f\ud83e\udd14", "created_at": "2022-03-30T22:44:05.000Z", "public_metrics": {"followers_count": 894, "following_count": 997, "tweet_count": 31644, "listed_count": 4, "like_count": 30787, "media_count": 28}}, {"name": "Regan Vail", "id": "1518709261173407752", "username": "ReganVail", "description": "", "created_at": "2022-04-25T21:51:34.000Z", "public_metrics": {"followers_count": 2909, "following_count": 324, "tweet_count": 218289, "listed_count": 1, "like_count": 437561, "media_count": 1}}, {"name": "Ujaaang3", "id": "1992635271675027456", "username": "manaujang3", "description": "", "created_at": "2025-11-23T16:44:13.000Z", "public_metrics": {"followers_count": 0, "following_count": 8, "tweet_count": 6, "listed_count": 0, "like_count": 4, "media_count": 0}}, {"name": "\u3086\u3063\u304d\u30fc\u3002", "id": "1823630547975069696", "username": "koochi2257890", "description": "\u304a\u8179\u304c\u7a7a\u3044\u305f\u3002\u3060\u304b\u3089\u65e5\u672c\u98df\u304b\u98df\u3079\u305f\u3044\u3002\uff08\u3054\u98ef\u3068\u304a\u8c46\u8150\u3068\u304a\u6f2c\u7269\u3068\u304a\u5473\u564c\u3060\u3051\u3067\u826f\u3044\u304b\u3082\uff09 DM\u306e\u8fd4\u4e8b\u306f\u3057\u307e\u305b\u3093\u3002", "created_at": "2024-08-14T08:01:15.000Z", "public_metrics": {"followers_count": 456, "following_count": 464, "tweet_count": 28410, "listed_count": 4, "like_count": 37869, "media_count": 671}}, {"name": "Mariposamimi", "id": "1365222803402752000", "username": "Mariposamimi3", "description": "", "created_at": "2021-02-26T08:51:17.000Z", "public_metrics": {"followers_count": 17, "following_count": 790, "tweet_count": 34928, "listed_count": 1, "like_count": 52865, "media_count": 114}}, {"name": "Clark Kent.", "id": "773528008011440128", "username": "HLRDefineHim", "description": "Wearing his colours proudly; he's a formidable gladiator at war. Founded since 02' John Cena sets his standard as a gallantry soldier.", "created_at": "2016-09-07T14:27:03.000Z", "public_metrics": {"followers_count": 14, "following_count": 10, "tweet_count": 606, "listed_count": 0, "like_count": 612, "media_count": 0}}, {"name": "LFG!", "id": "1957951376", "username": "zcstocks", "description": "Supporter of President Trump\n#MAGA  #MAHA \nDepopulation is real.\nPlease no DM.", "created_at": "2013-10-13T03:58:03.000Z", "public_metrics": {"followers_count": 10890, "following_count": 8780, "tweet_count": 386370, "listed_count": 44, "like_count": 160826, "media_count": 690}}, {"name": "Fish Tank", "id": "1629988614716178432", "username": "FishTanksSuck", "description": "Do you feel like you are in the oxygen aquarium, just a few thousand feet of water above your head keeping you alive? Little do you know, planet Earth is one.", "created_at": "2023-02-26T23:36:07.000Z", "public_metrics": {"followers_count": 686, "following_count": 310, "tweet_count": 116045, "listed_count": 5, "like_count": 106310, "media_count": 9782}}, {"name": "Chad", "id": "1688560940625612800", "username": "Sailormanchad", "description": "", "created_at": "2023-08-07T14:41:28.000Z", "public_metrics": {"followers_count": 4442, "following_count": 4690, "tweet_count": 221619, "listed_count": 1, "like_count": 313342, "media_count": 3}}, {"name": "Cindy", "id": "1996212546337206272", "username": "em39174", "description": "", "created_at": "2025-12-03T13:39:10.000Z", "public_metrics": {"followers_count": 8, "following_count": 2, "tweet_count": 178, "listed_count": 0, "like_count": 0, "media_count": 0}}, {"name": "kourosh", "id": "1220546587312762880", "username": "kourosh15915126", "description": "", "created_at": "2020-01-24T03:19:53.000Z", "public_metrics": {"followers_count": 4232, "following_count": 7499, "tweet_count": 714252, "listed_count": 12, "like_count": 528841, "media_count": 14383}}, {"name": "Elonmusk", "id": "1997462020074131457", "username": "Elonmusk272675", "description": "DOGE FATHER \ud83e\ude90\ud83d\ude80\n\ud83d\ude80/Spacex. CEO & CTO \ud83d\ude94 Tesla . CEO\nProduct architect \ud83e\ude90 Hyperloo\nWebsite \nhttps://t.co/YakeZF2L1I", "created_at": "2025-12-07T00:24:10.000Z", "public_metrics": {"followers_count": 0, "following_count": 1, "tweet_count": 52, "listed_count": 0, "like_count": 2, "media_count": 0}}], "meta": {"result_count": 96, "next_token": "7140dibdnow9c7btw4b1yznqmz96znvl40ntvc23b1pvb"}}