{"data": [{"public_metrics": {"followers_count": 156, "following_count": 1977, "tweet_count": 17791, "listed_count": 1, "like_count": 9208, "media_count": 1775}, "username": "chsaldarriaga", "name": "Carlos Saldarriaga", "created_at": "2012-03-04T23:32:36.000Z", "id": "514885498", "description": ""}, {"public_metrics": {"followers_count": 8, "following_count": 6, "tweet_count": 56, "listed_count": 0, "like_count": 130, "media_count": 0}, "username": "Haper798073", "name": "Haper", "created_at": "2025-12-04T14:40:48.000Z", "id": "1996590416855261185", "description": "Calm soul, chaotic markets \ud83c\udf3e"}, {"public_metrics": {"followers_count": 1005, "following_count": 322, "tweet_count": 21643, "listed_count": 0, "like_count": 74630, "media_count": 1}, "username": "Todi83208924", "name": "Todi", "created_at": "2022-03-13T16:26:25.000Z", "id": "1503044618752958469", "description": "Clear O"}, {"public_metrics": {"followers_count": 1162, "following_count": 2192, "tweet_count": 35883, "listed_count": 11, "like_count": 227004, "media_count": 2662}, "username": "Pearlydummy", "name": "Pearlydumm", "created_at": "2010-06-11T12:20:53.000Z", "id": "154508440", "description": "Crusading against idiots, woke, islamists, leftards, invaders, antifa, EU and replacement."}, {"public_metrics": {"followers_count": 889, "following_count": 1040, "tweet_count": 8038, "listed_count": 3, "like_count": 85042, "media_count": 60}, "username": "jaynewe60269293", "name": "jay newell", "created_at": "2021-03-07T18:05:35.000Z", "id": "1368623793506287616", "description": "Dad, Husband, Vet loving life with my family"}, {"public_metrics": {"followers_count": 487, "following_count": 1446, "tweet_count": 16514, "listed_count": 2, "like_count": 11447, "media_count": 57}, "username": "liqi7384", "name": "\u706b\u904d\u5929\u4e0b", "created_at": "2023-12-15T11:44:25.000Z", "id": "1735626557497217024", "description": "\u7559\u7740\u5171\u4ea7\u515a\u65e9\u665a\u4e92\u76f8\u5f04\u6b7b\uff01\n\u52a0\u5165\u6587\u8d35\u5148\u751f\u7684\u7206\u6599\u9769\u547d\uff0c\u4e00\u8d77\u7ed3\u675f\u5171\u4ea7\u515a\u7684\u9ed1\u6697\u7edf\u6cbb\u8fce\u63a5\u5149\u660e\u7684\u672a\u6765\u662f\u6bcf\u4e00\u4e2a\u5171\u4ea7\u515a\u7684\u552f\u4e00\u51fa\u8def\uff0c\u5426\u5219\u4f60\u4eec\u65e9\u665a\u88ab\u5171\u4ea7\u515a\u7684\u5176\u4ed6\u4eba\u5f04\u6b7b\uff0c\u96be\u9053\u4e0d\u662f\u5417\uff1f"}, {"public_metrics": {"followers_count": 1188, "following_count": 83, "tweet_count": 214029, "listed_count": 2, "like_count": 446524, "media_count": 8}, "username": "Sarilion_980", "name": "Sarilion Margrave", "created_at": "2015-06-27T15:53:40.000Z", "id": "3347665025", "description": "Deutschland im linksgr\u00fcnen Albtraum: wo Unrecht zu Recht wird, die Regellosigkeit zur Regel, wo der Verstand verspottet und dem fiebrigen Gef\u00fchl gehuldigt wird."}, {"public_metrics": {"followers_count": 2210, "following_count": 2517, "tweet_count": 17131, "listed_count": 0, "like_count": 34701, "media_count": 42}, "username": "RobertCabinetMa", "name": "Robert", "created_at": "2012-06-19T05:34:14.000Z", "id": "612376908", "description": ""}, {"public_metrics": {"followers_count": 1279, "following_count": 1034, "tweet_count": 28251, "listed_count": 0, "like_count": 28788, "media_count": 924}, "username": "MichaelFr777man", "name": "Michael Freeman", "created_at": "2022-02-10T18:20:11.000Z", "id": "1491839393853853703", "description": "Rescuing DJ\u2019s and musicians and creatives from inappropriate tech."}, {"public_metrics": {"followers_count": 24, "following_count": 128, "tweet_count": 64, "listed_count": 0, "like_count": 317, "media_count": 2}, "username": "Noi_Pinetwork", "name": "Phan \u0110\u00ecnh N\u1ed9i", "created_at": "2025-08-25T04:31:50.000Z", "id": "1959836036516941824", "description": "Pi network"}, {"public_metrics": {"followers_count": 665, "following_count": 3276, "tweet_count": 41369, "listed_count": 0, "like_count": 34753, "media_count": 2}, "username": "stlpgh2012", "name": "SANDMAN2012", "created_at": "2012-08-30T04:29:38.000Z", "id": "790820191", "description": ""}, {"public_metrics": {"followers_count": 440, "following_count": 435, "tweet_count": 862, "listed_count": 4, "like_count": 57602, "media_count": 0}, "username": "churchscanner", "name": "Pattern Recognition", "created_at": "2023-12-12T05:08:50.000Z", "id": "1734440074568466432", "description": "it is not skin color. it is culture and ideology."}, {"public_metrics": {"followers_count": 505, "following_count": 1221, "tweet_count": 6226, "listed_count": 5, "like_count": 6674, "media_count": 341}, "username": "AnasMaako", "name": "Stellar21", "created_at": "2019-06-02T12:08:40.000Z", "id": "1135156272121040896", "description": "enjoy Life \ud83d\udc95happy Life \ud83d\udc95\u4e16\u754c\u5e73\u548c\u3092\u9858\u3063\u3066\u304a\u308a\u307e\u3059\u3002"}, {"public_metrics": {"followers_count": 1064, "following_count": 1099, "tweet_count": 95562, "listed_count": 1, "like_count": 108345, "media_count": 4}, "username": "grumpyoldman311", "name": "grumpy old man", "created_at": "2014-10-27T05:58:42.000Z", "id": "2879077464", "description": ""}, {"public_metrics": {"followers_count": 414, "following_count": 535, "tweet_count": 7393, "listed_count": 0, "like_count": 31793, "media_count": 12}, "username": "FelKempf", "name": "Felix Kempf", "created_at": "2021-12-25T14:14:53.000Z", "id": "1474745389903396870", "description": ""}, {"public_metrics": {"followers_count": 3056, "following_count": 2331, "tweet_count": 109741, "listed_count": 23, "like_count": 431881, "media_count": 2269}, "username": "jeremyjhowes", "name": "Jeremy Howes", "created_at": "2016-07-21T12:56:25.000Z", "id": "756110582533726208", "description": "Designer. Far Righteous. Advance UK and Restore Britain member, come join us."}, {"public_metrics": {"followers_count": 3035, "following_count": 4156, "tweet_count": 135766, "listed_count": 2, "like_count": 120944, "media_count": 7210}, "username": "Ianmcnamara5", "name": "I an mcnamara", "created_at": "2016-02-06T00:17:49.000Z", "id": "4879335597", "description": "Trump & farage original\nThank you, Elon Musk ."}, {"public_metrics": {"followers_count": 417, "following_count": 323, "tweet_count": 6293, "listed_count": 3, "like_count": 4226, "media_count": 1373}, "username": "BobKlugschei", "name": "Der Klugschei\u00dfer \ud83c\udde9\ud83c\uddea \ud83c\udde8\ud83c\uddf7", "created_at": "2023-09-07T18:26:07.000Z", "id": "1699851498560380928", "description": "Liebe Motorradfahrer, bei Regen fahren wir etwas schneller dann \n werden wir nicht so lange nass.\n\nIm Exil"}, {"public_metrics": {"followers_count": 4, "following_count": 27, "tweet_count": 189, "listed_count": 0, "like_count": 1872, "media_count": 15}, "username": "Candyman4568", "name": "Candan Decker", "created_at": "2025-11-14T20:40:35.000Z", "id": "1989433168454127616", "description": ""}, {"public_metrics": {"followers_count": 595, "following_count": 952, "tweet_count": 51294, "listed_count": 15, "like_count": 379, "media_count": 398}, "username": "Mr_DoubleImpact", "name": "Chris Noble Ochiagha", "created_at": "2011-03-22T04:38:58.000Z", "id": "270189358", "description": "If Ur Enemy Refused To Be Humbled... Destroy Him!! #JCVD #RationalThinker #Wailer #Tourist #Goal_Getter #Team @ManUtd #NGR_Emerging_States IG: Mr9iceGuy_"}, {"public_metrics": {"followers_count": 3206, "following_count": 4292, "tweet_count": 23229, "listed_count": 28, "like_count": 15941, "media_count": 2420}, "username": "IIIPConLibPat", "name": "\ud83c\uddfa\ud83c\uddf8 Michael \ud83c\uddfa\ud83c\uddf8 Victor \ud83c\uddfa\ud83c\uddf8", "created_at": "2015-12-09T21:06:54.000Z", "id": "4430536468", "description": "Limited Government Private Property Rule of Law Sound Money States Rights Free Markets Austrian Business Cycle National Defense CAPITALISM Catholic ProLife 2A"}, {"public_metrics": {"followers_count": 1665, "following_count": 1299, "tweet_count": 74321, "listed_count": 3, "like_count": 261144, "media_count": 158}, "username": "MarkWbbr", "name": "Happy Old Guy", "created_at": "2016-09-05T15:26:53.000Z", "id": "772818291018518529", "description": "Father of 5 wonderful children, grandfather to the 6 best grandkids in the world and husband to the love of my life."}, {"public_metrics": {"followers_count": 338, "following_count": 202, "tweet_count": 1306, "listed_count": 3, "like_count": 2419, "media_count": 239}, "username": "konorev_sergey", "name": "Sergey Konorev", "created_at": "2020-12-27T12:26:03.000Z", "id": "1343171221249261568", "description": "comments on life"}, {"public_metrics": {"followers_count": 1249, "following_count": 1177, "tweet_count": 38240, "listed_count": 5, "like_count": 33129, "media_count": 3864}, "username": "SarahConno95792", "name": "Sarah Connor", "created_at": "2024-02-05T21:31:51.000Z", "id": "1754618647618990081", "description": "CANADIAN LIVES MATTER\nNO MORE TERMINATIONS ELON"}, {"public_metrics": {"followers_count": 4686, "following_count": 6673, "tweet_count": 182535, "listed_count": 13, "like_count": 270759, "media_count": 568}, "username": "Bagpipe11", "name": "Lassie Isle of Skye", "created_at": "2011-12-14T06:12:55.000Z", "id": "436459353", "description": "Trump is the Safety Net for America!  45 - 47  Conservative. #MAGA- #2A .  Truth, transparency in Gov't!    UGA - Go Dawgs!!"}, {"public_metrics": {"followers_count": 2971, "following_count": 1560, "tweet_count": 149065, "listed_count": 10, "like_count": 208468, "media_count": 9802}, "username": "gailboswell2113", "name": "Gail Boswell", "created_at": "2013-12-24T15:12:43.000Z", "id": "2260381578", "description": "MAGA all the way!!! Here trying to wake up the sheep. Keeping check on liberal lies. Keep fighting Patriots, never ever give up!!!!!! \ud83c\uddfa\ud83c\uddf8\ud83c\uddfa\ud83c\uddf8\ud83c\uddfa\ud83c\uddf8\ud83c\uddfa\ud83c\uddf8"}, {"public_metrics": {"followers_count": 970, "following_count": 2603, "tweet_count": 36046, "listed_count": 0, "like_count": 115208, "media_count": 751}, "username": "FreePasghetti", "name": "Tenacious N", "created_at": "2011-07-06T19:40:20.000Z", "id": "330542764", "description": "Government without the support of the governed, is tyranny.Proud Albertan, lifelong separatist. Awake, not woke. Pronouns are FA/FO. Lists=BLOCK no DMs"}, {"public_metrics": {"followers_count": 708, "following_count": 314, "tweet_count": 992, "listed_count": 0, "like_count": 25211, "media_count": 1}, "username": "wshiker", "name": "Bill Selph", "created_at": "2023-09-11T03:51:37.000Z", "id": "1701080552307040256", "description": "Christian, Father, Grandfather,  Floridian, IT Manager, Computer & Software Engineer (since 1973), Eagle Scout, KW4FD, God bless the USA. joined twitter 2009"}, {"public_metrics": {"followers_count": 234, "following_count": 448, "tweet_count": 5473, "listed_count": 0, "like_count": 14464, "media_count": 46}, "username": "CG26876091", "name": "Gerry", "created_at": "2022-11-02T20:13:20.000Z", "id": "1587900619402125316", "description": ""}, {"public_metrics": {"followers_count": 3149, "following_count": 3335, "tweet_count": 3829, "listed_count": 1, "like_count": 62580, "media_count": 2}, "username": "ElizabethGSavio", "name": "Elizabeth", "created_at": "2013-03-11T03:02:21.000Z", "id": "1258450356", "description": "In a time of universal deceit, telling the truth becomes a revolutionary act. Anti-feminism. GOP-Liberal-intolerant."}, {"public_metrics": {"followers_count": 223, "following_count": 366, "tweet_count": 16812, "listed_count": 6, "like_count": 71650, "media_count": 1001}, "username": "mad_soulless", "name": "Mad Queen -Shadow Crew-", "created_at": "2019-02-15T17:00:59.000Z", "id": "1096454335117041666", "description": "Snarky, lovable, coffee addicted writer and artist... Randomly too old for this internet thingy"}, {"public_metrics": {"followers_count": 5608, "following_count": 4640, "tweet_count": 32946, "listed_count": 3, "like_count": 62849, "media_count": 392}, "username": "AndreaM05062450", "name": "Andrea \u2696\ufe0f \ud83d\udc0e \ud83d\udc83", "created_at": "2022-05-18T05:06:55.000Z", "id": "1526791280117747712", "description": "Independent Thinker \ud83d\ude4f\ud83c\uddfa\ud83c\uddf8 \ud83c\uddee\ud83c\uddf1 \u271d\ufe0f John 14:6 ,  \ud83c\udf0e Traveler, Investor, Jesus is King,  Faith & Freedom"}, {"public_metrics": {"followers_count": 392, "following_count": 18, "tweet_count": 33898, "listed_count": 0, "like_count": 69606, "media_count": 381}, "username": "LeiYingLo2", "name": "Torriss Balsoff", "created_at": "2020-07-15T17:37:18.000Z", "id": "1283455590442795008", "description": "When my friend found out that his parents voted for Biden, he resolved to never visit their grave site again."}, {"public_metrics": {"followers_count": 995, "following_count": 938, "tweet_count": 122871, "listed_count": 6, "like_count": 14672, "media_count": 3232}, "username": "ABC03071143", "name": "Amy\u5c31\u4e8b\u8bba\u4e8b", "created_at": "2019-06-01T01:03:31.000Z", "id": "1134626496696340480", "description": "Christian. conservative values . independent.\u5c31\u4e8b\u8bba\u4e8b"}, {"public_metrics": {"followers_count": 2108, "following_count": 5677, "tweet_count": 77631, "listed_count": 2, "like_count": 62430, "media_count": 1}, "username": "Born20YrTooSoon", "name": "Tejas Rose", "created_at": "2017-02-03T15:16:40.000Z", "id": "827536285359288324", "description": "Born 20 years too soon."}, {"public_metrics": {"followers_count": 696, "following_count": 3346, "tweet_count": 212975, "listed_count": 104, "like_count": 73145, "media_count": 138}, "username": "ace_critic", "name": "Truth Seeker", "created_at": "2010-03-03T09:16:55.000Z", "id": "119328096", "description": "\u0930\u0918\u0941\u092a\u0924\u093f \u0930\u093e\u0918\u0935 \u0930\u093e\u091c\u093e\u0930\u093e\u092e,\u092a\u0924\u093f\u0924 \u092a\u093e\u0935\u0928 \u0938\u0940\u0924\u093e\u0930\u093e\u092e\u0964\n\u0938\u0941\u0902\u0926\u0930 \u0935\u093f\u0917\u094d\u0930\u0939 \u092e\u0947\u0918\u0936\u094d\u092f\u093e\u092e,\u0917\u0902\u0917\u093e \u0924\u0941\u0932\u0938\u0940 \u0936\u093e\u0932\u0917\u094d\u0930\u093e\u092e\u0965\n\u092d\u0926\u094d\u0930\u0917\u093f\u0930\u0940\u0936\u094d\u0935\u0930 \u0938\u0940\u0924\u093e\u0930\u093e\u092e,\u092d\u0917\u0924-\u091c\u0928\u092a\u094d\u0930\u093f\u092f \u0938\u0940\u0924\u093e\u0930\u093e\u092e\u0964\n\u091c\u093e\u0928\u0915\u0940\u0930\u092e\u0923\u093e \u0938\u0940\u0924\u093e\u0930\u093e\u092e,\u091c\u092f\u091c\u092f \u0930\u093e\u0918\u0935 \u0938\u0940\u0924\u093e\u0930\u093e\u092e\u0965"}, {"public_metrics": {"followers_count": 1619, "following_count": 4125, "tweet_count": 89622, "listed_count": 2, "like_count": 39476, "media_count": 851}, "username": "enviegee", "name": "Envie", "created_at": "2023-07-29T13:43:59.000Z", "id": "1685284685180542976", "description": "The truth will set you free"}, {"public_metrics": {"followers_count": 1491, "following_count": 5499, "tweet_count": 28109, "listed_count": 2, "like_count": 63698, "media_count": 1321}, "username": "heideekat", "name": "Heidi", "created_at": "2023-09-04T03:09:24.000Z", "id": "1698533620049379328", "description": "Dragon believer. TRUMP 2024 baby! EL Specialist. miss my lil boo so much. \ud83d\udc94"}, {"public_metrics": {"followers_count": 2031, "following_count": 3122, "tweet_count": 67149, "listed_count": 17, "like_count": 61767, "media_count": 313}, "username": "CFroh", "name": "Charles Frohman", "created_at": "2011-09-13T20:16:08.000Z", "id": "372998146", "description": "Forbes-featured cashpatient maker, Freedom Hub host & lobbyist for oldest health freedom org"}, {"public_metrics": {"followers_count": 120, "following_count": 476, "tweet_count": 4284, "listed_count": 3, "like_count": 59171, "media_count": 61}, "username": "EduLicciardi", "name": "Eduardo Licciardi", "created_at": "2022-12-19T12:27:42.000Z", "id": "1604815613003694080", "description": ""}, {"public_metrics": {"followers_count": 367, "following_count": 104, "tweet_count": 78464, "listed_count": 0, "like_count": 108395, "media_count": 11}, "username": "Abhi9avBaranwal", "name": "Abhinav Baranwal", "created_at": "2014-12-13T09:36:30.000Z", "id": "2928326700", "description": ""}, {"public_metrics": {"followers_count": 999, "following_count": 1174, "tweet_count": 108406, "listed_count": 0, "like_count": 470062, "media_count": 258}, "username": "n1974kumar", "name": "Neeraj Kumar", "created_at": "2015-11-01T14:58:22.000Z", "id": "4091755698", "description": "I'm loving helping person love \u2764\ufe0f every one \u261d\ufe0f"}, {"public_metrics": {"followers_count": 5840, "following_count": 5117, "tweet_count": 118403, "listed_count": 22, "like_count": 364013, "media_count": 5480}, "username": "Pirouette15", "name": "Dom Barbarella", "created_at": "2011-09-13T15:56:48.000Z", "id": "372881332", "description": "Adore les animaux, la nature, la lecture et la musique et d\u00e9teste #StopTrait\u00e9OMS#Lepassnazitaire et surtout #StopWEF #jesoutiensFranceSoir"}, {"public_metrics": {"followers_count": 8, "following_count": 10, "tweet_count": 245, "listed_count": 0, "like_count": 3755, "media_count": 42}, "username": "ABW_PROJEKT", "name": "ABW PROJEKT Andrzej Witt", "created_at": "2016-04-12T14:02:14.000Z", "id": "719888360496635904", "description": "Firma \u015bwiadcz\u0105ca us\u0142ugi projektowe z zakresu: uwarunkowania \u015brodowiskowe, g\u00f3rnictwo i geologia, rekultywacja. Naszymi partnerami s\u0105:\nEXATEL SA\nHelios Strategia"}, {"public_metrics": {"followers_count": 421, "following_count": 164, "tweet_count": 8583, "listed_count": 0, "like_count": 56546, "media_count": 15}, "username": "Debosborne2023", "name": "Debbie Osborne", "created_at": "2023-05-10T05:37:07.000Z", "id": "1656171426506760194", "description": ""}, {"public_metrics": {"followers_count": 6570, "following_count": 7497, "tweet_count": 887701, "listed_count": 8, "like_count": 276927, "media_count": 49661}, "username": "jeonmyeong86458", "name": "\ucd5c\uace0\uc758 \uba85\uc608", "created_at": "2023-04-24T06:48:43.000Z", "id": "1650390790873698305", "description": "\ud55c\uad6d \uc11c\uc6b8\uc5d0 \uc0b4\uace0\uc788\uc5b4\uc694 \n\uc544\ub9c8\ucd94\uc5b4 \uadf8\ub9bc\uc791\uac00 \uc785\ub2c8\ub2e4"}, {"public_metrics": {"followers_count": 206, "following_count": 584, "tweet_count": 4114, "listed_count": 11, "like_count": 50537, "media_count": 104}, "username": "GoldenSisquo", "name": "GoldenSisquo", "created_at": "2022-01-12T10:40:54.000Z", "id": "1481214512258760709", "description": "I'm just myself please."}, {"public_metrics": {"followers_count": 3216, "following_count": 7498, "tweet_count": 132758, "listed_count": 7, "like_count": 77133, "media_count": 1050}, "username": "MichaelPBryant2", "name": "Michael P Bryant", "created_at": "2021-09-08T15:01:27.000Z", "id": "1435619105021718543", "description": "Born again Christian \u201cI\u2019m with Him\u201d \u201cHe who is not with Me is against Me, and he who does not gather with Me scatters abroad.\u201d I\u2019d Rather Have Jesus\u201d John 15:18"}, {"public_metrics": {"followers_count": 181, "following_count": 827, "tweet_count": 115519, "listed_count": 3, "like_count": 110876, "media_count": 13}, "username": "curemyspecialz", "name": "\u30ad\u30e5\u30a2SPECIALZ", "created_at": "2019-11-07T14:59:01.000Z", "id": "1192456379618881537", "description": "\u81ea\u79f0:\u4eba\u306e\u5fc3\u304c\u306a\u3044\u5c0f\u50e7\uff08\u6210\u4eba\u6e08\u307f\uff09\u3067\u3059\u3002"}, {"public_metrics": {"followers_count": 324, "following_count": 258, "tweet_count": 11010, "listed_count": 0, "like_count": 5811, "media_count": 1691}, "username": "Steppenwuff", "name": "STEPPENWOLF", "created_at": "2024-12-22T00:08:13.000Z", "id": "1870622055667752960", "description": ""}, {"public_metrics": {"followers_count": 2785, "following_count": 1754, "tweet_count": 363152, "listed_count": 2, "like_count": 507019, "media_count": 283}, "username": "ChezWWG1WGA", "name": "Chez&Zee", "created_at": "2023-03-28T00:39:51.000Z", "id": "1640513955222417408", "description": "my 2015 account taken \ud83d\ude2a.\nWe are Truth seekers, History Lovers. Wiradjuri, Convict, Anzac Ancestors \u2764 Mother, Daughter \u2764 \n \nWe Wear the Armour of God\ud83d\ude0d"}, {"public_metrics": {"followers_count": 4035, "following_count": 2410, "tweet_count": 78872, "listed_count": 5, "like_count": 81998, "media_count": 431}, "username": "gerheffernan23", "name": "gerard heffernan", "created_at": "2023-07-04T00:22:31.000Z", "id": "1676023288705818625", "description": ""}, {"public_metrics": {"followers_count": 22, "following_count": 103, "tweet_count": 113, "listed_count": 0, "like_count": 589, "media_count": 4}, "username": "terib_theladyt", "name": "Teri", "created_at": "2014-07-25T17:33:39.000Z", "id": "2680116973", "description": ""}, {"public_metrics": {"followers_count": 41, "following_count": 158, "tweet_count": 2066, "listed_count": 0, "like_count": 2727, "media_count": 17}, "username": "batipascal", "name": "Batipascal", "created_at": "2013-02-15T07:29:23.000Z", "id": "1181423594", "description": "Gestion au mieux des naufrages et des paraboles qui vont avec !!!"}, {"public_metrics": {"followers_count": 2263, "following_count": 4765, "tweet_count": 33504, "listed_count": 3, "like_count": 35498, "media_count": 99}, "username": "POVtogo", "name": "Points Of View To Go", "created_at": "2010-12-02T19:23:28.000Z", "id": "222208096", "description": "peripatetic commentarian, unleashed writer & poet fascinated by diversity, unrepentant PATRIOT-A portal for YOUR powerful POV: #MAGA #MAHA #TRUMP2024"}, {"public_metrics": {"followers_count": 3267, "following_count": 400, "tweet_count": 76047, "listed_count": 0, "like_count": 171640, "media_count": 250}, "username": "heyjlynn", "name": "Judy Nutter", "created_at": "2011-09-03T00:04:42.000Z", "id": "366872011", "description": "I read. Therefore, I know. One Grammy getting the word out:\n VoterID, Protect Children & Women, CloseTheBorder, Protect Free Speech, MAGA, MAHA, Support TPUSA"}, {"public_metrics": {"followers_count": 1484, "following_count": 2685, "tweet_count": 312641, "listed_count": 1, "like_count": 515900, "media_count": 38}, "username": "Pankz_Jha", "name": "Mask Up India\ud83c\uddee\ud83c\uddf3", "created_at": "2019-03-27T06:29:18.000Z", "id": "1110790881827672064", "description": "Positive thinker, repost is all about what majority thinks....and not endorsement."}, {"public_metrics": {"followers_count": 1981, "following_count": 2408, "tweet_count": 110583, "listed_count": 3, "like_count": 36478, "media_count": 336}, "username": "AnnFost50123587", "name": "Ann Foster", "created_at": "2021-07-08T04:32:31.000Z", "id": "1412992919200362501", "description": "I love Jesus! \u2764\ufe0f  Here we go - For such a time is this! God always wins!"}, {"public_metrics": {"followers_count": 1438, "following_count": 861, "tweet_count": 155241, "listed_count": 0, "like_count": 280047, "media_count": 111}, "username": "stereoscopyrock", "name": "Stereo World", "created_at": "2012-04-22T17:24:49.000Z", "id": "560449634", "description": "Avid part-time Manhattanite \ud83c\uddfa\ud83c\uddf8\ud83c\udde9\ud83c\uddea\ud83c\udde6\ud83c\uddf9\ud83c\uddee\ud83c\uddf1"}, {"public_metrics": {"followers_count": 134, "following_count": 646, "tweet_count": 121223, "listed_count": 0, "like_count": 191616, "media_count": 46}, "username": "GautamDev373", "name": "IRON MAN", "created_at": "2014-03-14T23:59:13.000Z", "id": "2390066072", "description": ""}, {"public_metrics": {"followers_count": 1065, "following_count": 1092, "tweet_count": 169755, "listed_count": 5, "like_count": 168331, "media_count": 670}, "username": "AubreyStringer", "name": "Aubrey Stringer", "created_at": "2012-10-08T00:33:39.000Z", "id": "867171516", "description": "Architect, Dad\nAfter 35 years of marriage I have no interest in a new relationship. Photos of beautiful young women need not apply."}, {"public_metrics": {"followers_count": 2606, "following_count": 386, "tweet_count": 197787, "listed_count": 0, "like_count": 199944, "media_count": 2}, "username": "DPrezbindowski", "name": "Diane Prezbindowski", "created_at": "2019-06-18T14:38:14.000Z", "id": "1140992118590189568", "description": ""}, {"public_metrics": {"followers_count": 75, "following_count": 351, "tweet_count": 860, "listed_count": 0, "like_count": 233, "media_count": 111}, "username": "viopletty", "name": "hanabi", "created_at": "2017-02-23T19:24:04.000Z", "id": "834846306447151105", "description": "chill aja sihh"}, {"public_metrics": {"followers_count": 159, "following_count": 67, "tweet_count": 4169, "listed_count": 2, "like_count": 14393, "media_count": 28}, "username": "gelien333", "name": "Gelien333", "created_at": "2019-09-17T19:50:02.000Z", "id": "1174047840055844866", "description": "Unvaccinated and anti-woke,  extremely confirmed right-wing (extrem gesichert rechts)"}, {"public_metrics": {"followers_count": 143, "following_count": 319, "tweet_count": 3025, "listed_count": 1, "like_count": 2511, "media_count": 92}, "username": "GlennforUkraine", "name": "Glenn", "created_at": "2023-05-08T09:07:10.000Z", "id": "1655499513275236353", "description": "Pissing off both far left & far right. I use common sense & intellectualism without emotionalism. BA Auburn University. JD Duke Law School. Fmr Army Capt. MAGA"}, {"public_metrics": {"followers_count": 240, "following_count": 2399, "tweet_count": 94561, "listed_count": 1, "like_count": 314001, "media_count": 1689}, "username": "Maiiiiicon", "name": "Maicon", "created_at": "2011-07-05T15:14:58.000Z", "id": "329742414", "description": "Na Guerra, Vit\u00f3ria\n\nNa paz, Vigil\u00e2ncia\n\nNa morte, Sacrif\u00edcio"}, {"public_metrics": {"followers_count": 17, "following_count": 19, "tweet_count": 1014, "listed_count": 0, "like_count": 373, "media_count": 258}, "username": "RitaVergnano", "name": "Rita Vergnano", "created_at": "2022-10-17T05:20:51.000Z", "id": "1581877528167432193", "description": ""}, {"public_metrics": {"followers_count": 661, "following_count": 1118, "tweet_count": 84639, "listed_count": 1, "like_count": 129255, "media_count": 361}, "username": "mfykmlmmdmfy1", "name": "\u0645\u0635\u0637\u0641\u0649 \u0643\u0627\u0645\u0644 \u0645\u062d\u0645\u062f \u0645\u0635\u0637\u0641\u0649", "created_at": "2022-11-20T20:56:39.000Z", "id": "1594434278049214466", "description": "\u0627\u0646\u0633\u0627\u0646"}, {"public_metrics": {"followers_count": 5426, "following_count": 4450, "tweet_count": 16477, "listed_count": 36, "like_count": 3002, "media_count": 993}, "username": "LynnD_P", "name": "The People\u2019s Karen", "created_at": "2011-11-18T20:47:37.000Z", "id": "415798824", "description": "Digital soldier since 2007. OG of being shadow banned by these fucks. Mess with my family and prepare for hell to come down on you. Sometimes I curse, grow up."}, {"public_metrics": {"followers_count": 1847, "following_count": 4173, "tweet_count": 35828, "listed_count": 8, "like_count": 43480, "media_count": 1707}, "username": "mangochow1", "name": "Fidel4Truth", "created_at": "2013-09-30T17:41:24.000Z", "id": "1920818479", "description": "M&A Advisor/Real Estate Investor.  Disband the IRS\u2026Eliminate the Federal Income Tax.  #FAIRTax #HR25 #UltraMAGA #TrumpWon3Times \n*Sips RUM-flavored memes*"}, {"public_metrics": {"followers_count": 32, "following_count": 116, "tweet_count": 244, "listed_count": 0, "like_count": 6321, "media_count": 4}, "username": "andrei_nec67141", "name": "...", "created_at": "2024-12-07T05:23:03.000Z", "id": "1865265425673498624", "description": ""}, {"public_metrics": {"followers_count": 36, "following_count": 147, "tweet_count": 774, "listed_count": 0, "like_count": 1200, "media_count": 9}, "username": "ZGuilb9550", "name": "Nicolas", "created_at": "2025-08-03T19:01:04.000Z", "id": "1952082225706713088", "description": "En attente que les moutons n\u2019aient plus rien a bouffer, vite!"}, {"public_metrics": {"followers_count": 5447, "following_count": 5040, "tweet_count": 180956, "listed_count": 1, "like_count": 459108, "media_count": 52}, "username": "IamBruceRussell", "name": "Bruce Russell", "created_at": "2016-03-21T16:36:41.000Z", "id": "711954696492032000", "description": "Proud American husband/father who believes our God given liberties are under assault. Christian,#MAGA,#Pro-life,#2A,100%Trump. Back the Blue."}, {"public_metrics": {"followers_count": 385, "following_count": 5192, "tweet_count": 12851, "listed_count": 1, "like_count": 31262, "media_count": 55}, "username": "Rajtweets9", "name": "Rocket \ud83d\ude80 man\u2b05\ufe0f", "created_at": "2013-10-04T02:53:34.000Z", "id": "1932836600", "description": "Official account | starlink \ud83d\udce1 #Optimist."}, {"public_metrics": {"followers_count": 1622, "following_count": 1575, "tweet_count": 43511, "listed_count": 0, "like_count": 246404, "media_count": 4315}, "username": "RickEngman4", "name": "Rick E.", "created_at": "2022-10-28T20:01:46.000Z", "id": "1586085749568446465", "description": "Once upon a Time I proudly called myself a Republican... These days I'm just with the Convict and the Hillbilly...US Army Vet...No DMs Please..."}, {"public_metrics": {"followers_count": 419, "following_count": 588, "tweet_count": 9202, "listed_count": 7, "like_count": 22480, "media_count": 274}, "username": "xxsczyc", "name": "\u4e3a\u4eba\u7c7b\u670d\u52a1", "created_at": "2017-10-15T18:24:23.000Z", "id": "919630044976287744", "description": ""}, {"public_metrics": {"followers_count": 3490, "following_count": 657, "tweet_count": 102682, "listed_count": 0, "like_count": 501179, "media_count": 4}, "username": "DebbieAMoore1", "name": "Debbie A Moore", "created_at": "2012-12-12T14:47:12.000Z", "id": "1006521080", "description": ""}, {"public_metrics": {"followers_count": 158, "following_count": 1216, "tweet_count": 12324, "listed_count": 0, "like_count": 29126, "media_count": 3}, "username": "YeshuaIsEternal", "name": "momo", "created_at": "2020-02-19T14:10:58.000Z", "id": "1230132618722566151", "description": ""}, {"public_metrics": {"followers_count": 6522, "following_count": 136, "tweet_count": 13187, "listed_count": 25, "like_count": 20005, "media_count": 916}, "username": "FabVaulot", "name": "Fab Vaulot", "created_at": "2017-04-02T10:28:43.000Z", "id": "848482316787822592", "description": "@f_asselineau @uprtvfa\nhttps://t.co/Cukpo2Ktlp\nhttps://t.co/vwmdbkNVWA\n#Frexit"}, {"public_metrics": {"followers_count": 2, "following_count": 2, "tweet_count": 42, "listed_count": 0, "like_count": 112, "media_count": 0}, "username": "Huian911", "name": "\u6797\u60e0\u5b89", "created_at": "2025-12-04T10:42:36.000Z", "id": "1996530165246201856", "description": ""}, {"public_metrics": {"followers_count": 378, "following_count": 2369, "tweet_count": 1732, "listed_count": 4, "like_count": 20306, "media_count": 44}, "username": "BrianOrave22303", "name": "BrianJOravetz", "created_at": "2025-03-03T17:48:23.000Z", "id": "1896618596249251840", "description": "Founder @RedoVoting | Tech Disruptor & CEO. Proud Dad \ud83d\udc68\u200d\ud83d\udc69\u200d\ud83d\udc67\u200d\ud83d\udc66 | Army Infantry Vet \ud83c\uddfa\ud83c\uddf8 | Entrepreneur | OG NHB/MMA Guy \ud83e\udd4a. METALHEAD\ud83e\udd18"}, {"public_metrics": {"followers_count": 3, "following_count": 945, "tweet_count": 877, "listed_count": 0, "like_count": 415, "media_count": 2}, "username": "MarkeTraker", "name": "MarkeTracker", "created_at": "2025-05-11T04:45:54.000Z", "id": "1921426356975628288", "description": "Investor, Option Trader, Indian....!"}, {"public_metrics": {"followers_count": 2737, "following_count": 2980, "tweet_count": 38594, "listed_count": 11, "like_count": 57311, "media_count": 137}, "username": "MAGAVet007", "name": "JAR HEAD UNCENSORED \ud83c\uddfa\ud83c\uddf8", "created_at": "2023-08-25T02:51:53.000Z", "id": "1694905290817187840", "description": "\ud83c\uddfa\ud83c\uddf8\ud83e\ude96\ud83e\udee1Disabled USMC Vet doing my part to spread the truth. \nMy thoughts are my own and what I perceive happening geopolitically and politically."}, {"public_metrics": {"followers_count": 641, "following_count": 321, "tweet_count": 28422, "listed_count": 1, "like_count": 34818, "media_count": 22}, "username": "B19702984", "name": "B", "created_at": "2020-04-20T06:11:21.000Z", "id": "1252117528010162177", "description": "Retired"}, {"public_metrics": {"followers_count": 1933, "following_count": 3363, "tweet_count": 106102, "listed_count": 7, "like_count": 146737, "media_count": 512}, "username": "LibrarianVee", "name": "LibrarianVee", "created_at": "2010-04-20T00:02:41.000Z", "id": "134966925", "description": "My color revolution is Red, White and Blue! Happy 250th Super-Centennial America!\u2764\ufe0f\ud83c\uddfa\ud83c\uddf8"}, {"public_metrics": {"followers_count": 2208, "following_count": 893, "tweet_count": 216435, "listed_count": 6, "like_count": 245606, "media_count": 95}, "username": "josehuyromero_", "name": "Jose H. Romero \ud83e\udd20", "created_at": "2014-12-28T18:18:59.000Z", "id": "2946668058", "description": "Fiscally conservative, socially awkward."}, {"public_metrics": {"followers_count": 365, "following_count": 422, "tweet_count": 11162, "listed_count": 0, "like_count": 17743, "media_count": 2}, "username": "Onemoreidiotyep", "name": "Jared", "created_at": "2025-03-30T20:23:38.000Z", "id": "1906442117695799296", "description": ""}, {"public_metrics": {"followers_count": 1396, "following_count": 3278, "tweet_count": 98894, "listed_count": 19, "like_count": 94563, "media_count": 22533}, "username": "Ravaalek", "name": "Ravaalek Dreamblade, Herald of Tzeentch", "created_at": "2022-10-25T22:51:41.000Z", "id": "1585041327892439042", "description": "@SlimTSkeleton given Flesh.\nRespect the Lore\nit is not safe for you here, you will see weird Ai things, unveil blurred images at own Risk. NSFW Warrning."}, {"public_metrics": {"followers_count": 409, "following_count": 954, "tweet_count": 5329, "listed_count": 2, "like_count": 30015, "media_count": 220}, "username": "Lazarian13", "name": "Lazarian", "created_at": "2019-08-07T02:00:47.000Z", "id": "1158920892526649345", "description": "I like cartoons and old computers.\nCrypto scammers and obvious bots immediately blocked."}, {"public_metrics": {"followers_count": 112, "following_count": 551, "tweet_count": 7302, "listed_count": 1, "like_count": 19862, "media_count": 11}, "username": "AJulien46437", "name": "Ajulien", "created_at": "2024-01-19T13:14:50.000Z", "id": "1748333146003632128", "description": ""}, {"public_metrics": {"followers_count": 1205, "following_count": 4568, "tweet_count": 145338, "listed_count": 20, "like_count": 114644, "media_count": 1943}, "username": "theVendee", "name": "GrainofSalt", "created_at": "2009-12-07T05:23:07.000Z", "id": "95142015", "description": "My principles are only those that, before the French Revolution, every well-born person considered sane and normal."}, {"public_metrics": {"followers_count": 1506, "following_count": 686, "tweet_count": 53117, "listed_count": 7, "like_count": 122935, "media_count": 81}, "username": "arlo_bailey", "name": "Arlo Bailey", "created_at": "2022-04-27T19:23:15.000Z", "id": "1519396609578180609", "description": ""}, {"public_metrics": {"followers_count": 1665, "following_count": 2852, "tweet_count": 55506, "listed_count": 5, "like_count": 102974, "media_count": 182}, "username": "kstephe54699906", "name": "the US is a Constitutional Republic!", "created_at": "2021-02-14T00:03:19.000Z", "id": "1360741305559650308", "description": "USA \ud83c\uddfa\ud83c\uddf8 Christian, wife, mom, MAGA! no DM\u2019s! love my Tesla\u2764\ufe0f"}, {"public_metrics": {"followers_count": 1854, "following_count": 3252, "tweet_count": 136381, "listed_count": 27, "like_count": 166426, "media_count": 402}, "username": "christinerush", "name": "Christine Rush", "created_at": "2009-03-06T06:54:45.000Z", "id": "23040391", "description": "Anti-Statist, I don't respond to DM's"}], "meta": {"result_count": 94, "next_token": "7140dibdnow9c7btw4b1yznqohgc00er9cokicloram2e"}}