{"data": [{"username": "TheWanderingMD", "description": "Ukrainian MD. Exploring the world, one spontaneous trip at a time. Curious about what connects us all.", "name": "TheWanderingMD", "public_metrics": {"followers_count": 301, "following_count": 1453, "tweet_count": 1326, "listed_count": 0, "like_count": 787, "media_count": 0}, "id": "420159236", "created_at": "2011-11-24T08:05:32.000Z"}, {"username": "DawnVoyager_", "description": "Ukrainian MD. Exploring the world, one spontaneous trip at a time. Curious about what connects us all.", "name": "DawnVoyager", "public_metrics": {"followers_count": 319, "following_count": 518, "tweet_count": 1381, "listed_count": 0, "like_count": 1097, "media_count": 0}, "id": "893325038", "created_at": "2012-10-20T14:11:04.000Z"}, {"username": "xXbird__manXx", "description": "muga follower. AB burner", "name": "THE MACHINE", "public_metrics": {"followers_count": 81, "following_count": 530, "tweet_count": 4817, "listed_count": 1, "like_count": 37399, "media_count": 156}, "id": "409835325", "created_at": "2011-11-11T08:46:58.000Z"}, {"username": "prithivida", "description": "Founding CTO @ MeltPlan, 50M+ downloads in \ud83e\udd17, Cited in NeurIPS, IEEE/CVF, ACL", "name": "Prithivi Da", "public_metrics": {"followers_count": 1091, "following_count": 442, "tweet_count": 2282, "listed_count": 34, "like_count": 944, "media_count": 196}, "id": "380873104", "created_at": "2011-09-27T11:25:17.000Z"}, {"username": "slashML", "description": "", "name": "/MachineLearning", "public_metrics": {"followers_count": 124075, "following_count": 1, "tweet_count": 15636, "listed_count": 1389, "like_count": 7, "media_count": 44}, "id": "806206253634457600", "created_at": "2016-12-06T18:38:44.000Z"}, {"username": "sxbfilms", "description": "23. typing to unlearn and learn and...", "name": "sxb", "public_metrics": {"followers_count": 337, "following_count": 7502, "tweet_count": 11955, "listed_count": 0, "like_count": 14716, "media_count": 1}, "id": "1956751666801266688", "created_at": "2025-08-16T16:16:09.000Z"}, {"username": "Tayo_end", "description": "", "name": "tay", "public_metrics": {"followers_count": 79, "following_count": 232, "tweet_count": 21788, "listed_count": 2, "like_count": 42984, "media_count": 2}, "id": "1376294373403586569", "created_at": "2021-03-28T22:05:38.000Z"}, {"username": "yikesawjeez", "description": "sees sharks, jumps.\n\na generalist agent.\n\nagent chop shop, erry wed\nhttps://t.co/0aK1UfdZ4v\n\n@zos_sfm, @latentspacepod @tribecodeai\n\nfmr: @swellnetworkio, @elizaos", "name": "yikes (:D/acc)", "public_metrics": {"followers_count": 2928, "following_count": 1306, "tweet_count": 11388, "listed_count": 55, "like_count": 4553, "media_count": 359}, "id": "1351087425938980866", "created_at": "2021-01-18T08:42:06.000Z"}, {"username": "dhtikna", "description": "Herding distributed systems by day and LLM obsessed by night. If you knew what our HFT was cooking youd be jelly \ud83d\ude0f\n\nCheck my Highlights tab for LLM-only stuff!", "name": "Ankith \ud83d\udc0b/acc", "public_metrics": {"followers_count": 847, "following_count": 294, "tweet_count": 5933, "listed_count": 14, "like_count": 72333, "media_count": 372}, "id": "935351575903576065", "created_at": "2017-11-28T03:36:08.000Z"}, {"username": "_auguryart", "description": "holder of an ego vaster than the sun | technically a doctor | literature's strongest soldier", "name": "Heathcliff", "public_metrics": {"followers_count": 454, "following_count": 4925, "tweet_count": 125437, "listed_count": 2, "like_count": 359344, "media_count": 292}, "id": "900875058981117952", "created_at": "2017-08-25T00:18:46.000Z"}, {"username": "uzvib", "description": "", "name": "Uz", "public_metrics": {"followers_count": 258, "following_count": 791, "tweet_count": 918, "listed_count": 6, "like_count": 1789, "media_count": 112}, "id": "147036294", "created_at": "2010-05-23T01:52:58.000Z"}, {"username": "jiyuan2048", "description": "mft, hft", "name": "YuanQuant", "public_metrics": {"followers_count": 65, "following_count": 1852, "tweet_count": 2428, "listed_count": 0, "like_count": 1673, "media_count": 19}, "id": "4689193272", "created_at": "2016-01-01T12:37:57.000Z"}, {"username": "enjiniao", "description": "President Director at Oyika \ud83c\uddee\ud83c\udde9", "name": "Albert", "public_metrics": {"followers_count": 59, "following_count": 392, "tweet_count": 2629, "listed_count": 0, "like_count": 535, "media_count": 0}, "id": "1882253872481423360", "created_at": "2025-01-23T02:27:58.000Z"}, {"username": "spyced", "description": "Brokk founder. Previously DataStax co-founder, JVector author, and Apache Cassandra project chair.", "name": "Jonathan Ellis", "public_metrics": {"followers_count": 9018, "following_count": 232, "tweet_count": 20190, "listed_count": 416, "like_count": 47830, "media_count": 267}, "id": "36383929", "created_at": "2009-04-29T15:26:15.000Z"}, {"username": "b0k_w00n", "description": "my pronouns are vi/vim. Uses Twitter for complaining.", "name": "bokwoon", "public_metrics": {"followers_count": 27, "following_count": 964, "tweet_count": 30952, "listed_count": 1, "like_count": 66051, "media_count": 272}, "id": "2478266208", "created_at": "2014-05-05T12:09:17.000Z"}, {"username": "CastilloTrain1", "description": "Peace Prosperity and Unity", "name": "Josh Castillo \ud83c\uddfa\ud83c\udde6", "public_metrics": {"followers_count": 174, "following_count": 517, "tweet_count": 77566, "listed_count": 2, "like_count": 175835, "media_count": 29}, "id": "349281962", "created_at": "2011-08-05T21:19:43.000Z"}, {"username": "mmautech", "description": "Tech Code Vibes", "name": "Vibes", "public_metrics": {"followers_count": 229, "following_count": 4432, "tweet_count": 24256, "listed_count": 1, "like_count": 62648, "media_count": 5}, "id": "1786732871807287296", "created_at": "2024-05-04T12:21:43.000Z"}, {"username": "emaedi0ng", "description": "ema@andinocorp.com", "name": "young king", "public_metrics": {"followers_count": 379, "following_count": 186, "tweet_count": 46548, "listed_count": 1, "like_count": 55033, "media_count": 54}, "id": "1010487026116976640", "created_at": "2018-06-23T11:37:35.000Z"}, {"username": "garrytan", "description": "President & CEO @ycombinator \u2014Founder @Initialized\u2014designer/engineer who helps founders\u2014SF Dem accelerating the boom loop\u2014haters not allowed in my sauna", "name": "Garry Tan", "public_metrics": {"followers_count": 629191, "following_count": 5415, "tweet_count": 66256, "listed_count": 7211, "like_count": 235858, "media_count": 3946}, "id": "11768582", "created_at": "2008-01-02T19:47:19.000Z"}, {"username": "LK99_KR", "description": "May I meet you?", "name": "LK-99", "public_metrics": {"followers_count": 102, "following_count": 398, "tweet_count": 7940, "listed_count": 0, "like_count": 9604, "media_count": 39}, "id": "2652866852", "created_at": "2014-07-17T04:26:38.000Z"}, {"username": "my_knn_totoro", "description": "Grok is based", "name": "Data Scientologist", "public_metrics": {"followers_count": 379, "following_count": 6184, "tweet_count": 17835, "listed_count": 1, "like_count": 35971, "media_count": 8}, "id": "4840632982", "created_at": "2016-01-24T02:34:53.000Z"}, {"username": "spacedros", "description": "dc paris london. arb sovdebt general finance & some geopolitics.", "name": "rozzie", "public_metrics": {"followers_count": 36, "following_count": 588, "tweet_count": 594, "listed_count": 0, "like_count": 3011, "media_count": 8}, "id": "1841263611039162369", "created_at": "2024-10-01T23:47:26.000Z"}, {"username": "GonzaloBarria", "description": "Artificial Intelligence & Political Science @ucatolica @autonomadechile . #AI #ArtificialIntelligence #DataAnalysis", "name": "Gonzalo Barr\u00eda P\u00e9rez", "public_metrics": {"followers_count": 1914, "following_count": 75, "tweet_count": 637145, "listed_count": 92, "like_count": 412357, "media_count": 242}, "id": "74883793", "created_at": "2009-09-17T00:24:39.000Z"}, {"username": "kenk616", "description": "Product-minded engineering leader. Martial Artist. Culture & Team builder.", "name": "Ken Kao", "public_metrics": {"followers_count": 382, "following_count": 225, "tweet_count": 7251, "listed_count": 7, "like_count": 18774, "media_count": 188}, "id": "851621084801748992", "created_at": "2017-04-11T02:21:03.000Z"}, {"username": "samlogic", "description": "Decentralization Maxi @safe.  #DubNation #F1 ex: @lvmh @consensys (tweets do not represent my employer)", "name": "Sam", "public_metrics": {"followers_count": 3421, "following_count": 1185, "tweet_count": 175286, "listed_count": 51, "like_count": 14, "media_count": 7763}, "id": "584889777", "created_at": "2012-05-19T14:35:33.000Z"}, {"username": "brickroad7", "description": "AI Optimist. Empiricist, not 'rationalist'. Anti world government.", "name": "renji", "public_metrics": {"followers_count": 10047, "following_count": 8938, "tweet_count": 17213, "listed_count": 207, "like_count": 156162, "media_count": 1019}, "id": "1344993061588361216", "created_at": "2021-01-01T13:05:18.000Z"}, {"username": "Goolic", "description": "Fan\u00e1tico por livros e filmes de qualidade. Brasil \u00e9 PHoda (em todos os sentidos)", "name": "Goolic um pequeno tirano brasileiro.", "public_metrics": {"followers_count": 342, "following_count": 975, "tweet_count": 40863, "listed_count": 9, "like_count": 60630, "media_count": 423}, "id": "8710722", "created_at": "2007-09-06T23:42:04.000Z"}, {"username": "FDjinoudo", "description": "Entrepreneur and investor|||\nJesus Christ is king ||7|| Triple David\nThe Lion of the Judah tribe ||333||", "name": "Esperience Fred", "public_metrics": {"followers_count": 495, "following_count": 6809, "tweet_count": 15534, "listed_count": 2, "like_count": 145, "media_count": 2}, "id": "1827734733301682176", "created_at": "2024-08-25T15:48:56.000Z"}, {"username": "erohtindall", "description": "| Finance | Accounting | Consulting |", "name": "Nir Baring", "public_metrics": {"followers_count": 1271, "following_count": 3926, "tweet_count": 48428, "listed_count": 1, "like_count": 468374, "media_count": 188}, "id": "1279167928831705089", "created_at": "2020-07-03T21:39:55.000Z"}, {"username": "Chansoo", "description": "A curious architect. \n\nMy DMs are open if you have any Tesla questions! Use my Tesla referral code \u2764\ufe0f \n\nSAVE $1000 FOR NEW TESLA: https://t.co/O5zhYALYXK", "name": "Chansoo Byeon", "public_metrics": {"followers_count": 14118, "following_count": 420, "tweet_count": 446093, "listed_count": 135, "like_count": 703611, "media_count": 29930}, "id": "1017486609707667456", "created_at": "2018-07-12T19:11:26.000Z"}, {"username": "captain_marrvel", "description": "I have no special talent I am only passionately curious.\u201d \u2013 Albert Einstein", "name": "MarrvelSystems", "public_metrics": {"followers_count": 264, "following_count": 807, "tweet_count": 11756, "listed_count": 2, "like_count": 92713, "media_count": 398}, "id": "1845726101949026307", "created_at": "2024-10-14T07:19:49.000Z"}], "meta": {"result_count": 31, "next_token": "7140dibdnow9c7btw4b1kb2pvh2v87dg2aojc0bio2nn8"}}