{"data": [{"name": "Madhur Jaiswal", "description": "#PedsICU", "id": "1166614508", "username": "Jaiswal_madhur", "created_at": "2013-02-10T18:15:34.000Z", "public_metrics": {"followers_count": 513, "following_count": 5450, "tweet_count": 41151, "listed_count": 1, "like_count": 699749, "media_count": 23}}, {"name": "\u2764 God bless everyone \ud83d\ude4f", "description": "RT is not Endorsement.", "id": "2573331648", "username": "myworldtopeace", "created_at": "2014-06-17T18:16:22.000Z", "public_metrics": {"followers_count": 736, "following_count": 3007, "tweet_count": 331749, "listed_count": 7, "like_count": 392245, "media_count": 53}}, {"name": "Amy Beyerlein", "description": "I'm a restaurant/ bar owner in Michigan,  I've been a small business owner for 14 years \ud83c\uddfa\ud83c\uddf8 \ud83c\uddfa\ud83c\uddf2 \ud83c\uddfa\ud83c\uddf8\ud83c\uddfa\ud83c\uddf8\ud83c\uddfa\ud83c\uddf8\ud83c\uddfa\ud83c\uddf8\ud83c\uddfa\ud83c\uddf8", "id": "1472727026121457666", "username": "AmyMaga62", "created_at": "2021-12-20T00:34:47.000Z", "public_metrics": {"followers_count": 8813, "following_count": 6471, "tweet_count": 220854, "listed_count": 0, "like_count": 250173, "media_count": 89}}, {"name": "sitawlegs", "description": "", "id": "305386349", "username": "stmuhgee", "created_at": "2011-05-26T03:44:28.000Z", "public_metrics": {"followers_count": 836, "following_count": 1073, "tweet_count": 13189, "listed_count": 1, "like_count": 34458, "media_count": 29}}, {"name": "Ashish", "description": "Indian\ud83c\uddee\ud83c\uddf3", "id": "766377381309325313", "username": "Ashish40653276", "created_at": "2016-08-18T20:53:01.000Z", "public_metrics": {"followers_count": 42, "following_count": 192, "tweet_count": 164892, "listed_count": 0, "like_count": 77565, "media_count": 13}}, {"name": "\u0415\u0433\u043e\u0440", "description": "", "id": "2890677197", "username": "vatana7", "created_at": "2014-11-24T12:28:25.000Z", "public_metrics": {"followers_count": 7354, "following_count": 8109, "tweet_count": 436000, "listed_count": 261, "like_count": 213664, "media_count": 14353}}, {"name": "Teslatir", "description": "Tesla X Palantir Enthusiast", "id": "1350951558448619526", "username": "Teslatir", "created_at": "2021-01-17T23:42:16.000Z", "public_metrics": {"followers_count": 211, "following_count": 168, "tweet_count": 6189, "listed_count": 2, "like_count": 34447, "media_count": 7}}, {"name": "Mohammad Junaid Durrani", "description": "", "id": "1514361980773191686", "username": "RealDurraniView", "created_at": "2022-04-13T21:57:03.000Z", "public_metrics": {"followers_count": 327, "following_count": 212, "tweet_count": 113263, "listed_count": 0, "like_count": 180256, "media_count": 75}}, {"name": "Future xAI Gamer", "description": "", "id": "1134449885657387009", "username": "gammerblox", "created_at": "2019-05-31T13:21:44.000Z", "public_metrics": {"followers_count": 814, "following_count": 444, "tweet_count": 38287, "listed_count": 1, "like_count": 3714, "media_count": 96}}, {"name": "Jubal Harshaww", "description": "", "id": "407518307", "username": "Jubalharshaww", "created_at": "2011-11-08T05:37:06.000Z", "public_metrics": {"followers_count": 309, "following_count": 355, "tweet_count": 17510, "listed_count": 0, "like_count": 2364, "media_count": 3}}, {"name": "Kevin Lee", "description": "God Bless.", "id": "1010726646784167937", "username": "realkevinlee4", "created_at": "2018-06-24T03:29:45.000Z", "public_metrics": {"followers_count": 941, "following_count": 2794, "tweet_count": 72501, "listed_count": 4, "like_count": 69952, "media_count": 242}}, {"name": "Big Chimpin\u2019", "description": "This shit is bananas", "id": "2866506147", "username": "Chimp_HQ", "created_at": "2014-11-07T23:15:22.000Z", "public_metrics": {"followers_count": 809, "following_count": 1146, "tweet_count": 78462, "listed_count": 28, "like_count": 67414, "media_count": 5326}}, {"name": "Mie", "description": "hustler#  bet investor #I rep Chelsea fc \ud83d\udc99\ud83d\udc99 ..  active", "id": "1608411559033802755", "username": "ceck_10", "created_at": "2022-12-29T10:36:45.000Z", "public_metrics": {"followers_count": 2451, "following_count": 4285, "tweet_count": 5572, "listed_count": 1, "like_count": 18345, "media_count": 116}}, {"name": "Hemal Parikh", "description": "Tweets are not investment advise. Learning and sharing, managing money to grow wealth over time. https://t.co/T6DPpwyb3d", "id": "749279787693248512", "username": "HemalParikh0", "created_at": "2016-07-02T16:33:17.000Z", "public_metrics": {"followers_count": 1129, "following_count": 208, "tweet_count": 33906, "listed_count": 2, "like_count": 5387, "media_count": 335}}, {"name": "Nikhil", "description": "You\u2019re either a creator or a consumer", "id": "1398876651035848706", "username": "getbetterwithnb", "created_at": "2021-05-30T05:39:31.000Z", "public_metrics": {"followers_count": 530, "following_count": 236, "tweet_count": 11450, "listed_count": 5, "like_count": 44427, "media_count": 57}}, {"name": "Saudi Dissident Tracker BOT", "description": "Vission 2040-2050 \u2014 literally @WhatsAYeezy burner account, not AI \u2014 Prev CFO @Whop \u2014 DM me \u201cAlhamdulillah\u201d for infinite wealth \u2014 Certified Djinn Hunter", "id": "1218347571485270016", "username": "tuxcoke", "created_at": "2020-01-18T01:41:25.000Z", "public_metrics": {"followers_count": 151, "following_count": 642, "tweet_count": 7725, "listed_count": 0, "like_count": 9712, "media_count": 419}}, {"name": "x1Ler", "description": "\ud83c\uddfa\ud83c\uddf8 Taxation is theft", "id": "561170775", "username": "x1Ler", "created_at": "2012-04-23T12:29:18.000Z", "public_metrics": {"followers_count": 2035, "following_count": 2815, "tweet_count": 38933, "listed_count": 4, "like_count": 74002, "media_count": 2001}}, {"name": "Davin Nguyen", "description": "\ud83c\uddfa\ud83c\uddf8\ud83c\uddfa\ud83c\uddf8\ud83c\uddfa\ud83c\uddf8MAGA\ud83c\uddfa\ud83c\uddf8\ud83c\uddfa\ud83c\uddf8\ud83c\uddfa\ud83c\uddf8", "id": "858860216753897472", "username": "davinn008", "created_at": "2017-05-01T01:46:47.000Z", "public_metrics": {"followers_count": 6884, "following_count": 7799, "tweet_count": 223278, "listed_count": 3, "like_count": 219300, "media_count": 30}}, {"name": "\ud83d\udc51Ark WeeD", "description": "small time trader! learning to trade \"Charts for info only DYOR\" love space and rocket stuff, plays anything... all my post are my own, please be good to me ser", "id": "1455823910604206082", "username": "4KingArk", "created_at": "2021-11-03T09:07:29.000Z", "public_metrics": {"followers_count": 510, "following_count": 1327, "tweet_count": 10189, "listed_count": 12, "like_count": 116585, "media_count": 1551}}, {"name": "Alien \ud83d\udc7d", "description": "Senior Software Engineer", "id": "1880154199402721280", "username": "itisthatis___", "created_at": "2025-01-17T07:24:39.000Z", "public_metrics": {"followers_count": 88, "following_count": 735, "tweet_count": 560, "listed_count": 0, "like_count": 44248, "media_count": 0}}, {"name": "cool_v2", "description": "S&P500", "id": "3433816252", "username": "cool_v22", "created_at": "2015-08-21T03:23:16.000Z", "public_metrics": {"followers_count": 99, "following_count": 242, "tweet_count": 50425, "listed_count": 3, "like_count": 57774, "media_count": 997}}, {"name": "Void Babu", "description": "Sanatan Dharm, Hindu_tva. Learner of Vedic phil. Religious & Political Studies. If my words don't shake your brains a bit then I say sorry and plead guilty!", "id": "1533687567056445440", "username": "VoidManSpeaks", "created_at": "2022-06-06T05:50:12.000Z", "public_metrics": {"followers_count": 107, "following_count": 1194, "tweet_count": 219929, "listed_count": 1, "like_count": 92531, "media_count": 12353}}, {"name": "Tyson", "description": "living life to the fullest!!! Rarely DM", "id": "1349669920565587973", "username": "NotTysonNuggets", "created_at": "2021-01-14T10:49:44.000Z", "public_metrics": {"followers_count": 1517, "following_count": 1221, "tweet_count": 38398, "listed_count": 3, "like_count": 53772, "media_count": 211}}, {"name": "Farm with Shumaa", "description": "Why didn't I choose farming for a career?", "id": "80257637", "username": "smwangome", "created_at": "2009-10-06T09:08:16.000Z", "public_metrics": {"followers_count": 205, "following_count": 507, "tweet_count": 4960, "listed_count": 0, "like_count": 1388, "media_count": 67}}, {"name": "Squatch", "description": "I'm here for entertainment, breaking news and financial trends. $SOL $SUI $WAL $IKA", "id": "1512463892013887504", "username": "PantsStanky", "created_at": "2022-04-08T16:15:12.000Z", "public_metrics": {"followers_count": 2786, "following_count": 1285, "tweet_count": 145151, "listed_count": 13, "like_count": 90378, "media_count": 218}}, {"name": "Chris", "description": "", "id": "1599941366338895872", "username": "BudOG165", "created_at": "2022-12-06T01:38:54.000Z", "public_metrics": {"followers_count": 2628, "following_count": 3179, "tweet_count": 113918, "listed_count": 2, "like_count": 520958, "media_count": 7}}, {"name": "Franklin Eaton Jr.", "description": "", "id": "1666234368707133440", "username": "frank42092_jr", "created_at": "2023-06-07T00:03:55.000Z", "public_metrics": {"followers_count": 959, "following_count": 175, "tweet_count": 38421, "listed_count": 0, "like_count": 100924, "media_count": 2}}, {"name": "PrivateTechquity", "description": "\u201cConformity is the jailer of freedom and the enemy of growth\u201d - JFK \ud83d\ude80  Technophile by day, Politophile by night, 4ever a hater of bureaucratic entities. e/acc", "id": "1124003773171499008", "username": "PrivatTechquity", "created_at": "2019-05-02T17:32:37.000Z", "public_metrics": {"followers_count": 330, "following_count": 2438, "tweet_count": 21140, "listed_count": 5, "like_count": 33353, "media_count": 228}}, {"name": "\u1d18\u1d00\u026a\u0274\u1d1b\u0262\u1d0d\u026a\u0274\u0262", "description": "WEB3 | MEME | WEB \ud83c\udf0d\ud83c\udf0e\ud83c\udf0f", "id": "1943389722581102592", "username": "PaintingComing", "created_at": "2025-07-10T19:20:12.000Z", "public_metrics": {"followers_count": 9, "following_count": 18, "tweet_count": 64, "listed_count": 0, "like_count": 35, "media_count": 16}}, {"name": "Emily Ross", "description": "teacher near Boston", "id": "2566402345", "username": "EmilyRo00353169", "created_at": "2014-06-14T03:43:54.000Z", "public_metrics": {"followers_count": 484, "following_count": 270, "tweet_count": 19876, "listed_count": 1, "like_count": 70579, "media_count": 0}}, {"name": "roots2025 \u03c0", "description": "Generation #Pi; https://t.co/dnrpaCe41b\nStockbroker, Fund Manager, Investment Advisor, Entrepreneur, Futuristic.", "id": "2495458443", "username": "L_Masha2", "created_at": "2014-04-19T19:30:44.000Z", "public_metrics": {"followers_count": 599, "following_count": 251, "tweet_count": 20041, "listed_count": 5, "like_count": 21245, "media_count": 140}}, {"name": "Rita Thomas", "description": "American Patriot MAGA", "id": "132230870", "username": "RitaLThomas", "created_at": "2010-04-12T17:13:48.000Z", "public_metrics": {"followers_count": 8189, "following_count": 3253, "tweet_count": 259576, "listed_count": 2, "like_count": 339521, "media_count": 425}}, {"name": "JollyRoger", "description": "Hedge Knight", "id": "1421584331559116800", "username": "JCJollyRoger", "created_at": "2021-07-31T21:32:00.000Z", "public_metrics": {"followers_count": 110, "following_count": 385, "tweet_count": 1448, "listed_count": 0, "like_count": 3700, "media_count": 73}}, {"name": "John Ee", "description": "tesla | software dev | dual \ud83c\uddfa\ud83c\uddf8\ud83c\udde8\ud83c\udde6 | everything @heyJohnEe", "id": "739195164317470720", "username": "heyJohnEe", "created_at": "2016-06-04T20:40:35.000Z", "public_metrics": {"followers_count": 1889, "following_count": 215, "tweet_count": 12627, "listed_count": 21, "like_count": 10497, "media_count": 3371}}, {"name": "Wardell", "description": "Life is what we make of it. no reason to complain. look around Thank God for food, clothes, home. love one another as Christ loved us. Smile. \ud83c\udfb5", "id": "1937368747452301312", "username": "lynnwardmoore", "created_at": "2025-06-24T04:37:17.000Z", "public_metrics": {"followers_count": 4359, "following_count": 136, "tweet_count": 15696, "listed_count": 0, "like_count": 11254, "media_count": 12}}, {"name": "alzaraina", "description": "dimulai lagi", "id": "1990446419195658240", "username": "alzaraina976", "created_at": "2025-11-17T15:46:28.000Z", "public_metrics": {"followers_count": 2, "following_count": 55, "tweet_count": 37, "listed_count": 0, "like_count": 23, "media_count": 1}}, {"name": "keith barry", "description": "in your face conservatism. you mad bro..?\nUnless your name is Nikki Moonitz,  don't DM me.", "id": "514550650", "username": "keithbarry1959", "created_at": "2012-03-04T17:13:56.000Z", "public_metrics": {"followers_count": 2636, "following_count": 3628, "tweet_count": 76385, "listed_count": 15, "like_count": 90017, "media_count": 368}}, {"name": "AlvinEscuadro", "description": "Filipino.", "id": "17124033", "username": "AlvinEscuadro", "created_at": "2008-11-03T02:14:21.000Z", "public_metrics": {"followers_count": 1062, "following_count": 2682, "tweet_count": 11283, "listed_count": 1, "like_count": 95240, "media_count": 77}}, {"name": "Jenise Oertel", "description": "Proud American & Christain. Pro Gov reform & cut the waste! The corrupt Swamp must end!  No DM's please or Sex shit", "id": "1704520329870094336", "username": "JOXBIDEN", "created_at": "2023-09-20T15:38:49.000Z", "public_metrics": {"followers_count": 1507, "following_count": 2330, "tweet_count": 33243, "listed_count": 0, "like_count": 25130, "media_count": 532}}, {"name": "PeteTruth", "description": "America First - MAGA and MAHA! WE WON!!!! Trump is our President! But we can never let up or back down. Let\u2019s Make America Great Again TOGETHER!!! \ud83c\uddfa\ud83c\uddf8", "id": "1586494565309095936", "username": "PeteTruthUSA", "created_at": "2022-10-29T23:06:01.000Z", "public_metrics": {"followers_count": 5073, "following_count": 4159, "tweet_count": 72553, "listed_count": 47, "like_count": 57277, "media_count": 2694}}, {"name": "ggoggalconcon", "description": "", "id": "1580201941547638784", "username": "ggoggalconcon", "created_at": "2022-10-12T14:21:38.000Z", "public_metrics": {"followers_count": 277, "following_count": 390, "tweet_count": 4613, "listed_count": 0, "like_count": 49108, "media_count": 0}}, {"name": "Raveen Weragoda", "description": "Normal is boring\ud83d\ude43", "id": "1266800381117509632", "username": "RaveenWeragoda", "created_at": "2020-05-30T18:35:37.000Z", "public_metrics": {"followers_count": 107, "following_count": 637, "tweet_count": 1489, "listed_count": 0, "like_count": 5349, "media_count": 115}}, {"name": "John Bennett", "description": "", "id": "1353446918", "username": "REDBIKEJohn", "created_at": "2013-04-15T04:25:49.000Z", "public_metrics": {"followers_count": 563, "following_count": 1442, "tweet_count": 7728, "listed_count": 8, "like_count": 53891, "media_count": 206}}, {"name": "Baruch", "description": "Defensor de la Democracia. En la naturaleza no hay bien ni mal.\n\n* No respondo DM", "id": "868549315", "username": "DEspinosa4", "created_at": "2012-10-08T19:25:02.000Z", "public_metrics": {"followers_count": 5035, "following_count": 7500, "tweet_count": 718363, "listed_count": 32, "like_count": 611256, "media_count": 53}}, {"name": "Edward D. Roche", "description": "Christ follower \u201872, Ritenour SH \u201876, married Karmalene \u201881, MNU \u201884, dad: Brandon \u201985, Nate \u201987. \u201896 left 19 yr @ JCP: ministry with Indian Creek Comm Church", "id": "89627819", "username": "edwardroche", "created_at": "2009-11-13T04:44:53.000Z", "public_metrics": {"followers_count": 1240, "following_count": 1452, "tweet_count": 16635, "listed_count": 5, "like_count": 13901, "media_count": 1039}}, {"name": "@_refunds", "description": "@_banty_web3", "id": "1649001290", "username": "oareli15", "created_at": "2013-08-06T00:04:57.000Z", "public_metrics": {"followers_count": 43, "following_count": 67, "tweet_count": 725, "listed_count": 0, "like_count": 177, "media_count": 1}}, {"name": "ELON PRIVATE X", "description": "CEO-Tesla '\ud83d\ude98space x \ud83d\ude80founder of the boring company cofounder- nueralink Opener\ud83e\ude90\ud83d\ude80", "id": "1995942891836112901", "username": "elon_chatmen", "created_at": "2025-12-02T19:47:32.000Z", "public_metrics": {"followers_count": 1, "following_count": 63, "tweet_count": 64, "listed_count": 0, "like_count": 0, "media_count": 0}}, {"name": "Lluc", "description": "", "id": "1518679937275895812", "username": "llluucccc", "created_at": "2022-04-25T19:54:56.000Z", "public_metrics": {"followers_count": 846, "following_count": 1239, "tweet_count": 63402, "listed_count": 0, "like_count": 153825, "media_count": 0}}, {"name": "carla", "description": "", "id": "1895027266025070592", "username": "carla4485315322", "created_at": "2025-02-27T08:24:58.000Z", "public_metrics": {"followers_count": 80, "following_count": 13, "tweet_count": 165, "listed_count": 0, "like_count": 645, "media_count": 1}}, {"name": "Deon Colchester", "description": "", "id": "1021102461929414656", "username": "ColchesterDeon", "created_at": "2018-07-22T18:39:32.000Z", "public_metrics": {"followers_count": 1478, "following_count": 7486, "tweet_count": 90045, "listed_count": 3, "like_count": 123632, "media_count": 2}}, {"name": "Francis Poldark", "description": "\u201cI don\u2019t need another friend, when most of them, I can barely keep up with them\u201d \u201cTrussst the ssscience\u201d \ud83d\udc0d RTs \u2260 endorsement  #TwoTierKier #ClimateScam", "id": "1937664564", "username": "UH60Andy", "created_at": "2013-10-05T13:45:22.000Z", "public_metrics": {"followers_count": 2994, "following_count": 1493, "tweet_count": 109739, "listed_count": 6, "like_count": 308556, "media_count": 4867}}, {"name": "American Boomer", "description": "The United States of America First \ud83c\uddfa\ud83c\uddf8 My memory goes back to before you were born. Trust me \ud83d\ude09", "id": "1535563030888697857", "username": "schneggen2", "created_at": "2022-06-11T10:02:21.000Z", "public_metrics": {"followers_count": 2654, "following_count": 694, "tweet_count": 59122, "listed_count": 0, "like_count": 129702, "media_count": 2424}}, {"name": "\ud83c\uddfa\ud83c\uddf2Gene\ud83c\uddfa\ud83c\uddf2", "description": "Aviation and Space enthusiast , enjoy working with 3d models of space vehicles. Long live MAGA!", "id": "52500541", "username": "Kubasun", "created_at": "2009-06-30T19:56:50.000Z", "public_metrics": {"followers_count": 1610, "following_count": 545, "tweet_count": 97011, "listed_count": 5, "like_count": 111414, "media_count": 7069}}, {"name": "John Jacobson", "description": "Proud to have a relative fight in the Revolutionary War. \ud83c\uddfa\ud83c\uddf2 So I'm Conservative. Happily married - no DMs. Here to get the real news. Go MAGA", "id": "1850003792231813120", "username": "DaBigKahuna1963", "created_at": "2024-10-26T02:37:48.000Z", "public_metrics": {"followers_count": 3836, "following_count": 3145, "tweet_count": 62420, "listed_count": 3, "like_count": 108461, "media_count": 2993}}, {"name": "Arsalan Hassan Khan", "description": "Student of MS Economics l Coulumnist l Football Lover l Views Are My Own", "id": "1233945701173932033", "username": "ArsalanH_Khan", "created_at": "2020-03-01T02:43:02.000Z", "withheld": {"country_codes": ["IN"]}, "public_metrics": {"followers_count": 2047, "following_count": 579, "tweet_count": 606414, "listed_count": 6, "like_count": 918600, "media_count": 877}}, {"name": "Older and Wiser", "description": "Programmer/Analyst.     Seen it all. Retweet not endorsement.  \nFriend of Bill's. \nPronouns: hey/you\nMy Adjectives: Brilliant, Handsome\n\n#UnityIsOurStrength", "id": "40216315", "username": "jfeilders", "created_at": "2009-05-15T10:45:47.000Z", "public_metrics": {"followers_count": 1116, "following_count": 342, "tweet_count": 429227, "listed_count": 3, "like_count": 109638, "media_count": 47}}, {"name": "kristenl325", "description": "Entrepreneur", "id": "1359344770573873157", "username": "kristenl325", "created_at": "2021-02-10T03:33:54.000Z", "public_metrics": {"followers_count": 1409, "following_count": 852, "tweet_count": 32032, "listed_count": 1, "like_count": 103340, "media_count": 2}}, {"name": "Stf Sgt Huskey, USAF poisoned me & many others too", "description": "Stf Sgt 1986-1992 USAF, GLCM, Malstrom. In @ 17, dead 53. Missile Silos, poison water,+5 DNA changes. Final appeal pending, VA pls approve! Vet's deserve better", "id": "1665708480429268996", "username": "Jim122539", "created_at": "2023-06-05T13:14:23.000Z", "public_metrics": {"followers_count": 6195, "following_count": 6484, "tweet_count": 372814, "listed_count": 2, "like_count": 353532, "media_count": 6752}}, {"name": "Ravioili", "description": "Royal Headquarter / by lonely wolfy - |Bluem INT| \u231a\ufe0f /|\\ I am who I am, you know.", "id": "1087832552231059456", "username": "ViolinIOI", "created_at": "2019-01-22T22:01:06.000Z", "public_metrics": {"followers_count": 319, "following_count": 185, "tweet_count": 60970, "listed_count": 0, "like_count": 112339, "media_count": 920}}, {"name": "\ud83c\udd79", "description": "\ud83c\uddf2\ud83c\uddfd/ \ud83c\udde8\ud83c\uddfa Building rockets for @SpaceX \ud83d\udee0\ufe0f\ud83d\ude80, @Patriots", "id": "1386761696396513281", "username": "_JM323", "created_at": "2021-04-26T19:19:10.000Z", "public_metrics": {"followers_count": 599, "following_count": 728, "tweet_count": 56860, "listed_count": 4, "like_count": 25297, "media_count": 3146}}, {"name": "JG Lee", "description": "Tech coming from a SWE. \nEager to share daily highlights of what I'm thinking.", "id": "1975795875046957060", "username": "jg_lee8551", "created_at": "2025-10-08T05:30:30.000Z", "public_metrics": {"followers_count": 20, "following_count": 94, "tweet_count": 61, "listed_count": 0, "like_count": 211, "media_count": 9}}, {"name": "Vadim M", "description": "", "id": "246417417", "username": "vadimX_", "created_at": "2011-02-02T19:10:02.000Z", "public_metrics": {"followers_count": 1311, "following_count": 2064, "tweet_count": 25369, "listed_count": 13, "like_count": 194529, "media_count": 139}}, {"name": "\u3056\u3044\u308b(\u9234\u6728\u654f\u592b)", "description": "avm\u306e\u8133\u51fa\u8840\u30672015\u5e74\u5012\u308c\u3001\u4eca\u306f\u3069\u3046\u3084\u3063\u3066\u5b8c\u5168\u5fa9\u6d3b\u3059\u308b\u306e\u304b\u3092\u8003\u3048\u3066\u3044\u307e\u3059\u3002\u3084\u306f\u308a\u518d\u751f\u533b\u7642+\u30ea\u30cf\u30d3\u30ea+\u30b5\u30d7\u30ea\u304b\u306a\u3068\u601d\u3063\u3066\u307e\u3059\u3002\u3067\u3082\u624b\u5e331\u7d1a\u3060\u304b\u3089\u96e3\u3057\u3044(\u00b4\u30fb\u03c9\u30fb`)\n\u30b3\u30ed\u30ca\u306e\u6c7a\u624b\u306f\u5e79\u7d30\u80de\u3057\u304b\u306a\u3044\u3067\u3059\u306d\u3001\u305d\u3057\u3066\u5e79\u7d30\u80de\u306f\u4f53\u5185\u306e\u5e79\u7d30\u80de\u3092\u5897\u3084\u3057\u3066\u304f\u308c\u308b\u30b9\u30c6\u30e0\u30b7\u30fc\u30cb\u30e5\u30fc\u30c8\u30ea\u30b7\u30e7\u30f3\u3068\u3044\u3046\u30b5\u30d7\u30ea\u3082\u3042\u308b\u2192\u56fd\u306b\u63d0\u6848\u2192\u65b0\u30b3\u30ed\u8a50\u6b3a\u306b\u6c17\u3065\u304f", "id": "2371849135", "username": "1977S52", "created_at": "2014-03-04T12:28:33.000Z", "public_metrics": {"followers_count": 2096, "following_count": 1899, "tweet_count": 347178, "listed_count": 17, "like_count": 446713, "media_count": 136}}, {"name": "Big_U \u2626\ufe0f \ud83c\uddf7\ud83c\uddf4 \ud83c\uddec\ud83c\uddf7 \ud83c\uddf7\ud83c\uddf8 \ud83c\udde7\ud83c\uddec \ud83c\uddf7\ud83c\uddfa", "description": "", "id": "388301385", "username": "Big_DMB", "created_at": "2011-10-10T14:37:42.000Z", "public_metrics": {"followers_count": 1382, "following_count": 1895, "tweet_count": 256861, "listed_count": 5, "like_count": 289654, "media_count": 1790}}, {"name": "Jaxon", "description": "Cold war submarine sailor,  MAGA/MAHA \ud83c\uddfa\ud83c\uddf8\nAmerica is a Constitutional Republic \n\ud83d\udc49NO DM's\ud83d\udc48 America First, Christian. Back the Blue!  pureblood..", "id": "1835371413990965248", "username": "jaxon6743518501", "created_at": "2024-09-15T17:34:00.000Z", "public_metrics": {"followers_count": 8861, "following_count": 8734, "tweet_count": 247288, "listed_count": 0, "like_count": 231873, "media_count": 3238}}, {"name": "Lone Wolf \ud83d\udcff\ud83c\uddfa\ud83c\uddf8", "description": "God bless America \ud83c\uddfa\ud83c\uddf8, the land that I love", "id": "1524330636240162816", "username": "lonewolf9199", "created_at": "2022-05-11T20:54:43.000Z", "public_metrics": {"followers_count": 6171, "following_count": 7215, "tweet_count": 108294, "listed_count": 8, "like_count": 347629, "media_count": 3045}}, {"name": "l0wol", "description": "", "id": "1094277609662205952", "username": "l0wol_Bravo", "created_at": "2019-02-09T16:51:27.000Z", "public_metrics": {"followers_count": 386, "following_count": 435, "tweet_count": 64358, "listed_count": 1, "like_count": 111933, "media_count": 35}}, {"name": "Aparna Shaju", "description": "", "id": "1076843709713379328", "username": "aparnashajuu", "created_at": "2018-12-23T14:15:21.000Z", "public_metrics": {"followers_count": 518, "following_count": 922, "tweet_count": 1972, "listed_count": 1, "like_count": 11843, "media_count": 0}}, {"name": "Rob \ud83c\uddfa\ud83c\uddf8", "description": "Constitutional Moderate  ReTruthed by POTUS Q+ America First MAGA MAHA \nWeb3, mower of lawns, flyer of aircraft, despiser of central banking", "id": "1753276541864185856", "username": "yournamehere757", "created_at": "2024-02-02T04:38:24.000Z", "public_metrics": {"followers_count": 455, "following_count": 1226, "tweet_count": 44102, "listed_count": 0, "like_count": 67426, "media_count": 2000}}, {"name": "Terry Xiao", "description": "", "id": "1511647274736181251", "username": "TerryXiao99", "created_at": "2022-04-06T10:09:51.000Z", "public_metrics": {"followers_count": 345, "following_count": 2138, "tweet_count": 16947, "listed_count": 1, "like_count": 21161, "media_count": 0}}, {"name": "That Guy", "description": "What, me worry? \u2626\ufe0f\nRT =/= endorsement\n#Mizzou #TexasAM #Blues\nnot interested in your crypto investments", "id": "3252669380", "username": "sippindoc", "created_at": "2015-06-22T12:52:13.000Z", "public_metrics": {"followers_count": 2328, "following_count": 2109, "tweet_count": 144649, "listed_count": 50, "like_count": 43414, "media_count": 1508}}, {"name": "John Nicklay", "description": "", "id": "1785048752052412416", "username": "JohnNickla68342", "created_at": "2024-04-29T20:49:46.000Z", "public_metrics": {"followers_count": 1288, "following_count": 313, "tweet_count": 91629, "listed_count": 10, "like_count": 27300, "media_count": 691}}, {"name": "713db \ud83c\uddfa\ud83c\uddf8", "description": "", "id": "1519156555400290304", "username": "name_taken27", "created_at": "2022-04-27T03:29:06.000Z", "public_metrics": {"followers_count": 396, "following_count": 955, "tweet_count": 18239, "listed_count": 1, "like_count": 73294, "media_count": 77}}, {"name": "Thamie Dhlamini", "description": "I'm just a sinner saved by Grace\ud83d\ude4f\n\n\ud83c\uddff\ud83c\udde6............\nFinancial Accountant \ud83c\udf93 \nAdventist \u26ea \ud83e\udd2d", "id": "1101692211148849152", "username": "thamsamncwahh", "created_at": "2019-03-02T03:54:26.000Z", "public_metrics": {"followers_count": 3467, "following_count": 3480, "tweet_count": 3464, "listed_count": 0, "like_count": 3030, "media_count": 123}}, {"name": "The Choice to Know is Yours", "description": "Isaiah 6:8", "id": "1315464087254441984", "username": "ripplethrutime", "created_at": "2020-10-12T01:27:40.000Z", "public_metrics": {"followers_count": 1770, "following_count": 1366, "tweet_count": 83546, "listed_count": 8, "like_count": 148148, "media_count": 76}}, {"name": "Mr.x_dogefather", "description": "", "id": "1921241969449148416", "username": "Teddylovesyou0", "created_at": "2025-05-10T16:33:13.000Z", "public_metrics": {"followers_count": 1790, "following_count": 868, "tweet_count": 24363, "listed_count": 1, "like_count": 32297, "media_count": 544}}, {"name": "Peer Group", "description": "Stay relevant.", "id": "1333529443923595268", "username": "PeerGroupInvest", "created_at": "2020-11-30T21:52:59.000Z", "public_metrics": {"followers_count": 867, "following_count": 3650, "tweet_count": 125207, "listed_count": 0, "like_count": 72328, "media_count": 8282}}, {"name": "Dominick Saso", "description": "", "id": "2429152298", "username": "DominickSaso", "created_at": "2014-04-05T16:28:51.000Z", "public_metrics": {"followers_count": 874, "following_count": 1110, "tweet_count": 81661, "listed_count": 1, "like_count": 83433, "media_count": 2}}, {"name": "\u0410\u043b\u044c\u0432\u0430\u0440\u0435\u0441", "description": "", "id": "1829756101820030976", "username": "Alvaresxxxxxxx", "created_at": "2024-08-31T05:40:41.000Z", "public_metrics": {"followers_count": 4, "following_count": 29, "tweet_count": 117, "listed_count": 0, "like_count": 380, "media_count": 3}}, {"name": "ELON PRIVATE X", "description": "CEO-Tesla\ud83d\ude98\u2018space x founder of the boring company cofounder-\ud83e\ude90nueralink Opener \ud83d\ude80", "id": "4614342387", "username": "elonchattmen", "created_at": "2015-12-26T20:45:48.000Z", "public_metrics": {"followers_count": 143, "following_count": 2782, "tweet_count": 258, "listed_count": 0, "like_count": 0, "media_count": 0}}, {"name": "Elon M", "description": "CEO", "id": "1993134421965520897", "username": "Elon_reeve286", "created_at": "2025-11-25T01:48:54.000Z", "public_metrics": {"followers_count": 11, "following_count": 446, "tweet_count": 178, "listed_count": 0, "like_count": 370, "media_count": 1}}, {"name": "--", "description": "Opinions are personal | RT - not endorsement |", "id": "352575962", "username": "rhtdmnik", "created_at": "2011-08-10T20:25:26.000Z", "public_metrics": {"followers_count": 799, "following_count": 4768, "tweet_count": 197622, "listed_count": 15, "like_count": 42901, "media_count": 587}}, {"name": "Arun", "description": "Shree Ram se chal k Shree Ram p aaye", "id": "1651119490992852992", "username": "Arun15780721136", "created_at": "2023-04-26T07:03:17.000Z", "public_metrics": {"followers_count": 1652, "following_count": 5727, "tweet_count": 152282, "listed_count": 2, "like_count": 184273, "media_count": 85}}, {"name": "VoldemorT", "description": "Scaling GetEquity, Endava, PRTY-X, Trivia Night, Shadow Titans . All things growth, BD, Sales n Marketing are me.. book a time https://t.co/PnF842CnrJ", "id": "56835621", "username": "sinzubaba", "created_at": "2009-07-14T22:19:01.000Z", "public_metrics": {"followers_count": 9803, "following_count": 8032, "tweet_count": 642032, "listed_count": 100, "like_count": 274386, "media_count": 6492}}, {"name": "Sarah Connor", "description": "Future Creator", "id": "126263343", "username": "sarahkoner", "created_at": "2010-03-25T08:51:42.000Z", "public_metrics": {"followers_count": 21570, "following_count": 33954, "tweet_count": 26629, "listed_count": 26, "like_count": 706, "media_count": 330}}, {"name": "GTA 6 ...", "description": "", "id": "1355240923328876548", "username": "JoniFCB33", "created_at": "2021-01-29T19:46:37.000Z", "public_metrics": {"followers_count": 2319, "following_count": 4422, "tweet_count": 404756, "listed_count": 4, "like_count": 13064, "media_count": 33446}}, {"name": "Ignatius L. Jackson, CPA", "description": "I provide experienced professional accounting, taxation and financial planning services to the USA\ud83c\uddfa\ud83c\uddf8. Posts are not tax or financial advice. Go Sun Devils!", "id": "2462289816", "username": "ignatiuscpa", "created_at": "2014-04-24T22:15:45.000Z", "public_metrics": {"followers_count": 879, "following_count": 384, "tweet_count": 7003, "listed_count": 8, "like_count": 42111, "media_count": 618}}, {"name": "Comic Stufz", "description": "", "id": "1400003232", "username": "comicstufz", "created_at": "2013-05-03T15:36:16.000Z", "public_metrics": {"followers_count": 445, "following_count": 487, "tweet_count": 175028, "listed_count": 11, "like_count": 255519, "media_count": 294}}, {"name": "\u0e40\u0e23\u0e2d\u0e31\u0e25 \u0e21\u0e32\u0e14\u0e23\u0e34\u0e14\ud83e\udd0d\u0e40\u0e1a\u0e08\u0e39\u0e2e\u0e22\u0e2d\u0e19\ud83e\udd0d\u0e40\u0e2d\u0e19\u0e32\u0e21\u0e34\u0e2d\u0e32\u0e2a\u0e30", "description": "\ud83d\ude18Bae Joo-hyun \u2661Irene\u2661 \ud83e\udd70Enami Asa\ud83e\udd0dMADRIDISTA / REAL MADRID\ud83e\udd0d\u26bd\ufe0f OKC Thunder\ud83c\udfc0", "id": "2209026193", "username": "Witter_wit", "created_at": "2013-11-22T14:07:28.000Z", "public_metrics": {"followers_count": 100, "following_count": 683, "tweet_count": 97174, "listed_count": 3, "like_count": 104612, "media_count": 100}}, {"name": "TinaPM American", "description": "A proud Legal Imm./WOMAN/USA citizen, I\u2764\ufe0fAMERICA/military. ProLife \u2764Constitution, GOD, FAMILY #ULTRAMAGA #DEPLORABLE #MAHA #votered  #2nd\ud83d\udeabDM", "id": "587891491", "username": "TpmPeiser", "created_at": "2012-05-23T01:02:10.000Z", "public_metrics": {"followers_count": 6748, "following_count": 5347, "tweet_count": 323668, "listed_count": 2, "like_count": 272140, "media_count": 433}}, {"name": "Peter Lam", "description": "", "id": "1611556980732334081", "username": "PeterLa07277466", "created_at": "2023-01-07T02:55:23.000Z", "public_metrics": {"followers_count": 290, "following_count": 128, "tweet_count": 7048, "listed_count": 0, "like_count": 24020, "media_count": 0}}, {"name": "HelluvaBoss", "description": "", "id": "1621520438160658433", "username": "Helluva89956054", "created_at": "2023-02-03T14:46:22.000Z", "public_metrics": {"followers_count": 498, "following_count": 2342, "tweet_count": 51103, "listed_count": 2, "like_count": 47730, "media_count": 22}}, {"name": "Barry J Collins", "description": "I post about faith, politics, current events, successful mindset, fitness, computers, humorous memes, and space technology. No DMs please.", "id": "1609275470", "username": "I_Am_BJC", "created_at": "2013-07-20T23:41:01.000Z", "public_metrics": {"followers_count": 22076, "following_count": 16388, "tweet_count": 37142, "listed_count": 22, "like_count": 207924, "media_count": 728}}], "meta": {"result_count": 93, "next_token": "7140dibdnow9c7btw4b1yznqn0ja4tsiq9hv0spt0nzg6"}}