{"data": [{"created_at": "2023-05-12T17:14:40.000Z", "username": "CityMusicGeek", "public_metrics": {"followers_count": 33, "following_count": 130, "tweet_count": 184, "listed_count": 0, "like_count": 225, "media_count": 0}, "description": "Geek de la tech, apprenti urbaniste, et accro aux concerts .", "id": "1657071802676580352", "name": "Alex Harper"}, {"created_at": "2025-02-22T20:12:18.000Z", "username": "Sparkyshakti", "public_metrics": {"followers_count": 3, "following_count": 39, "tweet_count": 282, "listed_count": 0, "like_count": 1596, "media_count": 0}, "description": "", "id": "1893393329385283585", "name": "Shakti Swarup"}, {"created_at": "2018-09-16T11:28:07.000Z", "username": "lbn_Abdullah", "public_metrics": {"followers_count": 1526, "following_count": 1718, "tweet_count": 69568, "listed_count": 1, "like_count": 20366, "media_count": 247}, "description": "Born at a very young age | Software Engineer | @Arsenal #AFC | \nhttps://t.co/lulCseXXst", "id": "1041287610025426946", "name": "Abdul"}, {"created_at": "2019-01-15T08:53:59.000Z", "username": "LyleOkoth", "public_metrics": {"followers_count": 161, "following_count": 969, "tweet_count": 3039, "listed_count": 0, "like_count": 5757, "media_count": 11}, "description": "Machine Learning Engineer | Building accurate, highly expressive audio and speech models for the translation, transcription and generation of African languages.", "id": "1085097755838742528", "name": "Lyle Okoth"}, {"created_at": "2022-12-07T06:30:51.000Z", "username": "The4lphaEffect", "public_metrics": {"followers_count": 1324, "following_count": 2391, "tweet_count": 85903, "listed_count": 5, "like_count": 100616, "media_count": 1072}, "description": "I will offend you all the way to the truth", "id": "1600377171192971264", "name": "TheAlphaEffect\u2122"}, {"created_at": "2021-03-14T10:08:55.000Z", "username": "yujintang99", "public_metrics": {"followers_count": 1632, "following_count": 3761, "tweet_count": 392, "listed_count": 16, "like_count": 1642, "media_count": 29}, "description": "CS PhD Student @dartmouth, previously intern @AlibabaGroup Damo Academy, visiting @ucmerced, BS @sjtu1896 | work on MLLMs and AI Agents", "id": "1371040575005233155", "name": "Yujin Tang"}, {"created_at": "2012-11-02T22:12:26.000Z", "username": "hengcherkeng", "public_metrics": {"followers_count": 481, "following_count": 97, "tweet_count": 13335, "listed_count": 7, "like_count": 27, "media_count": 209}, "description": "", "id": "921889514", "name": "hengcherkeng"}, {"created_at": "2025-04-01T22:40:03.000Z", "username": "oms12726873", "public_metrics": {"followers_count": 991, "following_count": 6806, "tweet_count": 29800, "listed_count": 0, "like_count": 82224, "media_count": 201}, "description": "", "id": "1907201239303020544", "name": "oms12"}, {"created_at": "2008-03-06T12:36:00.000Z", "username": "krisadipap", "public_metrics": {"followers_count": 16, "following_count": 860, "tweet_count": 53446, "listed_count": 1, "like_count": 112653, "media_count": 355}, "description": "prompt management/ AI / Robotics Engineer / Space | love orange Spaceships | @SpaceViti   Lightbased quantumCompute&SpacePropulsion for making life multiversal", "id": "14088351", "name": "Adi Lentils"}, {"created_at": "2018-07-12T19:11:26.000Z", "username": "Chansoo", "public_metrics": {"followers_count": 14118, "following_count": 420, "tweet_count": 446093, "listed_count": 135, "like_count": 703611, "media_count": 29930}, "description": "A curious architect. \n\nMy DMs are open if you have any Tesla questions! Use my Tesla referral code \u2764\ufe0f \n\nSAVE $1000 FOR NEW TESLA: https://t.co/O5zhYALYXK", "id": "1017486609707667456", "name": "Chansoo Byeon"}, {"created_at": "2022-12-14T12:00:41.000Z", "username": "ddnddnddy", "public_metrics": {"followers_count": 784, "following_count": 4896, "tweet_count": 26691, "listed_count": 4, "like_count": 59701, "media_count": 7}, "description": "FSD ASI ROBOT SPACE ENERGY | art fashion", "id": "1602996942312652800", "name": "DONG JIN HWANG"}], "meta": {"result_count": 11, "next_token": "7140dibdnow9c7btw4b1kd7qq5oaw4uwk2wojsp5538l1"}}