{"data": [{"created_at": "2025-04-03T12:02:22.000Z", "username": "LiminalAGI", "public_metrics": {"followers_count": 146, "following_count": 919, "tweet_count": 9669, "listed_count": 0, "like_count": 26969, "media_count": 102}, "description": "Sharing AI posts & general future tech | Pro-freedom | Accelerate!", "id": "1907764784574967808", "name": "Liminal AGI"}, {"created_at": "2025-01-10T23:43:33.000Z", "username": "shiva_xxxxx", "public_metrics": {"followers_count": 1, "following_count": 96, "tweet_count": 595, "listed_count": 0, "like_count": 315, "media_count": 0}, "description": "Hanging out with my family - and when on X, space, universe, and AI stuff. Be good, do good. Thanks.", "id": "1877863836323049472", "name": "shiva_01"}, {"created_at": "2025-01-09T13:17:34.000Z", "username": "LeoLunesMusic", "public_metrics": {"followers_count": 36, "following_count": 625, "tweet_count": 5221, "listed_count": 1, "like_count": 3172, "media_count": 1342}, "description": "Mossad Music \ud83c\udfa7", "id": "1877343873657110528", "name": "Leo Lunes Music"}, {"created_at": "2019-09-15T09:44:10.000Z", "username": "oshonikislucky", "public_metrics": {"followers_count": 116, "following_count": 627, "tweet_count": 642, "listed_count": 0, "like_count": 890, "media_count": 13}, "description": "Rooted in three rivers one flows with grace, one with devotion, and one with detachment", "id": "1173170583565025280", "name": "Oshonik"}, {"created_at": "2024-10-20T12:10:50.000Z", "username": "aniruddhadak", "public_metrics": {"followers_count": 323, "following_count": 590, "tweet_count": 38459, "listed_count": 1, "like_count": 37833, "media_count": 2139}, "description": "I test and share all the latest updates on AI, AI agents, and LLM releases.\nhttps://t.co/Lh8HXeChOe\nDon't miss out\u2014follow for the latest insight \u2934\ufe0f", "id": "1847973691306520577", "name": "ANIRUDDHA ADAK"}, {"created_at": "2011-01-05T01:33:41.000Z", "username": "Pulse1Pilot", "public_metrics": {"followers_count": 5425, "following_count": 7462, "tweet_count": 274139, "listed_count": 6, "like_count": 506074, "media_count": 3164}, "description": "Personal views, not representing any past employer. Reposts are not equal endorsements.", "id": "234187077", "name": "PulsePilot"}, {"created_at": "2022-12-14T12:00:41.000Z", "username": "ddnddnddy", "public_metrics": {"followers_count": 784, "following_count": 4896, "tweet_count": 26691, "listed_count": 4, "like_count": 59701, "media_count": 7}, "description": "FSD ASI ROBOT SPACE ENERGY | art fashion", "id": "1602996942312652800", "name": "DONG JIN HWANG"}, {"created_at": "2023-07-03T12:35:42.000Z", "username": "Abdihakimhu", "public_metrics": {"followers_count": 1873, "following_count": 7501, "tweet_count": 19173, "listed_count": 1, "like_count": 142112, "media_count": 61}, "description": "Get to know God in prosperity, and He will know you in hardship.\ud83e\udd32\n\nmon\n30/9/24=27/3/1446/faj", "id": "1675845168111443969", "name": "abdihakim Hussein"}, {"created_at": "2022-12-07T06:30:51.000Z", "username": "The4lphaEffect", "public_metrics": {"followers_count": 1324, "following_count": 2391, "tweet_count": 85903, "listed_count": 5, "like_count": 100616, "media_count": 1072}, "description": "I will offend you all the way to the truth", "id": "1600377171192971264", "name": "TheAlphaEffect\u2122"}, {"created_at": "2023-08-13T06:45:54.000Z", "username": "JimmyT1339033", "public_metrics": {"followers_count": 1321, "following_count": 439, "tweet_count": 44293, "listed_count": 0, "like_count": 24, "media_count": 16}, "description": "Entertainment and leisure", "id": "1690615491528945664", "name": "Jimmy T"}, {"created_at": "2018-07-12T19:11:26.000Z", "username": "Chansoo", "public_metrics": {"followers_count": 14118, "following_count": 420, "tweet_count": 446093, "listed_count": 135, "like_count": 703611, "media_count": 29930}, "description": "A curious architect. \n\nMy DMs are open if you have any Tesla questions! Use my Tesla referral code \u2764\ufe0f \n\nSAVE $1000 FOR NEW TESLA: https://t.co/O5zhYALYXK", "id": "1017486609707667456", "name": "Chansoo Byeon"}, {"created_at": "2008-03-06T12:36:00.000Z", "username": "krisadipap", "public_metrics": {"followers_count": 16, "following_count": 860, "tweet_count": 53446, "listed_count": 1, "like_count": 112653, "media_count": 355}, "description": "prompt management/ AI / Robotics Engineer / Space | love orange Spaceships | @SpaceViti   Lightbased quantumCompute&SpacePropulsion for making life multiversal", "id": "14088351", "name": "Adi Lentils"}], "meta": {"result_count": 12, "next_token": "7140dibdnow9c7btw4b1kd8c1xjnwfs6kok2ailgluse0"}}