{"data": [{"id": "1953872373041782784", "name": "DIXON", "created_at": "2025-08-08T17:34:46.000Z", "public_metrics": {"followers_count": 690, "following_count": 1011, "tweet_count": 4647, "listed_count": 0, "like_count": 38249, "media_count": 774}, "username": "WalterDStarz", "description": "How would U describe what I do? \ud83e\udd14 Connector of words, ideas, people. Usually a little ahead of my time.\ud83e\udd37\u200d\u2642\ufe0f(More than ads) https://t.co/xSSLmWiwF0"}, {"id": "1907201239303020544", "name": "oms12", "created_at": "2025-04-01T22:40:03.000Z", "public_metrics": {"followers_count": 991, "following_count": 6806, "tweet_count": 29800, "listed_count": 0, "like_count": 82224, "media_count": 201}, "username": "oms12726873", "description": ""}, {"id": "631546798", "name": "DGM", "created_at": "2012-07-10T00:36:23.000Z", "public_metrics": {"followers_count": 2200, "following_count": 2045, "tweet_count": 54206, "listed_count": 1, "like_count": 150221, "media_count": 34}, "username": "DGMJK", "description": "Enlightenment is not as much fun as I expected. \r\nIt is, however, a great relief."}, {"id": "42839221", "name": "Jeffry Blas", "created_at": "2009-05-27T07:49:19.000Z", "public_metrics": {"followers_count": 2839, "following_count": 5181, "tweet_count": 109658, "listed_count": 102, "like_count": 620610, "media_count": 1275}, "username": "jefferinc", "description": "a cycling fan and innovation fan"}, {"id": "1017486609707667456", "name": "Chansoo Byeon", "created_at": "2018-07-12T19:11:26.000Z", "public_metrics": {"followers_count": 14118, "following_count": 420, "tweet_count": 446093, "listed_count": 135, "like_count": 703611, "media_count": 29930}, "username": "Chansoo", "description": "A curious architect. \n\nMy DMs are open if you have any Tesla questions! Use my Tesla referral code \u2764\ufe0f \n\nSAVE $1000 FOR NEW TESLA: https://t.co/O5zhYALYXK"}, {"id": "234187077", "name": "PulsePilot", "created_at": "2011-01-05T01:33:41.000Z", "public_metrics": {"followers_count": 5425, "following_count": 7462, "tweet_count": 274135, "listed_count": 6, "like_count": 506070, "media_count": 3164}, "username": "Pulse1Pilot", "description": "Personal views, not representing any past employer. Reposts are not equal endorsements."}, {"id": "14088351", "name": "Adi Lentils", "created_at": "2008-03-06T12:36:00.000Z", "public_metrics": {"followers_count": 16, "following_count": 860, "tweet_count": 53446, "listed_count": 1, "like_count": 112653, "media_count": 355}, "username": "krisadipap", "description": "prompt management/ AI / Robotics Engineer / Space | love orange Spaceships | @SpaceViti   Lightbased quantumCompute&SpacePropulsion for making life multiversal"}, {"id": "1600377171192971264", "name": "TheAlphaEffect\u2122", "created_at": "2022-12-07T06:30:51.000Z", "public_metrics": {"followers_count": 1324, "following_count": 2391, "tweet_count": 85903, "listed_count": 5, "like_count": 100616, "media_count": 1072}, "username": "The4lphaEffect", "description": "I will offend you all the way to the truth"}], "meta": {"result_count": 8, "next_token": "7140dibdnow9c7btw4b1kb2pnw6gj0ifwcwegkt5vc6ya"}}