{"data": [{"public_metrics": {"followers_count": 301, "following_count": 1453, "tweet_count": 1326, "listed_count": 0, "like_count": 787, "media_count": 0}, "created_at": "2011-11-24T08:05:32.000Z", "description": "Ukrainian MD. Exploring the world, one spontaneous trip at a time. Curious about what connects us all.", "username": "TheWanderingMD", "name": "TheWanderingMD", "id": "420159236"}, {"public_metrics": {"followers_count": 5425, "following_count": 7462, "tweet_count": 274109, "listed_count": 6, "like_count": 506059, "media_count": 3160}, "created_at": "2011-01-05T01:33:41.000Z", "description": "Personal views, not representing any past employer. Reposts are not equal endorsements.", "username": "Pulse1Pilot", "name": "PulsePilot", "id": "234187077"}, {"public_metrics": {"followers_count": 281, "following_count": 1396, "tweet_count": 5404, "listed_count": 0, "like_count": 59394, "media_count": 28}, "created_at": "2016-08-11T22:44:32.000Z", "description": "", "username": "ShaShep27", "name": "MUSK \ud83d\ude98\ud83d\ude80", "id": "763868731747536896"}, {"public_metrics": {"followers_count": 554, "following_count": 368, "tweet_count": 10914, "listed_count": 0, "like_count": 21342, "media_count": 3}, "created_at": "2025-06-06T23:37:55.000Z", "description": "Woman", "username": "SElaineB1020", "name": "SES", "id": "1931133370626686976"}, {"public_metrics": {"followers_count": 4393, "following_count": 1396, "tweet_count": 79437, "listed_count": 2, "like_count": 110339, "media_count": 1382}, "created_at": "2024-07-10T11:03:50.000Z", "description": "In this world Of ordinary people Extraordinary people I\u2019m glad there is you In this world I live to love I\u2019d love to live With you besides me NO DM", "username": "ChantalNatal", "name": "Chantal Natalia", "id": "1810993200766881792"}, {"public_metrics": {"followers_count": 2083, "following_count": 596, "tweet_count": 16963, "listed_count": 0, "like_count": 10307, "media_count": 96}, "created_at": "2025-08-07T09:21:50.000Z", "description": "", "username": "kathie_gre2024", "name": "ELON PRIVATE COMMUNICATION", "id": "1953385994159583232"}], "meta": {"result_count": 6, "next_token": "7140dibdnow9c7btw4b1yzlng5w47ccj99k4z3cr3vmer"}}