{"data": [{"id": "1665733509317636097", "name": "Arvin", "created_at": "2023-06-05T14:53:24.000Z", "description": "", "username": "StarryAF47", "public_metrics": {"followers_count": 2, "following_count": 77, "tweet_count": 184, "listed_count": 0, "like_count": 529, "media_count": 5}}, {"id": "951924048367357954", "name": "iBerry420", "created_at": "2018-01-12T21:09:13.000Z", "description": "Founder and CEO of AvalynnAI | Family Safe AI |\n35 | Centennial, CO | Full Stack Developer | Grok Discord Community Moderator | Agentic AI Dev", "username": "iBerry420", "public_metrics": {"followers_count": 180, "following_count": 601, "tweet_count": 544, "listed_count": 3, "like_count": 2326, "media_count": 35}}], "meta": {"result_count": 2, "next_token": "7140dibdnow9c7btw4b1kd6jfwiuxqcq0e9of27nv49q0"}}