{"data": [{"username": "sur_norte6208", "public_metrics": {"followers_count": 8, "following_count": 15, "tweet_count": 22, "listed_count": 0, "like_count": 26, "media_count": 0}, "created_at": "2025-12-02T23:22:16.000Z", "description": "Derechista. \nNo acepto izquierdistas e islamistas", "name": "America Norte Sur", "id": "1995996890262110213"}, {"username": "rudymogavero", "public_metrics": {"followers_count": 5106, "following_count": 3750, "tweet_count": 171103, "listed_count": 5, "like_count": 240916, "media_count": 136}, "created_at": "2009-02-16T22:39:41.000Z", "description": "Drove down in an ice storm.\r\n\r\nCame back in a hurricane.", "name": "Rudy Mogavero", "id": "21037857"}, {"username": "MeganeJun32965", "public_metrics": {"followers_count": 372, "following_count": 428, "tweet_count": 17480, "listed_count": 1, "like_count": 20212, "media_count": 0}, "created_at": "2023-07-01T08:34:59.000Z", "description": "", "name": "\u30e1\u30ac\u30cd\u541b", "id": "1675060189194772480"}, {"username": "BiplobDas190559", "public_metrics": {"followers_count": 3, "following_count": 70, "tweet_count": 233, "listed_count": 0, "like_count": 1167, "media_count": 1}, "created_at": "2025-10-15T09:46:03.000Z", "description": "", "name": "Biplob Das", "id": "1978396726525583360"}, {"username": "rocker_261", "public_metrics": {"followers_count": 4475, "following_count": 2619, "tweet_count": 107924, "listed_count": 5, "like_count": 278377, "media_count": 1707}, "created_at": "2015-01-31T01:32:58.000Z", "description": "", "name": "Jared", "id": "3006845218"}, {"username": "ThomasLMatula", "public_metrics": {"followers_count": 3039, "following_count": 3998, "tweet_count": 257952, "listed_count": 7, "like_count": 246665, "media_count": 261}, "created_at": "2010-02-19T21:14:49.000Z", "description": "I have a Ph.D. from New Mexico State University and have been doing research on space commerce for over 30 years. We must develop space to save the Earth.", "name": "Thomas L Matula Ph.D.", "id": "115761215"}, {"username": "IwuJuha", "public_metrics": {"followers_count": 1089, "following_count": 5117, "tweet_count": 159191, "listed_count": 324, "like_count": 8265, "media_count": 2814}, "created_at": "2013-02-19T11:49:15.000Z", "description": "", "name": "juha j h l\u00e4hteenm\u00e4ki", "id": "1196838541"}, {"username": "SeaWolf00007", "public_metrics": {"followers_count": 2994, "following_count": 7491, "tweet_count": 49550, "listed_count": 2, "like_count": 110487, "media_count": 744}, "created_at": "2011-10-12T12:08:10.000Z", "description": "Wisdom will set you free \ud83c\uddfa\ud83c\uddf8", "name": "Wisdom from the Wise", "id": "389428330"}, {"username": "PruritusAnii", "public_metrics": {"followers_count": 3710, "following_count": 1961, "tweet_count": 373130, "listed_count": 20, "like_count": 1080913, "media_count": 1453}, "created_at": "2015-05-27T16:03:17.000Z", "description": "fack china", "name": "Dr. Ligma", "id": "3228352226"}, {"username": "golden_lis65510", "public_metrics": {"followers_count": 12, "following_count": 54, "tweet_count": 1263, "listed_count": 0, "like_count": 2124, "media_count": 1}, "created_at": "2025-11-18T20:55:10.000Z", "description": "", "name": "Lisa Golden", "id": "1990885769322639360"}, {"username": "JulianGarrone", "public_metrics": {"followers_count": 3230, "following_count": 4104, "tweet_count": 152076, "listed_count": 8, "like_count": 215166, "media_count": 22193}, "created_at": "2020-09-02T03:41:39.000Z", "description": "libertad, creatividad ! si me segu\u00eds te sigo ! \ud83d\udcaa\ud83c\udffb\ud83e\udd81\ud83c\udde6\ud83c\uddf7", "name": "Julian Garrone", "id": "1301002142321344513"}, {"username": "tarachand557151", "public_metrics": {"followers_count": 15, "following_count": 37, "tweet_count": 78, "listed_count": 0, "like_count": 168, "media_count": 0}, "created_at": "2025-11-22T10:48:42.000Z", "description": "", "name": "Tarachand", "id": "1992183063246483456"}, {"username": "PreferredH", "public_metrics": {"followers_count": 1885, "following_count": 819, "tweet_count": 21200, "listed_count": 0, "like_count": 38033, "media_count": 347}, "created_at": "2014-08-06T05:17:45.000Z", "description": "Husband, Father, Christian and Conservative MAGA", "name": "John Nicholas Mavros", "id": "2734775151"}, {"username": "AnnaSmith521", "public_metrics": {"followers_count": 72, "following_count": 265, "tweet_count": 1350, "listed_count": 0, "like_count": 469, "media_count": 19}, "created_at": "2018-08-01T22:27:24.000Z", "description": "\ud83d\udcda A book lover | \ud83c\udfc3\u200d\u2642\ufe0f A sports enthusiast | \ud83c\udfb6 Music is an integral part of my life | A journey in pursuit of knowledge and freedom \ud83c\udf0d", "name": "Anna Smith", "id": "1024783685395140608"}, {"username": "GlobalNewsAl1", "public_metrics": {"followers_count": 411, "following_count": 2783, "tweet_count": 39821, "listed_count": 1, "like_count": 5074, "media_count": 14}, "created_at": "2023-10-09T07:43:47.000Z", "description": "\"Bringing you the latest breaking news, in-depth analysis, and top stories from around the world. Stay informed with our updates 24/7. #NewsNow \ud83c\udf0d\ud83d\udcf0\"", "name": "Global Insights News", "id": "1711286230258978816"}, {"username": "MarsCivilian", "public_metrics": {"followers_count": 53, "following_count": 13, "tweet_count": 3440, "listed_count": 0, "like_count": 902, "media_count": 1}, "created_at": "2025-10-31T10:25:17.000Z", "description": "", "name": "Mars Civilization", "id": "1984204948641665024"}, {"username": "jairochl", "public_metrics": {"followers_count": 1940, "following_count": 2236, "tweet_count": 816622, "listed_count": 32, "like_count": 633104, "media_count": 947}, "created_at": "2011-04-15T16:45:27.000Z", "description": "2 years, miss u so!\nWe have no choice but to walk the way you built for us, because it's full of all your love & virtuosity. I'll love u 4ever mom!", "name": "jairo ch", "id": "282654181"}, {"username": "ABC03071143", "public_metrics": {"followers_count": 995, "following_count": 938, "tweet_count": 122871, "listed_count": 6, "like_count": 14672, "media_count": 3232}, "created_at": "2019-06-01T01:03:31.000Z", "description": "Christian. conservative values . independent.\u5c31\u4e8b\u8bba\u4e8b", "name": "Amy\u5c31\u4e8b\u8bba\u4e8b", "id": "1134626496696340480"}, {"username": "ClimaFlorida", "public_metrics": {"followers_count": 2731, "following_count": 2471, "tweet_count": 259222, "listed_count": 75, "like_count": 69076, "media_count": 38758}, "created_at": "2012-04-16T19:25:53.000Z", "description": "Siempre que llovi\u00f3 par\u00f3. Clima, ciencia radio y gatos. Ingeniero.", "name": "FloridaCat", "id": "555443910"}, {"username": "agude_frank", "public_metrics": {"followers_count": 472, "following_count": 720, "tweet_count": 87346, "listed_count": 0, "like_count": 78983, "media_count": 592}, "created_at": "2024-10-11T16:10:16.000Z", "description": "", "name": "frank agude.mazi Elias boy", "id": "1844772248739274754"}, {"username": "Dino_Simth", "public_metrics": {"followers_count": 55, "following_count": 165, "tweet_count": 2182, "listed_count": 0, "like_count": 1302, "media_count": 0}, "created_at": "2025-10-09T06:34:25.000Z", "description": "est \ud83d\udcfa Service\n\ud83c\udd9324 hours free trial \n\u27a1\ufe0f19k+live channels\n\u27a1\ufe0f80k+vods services and movies\n\u27a1\ufe0fAll Sports Channels", "name": "IPTV SMARTERS", "id": "1976174359371788288"}, {"username": "UOlekseevic", "public_metrics": {"followers_count": 622, "following_count": 17, "tweet_count": 2908, "listed_count": 0, "like_count": 32824, "media_count": 0}, "created_at": "2022-06-01T07:13:21.000Z", "description": "", "name": "iurasokolov17 & hamster.785430", "id": "1531896392662253568"}, {"username": "Elonmusk186756", "public_metrics": {"followers_count": 15, "following_count": 13, "tweet_count": 2077, "listed_count": 0, "like_count": 1953, "media_count": 0}, "created_at": "2025-11-30T07:50:03.000Z", "description": "CLICK ON THE LINK TO TEXT ON TELEGRAM FOR YOUR PRIZE\ud83d\udc49\ud83d\udc49\ud83d\udc49https://t.co/iPxWxgnS66", "name": "TEXT ME DONE ON TELEGRAM AND CLAIM YOUR PRIZE", "id": "1995037468903837700"}, {"username": "FAliatro", "public_metrics": {"followers_count": 108, "following_count": 222, "tweet_count": 19480, "listed_count": 0, "like_count": 55917, "media_count": 14}, "created_at": "2023-05-21T10:42:53.000Z", "description": "Student at PUEA\nDigital content creator\nBlogger", "name": "Nyakwar Jamoko", "id": "1660234451228524545"}, {"username": "BlauesMomentum", "public_metrics": {"followers_count": 2315, "following_count": 5144, "tweet_count": 203053, "listed_count": 0, "like_count": 143041, "media_count": 8586}, "created_at": "2020-02-26T23:32:04.000Z", "description": "#NurZwei\n#Gruenermist \nhttps://t.co/zyi3xYMN0p\n#TeamWeidel \n#NurNochAfD\n#CopenhagenAtomics\n#DankeElon\n#ZUSAMMENLAND\n#LieberRechtsAlsLinks\n#TeamAlice", "name": "Blue Winter", "id": "1232810499118682125"}, {"username": "SarahShaddesh", "public_metrics": {"followers_count": 1208, "following_count": 1439, "tweet_count": 1461, "listed_count": 1, "like_count": 227, "media_count": 52}, "created_at": "2022-06-24T04:13:20.000Z", "description": "Smell like earth, herbs, gardens.", "name": "Sarah Lydia", "id": "1540186204356120576"}, {"username": "2ufy887pvtv6", "public_metrics": {"followers_count": 1321, "following_count": 0, "tweet_count": 29267, "listed_count": 22, "like_count": 11, "media_count": 220}, "created_at": "2015-11-05T08:21:16.000Z", "description": "\u898b\u4e0a\u7d14\u4e00\u30fb24\u6b73\u3000\u8208\u5473\u306fUFO\u30fb\u5fc3\u970a\u3084\u304a\u7b11\u3044\u305d\u306e\u4ed6\u30fb\u30d1\u30bd\u30b3\u30f3Twitter\u30b5\u30a4\u30c8\u3067\u3059\u3001\u521d\u3081\u307e\u3057\u3066\u3001 \u30b9\u30de\u30fc\u30c8\u30d5\u30a9\u30f3\u306eTwitter\u3082\u3069\u3046\u305e\u3002", "name": "\u898b\u4e0a\u7d14\u4e00 (\u30b5\u30d6)", "id": "4133076619"}, {"username": "BronsonRog22107", "public_metrics": {"followers_count": 5444, "following_count": 0, "tweet_count": 32353, "listed_count": 0, "like_count": 93, "media_count": 1193}, "created_at": "2023-08-17T15:28:58.000Z", "description": "RETIRED BODYGUARD/SECURITY PRIVATE!!!", "name": "Roger Bronson", "id": "1692196494583992320"}, {"username": "UFhggk93683", "public_metrics": {"followers_count": 26, "following_count": 14, "tweet_count": 4457, "listed_count": 0, "like_count": 4514, "media_count": 0}, "created_at": "2025-06-03T07:25:44.000Z", "description": "", "name": "Urwashi Fhggk", "id": "1929801322003333121"}, {"username": "ahonebula", "public_metrics": {"followers_count": 68, "following_count": 806, "tweet_count": 117, "listed_count": 0, "like_count": 0, "media_count": 0}, "created_at": "2024-11-06T22:22:11.000Z", "description": "If only he knew how much I like him", "name": "Melissa", "id": "1854288147527651328"}, {"username": "adam_ormond", "public_metrics": {"followers_count": 686, "following_count": 761, "tweet_count": 6046, "listed_count": 0, "like_count": 988, "media_count": 12}, "created_at": "2022-09-22T18:57:40.000Z", "description": "", "name": "Adam Ormond", "id": "1573023671332982784"}, {"username": "Aryan_BeastBoy", "public_metrics": {"followers_count": 60, "following_count": 23, "tweet_count": 22030, "listed_count": 0, "like_count": 59349, "media_count": 0}, "created_at": "2022-07-24T07:17:16.000Z", "description": "Sports & Entertainment", "name": "Aryan_Sharma", "id": "1551104092805558272"}, {"username": "mansur_profoh", "public_metrics": {"followers_count": 1081, "following_count": 2466, "tweet_count": 30584, "listed_count": 1, "like_count": 77779, "media_count": 247}, "created_at": "2023-09-17T15:48:45.000Z", "description": "A Professional For Humanity - PROFOH, Member - World Economic Forum, AIB, FIEO, Consultant for MSME, Government of India - Freelance Journalist.", "name": "mansur@profoh", "id": "1703435699179925504"}, {"username": "cryptomxempire", "public_metrics": {"followers_count": 129, "following_count": 160, "tweet_count": 14864, "listed_count": 0, "like_count": 10463, "media_count": 1}, "created_at": "2025-11-07T11:13:21.000Z", "description": "crypto, world social news trending", "name": "cryptomx", "id": "1986753554334494721"}, {"username": "inkya_001", "public_metrics": {"followers_count": 4290, "following_count": 7197, "tweet_count": 45616, "listed_count": 9, "like_count": 91724, "media_count": 230}, "created_at": "2022-04-30T02:11:44.000Z", "description": "Minecraft/Overwatch2/ETS2/GTA \u30a2\u30a4\u30b3\u30f3:@presea_refina\n\u30b2\u30fc\u30e0/\u98db\u884c\u6a5f/PC/\u30ac\u30b8\u30a7\u30c3\u30c8/\u30e2\u30c7\u30ea\u30f3\u30b0\u7b49\nXperia 1 ii /iPhone 16 Pro\n\u30bf\u30a4\u30d4\u30f3\u30b0\u7df4\u7fd2\u4e2d\n\u3088\u308d\u3057\u304f\uff5e", "name": "inkya", "id": "1520224292646309889"}, {"username": "rajeshgone34", "public_metrics": {"followers_count": 310, "following_count": 1442, "tweet_count": 5778, "listed_count": 0, "like_count": 28897, "media_count": 102}, "created_at": "2023-04-21T09:06:37.000Z", "description": "CRYPTO FARMER\nDeFI", "name": "rajeshgone.base.eth", "id": "1649338745467060227"}, {"username": "iamjadedraigon", "public_metrics": {"followers_count": 7854, "following_count": 4552, "tweet_count": 333065, "listed_count": 45, "like_count": 67296, "media_count": 19}, "created_at": "2010-10-23T21:05:56.000Z", "description": "Author, Writer. House flipper. Searching for truth, justice and clearance sales. #MAGA", "name": "Pam Bailey", "id": "206835706"}, {"username": "salfordagent", "public_metrics": {"followers_count": 225, "following_count": 948, "tweet_count": 5914, "listed_count": 1, "like_count": 5659, "media_count": 8}, "created_at": "2012-11-19T01:27:16.000Z", "description": "Developer Blockchain Tracking Cybersecurity Expert specializing in all  investment recovery,crypto https://t.co/EHRzRwycbT", "name": "SALFORD &Co. Global tech", "id": "956527578"}, {"username": "ChelseaMoulton6", "public_metrics": {"followers_count": 963, "following_count": 1404, "tweet_count": 1435, "listed_count": 1, "like_count": 224, "media_count": 68}, "created_at": "2022-06-24T05:09:55.000Z", "description": "Since the 'X'-crement rebrand, it's now jus a timeline of Ads \ud83d\udca9", "name": "Moulton Hayes", "id": "1540200418470502400"}, {"username": "VS07311022", "public_metrics": {"followers_count": 111, "following_count": 244, "tweet_count": 1091, "listed_count": 1, "like_count": 32898, "media_count": 3}, "created_at": "2024-12-01T04:49:34.000Z", "description": "\u30ad\u30e5\u30a2\u30a6\u30a3\u30f3\u30af\u3001\u30ad\u30e5\u30a2\u30ba\u30ad\u30e5\u30fc\u30f3\u3001\u30ad\u30e5\u30a2\u30d5\u30ec\u30f3\u30c7\u30a3\u3001\u609f\u304f\u3093\u3001\u3060\u3044\u3075\u304f\u304d\u3085\u3093\u63a8\u3057\u306e\u7537\u5b50\u5927\u5b662\u5e74\u751f\u3067\u3059\u3002", "name": "\u84bc\u98a8\u5f69\u5948@\u306a\u306a\u3061\u3083\u3093\u3092\u63a8\u3057\u3066\u3044\u308b\u8005(\u30ad\u30e5\u30a2\u30b3\u30cd\u30af\u30c8\u6700\u9ad8\u2606)", "id": "1863082771213873152"}, {"username": "UH60Andy", "public_metrics": {"followers_count": 2994, "following_count": 1493, "tweet_count": 109739, "listed_count": 6, "like_count": 308556, "media_count": 4867}, "created_at": "2013-10-05T13:45:22.000Z", "description": "\u201cI don\u2019t need another friend, when most of them, I can barely keep up with them\u201d \u201cTrussst the ssscience\u201d \ud83d\udc0d RTs \u2260 endorsement  #TwoTierKier #ClimateScam", "name": "Francis Poldark", "id": "1937664564"}, {"username": "will25252525", "public_metrics": {"followers_count": 162, "following_count": 106, "tweet_count": 25638, "listed_count": 0, "like_count": 35326, "media_count": 0}, "created_at": "2022-12-02T15:02:56.000Z", "description": "", "name": "\u7720\u514e", "id": "1598694118259298306"}, {"username": "BurnsBryce82", "public_metrics": {"followers_count": 351, "following_count": 366, "tweet_count": 18683, "listed_count": 0, "like_count": 41559, "media_count": 88}, "created_at": "2021-11-13T03:55:57.000Z", "description": "Please do not message unsolicited, I will either not respond or just tell you I\u2019m not interested.", "name": "Bryce Burns", "id": "1459369274347241474"}, {"username": "98ellaElla23", "public_metrics": {"followers_count": 318, "following_count": 388, "tweet_count": 644, "listed_count": 1, "like_count": 9464, "media_count": 35}, "created_at": "2011-06-01T15:10:06.000Z", "description": "#NewsEntertainment  #YogaFitness  #Friendship #Golf\u26f3", "name": "Ella", "id": "309113331"}, {"username": "Tchoinkolt", "public_metrics": {"followers_count": 4843, "following_count": 4957, "tweet_count": 8335, "listed_count": 1, "like_count": 7452, "media_count": 253}, "created_at": "2019-03-25T19:19:46.000Z", "description": "yes", "name": "yes\ud83c\udde7\ud83c\uddf7\ud83d\udc9a\ud83d\udc9bSDV", "id": "1110260000033787904"}, {"username": "CabLe_c79yv", "public_metrics": {"followers_count": 0, "following_count": 15, "tweet_count": 10, "listed_count": 0, "like_count": 0, "media_count": 0}, "created_at": "2025-07-21T04:31:30.000Z", "description": "Your behavior decides who stays in your life.", "name": "Rachel", "id": "1947152399463743492"}, {"username": "latex_k", "public_metrics": {"followers_count": 130, "following_count": 804, "tweet_count": 3164, "listed_count": 2, "like_count": 16574, "media_count": 4}, "created_at": "2020-10-18T12:52:32.000Z", "description": "Latex is passion to roar", "name": "Latex K D", "id": "1317810718977093632"}, {"username": "umi_zahrina", "public_metrics": {"followers_count": 12, "following_count": 24, "tweet_count": 293, "listed_count": 0, "like_count": 234, "media_count": 5}, "created_at": "2025-01-14T04:10:50.000Z", "description": "Hari hari semakin menjadi dewasa", "name": "Umi Zahrina", "id": "1879018246692818944"}, {"username": "mraviciiii", "public_metrics": {"followers_count": 557, "following_count": 1886, "tweet_count": 31234, "listed_count": 1, "like_count": 59768, "media_count": 3096}, "created_at": "2024-09-21T18:51:41.000Z", "description": "Energetic sister swarp drive, AI chips, we really are the future of innovative technology.\ud83d\udd0bTBes\u00a9\ufe0f\nPortador de sangre RH 0-\nUmbrella\u2622\ufe0f\nGrokipedia\ud83c\udf0e\nArgentina \u00ae\ufe0f", "name": "MrAviciiii", "id": "1837565336637657090"}, {"username": "hoxiio", "public_metrics": {"followers_count": 181, "following_count": 1099, "tweet_count": 7767, "listed_count": 1, "like_count": 4617, "media_count": 155}, "created_at": "2014-05-28T11:57:53.000Z", "description": "It's very difficult when you're accused of something.\nBut I'm back at X and I hope I won't be punished again.", "name": "hobitity", "id": "2568837105"}, {"username": "Marcotic001", "public_metrics": {"followers_count": 1016, "following_count": 592, "tweet_count": 1713, "listed_count": 1, "like_count": 122809, "media_count": 314}, "created_at": "2017-01-02T17:23:56.000Z", "description": "Mother ,grandmother of 4 one on the way.i love president trump", "name": "Marcotic", "id": "815971904393773057"}, {"username": "Winstonsmom55", "public_metrics": {"followers_count": 661, "following_count": 1122, "tweet_count": 7584, "listed_count": 6, "like_count": 12694, "media_count": 225}, "created_at": "2025-10-11T00:36:45.000Z", "description": "", "name": "Annabelle", "id": "1976808900939988993"}, {"username": "JNarradorVisual", "public_metrics": {"followers_count": 1158, "following_count": 485, "tweet_count": 221079, "listed_count": 2, "like_count": 319322, "media_count": 16}, "created_at": "2022-09-23T20:06:20.000Z", "description": "", "name": "JuanMatias-CreadorNarradorVisual", "id": "1573403183342387204"}, {"username": "XnC8br3S8w669", "public_metrics": {"followers_count": 618, "following_count": 1909, "tweet_count": 31424, "listed_count": 0, "like_count": 28339, "media_count": 849}, "created_at": "2024-01-15T13:27:31.000Z", "description": "\u30e9\u30a4\u30d0\u30fc\u3067\u3059", "name": "\u67f4\u7530\u5145\u4fca", "id": "1746885544314040320"}, {"username": "Cvbnjhgm", "public_metrics": {"followers_count": 0, "following_count": 0, "tweet_count": 4, "listed_count": 0, "like_count": 3, "media_count": 0}, "created_at": "2025-12-07T03:24:38.000Z", "description": "", "name": "Cvbnjhg", "id": "1997507485868113920"}, {"username": "Kristineik6", "public_metrics": {"followers_count": 633, "following_count": 443, "tweet_count": 551, "listed_count": 0, "like_count": 936, "media_count": 2}, "created_at": "2013-04-01T00:49:51.000Z", "description": "A professional physician focused on natural, confident beauty \ud83d\udcab\nGolf enthusiasts / travel lovers \u26f3\ufe0f\ud83c\udfdd\ufe0f", "name": "MoonlitEve\ud83c\udfc2\ud83d\udc08", "id": "1319369466"}, {"username": "johanavrinto", "public_metrics": {"followers_count": 166, "following_count": 492, "tweet_count": 24009, "listed_count": 6, "like_count": 77876, "media_count": 0}, "created_at": "2022-02-01T05:03:43.000Z", "description": "20 || Trader, Web 3 Enthusiastic, Work Out, Basketball, Tennis, and Books || Student At Diponegoro University", "name": "johanavr.eth", "id": "1488377458156257283"}, {"username": "ngaruiya68", "public_metrics": {"followers_count": 1071, "following_count": 1511, "tweet_count": 95957, "listed_count": 1, "like_count": 98283, "media_count": 254}, "created_at": "2024-04-24T20:20:50.000Z", "description": "lost my account 2012 at 20k", "name": "Ngaruiya68 Charles", "id": "1783229449254649856"}, {"username": "sharmaaarav98", "public_metrics": {"followers_count": 14, "following_count": 88, "tweet_count": 98, "listed_count": 0, "like_count": 280, "media_count": 0}, "created_at": "2022-11-21T10:00:35.000Z", "description": "", "name": "Aarav sharma", "id": "1594631771634532352"}, {"username": "AmyMaga62", "public_metrics": {"followers_count": 8813, "following_count": 6471, "tweet_count": 220854, "listed_count": 0, "like_count": 250173, "media_count": 89}, "created_at": "2021-12-20T00:34:47.000Z", "description": "I'm a restaurant/ bar owner in Michigan,  I've been a small business owner for 14 years \ud83c\uddfa\ud83c\uddf8 \ud83c\uddfa\ud83c\uddf2 \ud83c\uddfa\ud83c\uddf8\ud83c\uddfa\ud83c\uddf8\ud83c\uddfa\ud83c\uddf8\ud83c\uddfa\ud83c\uddf8\ud83c\uddfa\ud83c\uddf8", "name": "Amy Beyerlein", "id": "1472727026121457666"}, {"username": "dart_jan", "public_metrics": {"followers_count": 6351, "following_count": 832, "tweet_count": 176743, "listed_count": 1, "like_count": 209200, "media_count": 1833}, "created_at": "2014-03-27T20:12:46.000Z", "description": "", "name": "Jan Wass Dart", "id": "2414855647"}, {"username": "Mahbobesadeghi7", "public_metrics": {"followers_count": 87, "following_count": 124, "tweet_count": 107, "listed_count": 0, "like_count": 135, "media_count": 0}, "created_at": "2024-09-14T06:12:18.000Z", "description": "\u0645\u0627 \u0645\u0646\u062a\u0638\u0631 \u0622\u0642\u0627\u06cc\u06cc\u0645", "name": "mahbobe sadeghi", "id": "1834837510288973824"}, {"username": "22SavageAZ1", "public_metrics": {"followers_count": 1707, "following_count": 946, "tweet_count": 36716, "listed_count": 0, "like_count": 56188, "media_count": 528}, "created_at": "2022-11-20T16:46:59.000Z", "description": "Consistency & Accountability", "name": "Patrick Savage", "id": "1594371563775700992"}, {"username": "fckboy3105", "public_metrics": {"followers_count": 27, "following_count": 42, "tweet_count": 56, "listed_count": 0, "like_count": 107, "media_count": 1}, "created_at": "2025-11-20T07:34:16.000Z", "description": "X sucks", "name": "X fck", "id": "1991409691289874434"}, {"username": "BlaineGaither", "public_metrics": {"followers_count": 215, "following_count": 173, "tweet_count": 5333, "listed_count": 0, "like_count": 11723, "media_count": 36}, "created_at": "2009-01-21T01:17:48.000Z", "description": "Computer Architect; Performance Modeling and analysis.  66 US Patents\nPast: B1 Aerodynamics; Warhead Modeling.  Posts/replies can't be used to train AI (C)2025.", "name": "Blaine Gaither", "id": "19269174"}, {"username": "Mephistofla", "public_metrics": {"followers_count": 29, "following_count": 147, "tweet_count": 591, "listed_count": 0, "like_count": 14244, "media_count": 5}, "created_at": "2025-08-15T20:19:28.000Z", "description": "Alt", "name": "Mephite FL", "id": "1956450646200365056"}, {"username": "elon_musk275911", "public_metrics": {"followers_count": 1, "following_count": 1, "tweet_count": 60, "listed_count": 0, "like_count": 0, "media_count": 0}, "created_at": "2025-12-07T03:45:33.000Z", "description": "", "name": "Elon \ud83c\udd87", "id": "1997512719864664064"}, {"username": "Ghanbarihoman", "public_metrics": {"followers_count": 118, "following_count": 144, "tweet_count": 122, "listed_count": 0, "like_count": 161, "media_count": 2}, "created_at": "2024-09-18T07:11:59.000Z", "description": "\u062e\u062f\u0627 \u0645\u06cc\u06af\u0647: \n\u00ab\u0645\u0646 \u062d\u064e\u06cc\u062b\u064f \u0644\u0627 \u06cc\u064e\u062d\u0652\u062a\u064e\u0633\u0650\u0628\u064f\u00bb\n\u06cc\u0647\u200c \u062c\u0648\u0631\u06cc \u06a9\u0645\u06a9\u062a \u0645\u06cc\u200c\u06a9\u0646\u0645\u060c \u06a9\u0647 \u0641\u06a9\u0631\u0634\u0645 \u0646\u06a9\u0646\u06cc :)\ud83e\udd0d", "name": "homan ghanbari", "id": "1836302039397085185"}, {"username": "stevedude158", "public_metrics": {"followers_count": 169, "following_count": 5786, "tweet_count": 416, "listed_count": 0, "like_count": 248, "media_count": 0}, "created_at": "2012-05-24T20:19:01.000Z", "description": "Guiding ElonMusk\u2019s vision for a better future through Spacex, Tesla, Neuralink and Doge", "name": "Steve Angela", "id": "589396312"}, {"username": "Torchitwyatt", "public_metrics": {"followers_count": 1865, "following_count": 1566, "tweet_count": 125197, "listed_count": 2, "like_count": 288766, "media_count": 638}, "created_at": "2022-12-11T18:25:44.000Z", "description": "\u201cGovernment is not reason; it is not eloquent; it is force. Like fire, it is a dangerous servant and a fearful master.\u201d\n\n\u2014\u00a0George Washington", "name": "Ellie Wyatt", "id": "1602006680359047168"}, {"username": "elon_chatmen", "public_metrics": {"followers_count": 1, "following_count": 63, "tweet_count": 64, "listed_count": 0, "like_count": 0, "media_count": 0}, "created_at": "2025-12-02T19:47:32.000Z", "description": "CEO-Tesla '\ud83d\ude98space x \ud83d\ude80founder of the boring company cofounder- nueralink Opener\ud83e\ude90\ud83d\ude80", "name": "ELON PRIVATE X", "id": "1995942891836112901"}, {"username": "rmwarpony", "public_metrics": {"followers_count": 1380, "following_count": 168, "tweet_count": 82181, "listed_count": 0, "like_count": 106031, "media_count": 259}, "created_at": "2014-04-05T20:25:58.000Z", "description": "", "name": "jim", "id": "2429416310"}, {"username": "regina_mancini", "public_metrics": {"followers_count": 2311, "following_count": 1682, "tweet_count": 24144, "listed_count": 1, "like_count": 34912, "media_count": 76}, "created_at": "2022-08-13T01:15:42.000Z", "description": "M\u00e3e Solo  de um menino adolescente\ud83d\ude80|Cientista de Dados em Forma\u00e7\u00e3o \ud83e\uddea | Patriota de Direita \ud83c\udde7\ud83c\uddf7 | Mestranda em Equil\u00edbrio Mental no Caos Brasileiro| \ud83c\udd98", "name": "Regina Mancini \ud83d\udc69\u200d\ud83d\udc66\u2764\ufe0f\ud83d\udcbb", "id": "1558260853258027011"}, {"username": "Gbomiju", "public_metrics": {"followers_count": 1, "following_count": 4, "tweet_count": 84, "listed_count": 0, "like_count": 286, "media_count": 0}, "created_at": "2025-10-25T15:25:24.000Z", "description": "", "name": "uGbomi", "id": "1982106174377086977"}, {"username": "ViolinIOI", "public_metrics": {"followers_count": 319, "following_count": 185, "tweet_count": 60970, "listed_count": 0, "like_count": 112338, "media_count": 920}, "created_at": "2019-01-22T22:01:06.000Z", "description": "Royal Headquarter / by lonely wolfy - |Bluem INT| \u231a\ufe0f /|\\ I am who I am, you know.", "name": "Ravioili", "id": "1087832552231059456"}, {"username": "bigreno765", "public_metrics": {"followers_count": 106, "following_count": 101, "tweet_count": 1803, "listed_count": 0, "like_count": 994, "media_count": 0}, "created_at": "2024-12-17T09:51:18.000Z", "description": "", "name": "Ejembi Gabriel", "id": "1868957030796394497"}, {"username": "KnoxDavis46", "public_metrics": {"followers_count": 2, "following_count": 1, "tweet_count": 1059, "listed_count": 0, "like_count": 394, "media_count": 0}, "created_at": "2025-12-06T07:09:10.000Z", "description": "", "name": "Knox Davis", "id": "1997201591221604355"}, {"username": "K_A_Montgomery", "public_metrics": {"followers_count": 1295, "following_count": 485, "tweet_count": 42783, "listed_count": 0, "like_count": 83, "media_count": 16}, "created_at": "2020-03-26T16:01:14.000Z", "description": "", "name": "Kimberly Montgomery", "id": "1243206019569811458"}, {"username": "mr_elonmusk14", "public_metrics": {"followers_count": 56, "following_count": 812, "tweet_count": 3557, "listed_count": 0, "like_count": 8498, "media_count": 2}, "created_at": "2017-11-25T11:47:27.000Z", "description": "CEO - SpaceX \ud83d\ude80,Tesla \ud83d\ude98 Founder - |CO-Founder-Neturalink, OpenAl caring man  \u2764\ufe0f", "name": "LIVE CHAT", "id": "934388054139183106"}, {"username": "JonCatmanjon", "public_metrics": {"followers_count": 1756, "following_count": 128, "tweet_count": 70027, "listed_count": 0, "like_count": 68201, "media_count": 0}, "created_at": "2016-07-14T17:49:43.000Z", "description": "", "name": "jon dwyer", "id": "753647677313720320"}, {"username": "Salimsalmani821", "public_metrics": {"followers_count": 1, "following_count": 85, "tweet_count": 171, "listed_count": 0, "like_count": 0, "media_count": 0}, "created_at": "2018-02-06T15:10:22.000Z", "description": "IM AVAILABLE FOR ALL KIND OF BODY MASSAGE SERVICE 24 HOURS OPEN ,SAFE ROOM AND CLEAN \ud83d\udc86\u200d\u2640\ufe0f\ud83d\udc9b..  \n\nTELEGRAM\u2764\ufe0f: https://t.co/J1G9DCe1FE", "name": "Salimsalmani@828gemil", "id": "960893435883302912"}, {"username": "John7575Nic", "public_metrics": {"followers_count": 1134, "following_count": 2401, "tweet_count": 13889, "listed_count": 1, "like_count": 44014, "media_count": 1012}, "created_at": "2022-04-25T04:14:07.000Z", "description": "I enjoy making AI video's and putting them everywhere \nhttps://t.co/xmQ9RGIu6h", "name": "John Doe", "id": "1518443134207676417"}, {"username": "ShaShep27", "public_metrics": {"followers_count": 281, "following_count": 1396, "tweet_count": 5384, "listed_count": 0, "like_count": 59374, "media_count": 28}, "created_at": "2016-08-11T22:44:32.000Z", "description": "", "name": "MUSK \ud83d\ude98\ud83d\ude80", "id": "763868731747536896"}, {"username": "RosseCena", "public_metrics": {"followers_count": 1023, "following_count": 2528, "tweet_count": 106971, "listed_count": 1, "like_count": 80117, "media_count": 343}, "created_at": "2009-08-20T17:42:53.000Z", "description": "Ciudadana. Caraquista y Catiense.", "name": "Mary", "id": "67372495"}, {"username": "OlukayodeWaidi", "public_metrics": {"followers_count": 319, "following_count": 359, "tweet_count": 58383, "listed_count": 1, "like_count": 126778, "media_count": 4}, "created_at": "2023-02-02T17:52:51.000Z", "description": "", "name": "Waidi Olukayode", "id": "1621204904483119104"}, {"username": "Las601152", "public_metrics": {"followers_count": 562, "following_count": 125, "tweet_count": 42890, "listed_count": 0, "like_count": 23212, "media_count": 0}, "created_at": "2020-03-24T22:27:19.000Z", "description": "", "name": "SouthernLA", "id": "1242578050212126723"}, {"username": "JanengirlsJane", "public_metrics": {"followers_count": 6322, "following_count": 3926, "tweet_count": 291954, "listed_count": 9, "like_count": 253783, "media_count": 709}, "created_at": "2022-11-04T14:07:58.000Z", "description": "Just Jane\u2026mother, wife and trying in my small way to help WAKE people up\u2026 please NO DM\u2019s \ud83c\uddfa\ud83c\uddf8", "name": "Just Jane", "id": "1588533354961436678"}, {"username": "anonim17099589", "public_metrics": {"followers_count": 12, "following_count": 7, "tweet_count": 308, "listed_count": 0, "like_count": 326, "media_count": 3}, "created_at": "2020-09-10T23:37:31.000Z", "description": "", "name": "anonim", "id": "1304202338106834946"}, {"username": "kristenl325", "public_metrics": {"followers_count": 1409, "following_count": 852, "tweet_count": 32032, "listed_count": 1, "like_count": 103340, "media_count": 2}, "created_at": "2021-02-10T03:33:54.000Z", "description": "Entrepreneur", "name": "kristenl325", "id": "1359344770573873157"}, {"username": "atmchsr1615", "public_metrics": {"followers_count": 2198, "following_count": 4164, "tweet_count": 222170, "listed_count": 2, "like_count": 680363, "media_count": 0}, "created_at": "2016-07-21T00:37:05.000Z", "description": "\u201c Indian by Birth, AMERICAN by choice !!\u201d", "name": "Atmchsr1615", "id": "755924521241108480"}, {"username": "Kiara_61828", "public_metrics": {"followers_count": 899, "following_count": 1022, "tweet_count": 9011, "listed_count": 2, "like_count": 473, "media_count": 97}, "created_at": "2013-05-25T02:06:24.000Z", "description": "\ud83c\udf05A woman nestled between book pages and coffee aromas\u2615Cherishes freedom\ud83c\uddfa\ud83c\uddf8Loves America\ud83d\udeabRobots  \ud83d\udeabAdult content", "name": "\ud83c\udf0cKiara\ud83d\udc69\ud83c\udf06\ud83d\udc29", "id": "1455744738"}, {"username": "iftikhar866881", "public_metrics": {"followers_count": 1091, "following_count": 785, "tweet_count": 48504, "listed_count": 4, "like_count": 52430, "media_count": 298}, "created_at": "2017-09-14T09:00:37.000Z", "description": "", "name": "Iftikhar Ahmed", "id": "908254145991385088"}, {"username": "TerryCornelius7", "public_metrics": {"followers_count": 19471, "following_count": 19185, "tweet_count": 142353, "listed_count": 2, "like_count": 218681, "media_count": 42}, "created_at": "2016-12-09T05:27:20.000Z", "description": "USN Veteran. Patriot. \ud83c\uddfa\ud83c\uddf8\ud83c\uddfa\ud83c\uddf8\ud83c\uddfa\ud83c\uddf8 Father of two daughters. Enjoy travel and spending summers on the Pennsylvania farm. Psalm 23:1. MOLON LABE  \u03bc\u03bf\u03bb\u1f7c\u03bd \u03bb\u03b1\u03b2\u03ad", "name": "Terry Cornelius", "id": "807094256649125888"}, {"username": "Tahiddinesh1", "public_metrics": {"followers_count": 1599, "following_count": 2551, "tweet_count": 1106, "listed_count": 0, "like_count": 182, "media_count": 288}, "created_at": "2024-11-25T07:06:05.000Z", "description": "Social Media Influencer", "name": "Dinesh Tahid", "id": "1860942915838820353"}, {"username": "AppurMarilyn", "public_metrics": {"followers_count": 226, "following_count": 1077, "tweet_count": 299, "listed_count": 0, "like_count": 0, "media_count": 0}, "created_at": "2024-12-29T10:36:29.000Z", "description": "Love isn`t just about finding the right person. But creating a right relationship.", "name": "Marilyn", "id": "1873317096047734784"}, {"username": "Sam474915355336", "public_metrics": {"followers_count": 0, "following_count": 71, "tweet_count": 14, "listed_count": 0, "like_count": 1225, "media_count": 0}, "created_at": "2025-11-23T07:51:16.000Z", "description": "", "name": "Sam", "id": "1992501135345913856"}, {"username": "Socorro30422963", "public_metrics": {"followers_count": 698, "following_count": 716, "tweet_count": 81687, "listed_count": 1, "like_count": 97454, "media_count": 1819}, "created_at": "2022-10-28T17:21:06.000Z", "description": "", "name": "Socorro Dimitri", "id": "1586045337667600384"}, {"username": "BIGG69276626", "public_metrics": {"followers_count": 54779, "following_count": 53877, "tweet_count": 231796, "listed_count": 18, "like_count": 139399, "media_count": 9649}, "created_at": "2022-04-26T00:29:09.000Z", "description": "FREE SPEECH ,TRUMP ,ELON. MAGA , IFBP, LEO UNDER COVER AGENT , NO DM I DON\u2019t READ THEM. I DELET THEM", "name": "BIG G (Lee) \ud83c\udf4a", "id": "1518748403928293377"}], "meta": {"result_count": 98, "next_token": "7140dibdnow9c7btw4b1yznqn0qxlib5xx3ydumflizw8"}}