{"data": [{"text": "The cyclone was bomb. https://t.co/6qst9b6PDd", "id": "1861573481508544963", "edit_history_tweet_ids": ["1861573481508544963"], "created_at": "2024-11-27T00:51:19.000Z", "public_metrics": {"retweet_count": 0, "reply_count": 0, "like_count": 0, "quote_count": 0, "bookmark_count": 0, "impression_count": 86}, "conversation_id": "1861573481508544963"}, {"text": "Until last month, AI model outputs were often unpredictable\u2014suitable for generating content or displaying results in markdown (i.e., the generative AI we all know and love).\n\nHowever, it was difficult to consistently produce reliable, precision-accurate outputs for tasks", "id": "1838634104067363194", "edit_history_tweet_ids": ["1838634104067363194"], "created_at": "2024-09-24T17:38:25.000Z", "public_metrics": {"retweet_count": 0, "reply_count": 0, "like_count": 0, "quote_count": 0, "bookmark_count": 0, "impression_count": 25}, "conversation_id": "1838634104067363194"}, {"text": "Working on improvements.. https://t.co/Z3IQxTDQo5", "id": "1838351764225221072", "edit_history_tweet_ids": ["1838351764225221072"], "created_at": "2024-09-23T22:56:30.000Z", "public_metrics": {"retweet_count": 0, "reply_count": 0, "like_count": 0, "quote_count": 0, "bookmark_count": 0, "impression_count": 19}, "conversation_id": "1838351764225221072"}, {"text": "The bicycle is a magical invention. \n\nAI is like a bicycle for our brains. But instead of helping us get where we want to go, it helps us do what we need to do.\n\nhttps://t.co/oz8Apa1UKs helps companies do what they need to do by using an AI assistant to help them manage their", "id": "1831473264637669622", "edit_history_tweet_ids": ["1831473264637669622"], "created_at": "2024-09-04T23:23:48.000Z", "public_metrics": {"retweet_count": 0, "reply_count": 0, "like_count": 0, "quote_count": 0, "bookmark_count": 0, "impression_count": 22}, "conversation_id": "1831473264637669622"}, {"text": "Taking small steps toward a big goal is underrated. It\u2019s good to establish footing in increments, since it is more achievable and helps reveal many hidden obstacles and treasures along the path.", "id": "1761120851217526850", "edit_history_tweet_ids": ["1761120851217526850"], "created_at": "2024-02-23T20:08:25.000Z", "public_metrics": {"retweet_count": 0, "reply_count": 0, "like_count": 0, "quote_count": 0, "bookmark_count": 0, "impression_count": 48}, "conversation_id": "1761120851217526850"}, {"text": "The total cryptocurrency digital market cap was ~ $800 billion in Feb. 2018. December of that year, the market cap was ~ $100 billion.\n\nIn Nov. 2021, the market cap was ~ $3 trillion. If it declines by the same amount, the market will be ~ $375 billion.\n\nIt is $1.8 trillion now.", "id": "1489499232100773888", "edit_history_tweet_ids": ["1489499232100773888"], "created_at": "2022-02-04T07:21:05.000Z", "public_metrics": {"retweet_count": 1, "reply_count": 0, "like_count": 3, "quote_count": 0, "bookmark_count": 0, "impression_count": 0}, "conversation_id": "1489499232100773888"}, {"text": "At the peak of the 2007 crazed housing market, the average home price was $257,400 dollars. Today, the average home price is $408,100. A 63% increase.", "id": "1489494150302945281", "edit_history_tweet_ids": ["1489494150302945281"], "created_at": "2022-02-04T07:00:53.000Z", "public_metrics": {"retweet_count": 0, "reply_count": 0, "like_count": 0, "quote_count": 0, "bookmark_count": 0, "impression_count": 0}, "conversation_id": "1489494150302945281"}, {"text": "If you divide US National Debt by the total number of US taxpayers, the U.S. taxpayer owes $239,808 in US National Debt on average.", "id": "1489492916951154690", "edit_history_tweet_ids": ["1489492916951154690"], "created_at": "2022-02-04T06:55:59.000Z", "public_metrics": {"retweet_count": 0, "reply_count": 0, "like_count": 0, "quote_count": 0, "bookmark_count": 0, "impression_count": 0}, "conversation_id": "1489492916951154690"}, {"text": "Your #cryptocurrency vote is important this resident of your state, @SenAlexPadilla. \nVote YES on the Wyden amendment and vote NO on the Portman amendment in the interest of small business &amp; freedom from Big Tech! #DontKillCrypto https://t.co/ND3hwIFCqL", "id": "1423885851658833920", "edit_history_tweet_ids": ["1423885851658833920"], "created_at": "2021-08-07T05:56:56.000Z", "public_metrics": {"retweet_count": 0, "reply_count": 0, "like_count": 0, "quote_count": 0, "bookmark_count": 0, "impression_count": 0}, "conversation_id": "1423885851658833920"}, {"text": "Over 30,000 people have called their Senator in support of the Wyden #cryptocurrency amendment. \n\n@SenFeinstein, be a hero to me, your constituent, and stand up to Big Tech. Vote YES on the Wyden amendment  and NO on the Warner amendment. #DontKillCrypto https://t.co/ND3hwIFCqL", "id": "1423885780850601986", "edit_history_tweet_ids": ["1423885780850601986"], "created_at": "2021-08-07T05:56:39.000Z", "public_metrics": {"retweet_count": 0, "reply_count": 0, "like_count": 0, "quote_count": 0, "bookmark_count": 0, "impression_count": 0}, "conversation_id": "1423885780850601986"}, {"text": "A good family friend passed away last year. He told me to learn Python a few years back. I used it a little for work over the years, but this year I've finally committed to embracing it and beginning my journey towards software engineering! https://t.co/WP9zTlv3W6", "id": "1348722019295055872", "edit_history_tweet_ids": ["1348722019295055872"], "created_at": "2021-01-11T20:02:42.000Z", "public_metrics": {"retweet_count": 0, "reply_count": 0, "like_count": 0, "quote_count": 0, "bookmark_count": 0, "impression_count": 0}, "conversation_id": "1348722019295055872"}, {"text": "Winter crop will be: Onion, Garlic, Asparagus, Carrots, Beets, and Potatoes.", "id": "1308062378177691649", "edit_history_tweet_ids": ["1308062378177691649"], "created_at": "2020-09-21T15:15:48.000Z", "public_metrics": {"retweet_count": 0, "reply_count": 0, "like_count": 0, "quote_count": 0, "bookmark_count": 0, "impression_count": 0}, "conversation_id": "1308061852027371520"}, {"text": "Planted corn ~ 4 months ago. Went to harvest today and the corn was entirely eaten by bugs. I now understand the purpose of store-bought bug repellent.", "id": "1308061852027371520", "edit_history_tweet_ids": ["1308061852027371520"], "created_at": "2020-09-21T15:13:42.000Z", "public_metrics": {"retweet_count": 0, "reply_count": 1, "like_count": 0, "quote_count": 0, "bookmark_count": 0, "impression_count": 0}, "conversation_id": "1308061852027371520"}, {"text": "How do we interface our political leaders with the leading voices of reason in our society? I feel concerned that the most relevant, intelligent conversations are not making it to the right people. Leaders and influencers are tragically disjointed. @BretWeinstein @HeatherEHeying", "id": "1283092732425023491", "edit_history_tweet_ids": ["1283092732425023491"], "created_at": "2020-07-14T17:35:20.000Z", "public_metrics": {"retweet_count": 0, "reply_count": 0, "like_count": 0, "quote_count": 0, "bookmark_count": 0, "impression_count": 0}, "conversation_id": "1283092732425023491"}, {"text": "Add Your Name and Join The #Unity2020 Movement https://t.co/SZidM9dVP5 @elonmusk @joerogan @lopp", "id": "1278735561168089089", "edit_history_tweet_ids": ["1278735561168089089"], "created_at": "2020-07-02T17:01:30.000Z", "public_metrics": {"retweet_count": 0, "reply_count": 0, "like_count": 1, "quote_count": 0, "bookmark_count": 0, "impression_count": 0}, "conversation_id": "1278735561168089089"}, {"text": "Someone should take some of their \"fuck you money\" and create a campaign ad in collaboration with @BretWeinstein .", "id": "1277726767017414656", "edit_history_tweet_ids": ["1277726767017414656"], "created_at": "2020-06-29T22:12:54.000Z", "public_metrics": {"retweet_count": 0, "reply_count": 0, "like_count": 0, "quote_count": 0, "bookmark_count": 0, "impression_count": 0}, "conversation_id": "1277726765469675520"}, {"text": "#Unity2020  #DarkHorseDuo We are at a crossroads. We need real leaders to cure the soul of our nation. If you think it will never happen, please consider that WE CAN make it happen. The two party system has failed us. Support @BretWeinstein and @ArticlesOfUnity!", "id": "1277726765469675520", "edit_history_tweet_ids": ["1277726765469675520"], "created_at": "2020-06-29T22:12:54.000Z", "public_metrics": {"retweet_count": 0, "reply_count": 0, "like_count": 1, "quote_count": 0, "bookmark_count": 0, "impression_count": 0}, "conversation_id": "1277726765469675520"}, {"text": "https://t.co/tUfURp6YvQ #huntard", "id": "1063921480755404800", "edit_history_tweet_ids": ["1063921480755404800"], "created_at": "2018-11-17T22:27:02.000Z", "public_metrics": {"retweet_count": 0, "reply_count": 0, "like_count": 0, "quote_count": 0, "bookmark_count": 0, "impression_count": 0}, "conversation_id": "1063921480755404800"}], "meta": {"result_count": 18, "newest_id": "1861573481508544963", "oldest_id": "1063921480755404800"}}