{"data": [{"created_at": "2025-12-07T03:50:18.000Z", "edit_history_tweet_ids": ["1997513976012517736"], "id": "1997513976012517736", "text": "Lmao https://t.co/8gnKY8NetE", "conversation_id": "1997513976012517736", "public_metrics": {"retweet_count": 669, "reply_count": 745, "like_count": 7807, "quote_count": 45, "bookmark_count": 124, "impression_count": 565917}}, {"created_at": "2025-12-07T03:49:50.000Z", "edit_history_tweet_ids": ["1997513859255660654"], "id": "1997513859255660654", "text": "Yup https://t.co/Op20qKUTTT", "conversation_id": "1997513859255660654", "public_metrics": {"retweet_count": 737, "reply_count": 921, "like_count": 6368, "quote_count": 42, "bookmark_count": 126, "impression_count": 543636}}, {"created_at": "2025-12-07T03:39:21.000Z", "edit_history_tweet_ids": ["1997511219591491938"], "id": "1997511219591491938", "text": "Grok 4.20 is coming out in 3 or 4 weeks https://t.co/Rvb18rx2Lt", "conversation_id": "1997511219591491938", "public_metrics": {"retweet_count": 512, "reply_count": 1073, "like_count": 4124, "quote_count": 66, "bookmark_count": 161, "impression_count": 728021}}, {"created_at": "2025-12-06T23:48:42.000Z", "edit_history_tweet_ids": ["1997453175230738562"], "id": "1997453175230738562", "text": "Grok saves man\u2019s life in Norway!\n https://t.co/cZMhzztUxi", "conversation_id": "1997453175230738562", "public_metrics": {"retweet_count": 2286, "reply_count": 2220, "like_count": 18957, "quote_count": 288, "bookmark_count": 1245, "impression_count": 6139028}}, {"created_at": "2025-12-06T23:29:57.000Z", "edit_history_tweet_ids": ["1997448457712226328"], "id": "1997448457712226328", "text": "Yup https://t.co/Ei4MILL8zt", "conversation_id": "1997448457712226328", "public_metrics": {"retweet_count": 1847, "reply_count": 1531, "like_count": 19784, "quote_count": 85, "bookmark_count": 979, "impression_count": 3521544}}, {"created_at": "2025-12-06T23:27:21.000Z", "edit_history_tweet_ids": ["1997447803476570124"], "id": "1997447803476570124", "text": "When far left legacy media refers to the \u201cfar right\u201d, they actually mean centrists https://t.co/qzkI9g5jz2", "conversation_id": "1997447803476570124", "public_metrics": {"retweet_count": 6969, "reply_count": 2553, "like_count": 57913, "quote_count": 405, "bookmark_count": 2254, "impression_count": 3865087}}, {"created_at": "2025-12-06T23:24:49.000Z", "edit_history_tweet_ids": ["1997447164717375884"], "id": "1997447164717375884", "text": "Yeah https://t.co/Y4lDTjgBuM", "conversation_id": "1997447164717375884", "public_metrics": {"retweet_count": 1787, "reply_count": 1261, "like_count": 14207, "quote_count": 46, "bookmark_count": 275, "impression_count": 2163599}}, {"created_at": "2025-12-06T23:23:12.000Z", "edit_history_tweet_ids": ["1997446759413579849"], "id": "1997446759413579849", "text": "True https://t.co/QK2JUayqTw", "conversation_id": "1997446759413579849", "public_metrics": {"retweet_count": 3612, "reply_count": 1409, "like_count": 19489, "quote_count": 97, "bookmark_count": 434, "impression_count": 1504558}}, {"created_at": "2025-12-06T20:25:00.000Z", "edit_history_tweet_ids": ["1997401910635278368"], "id": "1997401910635278368", "text": "While I have great fondness for @NASA, they will constitute less than 5% of our revenue next year. Commercial Starlink is by far our largest contributor to revenue. \n\nSome people have claimed that SpaceX gets \u201csubsidized\u201d by NASA. This is absolutely false. \n\nThe SpaceX team won", "conversation_id": "1997399963509150089", "public_metrics": {"retweet_count": 1334, "reply_count": 591, "like_count": 12069, "quote_count": 79, "bookmark_count": 499, "impression_count": 869193}}, {"created_at": "2025-12-06T20:17:15.000Z", "edit_history_tweet_ids": ["1997399963509150089"], "id": "1997399963509150089", "text": "There has been a lot of press claiming @SpaceX is raising money at $800B, which is not accurate. \n\nSpaceX has been cash flow positive for many years and does periodic stock buybacks twice a year to provide liquidity for employees and investors.\n\nValuation increments are a", "conversation_id": "1997399963509150089", "public_metrics": {"retweet_count": 2322, "reply_count": 1644, "like_count": 22275, "quote_count": 277, "bookmark_count": 1283, "impression_count": 3393468}}, {"created_at": "2025-12-06T19:41:27.000Z", "edit_history_tweet_ids": ["1997390952260944045"], "id": "1997390952260944045", "text": "Madness https://t.co/xBROPjqtDt", "conversation_id": "1997390952260944045", "public_metrics": {"retweet_count": 14132, "reply_count": 3152, "like_count": 85347, "quote_count": 342, "bookmark_count": 2946, "impression_count": 3824125}}, {"created_at": "2025-12-06T17:53:47.000Z", "edit_history_tweet_ids": ["1997363857791008850"], "id": "1997363857791008850", "text": "\ud83d\udcaf https://t.co/tnWmdRR6Sn", "conversation_id": "1997363857791008850", "public_metrics": {"retweet_count": 10034, "reply_count": 2244, "like_count": 93634, "quote_count": 225, "bookmark_count": 1936, "impression_count": 7717693}}, {"created_at": "2025-12-06T17:52:46.000Z", "edit_history_tweet_ids": ["1997363600554406190"], "id": "1997363600554406190", "text": "\ud83d\udd25\ud83d\udd25 https://t.co/8fpoICKLjZ", "conversation_id": "1997363600554406190", "public_metrics": {"retweet_count": 1911, "reply_count": 1830, "like_count": 45337, "quote_count": 146, "bookmark_count": 2598, "impression_count": 17238991}}, {"created_at": "2025-12-06T17:36:51.000Z", "edit_history_tweet_ids": ["1997359594524340480"], "id": "1997359594524340480", "text": "I love Europe, but not the bureaucratic monster that is the EU", "conversation_id": "1997359054272811469", "public_metrics": {"retweet_count": 1354, "reply_count": 1252, "like_count": 14642, "quote_count": 122, "bookmark_count": 303, "impression_count": 756114}}, {"created_at": "2025-12-06T17:34:42.000Z", "edit_history_tweet_ids": ["1997359054272811469"], "id": "1997359054272811469", "text": "If you combine Donald Trump and Elon Musk, you get \u2026 \ud83d\ude02 https://t.co/qfXnBwCoCk", "conversation_id": "1997359054272811469", "public_metrics": {"retweet_count": 3354, "reply_count": 3654, "like_count": 49583, "quote_count": 525, "bookmark_count": 3649, "impression_count": 13806703}}, {"created_at": "2025-12-06T17:32:19.000Z", "edit_history_tweet_ids": ["1997358453698728063"], "id": "1997358453698728063", "text": "I mean it. Not kidding. https://t.co/dUpYQetR22", "conversation_id": "1997358453698728063", "public_metrics": {"retweet_count": 31797, "reply_count": 16160, "like_count": 223915, "quote_count": 2047, "bookmark_count": 3997, "impression_count": 9598527}}, {"created_at": "2025-12-06T17:32:00.000Z", "edit_history_tweet_ids": ["1997358374875287660"], "id": "1997358374875287660", "text": "The people of Europe should withdraw from the EU to regain their sovereignty https://t.co/QTbkSgePrh", "conversation_id": "1997358374875287660", "public_metrics": {"retweet_count": 7386, "reply_count": 3650, "like_count": 53249, "quote_count": 396, "bookmark_count": 822, "impression_count": 5848687}}, {"created_at": "2025-12-06T17:28:47.000Z", "edit_history_tweet_ids": ["1997357564376318208"], "id": "1997357564376318208", "text": "Good explanation https://t.co/nRt5jqw71R", "conversation_id": "1997357564376318208", "public_metrics": {"retweet_count": 8772, "reply_count": 1459, "like_count": 46129, "quote_count": 131, "bookmark_count": 3388, "impression_count": 6345889}}, {"created_at": "2025-12-06T17:21:38.000Z", "edit_history_tweet_ids": ["1997355765439348778"], "id": "1997355765439348778", "text": "Europe is sleep-walking into oblivion https://t.co/80uWKtULMR", "conversation_id": "1997355765439348778", "public_metrics": {"retweet_count": 6600, "reply_count": 2157, "like_count": 52227, "quote_count": 156, "bookmark_count": 714, "impression_count": 6469639}}, {"created_at": "2025-12-06T14:10:37.000Z", "edit_history_tweet_ids": ["1997307697142620440"], "id": "1997307697142620440", "text": "No kidding https://t.co/3q4ERohpHS", "conversation_id": "1997307697142620440", "public_metrics": {"retweet_count": 2774, "reply_count": 1441, "like_count": 59461, "quote_count": 86, "bookmark_count": 1342, "impression_count": 7594272}}, {"created_at": "2025-12-06T14:08:11.000Z", "edit_history_tweet_ids": ["1997307084853870793"], "id": "1997307084853870793", "text": "Try it out https://t.co/yEXnhcCXGP", "conversation_id": "1997307084853870793", "public_metrics": {"retweet_count": 1295, "reply_count": 1005, "like_count": 7171, "quote_count": 43, "bookmark_count": 829, "impression_count": 2021611}}, {"created_at": "2025-12-06T14:05:11.000Z", "edit_history_tweet_ids": ["1997306328654422478"], "id": "1997306328654422478", "text": "How long before the EU is gone?\n\nAbolishTheEU", "conversation_id": "1997306328654422478", "public_metrics": {"retweet_count": 15777, "reply_count": 13522, "like_count": 146450, "quote_count": 2054, "bookmark_count": 2841, "impression_count": 20605391}}, {"created_at": "2025-12-06T14:03:19.000Z", "edit_history_tweet_ids": ["1997305856623264216"], "id": "1997305856623264216", "text": "We\u2019re adding another feature to posting which is simply \u201cEnhance\u201d with Grok, which will suggest ways to make your posts smarter and more detailed and offer images and video illustrations https://t.co/TkmHscGq6v", "conversation_id": "1997305856623264216", "public_metrics": {"retweet_count": 2049, "reply_count": 2177, "like_count": 11443, "quote_count": 219, "bookmark_count": 865, "impression_count": 2156318}}, {"created_at": "2025-12-06T13:55:36.000Z", "edit_history_tweet_ids": ["1997303916632146246"], "id": "1997303916632146246", "text": "Cool https://t.co/sxvpkH4VQ3", "conversation_id": "1997303916632146246", "public_metrics": {"retweet_count": 3952, "reply_count": 1935, "like_count": 39246, "quote_count": 189, "bookmark_count": 2124, "impression_count": 7282320}}, {"created_at": "2025-12-06T13:39:24.000Z", "edit_history_tweet_ids": ["1997299840007753860"], "id": "1997299840007753860", "text": "Our @CommunityNotes system and asking @Grok if something is true contribute enormously to fighting fast-moving falsehoods! https://t.co/cNBbdxski5", "conversation_id": "1997299840007753860", "public_metrics": {"retweet_count": 1872, "reply_count": 2019, "like_count": 14144, "quote_count": 154, "bookmark_count": 318, "impression_count": 4352510}}, {"created_at": "2025-12-06T13:30:48.000Z", "edit_history_tweet_ids": ["1997297676619284647"], "id": "1997297676619284647", "text": "Which countries are missing? \n\nLet\u2019s go to #1 there too! https://t.co/BfiqM5D5mH", "conversation_id": "1997297676619284647", "public_metrics": {"retweet_count": 3239, "reply_count": 2366, "like_count": 17263, "quote_count": 128, "bookmark_count": 497, "impression_count": 2459699}}, {"created_at": "2025-12-06T13:30:09.000Z", "edit_history_tweet_ids": ["1997297510419964224"], "id": "1997297510419964224", "text": "Yup https://t.co/4Ck3v2sy7C", "conversation_id": "1997297510419964224", "public_metrics": {"retweet_count": 4856, "reply_count": 842, "like_count": 39462, "quote_count": 61, "bookmark_count": 365, "impression_count": 4343468}}, {"created_at": "2025-12-06T13:26:37.000Z", "edit_history_tweet_ids": ["1997296622188081391"], "id": "1997296622188081391", "text": "Surefire way to figure out who the bad guys are is by looking who wants to restrict freedom of speech https://t.co/E8E2nZldWc", "conversation_id": "1997296622188081391", "public_metrics": {"retweet_count": 10666, "reply_count": 4200, "like_count": 52356, "quote_count": 544, "bookmark_count": 1499, "impression_count": 3385292}}, {"created_at": "2025-12-06T13:14:50.000Z", "edit_history_tweet_ids": ["1997293658639573393"], "id": "1997293658639573393", "text": "\ud83d\udcaf https://t.co/mIHW8JwzFA", "conversation_id": "1997293658639573393", "public_metrics": {"retweet_count": 1534, "reply_count": 762, "like_count": 14220, "quote_count": 26, "bookmark_count": 366, "impression_count": 4991027}}, {"created_at": "2025-12-06T13:04:17.000Z", "edit_history_tweet_ids": ["1997291002445590532"], "id": "1997291002445590532", "text": "Again https://t.co/Fo29fiI1V8", "conversation_id": "1997291002445590532", "public_metrics": {"retweet_count": 43767, "reply_count": 6311, "like_count": 242842, "quote_count": 1272, "bookmark_count": 7827, "impression_count": 26992593}}, {"created_at": "2025-12-06T13:03:26.000Z", "edit_history_tweet_ids": ["1997290789525995756"], "id": "1997290789525995756", "text": "Yup https://t.co/1yHKyrrl5g", "conversation_id": "1997290789525995756", "public_metrics": {"retweet_count": 1532, "reply_count": 974, "like_count": 13382, "quote_count": 45, "bookmark_count": 587, "impression_count": 2843633}}, {"created_at": "2025-12-06T13:01:30.000Z", "edit_history_tweet_ids": ["1997290300390457586"], "id": "1997290300390457586", "text": "The South African government is super racist against anyone who isn\u2019t Black.\n\nJust a fact. It\u2019s literally in the laws. https://t.co/EAilyDehaa", "conversation_id": "1997290300390457586", "public_metrics": {"retweet_count": 10185, "reply_count": 6264, "like_count": 98064, "quote_count": 1063, "bookmark_count": 3156, "impression_count": 19096287}}, {"created_at": "2025-12-06T12:50:57.000Z", "edit_history_tweet_ids": ["1997287645949706407"], "id": "1997287645949706407", "text": "The EU bureaucracy is slowly smothering Europe to death https://t.co/3mmpKANjid", "conversation_id": "1997287645949706407", "public_metrics": {"retweet_count": 3440, "reply_count": 1450, "like_count": 22840, "quote_count": 135, "bookmark_count": 329, "impression_count": 2370545}}, {"created_at": "2025-12-06T12:49:32.000Z", "edit_history_tweet_ids": ["1997287291832950823"], "id": "1997287291832950823", "text": "Welcome, new users! https://t.co/gj21kkxHKO", "conversation_id": "1997287291832950823", "public_metrics": {"retweet_count": 3510, "reply_count": 1743, "like_count": 48085, "quote_count": 90, "bookmark_count": 581, "impression_count": 12535671}}, {"created_at": "2025-12-06T12:40:43.000Z", "edit_history_tweet_ids": ["1997285072060436982"], "id": "1997285072060436982", "text": "As foretold in the prophecy https://t.co/jGdhvbUM0w", "conversation_id": "1997285072060436982", "public_metrics": {"retweet_count": 1043, "reply_count": 1105, "like_count": 12355, "quote_count": 94, "bookmark_count": 287, "impression_count": 4249491}}, {"created_at": "2025-12-06T12:40:05.000Z", "edit_history_tweet_ids": ["1997284913578729774"], "id": "1997284913578729774", "text": "Guess we finally figured out how to pay for all those GPUs lol https://t.co/VVIGsDnRvM", "conversation_id": "1997284913578729774", "public_metrics": {"retweet_count": 1316, "reply_count": 1080, "like_count": 25448, "quote_count": 110, "bookmark_count": 2326, "impression_count": 8801696}}, {"created_at": "2025-12-06T12:37:41.000Z", "edit_history_tweet_ids": ["1997284307497627750"], "id": "1997284307497627750", "text": "Precisely https://t.co/twvFQp6YnX", "conversation_id": "1997284307497627750", "public_metrics": {"retweet_count": 1304, "reply_count": 558, "like_count": 10471, "quote_count": 28, "bookmark_count": 471, "impression_count": 5208858}}, {"created_at": "2025-12-06T12:36:17.000Z", "edit_history_tweet_ids": ["1997283954999861723"], "id": "1997283954999861723", "text": "It is so tedious that NY Times even pretends to be anything other than a mouthpiece for far left propaganda https://t.co/auzAGaB9WJ", "conversation_id": "1997283954999861723", "public_metrics": {"retweet_count": 7902, "reply_count": 1767, "like_count": 44173, "quote_count": 179, "bookmark_count": 1149, "impression_count": 2516313}}, {"created_at": "2025-12-06T12:34:21.000Z", "edit_history_tweet_ids": ["1997283471153328204"], "id": "1997283471153328204", "text": "\ud83e\udd28 https://t.co/7kw7SI7g1r", "conversation_id": "1997283471153328204", "public_metrics": {"retweet_count": 14691, "reply_count": 4411, "like_count": 82816, "quote_count": 531, "bookmark_count": 2851, "impression_count": 5704550}}, {"created_at": "2025-12-06T12:28:15.000Z", "edit_history_tweet_ids": ["1997281934196777020"], "id": "1997281934196777020", "text": "AbolishTheEU https://t.co/tey3fiSK6C", "conversation_id": "1997281934196777020", "public_metrics": {"retweet_count": 11980, "reply_count": 2841, "like_count": 62167, "quote_count": 444, "bookmark_count": 1291, "impression_count": 2927601}}, {"created_at": "2025-12-06T12:25:36.000Z", "edit_history_tweet_ids": ["1997281265435959435"], "id": "1997281265435959435", "text": "420 ftw https://t.co/cosTAqtsGF", "conversation_id": "1997281265435959435", "public_metrics": {"retweet_count": 1999, "reply_count": 1298, "like_count": 11241, "quote_count": 79, "bookmark_count": 591, "impression_count": 1314463}}, {"created_at": "2025-12-06T12:23:47.000Z", "edit_history_tweet_ids": ["1997280810647626199"], "id": "1997280810647626199", "text": "https://t.co/zYu2xoESVe https://t.co/AbbaKxSVeG", "conversation_id": "1997280810647626199", "public_metrics": {"retweet_count": 8211, "reply_count": 1533, "like_count": 37264, "quote_count": 200, "bookmark_count": 470, "impression_count": 1851846}}, {"created_at": "2025-12-06T12:21:49.000Z", "edit_history_tweet_ids": ["1997280315019231502"], "id": "1997280315019231502", "text": "True https://t.co/lp2C9IgFZY", "conversation_id": "1997280315019231502", "public_metrics": {"retweet_count": 1064, "reply_count": 524, "like_count": 7109, "quote_count": 12, "bookmark_count": 249, "impression_count": 1334072}}, {"created_at": "2025-12-06T12:21:11.000Z", "edit_history_tweet_ids": ["1997280157648724102"], "id": "1997280157648724102", "text": "Everyone caved but us https://t.co/eUBAfMpCHX", "conversation_id": "1997280157648724102", "public_metrics": {"retweet_count": 37571, "reply_count": 17025, "like_count": 396629, "quote_count": 2103, "bookmark_count": 10906, "impression_count": 32190748}}, {"created_at": "2025-12-06T12:20:35.000Z", "edit_history_tweet_ids": ["1997280006322683956"], "id": "1997280006322683956", "text": "Exactly https://t.co/BQzqKBpuF9", "conversation_id": "1997280006322683956", "public_metrics": {"retweet_count": 5301, "reply_count": 1950, "like_count": 63775, "quote_count": 175, "bookmark_count": 710, "impression_count": 12321253}}, {"created_at": "2025-12-06T12:19:59.000Z", "edit_history_tweet_ids": ["1997279856003010954"], "id": "1997279856003010954", "text": "Time to abolish the EU https://t.co/TW4PxeE9LU", "conversation_id": "1997279856003010954", "public_metrics": {"retweet_count": 19107, "reply_count": 6059, "like_count": 90118, "quote_count": 979, "bookmark_count": 2329, "impression_count": 5073866}}, {"created_at": "2025-12-06T12:17:53.000Z", "edit_history_tweet_ids": ["1997279325876367719"], "id": "1997279325876367719", "text": "The EU should be abolished and sovereignty returned to individual countries, so that governments can better represent their people", "conversation_id": "1997279325876367719", "public_metrics": {"retweet_count": 31470, "reply_count": 23951, "like_count": 203008, "quote_count": 4905, "bookmark_count": 5683, "impression_count": 28588898}}, {"created_at": "2025-12-06T12:14:11.000Z", "edit_history_tweet_ids": ["1997278395227664849"], "id": "1997278395227664849", "text": "Absolutely!\n\nThe EU Commission worships the god of bureaucracy, smothering the people of Europe. https://t.co/Aios33ButG", "conversation_id": "1997278395227664849", "public_metrics": {"retweet_count": 6769, "reply_count": 1425, "like_count": 47554, "quote_count": 150, "bookmark_count": 800, "impression_count": 5217927}}, {"created_at": "2025-12-06T12:11:01.000Z", "edit_history_tweet_ids": ["1997277596141429246"], "id": "1997277596141429246", "text": "What exactly are we defending Europe from? It isn\u2019t totally clear. https://t.co/PrfvABcE9S", "conversation_id": "1997277596141429246", "public_metrics": {"retweet_count": 2967, "reply_count": 5186, "like_count": 38188, "quote_count": 392, "bookmark_count": 1029, "impression_count": 15297275}}, {"created_at": "2025-12-06T12:08:20.000Z", "edit_history_tweet_ids": ["1997276920409444701"], "id": "1997276920409444701", "text": "\ud83e\udd14 https://t.co/26QBqjf9Fh", "conversation_id": "1997276920409444701", "public_metrics": {"retweet_count": 39400, "reply_count": 7543, "like_count": 355854, "quote_count": 1602, "bookmark_count": 5584, "impression_count": 13572748}}], "meta": {"result_count": 50, "newest_id": "1997513976012517736", "oldest_id": "1997276920409444701", "next_token": "7140dibdnow9c7btw4e3fwzzxb5njqa1vtm6vwppxb19t"}}