{"data": [{"conversation_id": "1993492702537957423", "edit_history_tweet_ids": ["1993492702537957423"], "text": "kudos all go to the team!\n\nI just sit on the side munching cheetos watching them work https://t.co/LWzvjO428B", "id": "1993492702537957423", "public_metrics": {"retweet_count": 13, "reply_count": 36, "like_count": 618, "quote_count": 1, "bookmark_count": 14, "impression_count": 49899}, "created_at": "2025-11-26T01:31:12.000Z"}, {"conversation_id": "1990593106262306974", "edit_history_tweet_ids": ["1990593106262306974"], "text": "grok for one please https://t.co/ert18PDZq1", "id": "1990593106262306974", "public_metrics": {"retweet_count": 36, "reply_count": 16, "like_count": 445, "quote_count": 0, "bookmark_count": 5, "impression_count": 49301}, "created_at": "2025-11-18T01:29:14.000Z"}, {"conversation_id": "1984338643499303035", "edit_history_tweet_ids": ["1984338643499303035"], "text": "you either die a tech bro or live long enough to become a health influencer", "id": "1984338643499303035", "public_metrics": {"retweet_count": 40, "reply_count": 47, "like_count": 827, "quote_count": 9, "bookmark_count": 28, "impression_count": 56715}, "created_at": "2025-10-31T19:16:14.000Z"}, {"conversation_id": "1982869468780081579", "edit_history_tweet_ids": ["1982869468780081579"], "text": "yt carti https://t.co/xQkZ3dIWJf", "id": "1982869468780081579", "public_metrics": {"retweet_count": 2, "reply_count": 10, "like_count": 69, "quote_count": 0, "bookmark_count": 3, "impression_count": 18656}, "created_at": "2025-10-27T17:58:15.000Z"}, {"conversation_id": "1981517155914174820", "edit_history_tweet_ids": ["1981517155914174820"], "text": "one of the most profound things I learned building @xai:\n\nyou win if you consistently hire the best people\n\neverything else (e.g. organization, strategy, etc) is 2nd order\n\nand only the best people know how to hire the best people\n\nyou know when you are one of them\n\njoin us https://t.co/kogW5eV1VO", "id": "1981517155914174820", "public_metrics": {"retweet_count": 87, "reply_count": 148, "like_count": 1602, "quote_count": 13, "bookmark_count": 206, "impression_count": 176982}, "created_at": "2025-10-24T00:24:39.000Z"}, {"conversation_id": "1978183728745607192", "edit_history_tweet_ids": ["1978183728745607192"], "text": "it's been a challenging but exhilarating journey -- we learned a lot building a new recsys from zero, from first principles only\n\nbut this is just the beginning!\n\njoin us if you want to go where no one has ever gone before :) https://t.co/QM7RyMVOVu", "id": "1978183728745607192", "public_metrics": {"retweet_count": 50, "reply_count": 54, "like_count": 1048, "quote_count": 3, "bookmark_count": 52, "impression_count": 117957}, "created_at": "2025-10-14T19:38:48.000Z"}, {"conversation_id": "1955463675726467335", "edit_history_tweet_ids": ["1955463675726467335"], "text": "grok now auto translates all non English posts for US users! https://t.co/Vo8ul8eRIN", "id": "1955463675726467335", "public_metrics": {"retweet_count": 94, "reply_count": 109, "like_count": 803, "quote_count": 7, "bookmark_count": 26, "impression_count": 93427}, "created_at": "2025-08-13T02:57:25.000Z"}, {"conversation_id": "1952281756369142098", "edit_history_tweet_ids": ["1952281756369142098"], "text": "there are a lot of bangers on X underneath the canopy of popular posts", "id": "1952281756369142098", "public_metrics": {"retweet_count": 119, "reply_count": 144, "like_count": 840, "quote_count": 3, "bookmark_count": 14, "impression_count": 36793}, "created_at": "2025-08-04T08:13:37.000Z"}, {"conversation_id": "1951474133696651488", "edit_history_tweet_ids": ["1951474133696651488"], "text": "\ud83e\udd23 https://t.co/0giNhHqLLw", "id": "1951474133696651488", "public_metrics": {"retweet_count": 55, "reply_count": 10, "like_count": 182, "quote_count": 0, "bookmark_count": 13, "impression_count": 12770}, "created_at": "2025-08-02T02:44:24.000Z"}, {"conversation_id": "1950782213253116372", "edit_history_tweet_ids": ["1950782213253116372"], "text": "yaaayyyy https://t.co/XPwggbNMXk", "id": "1950782213253116372", "public_metrics": {"retweet_count": 45, "reply_count": 56, "like_count": 405, "quote_count": 0, "bookmark_count": 7, "impression_count": 26872}, "created_at": "2025-07-31T04:54:58.000Z"}, {"conversation_id": "1950781012042248474", "edit_history_tweet_ids": ["1950781012042248474"], "text": "\u2764\ufe0f\u200d\ud83d\udd25 https://t.co/uYjG2AtzLI", "id": "1950781012042248474", "public_metrics": {"retweet_count": 46, "reply_count": 18, "like_count": 299, "quote_count": 2, "bookmark_count": 5, "impression_count": 19392}, "created_at": "2025-07-31T04:50:11.000Z"}, {"conversation_id": "1950780527658811783", "edit_history_tweet_ids": ["1950780527658811783"], "text": "glad to hear it! https://t.co/guaL8CEqpZ", "id": "1950780527658811783", "public_metrics": {"retweet_count": 32, "reply_count": 26, "like_count": 219, "quote_count": 0, "bookmark_count": 2, "impression_count": 15338}, "created_at": "2025-07-31T04:48:16.000Z"}, {"conversation_id": "1949548363852230952", "edit_history_tweet_ids": ["1949548363852230952"], "text": "\ud83d\udc80\n\nplay nice and make some friends! https://t.co/RSrR1r05lQ", "id": "1949548363852230952", "public_metrics": {"retweet_count": 19, "reply_count": 38, "like_count": 278, "quote_count": 2, "bookmark_count": 5, "impression_count": 19271}, "created_at": "2025-07-27T19:12:05.000Z"}, {"conversation_id": "1949543126315458798", "edit_history_tweet_ids": ["1949543126315458798"], "text": "\ud83e\udd70 glad to hear it!\n\nit will get even better! https://t.co/josNMSETon", "id": "1949543126315458798", "public_metrics": {"retweet_count": 17, "reply_count": 66, "like_count": 507, "quote_count": 3, "bookmark_count": 13, "impression_count": 29048}, "created_at": "2025-07-27T18:51:16.000Z"}, {"conversation_id": "1949249507625189564", "edit_history_tweet_ids": ["1949249507625189564"], "text": "top complaint about the algo so far is repetitive content\n\nshipping an improvement into experimentation today\n\nnext up we are sprinting to surface bangers from any account on the platform, no matter how many followers", "id": "1949249507625189564", "public_metrics": {"retweet_count": 92, "reply_count": 381, "like_count": 2021, "quote_count": 54, "bookmark_count": 104, "impression_count": 164405}, "created_at": "2025-07-26T23:24:32.000Z"}, {"conversation_id": "1948557645918732481", "edit_history_tweet_ids": ["1948557645918732481"], "text": "i'm seeing some folks complain about the recommendation algorithm\n\nlet me know all the issues you are seeing so we can debug thoroughly", "id": "1948557645918732481", "public_metrics": {"retweet_count": 864, "reply_count": 1283, "like_count": 4797, "quote_count": 48, "bookmark_count": 211, "impression_count": 1720444}, "created_at": "2025-07-25T01:35:19.000Z"}, {"conversation_id": "1943570714877137219", "edit_history_tweet_ids": ["1943570714877137219"], "text": "this thread was worth getting clickbaited\n\nechoes some of my feelings toward the deep learning theory community https://t.co/yuyeNVBitx", "id": "1943570714877137219", "public_metrics": {"retweet_count": 19, "reply_count": 17, "like_count": 202, "quote_count": 1, "bookmark_count": 38, "impression_count": 24928}, "created_at": "2025-07-11T07:19:02.000Z"}, {"conversation_id": "1943186708360745354", "edit_history_tweet_ids": ["1943186708360745354"], "text": "so proud of the @xai team!\n\ngrok4ever", "id": "1943186708360745354", "public_metrics": {"retweet_count": 224, "reply_count": 237, "like_count": 6272, "quote_count": 13, "bookmark_count": 110, "impression_count": 1030032}, "created_at": "2025-07-10T05:53:08.000Z"}, {"conversation_id": "1943166259279061083", "edit_history_tweet_ids": ["1943166259279061083"], "text": "gahdammit @tylervstorm", "id": "1943166259279061083", "public_metrics": {"retweet_count": 34, "reply_count": 66, "like_count": 942, "quote_count": 3, "bookmark_count": 20, "impression_count": 129225}, "created_at": "2025-07-10T04:31:53.000Z"}, {"conversation_id": "1942974590801862741", "edit_history_tweet_ids": ["1942974590801862741"], "text": "grok translation \ud83d\udc10\n\ngoogle translate could never https://t.co/kQAxIwILW6", "id": "1942974590801862741", "public_metrics": {"retweet_count": 149, "reply_count": 94, "like_count": 2075, "quote_count": 29, "bookmark_count": 126, "impression_count": 271813}, "created_at": "2025-07-09T15:50:15.000Z"}, {"conversation_id": "1942356575076900945", "edit_history_tweet_ids": ["1942356575076900945"], "text": "witness us! https://t.co/ex3vNVr8Kt", "id": "1942356575076900945", "public_metrics": {"retweet_count": 92, "reply_count": 127, "like_count": 2048, "quote_count": 8, "bookmark_count": 27, "impression_count": 92256}, "created_at": "2025-07-07T22:54:29.000Z"}, {"conversation_id": "1941644335197671453", "edit_history_tweet_ids": ["1941644335197671453"], "text": "adding some ambiance to the office https://t.co/7o11xqR9Fx", "id": "1941644335197671453", "public_metrics": {"retweet_count": 55, "reply_count": 138, "like_count": 765, "quote_count": 8, "bookmark_count": 12, "impression_count": 68006}, "created_at": "2025-07-05T23:44:18.000Z"}, {"conversation_id": "1941503351906238893", "edit_history_tweet_ids": ["1941503351906238893"], "text": "try translating foreign language posts with grok! https://t.co/AeRAXsEenu", "id": "1941503351906238893", "public_metrics": {"retweet_count": 70, "reply_count": 84, "like_count": 630, "quote_count": 4, "bookmark_count": 8, "impression_count": 38658}, "created_at": "2025-07-05T14:24:05.000Z"}, {"conversation_id": "1940616509132624199", "edit_history_tweet_ids": ["1940616509132624199"], "text": "wow i actually tweeted educational bangers 2 years ago\n\nyall want more memes or more of this? https://t.co/GEXoQZOoIK", "id": "1940616509132624199", "public_metrics": {"retweet_count": 95, "reply_count": 83, "like_count": 419, "quote_count": 0, "bookmark_count": 33, "impression_count": 76422}, "created_at": "2025-07-03T03:40:05.000Z"}, {"conversation_id": "1940276530992881970", "edit_history_tweet_ids": ["1940276530992881970"], "text": "I believe they just moved to their new office at 1 Hacker Way, Menlo Park https://t.co/ndQrC4eRr2", "id": "1940276530992881970", "public_metrics": {"retweet_count": 154, "reply_count": 64, "like_count": 4681, "quote_count": 6, "bookmark_count": 252, "impression_count": 445402}, "created_at": "2025-07-02T05:09:08.000Z"}, {"conversation_id": "1940211923817308641", "edit_history_tweet_ids": ["1940211923817308641"], "text": "that's not our office\n\nwe have way more tents https://t.co/3iewHFw6AD", "id": "1940211923817308641", "public_metrics": {"retweet_count": 279, "reply_count": 283, "like_count": 6512, "quote_count": 46, "bookmark_count": 336, "impression_count": 578805}, "created_at": "2025-07-02T00:52:24.000Z"}, {"conversation_id": "1938687570604646781", "edit_history_tweet_ids": ["1938687570604646781"], "text": "what kinda problems you'd like grok 4 to solve for you?\n\nreply below! https://t.co/mxUDEoD2tK", "id": "1938687570604646781", "public_metrics": {"retweet_count": 1047, "reply_count": 2892, "like_count": 6042, "quote_count": 57, "bookmark_count": 266, "impression_count": 2730869}, "created_at": "2025-06-27T19:55:10.000Z"}, {"conversation_id": "1937921834462380084", "edit_history_tweet_ids": ["1937921834462380084"], "text": "\ud83d\udc30 https://t.co/HMmPQMxyvb", "id": "1937921834462380084", "public_metrics": {"retweet_count": 120, "reply_count": 92, "like_count": 535, "quote_count": 1, "bookmark_count": 7, "impression_count": 27954}, "created_at": "2025-06-25T17:12:24.000Z"}, {"conversation_id": "1936502003057746130", "edit_history_tweet_ids": ["1936502003057746130"], "text": "pls help @grok seek the truth! https://t.co/CdFYTtV9D3", "id": "1936502003057746130", "public_metrics": {"retweet_count": 72, "reply_count": 47, "like_count": 510, "quote_count": 1, "bookmark_count": 9, "impression_count": 30258}, "created_at": "2025-06-21T19:10:30.000Z"}, {"conversation_id": "1936222075422925206", "edit_history_tweet_ids": ["1936222075422925206"], "text": "soon grok will automatically translate foreign language posts for you https://t.co/iMd2owdfpy", "id": "1936222075422925206", "public_metrics": {"retweet_count": 109, "reply_count": 185, "like_count": 1434, "quote_count": 50, "bookmark_count": 52, "impression_count": 157490}, "created_at": "2025-06-21T00:38:10.000Z"}, {"conversation_id": "1935472593622139262", "edit_history_tweet_ids": ["1935472593622139262"], "text": "catching reply spam under your posts even better now!\n\nlmk if you still see some", "id": "1935472593622139262", "public_metrics": {"retweet_count": 78, "reply_count": 155, "like_count": 1143, "quote_count": 10, "bookmark_count": 43, "impression_count": 111543}, "created_at": "2025-06-18T23:00:00.000Z"}, {"conversation_id": "1935262474414211218", "edit_history_tweet_ids": ["1935262474414211218"], "text": "did you know that every ai company's logo design team requires a PhD in anomancy? https://t.co/uRFMfMxe1O", "id": "1935262474414211218", "public_metrics": {"retweet_count": 50, "reply_count": 34, "like_count": 293, "quote_count": 3, "bookmark_count": 20, "impression_count": 23404}, "created_at": "2025-06-18T09:05:03.000Z"}, {"conversation_id": "1935257109689511999", "edit_history_tweet_ids": ["1935257109689511999"], "text": "today I learned this is a thing https://t.co/szmNuRffov", "id": "1935257109689511999", "public_metrics": {"retweet_count": 27, "reply_count": 45, "like_count": 174, "quote_count": 7, "bookmark_count": 12, "impression_count": 38918}, "created_at": "2025-06-18T08:43:44.000Z"}, {"conversation_id": "1935244379633107439", "edit_history_tweet_ids": ["1935244379633107439"], "text": "glad yall are enjoying the new feed &lt;3\n\neven bigger things are coming \ud83d\ude0e https://t.co/oAjMrBD52Z", "id": "1935244379633107439", "public_metrics": {"retweet_count": 70, "reply_count": 73, "like_count": 701, "quote_count": 2, "bookmark_count": 18, "impression_count": 70942}, "created_at": "2025-06-18T07:53:09.000Z"}, {"conversation_id": "1933320022249574581", "edit_history_tweet_ids": ["1933320022249574581"], "text": "making X great again!\n\ncome join us my dm's open https://t.co/5l0eJHQ1Rn", "id": "1933320022249574581", "public_metrics": {"retweet_count": 68, "reply_count": 50, "like_count": 503, "quote_count": 0, "bookmark_count": 19, "impression_count": 28424}, "created_at": "2025-06-13T00:26:27.000Z"}, {"conversation_id": "1932862924575342846", "edit_history_tweet_ids": ["1932862924575342846"], "text": "infallible logic https://t.co/4GGV9AIBtf", "id": "1932862924575342846", "public_metrics": {"retweet_count": 29, "reply_count": 13, "like_count": 124, "quote_count": 0, "bookmark_count": 5, "impression_count": 16863}, "created_at": "2025-06-11T18:10:06.000Z"}, {"conversation_id": "1932849744386101599", "edit_history_tweet_ids": ["1932852063836516604"], "text": "https://t.co/iYFULiu94O", "id": "1932852063836516604", "public_metrics": {"retweet_count": 0, "reply_count": 2, "like_count": 42, "quote_count": 0, "bookmark_count": 3, "impression_count": 6770}, "created_at": "2025-06-11T17:26:57.000Z"}, {"conversation_id": "1932849744386101599", "edit_history_tweet_ids": ["1932849744386101599"], "text": "I just had a dream where I wasnt fat", "id": "1932849744386101599", "public_metrics": {"retweet_count": 13, "reply_count": 104, "like_count": 652, "quote_count": 1, "bookmark_count": 8, "impression_count": 241850}, "created_at": "2025-06-11T17:17:44.000Z"}, {"conversation_id": "1931381719501820152", "edit_history_tweet_ids": ["1931381719501820152"], "text": "thank you master baiter https://t.co/IRR52YeJJP", "id": "1931381719501820152", "public_metrics": {"retweet_count": 19, "reply_count": 17, "like_count": 194, "quote_count": 1, "bookmark_count": 2, "impression_count": 22213}, "created_at": "2025-06-07T16:04:19.000Z"}, {"conversation_id": "1931081828070535175", "edit_history_tweet_ids": ["1931081828070535175"], "text": "hopefully yall see some improvements in bot replies since last night or so\n\nnot perfect yet so give me examples of what we are not catching in the replies", "id": "1931081828070535175", "public_metrics": {"retweet_count": 78, "reply_count": 366, "like_count": 1743, "quote_count": 30, "bookmark_count": 88, "impression_count": 354885}, "created_at": "2025-06-06T20:12:40.000Z"}, {"conversation_id": "1930668478425645081", "edit_history_tweet_ids": ["1930668478425645081"], "text": "fixing bot replies", "id": "1930668478425645081", "public_metrics": {"retweet_count": 91, "reply_count": 321, "like_count": 2510, "quote_count": 32, "bookmark_count": 43, "impression_count": 241955}, "created_at": "2025-06-05T16:50:09.000Z"}, {"conversation_id": "1930427540772139056", "edit_history_tweet_ids": ["1930427540772139056"], "text": "https://t.co/GkLGyDoFAF", "id": "1930427540772139056", "public_metrics": {"retweet_count": 41, "reply_count": 19, "like_count": 171, "quote_count": 2, "bookmark_count": 3, "impression_count": 15209}, "created_at": "2025-06-05T00:52:45.000Z"}, {"conversation_id": "1929593274601198012", "edit_history_tweet_ids": ["1929593274601198012"], "text": "fly like a g6", "id": "1929593274601198012", "public_metrics": {"retweet_count": 33, "reply_count": 41, "like_count": 298, "quote_count": 0, "bookmark_count": 7, "impression_count": 26660}, "created_at": "2025-06-02T17:37:41.000Z"}, {"conversation_id": "1929230762714566739", "edit_history_tweet_ids": ["1929230762714566739"], "text": "a mathematical habit I find useful for product thinking:\n\nin the limit, what does ... look like?\n\nfor example, what will human-AI interaction look like in due time?\n\nthen walk backwards from the limit and ask: \n\nhow fast does it converge?\n\nhow fast can you make it converge?", "id": "1929230762714566739", "public_metrics": {"retweet_count": 131, "reply_count": 92, "like_count": 1750, "quote_count": 17, "bookmark_count": 670, "impression_count": 114315}, "created_at": "2025-06-01T17:37:11.000Z"}, {"conversation_id": "1929055508675096970", "edit_history_tweet_ids": ["1929055508675096970"], "text": "https://t.co/ruMvtYkTq5 https://t.co/FQFhWr8knc", "id": "1929055508675096970", "public_metrics": {"retweet_count": 9, "reply_count": 32, "like_count": 273, "quote_count": 0, "bookmark_count": 7, "impression_count": 31088}, "created_at": "2025-06-01T06:00:48.000Z"}, {"conversation_id": "1929016092032135410", "edit_history_tweet_ids": ["1929016092032135410"], "text": "this is what keeps me going every day making X great again \ud83e\udd70 https://t.co/mdXgJU0OXp", "id": "1929016092032135410", "public_metrics": {"retweet_count": 15, "reply_count": 32, "like_count": 389, "quote_count": 1, "bookmark_count": 9, "impression_count": 29054}, "created_at": "2025-06-01T03:24:10.000Z"}, {"conversation_id": "1928280330227626093", "edit_history_tweet_ids": ["1928280330227626093"], "text": "how you interpret this statement is a litmus test of your judgments on philosophy, science, data, and truth https://t.co/NmrAgmBsMB", "id": "1928280330227626093", "public_metrics": {"retweet_count": 11, "reply_count": 51, "like_count": 301, "quote_count": 1, "bookmark_count": 19, "impression_count": 31660}, "created_at": "2025-05-30T02:40:31.000Z"}, {"conversation_id": "1928113069445583135", "edit_history_tweet_ids": ["1928113069445583135"], "text": "https://t.co/xTf5UfznVB https://t.co/sHqrqEkvsf", "id": "1928113069445583135", "public_metrics": {"retweet_count": 14, "reply_count": 25, "like_count": 265, "quote_count": 1, "bookmark_count": 8, "impression_count": 29285}, "created_at": "2025-05-29T15:35:53.000Z"}, {"conversation_id": "1927941490610696379", "edit_history_tweet_ids": ["1927941490610696379"], "text": "philosophy is science with little data", "id": "1927941490610696379", "public_metrics": {"retweet_count": 51, "reply_count": 147, "like_count": 784, "quote_count": 24, "bookmark_count": 36, "impression_count": 193184}, "created_at": "2025-05-29T04:14:05.000Z"}, {"conversation_id": "1927754800147419187", "edit_history_tweet_ids": ["1927754800147419187"], "text": "grok in telegram soon! https://t.co/rgSj5Qkzgo", "id": "1927754800147419187", "public_metrics": {"retweet_count": 50, "reply_count": 51, "like_count": 680, "quote_count": 4, "bookmark_count": 9, "impression_count": 30389}, "created_at": "2025-05-28T15:52:14.000Z"}], "meta": {"next_token": "7140dibdnow9c7btw4e0htrwd0d2mwc5f20lr79r7sdvb", "result_count": 50, "newest_id": "1993492702537957423", "oldest_id": "1927754800147419187"}}