{"data": [{"text": "hi, @xai is hiring for k8s/traffic people on our supercomputing team -- you get to work with a lean and fast-moving team while shipping massive impact to many users worldwide. this is the most fun i've had at any company!\n\nplease apply/DM and share.\n\nhttps://t.co/Mk4DvAzXrt", "conversation_id": "1959339444324147250", "edit_history_tweet_ids": ["1959339444324147250"], "public_metrics": {"retweet_count": 228, "reply_count": 297, "like_count": 1836, "quote_count": 46, "bookmark_count": 533, "impression_count": 13778169}, "created_at": "2025-08-23T19:38:20.000Z", "id": "1959339444324147250"}, {"text": "come see! https://t.co/qxpSGNmh5w", "conversation_id": "1943150499856818595", "edit_history_tweet_ids": ["1943150499856818595"], "public_metrics": {"retweet_count": 4, "reply_count": 19, "like_count": 221, "quote_count": 0, "bookmark_count": 6, "impression_count": 52970}, "created_at": "2025-07-10T03:29:15.000Z", "id": "1943150499856818595"}, {"text": "Google fell off as soon as they took the big \u201cI \u2764\ufe0f APIs\u201d sign off the Google Cloud building visible from 237\n\nRIP https://t.co/DvFyFIAdW6", "conversation_id": "1669250400334270464", "edit_history_tweet_ids": ["1669250400334270464"], "public_metrics": {"retweet_count": 0, "reply_count": 0, "like_count": 8, "quote_count": 0, "bookmark_count": 0, "impression_count": 1545}, "created_at": "2023-06-15T07:48:03.000Z", "id": "1669250400334270464"}, {"text": "tragedy that Apple doesn't allow Multipeering in the background -- there are so many useful apps that can't exist because of this", "conversation_id": "1547003274565341184", "edit_history_tweet_ids": ["1547003274565341184"], "public_metrics": {"retweet_count": 0, "reply_count": 1, "like_count": 8, "quote_count": 0, "bookmark_count": 1, "impression_count": 0}, "created_at": "2022-07-12T23:41:37.000Z", "id": "1547003274565341184"}, {"text": "yeezus would be better without bound 2", "conversation_id": "1533514185736237056", "edit_history_tweet_ids": ["1533514185736237056"], "public_metrics": {"retweet_count": 0, "reply_count": 1, "like_count": 2, "quote_count": 0, "bookmark_count": 0, "impression_count": 0}, "created_at": "2022-06-05T18:20:47.000Z", "id": "1533514185736237056"}, {"text": "Actually, from when around school came back into session (end of horizontal line) the slope was 25. That's scary.", "conversation_id": "1481829018135457792", "edit_history_tweet_ids": ["1481829672677560321"], "public_metrics": {"retweet_count": 0, "reply_count": 0, "like_count": 2, "quote_count": 0, "bookmark_count": 0, "impression_count": 0}, "created_at": "2022-01-14T03:24:59.000Z", "id": "1481829672677560321"}, {"text": "This is a COVID-19 graph that tracks cases in my school district. Some interesting trends, including:\n\nSlope from beginning to thanksgiving: ~2\nSlope from thanksgiving to christmas: ~4\nSlope from christmas to now: ~12 https://t.co/f1hMfC0noh", "conversation_id": "1481829018135457792", "edit_history_tweet_ids": ["1481829018135457792"], "public_metrics": {"retweet_count": 0, "reply_count": 2, "like_count": 3, "quote_count": 0, "bookmark_count": 0, "impression_count": 0}, "created_at": "2022-01-14T03:22:23.000Z", "id": "1481829018135457792"}, {"text": "does anyone actually care who is voice acting in animated movies", "conversation_id": "1478190016928968704", "edit_history_tweet_ids": ["1478190016928968704"], "public_metrics": {"retweet_count": 0, "reply_count": 0, "like_count": 4, "quote_count": 0, "bookmark_count": 0, "impression_count": 0}, "created_at": "2022-01-04T02:22:18.000Z", "id": "1478190016928968704"}, {"text": "resolving git merge conflicts really brings out the worst in me", "conversation_id": "1467913909705195520", "edit_history_tweet_ids": ["1467913909705195520"], "public_metrics": {"retweet_count": 0, "reply_count": 0, "like_count": 1, "quote_count": 0, "bookmark_count": 0, "impression_count": 0}, "created_at": "2021-12-06T17:48:43.000Z", "id": "1467913909705195520"}, {"text": "PROXYLESS IS THE FUTURE!!!!!!!!!!!! https://t.co/nmkratOO53", "conversation_id": "1454318153979215872", "edit_history_tweet_ids": ["1454318153979215872"], "public_metrics": {"retweet_count": 0, "reply_count": 1, "like_count": 4, "quote_count": 0, "bookmark_count": 0, "impression_count": 0}, "created_at": "2021-10-30T05:24:02.000Z", "id": "1454318153979215872"}, {"text": "github been taking dubs lately especially with this command pallete ctrl+k thing", "conversation_id": "1453555650567426049", "edit_history_tweet_ids": ["1453555650567426049"], "public_metrics": {"retweet_count": 0, "reply_count": 0, "like_count": 2, "quote_count": 0, "bookmark_count": 0, "impression_count": 0}, "created_at": "2021-10-28T02:54:07.000Z", "id": "1453555650567426049"}, {"text": "Why do people put their new Instagram post on their story a day after they post it, instead of right when they post it?\n\nis it just to squeeze as many likes out of people as possible", "conversation_id": "1452348659836747776", "edit_history_tweet_ids": ["1452348659836747776"], "public_metrics": {"retweet_count": 0, "reply_count": 0, "like_count": 4, "quote_count": 0, "bookmark_count": 0, "impression_count": 0}, "created_at": "2021-10-24T18:57:58.000Z", "id": "1452348659836747776"}, {"text": "After watching spiderman in the 5th grade, I tried to make a \"web shooter\". Looking back, I'm surprised I got that far. https://t.co/fYj3rjYMry", "conversation_id": "1450214577405263873", "edit_history_tweet_ids": ["1450214577405263873"], "public_metrics": {"retweet_count": 0, "reply_count": 0, "like_count": 3, "quote_count": 0, "bookmark_count": 0, "impression_count": 0}, "created_at": "2021-10-18T21:37:53.000Z", "id": "1450214577405263873"}, {"text": "come meet me at kubecon if you are attending!", "conversation_id": "1447577181316521987", "edit_history_tweet_ids": ["1447577181316521987"], "public_metrics": {"retweet_count": 0, "reply_count": 0, "like_count": 2, "quote_count": 0, "bookmark_count": 0, "impression_count": 0}, "created_at": "2021-10-11T14:57:49.000Z", "id": "1447577181316521987"}, {"text": "going live on Istio Weekly: https://t.co/wTyyuas3nc", "conversation_id": "1444074641102819329", "edit_history_tweet_ids": ["1444074641102819329"], "public_metrics": {"retweet_count": 0, "reply_count": 0, "like_count": 1, "quote_count": 0, "bookmark_count": 0, "impression_count": 0}, "created_at": "2021-10-01T22:59:58.000Z", "id": "1444074641102819329"}, {"text": "if you ever want to read an NYT article for free and incognito doesn't work, just wget/curl the article and open it locally", "conversation_id": "1441893512224464896", "edit_history_tweet_ids": ["1441893512224464896"], "public_metrics": {"retweet_count": 0, "reply_count": 1, "like_count": 2, "quote_count": 0, "bookmark_count": 2, "impression_count": 0}, "created_at": "2021-09-25T22:32:57.000Z", "id": "1441893512224464896"}, {"text": "Either I'm really good or really bad https://t.co/W1D62AzszF", "conversation_id": "1419079411026907141", "edit_history_tweet_ids": ["1419079411026907141"], "public_metrics": {"retweet_count": 0, "reply_count": 1, "like_count": 2, "quote_count": 0, "bookmark_count": 0, "impression_count": 0}, "created_at": "2021-07-24T23:37:51.000Z", "id": "1419079411026907141"}, {"text": "proxyless! https://t.co/N0A3dyzslt\n\nThis is really cool -- finally, the sidecar model is being challenged", "conversation_id": "1417301051582025738", "edit_history_tweet_ids": ["1417301051582025738"], "public_metrics": {"retweet_count": 0, "reply_count": 0, "like_count": 2, "quote_count": 0, "bookmark_count": 0, "impression_count": 0}, "created_at": "2021-07-20T01:51:17.000Z", "id": "1417301051582025738"}, {"text": "to push to the branch you are on:\n\npush \"message\" \n\nwhere \"message\" is the commit message. MAKE SURE ITS IN QUOTES\n\nfound this very handy", "conversation_id": "1414019133595807747", "edit_history_tweet_ids": ["1414019404581330946"], "public_metrics": {"retweet_count": 0, "reply_count": 0, "like_count": 1, "quote_count": 0, "bookmark_count": 0, "impression_count": 0}, "created_at": "2021-07-11T00:31:11.000Z", "id": "1414019404581330946"}, {"text": "push to git a lot and don't want to write out the trio of push commands (add, commit, push)? Here ya go:\n\ngit add -A;\ngit commit -m \"$@\";\ngit push origin $(git rev-parse --abbrev-ref HEAD);\n\nslap this bad boy in your path after you chmod +x. I have it in a file called \"push\"", "conversation_id": "1414019133595807747", "edit_history_tweet_ids": ["1414019133595807747"], "public_metrics": {"retweet_count": 0, "reply_count": 1, "like_count": 2, "quote_count": 0, "bookmark_count": 1, "impression_count": 0}, "created_at": "2021-07-11T00:30:07.000Z", "id": "1414019133595807747"}, {"text": "questioning old code while reviewing a PR is like trying to overturn a court precedent", "conversation_id": "1413557822827089921", "edit_history_tweet_ids": ["1413557822827089921"], "public_metrics": {"retweet_count": 0, "reply_count": 0, "like_count": 2, "quote_count": 0, "bookmark_count": 0, "impression_count": 0}, "created_at": "2021-07-09T17:57:02.000Z", "id": "1413557822827089921"}, {"text": "was learning about SRPC and LRPC in econ and I thought they were RPCs for a second", "conversation_id": "1393715728574926848", "edit_history_tweet_ids": ["1393715728574926848"], "public_metrics": {"retweet_count": 0, "reply_count": 0, "like_count": 1, "quote_count": 0, "bookmark_count": 0, "impression_count": 0}, "created_at": "2021-05-15T23:51:38.000Z", "id": "1393715728574926848"}, {"text": "I don't think this level of power has ever been reached by humanity. https://t.co/wVrTWK9ECp", "conversation_id": "1391931661940449282", "edit_history_tweet_ids": ["1391931661940449282"], "public_metrics": {"retweet_count": 0, "reply_count": 1, "like_count": 2, "quote_count": 0, "bookmark_count": 0, "impression_count": 0}, "created_at": "2021-05-11T01:42:23.000Z", "id": "1391931661940449282"}, {"text": "https://t.co/32HW2LJl41\nsnl writers: 'lets use a bunch of (we think) gen z slang with no actual joke and hope we reach a new demographic'\n\nwhat the hell happened to SNL", "conversation_id": "1391453608298696707", "edit_history_tweet_ids": ["1391453608298696707"], "public_metrics": {"retweet_count": 0, "reply_count": 1, "like_count": 1, "quote_count": 0, "bookmark_count": 0, "impression_count": 0}, "created_at": "2021-05-09T18:02:46.000Z", "id": "1391453608298696707"}, {"text": "The first (hopefully of many) Istio shirts came today! Looks awesome \ud83d\ude0e https://t.co/32ojULJK4h", "conversation_id": "1389390406954012672", "edit_history_tweet_ids": ["1389390406954012672"], "public_metrics": {"retweet_count": 0, "reply_count": 1, "like_count": 5, "quote_count": 0, "bookmark_count": 0, "impression_count": 0}, "created_at": "2021-05-04T01:24:21.000Z", "id": "1389390406954012672"}, {"text": "was tempted to review a PR with \"sus\" as the only feedback to keep them wondering", "conversation_id": "1387639216453029892", "edit_history_tweet_ids": ["1387639216453029892"], "public_metrics": {"retweet_count": 0, "reply_count": 0, "like_count": 3, "quote_count": 0, "bookmark_count": 0, "impression_count": 0}, "created_at": "2021-04-29T05:25:44.000Z", "id": "1387639216453029892"}, {"text": "We thank him for his sacrifice \ud83d\ude4f\ud83d\ude4f https://t.co/tfq5Msmals", "conversation_id": "1379126500817956867", "edit_history_tweet_ids": ["1379126500817956867"], "public_metrics": {"retweet_count": 0, "reply_count": 0, "like_count": 5, "quote_count": 0, "bookmark_count": 0, "impression_count": 0}, "created_at": "2021-04-05T17:39:15.000Z", "id": "1379126500817956867"}, {"text": "just became a networking maintainer for @IstioMesh. \n\nThis has been a dream of mine for about a year -  I'm so happy I get to be involved in a more official capacity!\n\nWhat an awesome community", "conversation_id": "1377683720069521410", "edit_history_tweet_ids": ["1377683720069521410"], "public_metrics": {"retweet_count": 2, "reply_count": 3, "like_count": 34, "quote_count": 2, "bookmark_count": 0, "impression_count": 0}, "created_at": "2021-04-01T18:06:09.000Z", "id": "1377683720069521410"}, {"text": "theres no downside to misspelling \"good\" to \"god\n\nbefore: \"this song is so good\"\nafter: \"this song is so god\"", "conversation_id": "1369066153239224320", "edit_history_tweet_ids": ["1369066153239224320"], "public_metrics": {"retweet_count": 0, "reply_count": 0, "like_count": 2, "quote_count": 0, "bookmark_count": 0, "impression_count": 0}, "created_at": "2021-03-08T23:23:01.000Z", "id": "1369066153239224320"}, {"text": "you rarely see this https://t.co/SNGdIiJZ5d", "conversation_id": "1368986285495349251", "edit_history_tweet_ids": ["1368986285495349251"], "public_metrics": {"retweet_count": 0, "reply_count": 0, "like_count": 1, "quote_count": 0, "bookmark_count": 0, "impression_count": 0}, "created_at": "2021-03-08T18:05:39.000Z", "id": "1368986285495349251"}, {"text": "did some exploration into the performance of gRPC vs REST for transferring large files - https://t.co/IXhwMi231N - and I would love to see what people think. Is this accurate? Is there really not that much of a difference between the two for streaming large amounts of data?", "conversation_id": "1366612564562518017", "edit_history_tweet_ids": ["1366612564562518017"], "public_metrics": {"retweet_count": 0, "reply_count": 0, "like_count": 1, "quote_count": 0, "bookmark_count": 0, "impression_count": 0}, "created_at": "2021-03-02T04:53:20.000Z", "id": "1366612564562518017"}, {"text": "https://t.co/8ZZnvjxPyG", "conversation_id": "1359152816003162127", "edit_history_tweet_ids": ["1359152816003162127"], "public_metrics": {"retweet_count": 0, "reply_count": 0, "like_count": 1, "quote_count": 0, "bookmark_count": 0, "impression_count": 0}, "created_at": "2021-02-09T14:50:57.000Z", "id": "1359152816003162127"}, {"text": "the guy who milked the first cow had some explaining to do", "conversation_id": "1355023715822526466", "edit_history_tweet_ids": ["1355023715822526466"], "public_metrics": {"retweet_count": 0, "reply_count": 0, "like_count": 2, "quote_count": 0, "bookmark_count": 0, "impression_count": 0}, "created_at": "2021-01-29T05:23:23.000Z", "id": "1355023715822526466"}, {"text": "the right hand rule has started to give me hand cramps. Thanks magnetostatics!", "conversation_id": "1354597540189016064", "edit_history_tweet_ids": ["1354597540189016064"], "public_metrics": {"retweet_count": 0, "reply_count": 0, "like_count": 1, "quote_count": 0, "bookmark_count": 0, "impression_count": 0}, "created_at": "2021-01-28T01:09:55.000Z", "id": "1354597540189016064"}, {"text": "If the USSR got back together would it be called the soviet reunion", "conversation_id": "1354335510626332673", "edit_history_tweet_ids": ["1354335510626332673"], "public_metrics": {"retweet_count": 0, "reply_count": 0, "like_count": 4, "quote_count": 0, "bookmark_count": 0, "impression_count": 0}, "created_at": "2021-01-27T07:48:42.000Z", "id": "1354335510626332673"}, {"text": "I recently got a monster of a computer for projects like Istio because my laptop couldn't handle the sauce, and I was having trouble syncing my local code with that machine (editing with goland)\n\nThen I discovered ssh -X\n\nHow tf did I not know this existed", "conversation_id": "1352166877082996737", "edit_history_tweet_ids": ["1352166877082996737"], "public_metrics": {"retweet_count": 0, "reply_count": 0, "like_count": 1, "quote_count": 0, "bookmark_count": 0, "impression_count": 0}, "created_at": "2021-01-21T08:11:20.000Z", "id": "1352166877082996737"}, {"text": "My CS Teacher is doing a project on educating our youth on global warning by collecting atmospheric data, and we need funding.\n\nDefinitely a good cause.\n\nhttps://t.co/jBhVquj3yQ", "conversation_id": "1351953003457044482", "edit_history_tweet_ids": ["1351953003457044482"], "public_metrics": {"retweet_count": 1, "reply_count": 0, "like_count": 0, "quote_count": 0, "bookmark_count": 0, "impression_count": 0}, "created_at": "2021-01-20T18:01:28.000Z", "id": "1351953003457044482"}, {"text": "esp8266 + mDNS = amazing", "conversation_id": "1348356543410962434", "edit_history_tweet_ids": ["1348356543410962434"], "public_metrics": {"retweet_count": 0, "reply_count": 0, "like_count": 0, "quote_count": 0, "bookmark_count": 0, "impression_count": 0}, "created_at": "2021-01-10T19:50:25.000Z", "id": "1348356543410962434"}, {"text": "New year same me because the passage of time from 11:59pm dec 31 to 12:00am jan 1 means nothing", "conversation_id": "1345111679332323328", "edit_history_tweet_ids": ["1345111679332323328"], "public_metrics": {"retweet_count": 0, "reply_count": 0, "like_count": 4, "quote_count": 0, "bookmark_count": 0, "impression_count": 0}, "created_at": "2021-01-01T20:56:29.000Z", "id": "1345111679332323328"}, {"text": "I weirdly keep coming back to android app development towards the end of December every year. For the last three years, my winter break has been consumed by arguing with android.\n\nMakes me thankful I primarily do back-end stuff.", "conversation_id": "1341644765540962304", "edit_history_tweet_ids": ["1341644765540962304"], "public_metrics": {"retweet_count": 0, "reply_count": 0, "like_count": 1, "quote_count": 0, "bookmark_count": 0, "impression_count": 0}, "created_at": "2020-12-23T07:20:13.000Z", "id": "1341644765540962304"}, {"text": "when i say im browsing the hub i mean Github", "conversation_id": "1322233482693672960", "edit_history_tweet_ids": ["1322233482693672960"], "public_metrics": {"retweet_count": 0, "reply_count": 0, "like_count": 3, "quote_count": 0, "bookmark_count": 0, "impression_count": 0}, "created_at": "2020-10-30T17:46:42.000Z", "id": "1322233482693672960"}, {"text": "is it bad that i dont know what im doing 90% of the time i work on something like istio\n\nand even though i dont know what im doing, i am still able to get stuff done\n\nweird", "conversation_id": "1321666353929936897", "edit_history_tweet_ids": ["1321666353929936897"], "public_metrics": {"retweet_count": 0, "reply_count": 2, "like_count": 3, "quote_count": 0, "bookmark_count": 0, "impression_count": 0}, "created_at": "2020-10-29T04:13:08.000Z", "id": "1321666353929936897"}, {"text": "Neural Network November\nNext Nonce November\nNuanced NoSQL November\nNoSQL Network November\n\nim pretty happy about this", "conversation_id": "1321319158131257349", "edit_history_tweet_ids": ["1321319158131257349"], "public_metrics": {"retweet_count": 0, "reply_count": 1, "like_count": 2, "quote_count": 0, "bookmark_count": 0, "impression_count": 0}, "created_at": "2020-10-28T05:13:30.000Z", "id": "1321319158131257349"}, {"text": "Please...Go needs generics\n\ngenerics would save time spent writing templates and code generation.\n\nheres an example in istio:\n\ntemplate: https://t.co/CVpL5ziGM4\n\ngenerates this mess:\nhttps://t.co/iJiPw7nimm", "conversation_id": "1320412414525911045", "edit_history_tweet_ids": ["1320412414525911045"], "public_metrics": {"retweet_count": 0, "reply_count": 0, "like_count": 1, "quote_count": 0, "bookmark_count": 0, "impression_count": 0}, "created_at": "2020-10-25T17:10:26.000Z", "id": "1320412414525911045"}, {"text": "why cant go have ternary operators :((", "conversation_id": "1318952286257770496", "edit_history_tweet_ids": ["1318952286257770496"], "public_metrics": {"retweet_count": 0, "reply_count": 2, "like_count": 2, "quote_count": 0, "bookmark_count": 0, "impression_count": 0}, "created_at": "2020-10-21T16:28:24.000Z", "id": "1318952286257770496"}, {"text": "oh you call yourself distributed systems expert? name every rpc", "conversation_id": "1318265386597371904", "edit_history_tweet_ids": ["1318265386597371904"], "public_metrics": {"retweet_count": 0, "reply_count": 1, "like_count": 2, "quote_count": 0, "bookmark_count": 0, "impression_count": 0}, "created_at": "2020-10-19T18:58:55.000Z", "id": "1318265386597371904"}, {"text": "theres always something sus going on in electrical", "conversation_id": "1317239484346372096", "edit_history_tweet_ids": ["1317239484346372096"], "public_metrics": {"retweet_count": 0, "reply_count": 0, "like_count": 1, "quote_count": 0, "bookmark_count": 0, "impression_count": 0}, "created_at": "2020-10-16T23:02:20.000Z", "id": "1317239484346372096"}, {"text": "Crud-app-as-a-service", "conversation_id": "1316927532273422336", "edit_history_tweet_ids": ["1316927532273422336"], "public_metrics": {"retweet_count": 0, "reply_count": 0, "like_count": 0, "quote_count": 0, "bookmark_count": 0, "impression_count": 0}, "created_at": "2020-10-16T02:22:45.000Z", "id": "1316927532273422336"}, {"text": "it has like 8 million commits lol", "conversation_id": "1315865290069082112", "edit_history_tweet_ids": ["1315865575449526274"], "public_metrics": {"retweet_count": 0, "reply_count": 0, "like_count": 0, "quote_count": 0, "bookmark_count": 0, "impression_count": 0}, "created_at": "2020-10-13T04:02:55.000Z", "id": "1315865575449526274"}, {"text": "mostly caused by stupidity", "conversation_id": "1315865290069082112", "edit_history_tweet_ids": ["1315865471774646273"], "public_metrics": {"retweet_count": 0, "reply_count": 1, "like_count": 0, "quote_count": 0, "bookmark_count": 0, "impression_count": 0}, "created_at": "2020-10-13T04:02:30.000Z", "id": "1315865471774646273"}], "meta": {"next_token": "7140dibdnow9c7btw3w1f7pmlxn9v3t07xc2mvej4w65v", "result_count": 50, "newest_id": "1959339444324147250", "oldest_id": "1315865471774646273"}}