{"data": [{"text": "Soo who is buying a phone for 2.5k\u00bf https://t.co/zOmg1TMGJX", "id": "1995992893354303827", "edit_history_tweet_ids": ["1995992893354303827"], "created_at": "2025-12-02T23:06:04.000Z", "public_metrics": {"retweet_count": 0, "reply_count": 17, "like_count": 60, "quote_count": 2, "bookmark_count": 1, "impression_count": 3271}, "conversation_id": "1995992893354303827"}, {"text": "X-Lite gets daily updates.\nNew X Android weekly (working with the team to make it biweekly). https://t.co/SbeFak0P4k", "id": "1994114001387835655", "edit_history_tweet_ids": ["1994114001387835655"], "created_at": "2025-11-27T18:40:01.000Z", "public_metrics": {"retweet_count": 14, "reply_count": 42, "like_count": 320, "quote_count": 3, "bookmark_count": 55, "impression_count": 22154}, "conversation_id": "1994114001387835655"}, {"text": "https://t.co/Wb5dBWOZHC", "id": "1993976729879056577", "edit_history_tweet_ids": ["1993976729879056577"], "created_at": "2025-11-27T09:34:33.000Z", "public_metrics": {"retweet_count": 6, "reply_count": 15, "like_count": 156, "quote_count": 1, "bookmark_count": 0, "impression_count": 4947}, "conversation_id": "1993976729879056577"}, {"text": "shame https://t.co/1m7UP1OQqF", "id": "1993051886438760531", "edit_history_tweet_ids": ["1993051886438760531"], "created_at": "2025-11-24T20:19:33.000Z", "public_metrics": {"retweet_count": 3, "reply_count": 15, "like_count": 149, "quote_count": 0, "bookmark_count": 11, "impression_count": 13250}, "conversation_id": "1993051886438760531"}, {"text": "Hi \ud83d\udc4b", "id": "1991579243902562580", "edit_history_tweet_ids": ["1991579114759942307", "1991579181898228040", "1991579243902562580"], "created_at": "2025-11-20T18:47:48.000Z", "public_metrics": {"retweet_count": 2, "reply_count": 65, "like_count": 329, "quote_count": 1, "bookmark_count": 13, "impression_count": 23798}, "conversation_id": "1991579243902562580"}, {"text": "Hey all.\n\nNew day new X Lite update, some visual refresh on collapsing headers\nImprovements to post detal eg reply bar will be there from start, content will be displayed from local db imroving offline mode.\n\nMany more small improvements...\nGive it a try let us know what you", "id": "1985853192219861390", "edit_history_tweet_ids": ["1985853192219861390"], "created_at": "2025-11-04T23:34:31.000Z", "public_metrics": {"retweet_count": 8, "reply_count": 36, "like_count": 152, "quote_count": 2, "bookmark_count": 12, "impression_count": 36369}, "conversation_id": "1985853192219861390"}, {"text": "Should likely investing similar tech to App Bundles on Android https://t.co/jnhHog4D3m", "id": "1984657347864633765", "edit_history_tweet_ids": ["1984657347864633765"], "created_at": "2025-11-01T16:22:39.000Z", "public_metrics": {"retweet_count": 0, "reply_count": 0, "like_count": 12, "quote_count": 0, "bookmark_count": 2, "impression_count": 764}, "conversation_id": "1984657043966382318"}, {"text": "I find it crazy to see how large iOS apps have become https://t.co/xXt96AfQXP", "id": "1984657043966382318", "edit_history_tweet_ids": ["1984657043966382318"], "created_at": "2025-11-01T16:21:27.000Z", "public_metrics": {"retweet_count": 1, "reply_count": 10, "like_count": 76, "quote_count": 0, "bookmark_count": 6, "impression_count": 4487}, "conversation_id": "1984657043966382318"}, {"text": "\ud83d\ude80\ud83d\ude80 Thanks @x_belous https://t.co/U2Am4wGYX8", "id": "1984425076909850677", "edit_history_tweet_ids": ["1984425076909850677"], "created_at": "2025-11-01T00:59:41.000Z", "public_metrics": {"retweet_count": 0, "reply_count": 3, "like_count": 32, "quote_count": 0, "bookmark_count": 3, "impression_count": 2848}, "conversation_id": "1984425076909850677"}, {"text": "The APIs that allow you to create List Detail, secondary panes when form factors change is pretty nice.", "id": "1983853162835669103", "edit_history_tweet_ids": ["1983853162835669103"], "created_at": "2025-10-30T11:07:06.000Z", "public_metrics": {"retweet_count": 0, "reply_count": 0, "like_count": 6, "quote_count": 0, "bookmark_count": 0, "impression_count": 529}, "conversation_id": "1983200943274688800"}, {"text": "At Droidcon London for some time today, if you interested in Android roles at xAI / X don\u2019t hesitate to reach out. We are hiring! https://t.co/JqZbif4DOW", "id": "1983839348190597164", "edit_history_tweet_ids": ["1983839348190597164"], "created_at": "2025-10-30T10:12:13.000Z", "public_metrics": {"retweet_count": 6, "reply_count": 2, "like_count": 130, "quote_count": 0, "bookmark_count": 5, "impression_count": 8103}, "conversation_id": "1983839348190597164"}, {"text": "Nav 3 is now beta!\nhttps://t.co/81b3fgEZYR\n\nIf you have been using the alpha versions, is anything missing? \nCurios of what folks are thinking who are using in production;", "id": "1983200943274688800", "edit_history_tweet_ids": ["1983200943274688800"], "created_at": "2025-10-28T15:55:25.000Z", "public_metrics": {"retweet_count": 1, "reply_count": 4, "like_count": 52, "quote_count": 0, "bookmark_count": 8, "impression_count": 4174}, "conversation_id": "1983200943274688800"}, {"text": "Impressive list https://t.co/8CqDbDYFjJ\n--\n&gt; The Eiffel Tower was built in 2 years and 2 months\n--\n&gt; iPod. Tony Fadell was hired to create the iPod in late January 2001. Steve Jobs greenlit the project in March 2001. They hired a contract manufacturer in April 2001, announced the", "id": "1980292298958065935", "edit_history_tweet_ids": ["1980292212689650133", "1980292298958065935"], "created_at": "2025-10-20T15:17:30.000Z", "public_metrics": {"retweet_count": 3, "reply_count": 2, "like_count": 76, "quote_count": 0, "bookmark_count": 13, "impression_count": 3036}, "conversation_id": "1980292298958065935"}, {"text": "Will make sure it's in an upcoming release.\nThanks for the feedback! https://t.co/HaeJU8rfow", "id": "1979679933191614678", "edit_history_tweet_ids": ["1979679933191614678"], "created_at": "2025-10-18T22:44:11.000Z", "public_metrics": {"retweet_count": 1, "reply_count": 10, "like_count": 105, "quote_count": 1, "bookmark_count": 5, "impression_count": 6776}, "conversation_id": "1979679933191614678"}, {"text": "Dear Android @Premim+ &amp; @Premium users today we expand the access further for X-Lite and shared major updates!\n\nKey Highlights from Our Latest Release:\n- Enhanced database infrastructure for smoother timeline loading and app navigation.\n- \"Not Interested in This Post\" option for", "id": "1979678840944234565", "edit_history_tweet_ids": ["1979678840944234565"], "created_at": "2025-10-18T22:39:50.000Z", "public_metrics": {"retweet_count": 22, "reply_count": 64, "like_count": 250, "quote_count": 14, "bookmark_count": 56, "impression_count": 105955}, "conversation_id": "1979678840944234565"}, {"text": "Update Grok - Fix rolling out for this: https://t.co/mKnA49PcFc", "id": "1978559589344821605", "edit_history_tweet_ids": ["1978559589344821605"], "created_at": "2025-10-15T20:32:20.000Z", "public_metrics": {"retweet_count": 19, "reply_count": 20, "like_count": 205, "quote_count": 1, "bookmark_count": 5, "impression_count": 12939}, "conversation_id": "1978559589344821605"}, {"text": "@datvu_7 Live to all 100%", "id": "1978539698025824555", "edit_history_tweet_ids": ["1978539698025824555"], "created_at": "2025-10-15T19:13:18.000Z", "public_metrics": {"retweet_count": 0, "reply_count": 0, "like_count": 12, "quote_count": 0, "bookmark_count": 0, "impression_count": 508}, "conversation_id": "1978084406473462192"}, {"text": "@datvu_7 Fix live for 5%", "id": "1978174747176300756", "edit_history_tweet_ids": ["1978174747176300756"], "created_at": "2025-10-14T19:03:07.000Z", "public_metrics": {"retweet_count": 0, "reply_count": 1, "like_count": 12, "quote_count": 0, "bookmark_count": 0, "impression_count": 919}, "conversation_id": "1978084406473462192"}, {"text": "Cudos to @datvu_7 for the fix !\ud83d\ude47\u200d\u2642\ufe0f", "id": "1978084408092438988", "edit_history_tweet_ids": ["1978084408092438988"], "created_at": "2025-10-14T13:04:08.000Z", "public_metrics": {"retweet_count": 0, "reply_count": 2, "like_count": 22, "quote_count": 0, "bookmark_count": 1, "impression_count": 989}, "conversation_id": "1978084406473462192"}, {"text": "X Android - Image selection issues are resolved and rolling out with 11.30+\n\n( currently in beta )", "id": "1978084406473462192", "edit_history_tweet_ids": ["1978084406473462192"], "created_at": "2025-10-14T13:04:08.000Z", "public_metrics": {"retweet_count": 9, "reply_count": 32, "like_count": 255, "quote_count": 2, "bookmark_count": 12, "impression_count": 9438}, "conversation_id": "1978084406473462192"}, {"text": "We are expanding access to Alpha testing our fresh Android experience, currently available to all Premium+, and slowly rolling out to @Premium.\n\nThis is a more focused experience on the Core of X.\n\nWe are looking for feedback, as we work on stability and perforce before staring https://t.co/p3ggCCTN03", "id": "1977445540842373230", "edit_history_tweet_ids": ["1977445540842373230"], "created_at": "2025-10-12T18:45:30.000Z", "public_metrics": {"retweet_count": 31, "reply_count": 69, "like_count": 336, "quote_count": 10, "bookmark_count": 45, "impression_count": 72179}, "conversation_id": "1977445540842373230"}, {"text": "Ordinary, useful things should be beautiful.", "id": "1975881199987069005", "edit_history_tweet_ids": ["1975881199987069005"], "created_at": "2025-10-08T11:09:22.000Z", "public_metrics": {"retweet_count": 0, "reply_count": 4, "like_count": 41, "quote_count": 0, "bookmark_count": 1, "impression_count": 2010}, "conversation_id": "1975881199987069005"}, {"text": "lol https://t.co/aKFfrtgyHF", "id": "1970583969340035481", "edit_history_tweet_ids": ["1970583969340035481"], "created_at": "2025-09-23T20:20:04.000Z", "public_metrics": {"retweet_count": 3, "reply_count": 1, "like_count": 89, "quote_count": 0, "bookmark_count": 6, "impression_count": 6137}, "conversation_id": "1970583969340035481"}, {"text": "Nice https://t.co/bZEbB703EA", "id": "1957003806123692392", "edit_history_tweet_ids": ["1957003806123692392"], "created_at": "2025-08-17T08:57:21.000Z", "public_metrics": {"retweet_count": 0, "reply_count": 0, "like_count": 22, "quote_count": 0, "bookmark_count": 1, "impression_count": 2664}, "conversation_id": "1957003806123692392"}, {"text": "Come hang out with Grok Imagine https://t.co/wKgbRv5nTB", "id": "1953855616830648718", "edit_history_tweet_ids": ["1953855616830648718"], "created_at": "2025-08-08T16:27:34.000Z", "public_metrics": {"retweet_count": 455, "reply_count": 301, "like_count": 3391, "quote_count": 20, "bookmark_count": 114, "impression_count": 1144400}, "conversation_id": "1953855616830648718"}, {"text": "Grok users on Android already have access to personalised themes for some time now FREE of charge.\n\nhttps://t.co/QhoODM7vki\n\nAlso Give \u2728Imagine a try too; https://t.co/N2GvLwo474", "id": "1953516066488942914", "edit_history_tweet_ids": ["1953516066488942914"], "created_at": "2025-08-07T17:58:19.000Z", "public_metrics": {"retweet_count": 5, "reply_count": 20, "like_count": 173, "quote_count": 0, "bookmark_count": 11, "impression_count": 24233}, "conversation_id": "1953516066488942914"}, {"text": "https://t.co/1724Uj2xHp", "id": "1953386068922806484", "edit_history_tweet_ids": ["1953386068922806484"], "created_at": "2025-08-07T09:21:45.000Z", "public_metrics": {"retweet_count": 2, "reply_count": 14, "like_count": 132, "quote_count": 1, "bookmark_count": 0, "impression_count": 4264}, "conversation_id": "1953386068922806484"}, {"text": "Spider goat in the house \ud83e\udd23 https://t.co/jNnoUXccQc", "id": "1953363879456649337", "edit_history_tweet_ids": ["1953363879456649337"], "created_at": "2025-08-07T07:53:35.000Z", "public_metrics": {"retweet_count": 2, "reply_count": 2, "like_count": 18, "quote_count": 0, "bookmark_count": 0, "impression_count": 1241}, "conversation_id": "1953363879456649337"}, {"text": "Fix commit link is https://t.co/2VvWueOma5.\n\n&gt;&gt; One of the methods being kept by the new proguard rule is ViewLayerContainer.dispatchGetDisplayList. It overrides a hidden protected method from ViewGroup to prevent a dispatch of the method shown in this stacktrace which is why we", "id": "1948780223388156422", "edit_history_tweet_ids": ["1948780223388156422"], "created_at": "2025-07-25T16:19:46.000Z", "public_metrics": {"retweet_count": 0, "reply_count": 1, "like_count": 7, "quote_count": 0, "bookmark_count": 0, "impression_count": 1702}, "conversation_id": "1948779838569152916"}, {"text": "New release is rolling out that should resolve our nr #1 crash https://t.co/nYyymPTz8s", "id": "1948779838569152916", "edit_history_tweet_ids": ["1948779838569152916"], "created_at": "2025-07-25T16:18:14.000Z", "public_metrics": {"retweet_count": 5, "reply_count": 13, "like_count": 182, "quote_count": 0, "bookmark_count": 8, "impression_count": 8996}, "conversation_id": "1948779838569152916"}, {"text": "TIL @GeminiApp does not request any permissions, you are not able to decline any access to camera  microphone location;\n\nTested on Google Pixel &amp; Samsung devices.\n\nDon't believe me just check yourself. https://t.co/A4PifpxAgM", "id": "1947718271316185327", "edit_history_tweet_ids": ["1947718271316185327"], "created_at": "2025-07-22T17:59:57.000Z", "public_metrics": {"retweet_count": 7, "reply_count": 32, "like_count": 242, "quote_count": 1, "bookmark_count": 15, "impression_count": 17374}, "conversation_id": "1947718271316185327"}, {"text": "Our new @Grok voices are live on the Android app get it here: https://t.co/QhoODM7vki https://t.co/jyh88notgA", "id": "1943717314706186517", "edit_history_tweet_ids": ["1943717314706186517"], "created_at": "2025-07-11T17:01:35.000Z", "public_metrics": {"retweet_count": 35, "reply_count": 60, "like_count": 497, "quote_count": 5, "bookmark_count": 25, "impression_count": 24228}, "conversation_id": "1943717314706186517"}, {"text": ".@Grok on Android growing 50M+ downloads, 1st beta out just 4mo 23d ago: https://t.co/nDe7t5XRWk https://t.co/IDk0xhVH2X", "id": "1943695974708220085", "edit_history_tweet_ids": ["1943695974708220085"], "created_at": "2025-07-11T15:36:47.000Z", "public_metrics": {"retweet_count": 24, "reply_count": 32, "like_count": 436, "quote_count": 1, "bookmark_count": 18, "impression_count": 52833}, "conversation_id": "1943695974708220085"}, {"text": "In recent release we updated our @intercom Android sdk this caused some of our support capabilities to fail, crash. I have reached out to @intercom with details.\n\nFix is under review by Google Play.", "id": "1943416329672757646", "edit_history_tweet_ids": ["1943416329672757646"], "created_at": "2025-07-10T21:05:34.000Z", "public_metrics": {"retweet_count": 14, "reply_count": 10, "like_count": 168, "quote_count": 1, "bookmark_count": 5, "impression_count": 11518}, "conversation_id": "1943416329672757646"}, {"text": "With Grok 4, we're updating the Grok Android app to version 1.0, officially removing the beta label.\nhttps://t.co/XMj7F419o6", "id": "1943163311912292367", "edit_history_tweet_ids": ["1943163311912292367"], "created_at": "2025-07-10T04:20:10.000Z", "public_metrics": {"retweet_count": 37, "reply_count": 62, "like_count": 657, "quote_count": 9, "bookmark_count": 45, "impression_count": 62576}, "conversation_id": "1943163311912292367"}, {"text": ".@Grok Android app startup time is now ~20% faster.\n\nJust by using Startup &amp; Baseline Profiles. #androiddeveloper\n\nData is still early but good signs; the app is still tiny but we already have three dex files.", "id": "1941195986816336346", "edit_history_tweet_ids": ["1941195761284415708", "1941195986816336346"], "created_at": "2025-07-04T18:02:43.000Z", "public_metrics": {"retweet_count": 27, "reply_count": 48, "like_count": 599, "quote_count": 0, "bookmark_count": 31, "impression_count": 25205}, "conversation_id": "1941195986816336346"}, {"text": "The fix was partial; the underlying issue is on Google's side. Added more context so hopefully they can address it expediently.\n\nhttps://t.co/9y2Sp6EyaD https://t.co/evj9xtFMrY", "id": "1937494563305763003", "edit_history_tweet_ids": ["1937494563305763003"], "created_at": "2025-06-24T12:54:35.000Z", "public_metrics": {"retweet_count": 5, "reply_count": 10, "like_count": 167, "quote_count": 1, "bookmark_count": 5, "impression_count": 17366}, "conversation_id": "1937494563305763003"}, {"text": "Found the crash! Thanks for the help.\nFix incoming https://t.co/5smtg302MW", "id": "1936925494701658416", "edit_history_tweet_ids": ["1936925494701658416"], "created_at": "2025-06-22T23:13:18.000Z", "public_metrics": {"retweet_count": 5, "reply_count": 6, "like_count": 249, "quote_count": 2, "bookmark_count": 4, "impression_count": 16843}, "conversation_id": "1936925494701658416"}, {"text": "One of our focus areas for @Grok on Android has been stability. \n\nOur nr 1 crash now is only affecting Android 9. \n\nif you experience issues especially don't hesitate to reach out, we are not able to reproduce this issue internally yet.", "id": "1936014161571442919", "edit_history_tweet_ids": ["1936014161571442919"], "created_at": "2025-06-20T10:52:00.000Z", "public_metrics": {"retweet_count": 4, "reply_count": 26, "like_count": 259, "quote_count": 1, "bookmark_count": 11, "impression_count": 16575}, "conversation_id": "1936014161571442919"}, {"text": "wonder why you can't sync project; cause you use kotlin json parsing lib ...\n&gt; including the inability to sync certain projects into Android Studio", "id": "1935853227251003592", "edit_history_tweet_ids": ["1935853227251003592"], "created_at": "2025-06-20T00:12:30.000Z", "public_metrics": {"retweet_count": 0, "reply_count": 1, "like_count": 16, "quote_count": 0, "bookmark_count": 0, "impression_count": 2120}, "conversation_id": "1935853227251003592"}, {"text": "https://t.co/wcA0hCXKrF", "id": "1933250092326158636", "edit_history_tweet_ids": ["1933250092326158636"], "created_at": "2025-06-12T19:48:34.000Z", "public_metrics": {"retweet_count": 1, "reply_count": 7, "like_count": 77, "quote_count": 1, "bookmark_count": 1, "impression_count": 4801}, "conversation_id": "1933250092326158636"}, {"text": "Just @Grok it!", "id": "1932398404719853689", "edit_history_tweet_ids": ["1932398404719853689"], "created_at": "2025-06-10T11:24:16.000Z", "public_metrics": {"retweet_count": 11, "reply_count": 43, "like_count": 275, "quote_count": 0, "bookmark_count": 3, "impression_count": 11711}, "conversation_id": "1932398404719853689"}, {"text": "iOS users in 26 #iOS26 https://t.co/S5oCZGgXgb", "id": "1932207476125962513", "edit_history_tweet_ids": ["1932207476125962513"], "created_at": "2025-06-09T22:45:35.000Z", "public_metrics": {"retweet_count": 113, "reply_count": 52, "like_count": 1397, "quote_count": 32, "bookmark_count": 72, "impression_count": 327048}, "conversation_id": "1932207476125962513"}, {"text": "Quick Look api for iOS is soo nice, need an alternative for Android pronto", "id": "1932157085170680191", "edit_history_tweet_ids": ["1932157085170680191"], "created_at": "2025-06-09T19:25:21.000Z", "public_metrics": {"retweet_count": 0, "reply_count": 3, "like_count": 30, "quote_count": 0, "bookmark_count": 1, "impression_count": 2450}, "conversation_id": "1932157085170680191"}, {"text": "PLS some CONTRAST ty #WWDC25 https://t.co/KT7Gzsoida", "id": "1932127783116849387", "edit_history_tweet_ids": ["1932127783116849387"], "created_at": "2025-06-09T17:28:55.000Z", "public_metrics": {"retweet_count": 0, "reply_count": 4, "like_count": 16, "quote_count": 1, "bookmark_count": 0, "impression_count": 2471}, "conversation_id": "1932127783116849387"}, {"text": "JK, we all love glassmorphism.", "id": "1932125436550778909", "edit_history_tweet_ids": ["1932125436550778909"], "created_at": "2025-06-09T17:19:35.000Z", "public_metrics": {"retweet_count": 0, "reply_count": 2, "like_count": 132, "quote_count": 0, "bookmark_count": 1, "impression_count": 11125}, "conversation_id": "1932124387802857833"}, {"text": "Beautiful new chapter for Apple Design https://t.co/7ZtCshnYHd", "id": "1932124387802857833", "edit_history_tweet_ids": ["1932124387802857833"], "created_at": "2025-06-09T17:15:25.000Z", "public_metrics": {"retweet_count": 1728, "reply_count": 72, "like_count": 26700, "quote_count": 99, "bookmark_count": 699, "impression_count": 478936}, "conversation_id": "1932124387802857833"}], "meta": {"result_count": 47, "newest_id": "1995992893354303827", "oldest_id": "1932124387802857833", "next_token": "7140dibdnow9c7btw4e0wooeoafq90bi0cezf3z30r60j"}}