{"data": [{"text": "There is no company on Earth like xAI.\n\nApply. https://t.co/TZmwMjzg5N", "id": "1987697801049084225", "created_at": "2025-11-10T01:44:20.000Z", "edit_history_tweet_ids": ["1987697801049084225"], "public_metrics": {"retweet_count": 3, "reply_count": 1, "like_count": 11, "quote_count": 0, "bookmark_count": 2, "impression_count": 4578}, "conversation_id": "1987697801049084225"}, {"text": "https://t.co/mBQeeBawsT", "id": "1984008870914879783", "created_at": "2025-10-30T21:25:50.000Z", "edit_history_tweet_ids": ["1984008870914879783"], "public_metrics": {"retweet_count": 1, "reply_count": 3, "like_count": 10, "quote_count": 0, "bookmark_count": 1, "impression_count": 4450}, "conversation_id": "1984008870914879783"}, {"text": "https://t.co/zcEwhQz87e", "id": "1972784924374774125", "created_at": "2025-09-29T22:05:53.000Z", "edit_history_tweet_ids": ["1972784924374774125"], "public_metrics": {"retweet_count": 3, "reply_count": 3, "like_count": 15, "quote_count": 3, "bookmark_count": 3, "impression_count": 8040}, "article": {"title": "\u201cIf You Want Peace, You Must Prepare for War\u201d"}, "conversation_id": "1972784924374774125"}, {"text": "This January, @Tesla missed EPS and shares rose 4%. This May, @Apple beat EPS and shares fell 4%.   \n\nThe price of an equity is shaped by infinite indeterminate factors.  \n\nTo earn, you shouldn't need to outguess every variable.\n\n Polymarkets. https://t.co/TJe7WvQLnX", "id": "1967637858660823342", "created_at": "2025-09-15T17:13:17.000Z", "edit_history_tweet_ids": ["1967637858660823342"], "public_metrics": {"retweet_count": 7, "reply_count": 13, "like_count": 78, "quote_count": 0, "bookmark_count": 5, "impression_count": 18638}, "conversation_id": "1967637858660823342"}, {"text": "The center of gravity for information has shifted.\n\n@Polymarket. https://t.co/OUhmxV9Tjp", "id": "1966566017393451051", "created_at": "2025-09-12T18:14:10.000Z", "edit_history_tweet_ids": ["1966566017393451051"], "public_metrics": {"retweet_count": 24, "reply_count": 11, "like_count": 274, "quote_count": 3, "bookmark_count": 31, "impression_count": 43437}, "conversation_id": "1966566017393451051"}, {"text": "https://t.co/mYXdR4qXul", "id": "1966220771501527203", "created_at": "2025-09-11T19:22:17.000Z", "edit_history_tweet_ids": ["1966220771501527203"], "public_metrics": {"retweet_count": 36, "reply_count": 26, "like_count": 240, "quote_count": 6, "bookmark_count": 276, "impression_count": 58070}, "article": {"title": "Do Prediction Markets Predict?"}, "conversation_id": "1966220771501527203"}, {"text": "Prediction markets are the intersection of public and private markets.\n\nIn three years, no crossover fund will deserve the name without exposure to them.", "id": "1963474396531527790", "created_at": "2025-09-04T05:29:10.000Z", "edit_history_tweet_ids": ["1963474396531527790"], "public_metrics": {"retweet_count": 2, "reply_count": 4, "like_count": 45, "quote_count": 0, "bookmark_count": 6, "impression_count": 3539}, "conversation_id": "1963474396531527790"}, {"text": "First day back at Harvard. Asked 12 people if they sports bet. All shook their heads; one laughed at me. \n\nI asked if they\u2019d used @Polymarket. 11 nodded vigorously and launched into spiels of their own: \u201cSabrina Carpenter\u2019s album is definitely reaching #1 by EOY\u201d; \u201cdon\u2019t bet", "id": "1962934890464219293", "created_at": "2025-09-02T17:45:22.000Z", "edit_history_tweet_ids": ["1962934887775617502", "1962934890464219293"], "public_metrics": {"retweet_count": 18, "reply_count": 35, "like_count": 429, "quote_count": 10, "bookmark_count": 153, "impression_count": 87242}, "conversation_id": "1962934890464219293"}, {"text": "Prediction markets = finance distilled to its very fundamentals. A simple percentage representation of what the world is thinking or feeling at any given time.\n\nIt may seem ironic that the next big financial primitive is a return to its most \u2018crude\u2019 form, but it\u2019s precisely what https://t.co/KsCPcWrbTE", "id": "1962105026052006032", "created_at": "2025-08-31T10:47:47.000Z", "edit_history_tweet_ids": ["1962105026052006032"], "public_metrics": {"retweet_count": 16, "reply_count": 15, "like_count": 132, "quote_count": 7, "bookmark_count": 87, "impression_count": 39632}, "conversation_id": "1962105026052006032"}, {"text": "https://t.co/0e6j4D3BxC", "id": "1962104868635615529", "created_at": "2025-08-31T10:47:09.000Z", "edit_history_tweet_ids": ["1962104868635615529"], "public_metrics": {"retweet_count": 29, "reply_count": 25, "like_count": 189, "quote_count": 20, "bookmark_count": 163, "impression_count": 75360}, "article": {"title": "Everyone Wants to Trade Everything"}, "conversation_id": "1962104868635615529"}], "meta": {"result_count": 10, "newest_id": "1987697801049084225", "oldest_id": "1962104868635615529"}}