{"data": [{"created_at": "2025-11-27T03:59:59.000Z", "conversation_id": "1993892533605179794", "public_metrics": {"retweet_count": 0, "reply_count": 0, "like_count": 3, "quote_count": 0, "bookmark_count": 0, "impression_count": 187}, "text": "\u2066\u2066@TheFFBallers\u2069 #triplegobble https://t.co/h1ltrZr30X", "id": "1993892533605179794", "edit_history_tweet_ids": ["1993892533605179794"]}, {"created_at": "2025-02-10T00:46:57.000Z", "conversation_id": "1888751474991325487", "public_metrics": {"retweet_count": 0, "reply_count": 0, "like_count": 0, "quote_count": 0, "bookmark_count": 0, "impression_count": 171}, "text": "COOOOOOOOOOOP \ud83e\udd85", "id": "1888751474991325487", "edit_history_tweet_ids": ["1888751474991325487"]}, {"created_at": "2024-12-12T05:24:28.000Z", "conversation_id": "1867078043015188937", "public_metrics": {"retweet_count": 0, "reply_count": 0, "like_count": 1, "quote_count": 0, "bookmark_count": 0, "impression_count": 158}, "text": "https://t.co/4ffqYPIZ7J", "id": "1867078043015188937", "edit_history_tweet_ids": ["1867078043015188937"]}, {"created_at": "2024-10-31T04:02:05.000Z", "conversation_id": "1851836679184859207", "public_metrics": {"retweet_count": 0, "reply_count": 1, "like_count": 2, "quote_count": 0, "bookmark_count": 0, "impression_count": 47}, "text": "https://t.co/XbkwC0X7CF", "id": "1851837021221790105", "edit_history_tweet_ids": ["1851837021221790105"]}, {"created_at": "2024-10-31T04:00:44.000Z", "conversation_id": "1851836679184859207", "public_metrics": {"retweet_count": 0, "reply_count": 1, "like_count": 0, "quote_count": 0, "bookmark_count": 0, "impression_count": 63}, "text": "https://t.co/aHeKZF10SR I", "id": "1851836679184859207", "edit_history_tweet_ids": ["1851836679184859207"]}, {"created_at": "2021-10-27T23:08:04.000Z", "conversation_id": "1453498762182098945", "public_metrics": {"retweet_count": 0, "reply_count": 0, "like_count": 1, "quote_count": 0, "bookmark_count": 0, "impression_count": 0}, "text": "Venmo: GrantMatheson https://t.co/8iARwByVIf", "id": "1453498762182098945", "edit_history_tweet_ids": ["1453498762182098945"]}, {"created_at": "2021-10-18T01:44:43.000Z", "conversation_id": "1449914304774295560", "public_metrics": {"retweet_count": 0, "reply_count": 0, "like_count": 2, "quote_count": 0, "bookmark_count": 0, "impression_count": 0}, "text": "Pretty sure at this point I\u2019m only watching this game to see how Luth the Muth gets\u2026 #luthenmuth @andyholloway", "id": "1449914304774295560", "edit_history_tweet_ids": ["1449914304774295560"]}, {"created_at": "2021-09-10T01:38:06.000Z", "conversation_id": "1436141901317480450", "public_metrics": {"retweet_count": 0, "reply_count": 0, "like_count": 0, "quote_count": 0, "bookmark_count": 0, "impression_count": 0}, "text": "Bruce Arians about 6 shades redder after that drop by Jones.. @FFHitman @jasonffl @andyholloway", "id": "1436141901317480450", "edit_history_tweet_ids": ["1436141901317480450"]}, {"created_at": "2021-02-13T20:14:54.000Z", "conversation_id": "1360683890461954048", "public_metrics": {"retweet_count": 0, "reply_count": 0, "like_count": 0, "quote_count": 0, "bookmark_count": 0, "impression_count": 0}, "text": "Take a shot every time the phrase \u201cdue process\u201d is used. #ImpeachmentTrial", "id": "1360683890461954048", "edit_history_tweet_ids": ["1360683890461954048"]}, {"created_at": "2021-02-13T20:11:43.000Z", "conversation_id": "1360683088884371457", "public_metrics": {"retweet_count": 0, "reply_count": 0, "like_count": 1, "quote_count": 0, "bookmark_count": 0, "impression_count": 0}, "text": "Am I the only person that thinks the Bible has been quoted WAY too many times in this trial?", "id": "1360683088884371457", "edit_history_tweet_ids": ["1360683088884371457"]}, {"created_at": "2020-11-22T22:12:11.000Z", "conversation_id": "1330635212389113859", "public_metrics": {"retweet_count": 0, "reply_count": 0, "like_count": 0, "quote_count": 0, "bookmark_count": 0, "impression_count": 0}, "text": "Me https://t.co/6Gy9N4pq9f", "id": "1330635212389113859", "edit_history_tweet_ids": ["1330635212389113859"]}, {"created_at": "2020-11-05T23:49:29.000Z", "conversation_id": "1324499106362920960", "public_metrics": {"retweet_count": 0, "reply_count": 0, "like_count": 0, "quote_count": 0, "bookmark_count": 0, "impression_count": 0}, "text": "This is a complete misuse of the White House Briefing room...", "id": "1324499106362920960", "edit_history_tweet_ids": ["1324499106362920960"]}, {"created_at": "2020-09-29T01:08:29.000Z", "conversation_id": "1310748247934214144", "public_metrics": {"retweet_count": 0, "reply_count": 0, "like_count": 2, "quote_count": 0, "bookmark_count": 0, "impression_count": 0}, "text": "Is it astounding to anyone else that a candidate for president can just blatantly lie in an advertisement without repercussion? Trumps ads could be really compelling if you knew nothing and didn\u2019t fact check them..", "id": "1310748247934214144", "edit_history_tweet_ids": ["1310748247934214144"]}, {"created_at": "2020-08-11T21:41:03.000Z", "conversation_id": "1293301426311933953", "public_metrics": {"retweet_count": 0, "reply_count": 0, "like_count": 0, "quote_count": 0, "bookmark_count": 0, "impression_count": 0}, "text": "Vice President Kamala Harris has a nice ring to it, let\u2019s make it happen https://t.co/y3dFwa5kmA", "id": "1293301426311933953", "edit_history_tweet_ids": ["1293301426311933953"]}, {"created_at": "2020-07-13T19:56:41.000Z", "conversation_id": "1282765917324111872", "public_metrics": {"retweet_count": 0, "reply_count": 0, "like_count": 0, "quote_count": 0, "bookmark_count": 0, "impression_count": 0}, "text": "Wow this video did NOT age well.. https://t.co/4qxTGYWvyG", "id": "1282765917324111872", "edit_history_tweet_ids": ["1282765917324111872"]}, {"created_at": "2020-07-05T08:26:43.000Z", "conversation_id": "1279690624489287680", "public_metrics": {"retweet_count": 0, "reply_count": 0, "like_count": 0, "quote_count": 0, "bookmark_count": 0, "impression_count": 0}, "text": "much** might have had a few pints of Sam Adams..", "id": "1279693176660348929", "edit_history_tweet_ids": ["1279693176660348929"]}, {"created_at": "2020-07-05T08:16:35.000Z", "conversation_id": "1279690624489287680", "public_metrics": {"retweet_count": 0, "reply_count": 1, "like_count": 1, "quote_count": 0, "bookmark_count": 0, "impression_count": 0}, "text": "#hamifilm is so incredible, especially @leslieodomjr and @DaveedDiggs!! You all killed it thanks so muhh Co for sharing your talent.", "id": "1279690624489287680", "edit_history_tweet_ids": ["1279690624489287680"]}, {"created_at": "2020-06-11T03:59:56.000Z", "conversation_id": "1270928729531793408", "public_metrics": {"retweet_count": 0, "reply_count": 0, "like_count": 0, "quote_count": 0, "bookmark_count": 0, "impression_count": 0}, "text": "#NewProfilePic https://t.co/YS090Lbiw4", "id": "1270928729531793408", "edit_history_tweet_ids": ["1270928729531793408"]}, {"created_at": "2020-06-07T22:49:23.000Z", "conversation_id": "1269763415410487297", "public_metrics": {"retweet_count": 0, "reply_count": 0, "like_count": 0, "quote_count": 0, "bookmark_count": 0, "impression_count": 0}, "text": "A good start. https://t.co/cOqXwL57vU", "id": "1269763415410487297", "edit_history_tweet_ids": ["1269763415410487297"]}, {"created_at": "2020-06-02T20:16:09.000Z", "conversation_id": "1267912911571218432", "public_metrics": {"retweet_count": 0, "reply_count": 0, "like_count": 0, "quote_count": 0, "bookmark_count": 0, "impression_count": 0}, "text": "I know I have like 7 followers, but please watch this...      Monday, June 1, 2020 https://t.co/uxCXfPdL9T via @vicetv", "id": "1267912911571218432", "edit_history_tweet_ids": ["1267912911571218432"]}, {"created_at": "2020-06-02T14:22:51.000Z", "conversation_id": "1267823999989366785", "public_metrics": {"retweet_count": 0, "reply_count": 0, "like_count": 2, "quote_count": 0, "bookmark_count": 0, "impression_count": 0}, "text": "B L A C K L I V E S M A T T E R https://t.co/9mxEIqEIRb", "id": "1267823999989366785", "edit_history_tweet_ids": ["1267823999989366785"]}, {"created_at": "2019-06-23T01:16:07.000Z", "conversation_id": "1142602198552985600", "public_metrics": {"retweet_count": 0, "reply_count": 0, "like_count": 0, "quote_count": 0, "bookmark_count": 0, "impression_count": 0}, "text": "Madeon | San Francisco: Register for the Presale &amp; WIN FREE tickets, Meet Madeon, Access to Private Soundcheck + more!: https://t.co/JEIPBrBcaN", "id": "1142602198552985600", "edit_history_tweet_ids": ["1142602198552985600"]}, {"created_at": "2019-03-11T23:17:34.000Z", "conversation_id": "1105246416274829312", "public_metrics": {"retweet_count": 0, "reply_count": 0, "like_count": 1, "quote_count": 0, "bookmark_count": 0, "impression_count": 0}, "text": "\u201cIf there is anything that I have learned through this whole experience, it\u2019s that if you film anybody long enough they\u2019re going to do something stupid. It\u2019s only human natural!\u201d - Kevin", "id": "1105246416274829312", "edit_history_tweet_ids": ["1105246416274829312"]}, {"created_at": "2018-07-19T18:28:47.000Z", "conversation_id": "1020012590024425472", "public_metrics": {"retweet_count": 0, "reply_count": 0, "like_count": 0, "quote_count": 0, "bookmark_count": 0, "impression_count": 0}, "text": "Bart and I are huge fans! Hope to party later with @getFANDOM tonight! #FANDOMlive https://t.co/Q5H03fNGpM", "id": "1020012590024425472", "edit_history_tweet_ids": ["1020012590024425472"]}, {"created_at": "2017-04-19T02:38:00.000Z", "conversation_id": "854524454323355648", "public_metrics": {"retweet_count": 0, "reply_count": 0, "like_count": 1, "quote_count": 0, "bookmark_count": 0, "impression_count": 0}, "text": "I will always remember @coachella as the festival that stole my heart and my phone...", "id": "854524454323355648", "edit_history_tweet_ids": ["854524454323355648"]}, {"created_at": "2016-08-15T03:04:32.000Z", "conversation_id": "765021328147558400", "public_metrics": {"retweet_count": 0, "reply_count": 0, "like_count": 4, "quote_count": 0, "bookmark_count": 0, "impression_count": 0}, "text": "\"Oh Russia, what a team you could be with a little more ball handling\" - Olympic Vollyball commentator", "id": "765021328147558400", "edit_history_tweet_ids": ["765021328147558400"]}, {"created_at": "2016-02-01T20:20:22.000Z", "conversation_id": "694253983280463872", "public_metrics": {"retweet_count": 0, "reply_count": 0, "like_count": 0, "quote_count": 0, "bookmark_count": 0, "impression_count": 0}, "text": "Of course my bike tire is popped #mathesonkindofday", "id": "694253983280463872", "edit_history_tweet_ids": ["694253983280463872"]}, {"created_at": "2014-06-16T03:02:50.000Z", "conversation_id": "478372096817381377", "public_metrics": {"retweet_count": 0, "reply_count": 0, "like_count": 1, "quote_count": 0, "bookmark_count": 0, "impression_count": 0}, "text": "Watching a documentary about tiny houses, they're so adorable! \ud83c\udfe0", "id": "478372096817381377", "edit_history_tweet_ids": ["478372096817381377"]}, {"created_at": "2014-03-20T21:49:10.000Z", "conversation_id": "446765415834738688", "public_metrics": {"retweet_count": 1, "reply_count": 0, "like_count": 2, "quote_count": 0, "bookmark_count": 0, "impression_count": 0}, "text": "Roarin' 20's? More like the Snorin' 20's... #documentariessuck", "id": "446765415834738688", "edit_history_tweet_ids": ["446765415834738688"]}, {"created_at": "2014-03-16T18:45:00.000Z", "conversation_id": "445269518672072704", "public_metrics": {"retweet_count": 0, "reply_count": 0, "like_count": 1, "quote_count": 0, "bookmark_count": 0, "impression_count": 0}, "text": "Church is long...", "id": "445269518672072704", "edit_history_tweet_ids": ["445269518672072704"]}], "meta": {"result_count": 30, "newest_id": "1993892533605179794", "oldest_id": "445269518672072704"}}