{"data": [{"created_at": "2025-12-04T18:11:35.000Z", "public_metrics": {"retweet_count": 0, "reply_count": 0, "like_count": 3, "quote_count": 0, "bookmark_count": 0, "impression_count": 230}, "conversation_id": "1996643561857757676", "id": "1996643561857757676", "text": "Come join xAI London, we got surprisingly good coffee\n\nhttps://t.co/r1iz8eRLuk", "edit_history_tweet_ids": ["1996643561857757676"]}, {"created_at": "2025-06-25T13:34:00.000Z", "public_metrics": {"retweet_count": 2, "reply_count": 6, "like_count": 15, "quote_count": 1, "bookmark_count": 2, "impression_count": 2999}, "conversation_id": "1937866872420196518", "id": "1937866872420196518", "text": "Building Dev tools is fun", "edit_history_tweet_ids": ["1937866872420196518"]}, {"created_at": "2025-06-10T10:49:46.000Z", "public_metrics": {"retweet_count": 0, "reply_count": 0, "like_count": 5, "quote_count": 0, "bookmark_count": 0, "impression_count": 617}, "conversation_id": "1932389724158611877", "id": "1932389724158611877", "text": "Nice prank apple. Now can we get the real version?", "edit_history_tweet_ids": ["1932389724158611877"]}, {"created_at": "2025-05-13T14:29:18.000Z", "public_metrics": {"retweet_count": 0, "reply_count": 1, "like_count": 0, "quote_count": 0, "bookmark_count": 2, "impression_count": 772}, "conversation_id": "1922298107632476536", "id": "1922298107632476536", "text": "Guess @diabrowser prefers me staying over with Arc \ud83e\udd72 https://t.co/u5pq2dTR8c", "edit_history_tweet_ids": ["1922298107632476536"]}, {"created_at": "2024-09-08T15:43:03.000Z", "public_metrics": {"retweet_count": 0, "reply_count": 1, "like_count": 1, "quote_count": 0, "bookmark_count": 0, "impression_count": 1035}, "conversation_id": "1832806867296190556", "id": "1832806867296190556", "text": "Of course @DrizzleORM loses their domain just as I'm trying to check the docs \ud83e\udd72", "edit_history_tweet_ids": ["1832806867296190556"]}, {"created_at": "2024-09-05T18:59:33.000Z", "public_metrics": {"retweet_count": 0, "reply_count": 0, "like_count": 0, "quote_count": 0, "bookmark_count": 0, "impression_count": 475}, "conversation_id": "1831769152542876065", "id": "1831769152542876065", "text": "Interesting, seems like the new @nextjs default page overrides the default `background` and `foreground` variables breaking Inputs, Dialogs and many other components. \n\nWill try to get a repro going later @shadcn https://t.co/eH6X3UxXoJ", "edit_history_tweet_ids": ["1831769152542876065"]}, {"created_at": "2024-09-05T18:35:18.000Z", "public_metrics": {"retweet_count": 0, "reply_count": 0, "like_count": 0, "quote_count": 0, "bookmark_count": 0, "impression_count": 236}, "conversation_id": "1831763049600184416", "id": "1831763049600184416", "text": "rings seem to be broken in fresh @shadcn installations?", "edit_history_tweet_ids": ["1831763049600184416"]}, {"created_at": "2024-08-16T00:09:43.000Z", "public_metrics": {"retweet_count": 0, "reply_count": 1, "like_count": 0, "quote_count": 0, "bookmark_count": 0, "impression_count": 132}, "conversation_id": "1824237063362974197", "id": "1824237063362974197", "text": "How do I make friends that want to discuss UIs on their free time? I can offer espressos as a bribe", "edit_history_tweet_ids": ["1824237063362974197"]}, {"created_at": "2024-08-06T19:38:33.000Z", "public_metrics": {"retweet_count": 0, "reply_count": 0, "like_count": 2, "quote_count": 0, "bookmark_count": 0, "impression_count": 104}, "conversation_id": "1820907334203523120", "id": "1820907334203523120", "text": "Simple custom Devtools are so nice to have! https://t.co/kVqT4OJV5f", "edit_history_tweet_ids": ["1820907334203523120"]}, {"created_at": "2022-05-10T15:55:53.000Z", "public_metrics": {"retweet_count": 0, "reply_count": 0, "like_count": 0, "quote_count": 0, "bookmark_count": 0, "impression_count": 0}, "conversation_id": "1524055635091992576", "id": "1524055635091992576", "text": "Day 21 of my #DailyUI challenge, trying to bring a cozier home controlling experience to y'all\n\nhttps://t.co/CKUhsOBOzi https://t.co/knA8owmPxk", "edit_history_tweet_ids": ["1524055635091992576"]}, {"created_at": "2022-05-08T15:49:32.000Z", "public_metrics": {"retweet_count": 0, "reply_count": 0, "like_count": 1, "quote_count": 0, "bookmark_count": 0, "impression_count": 0}, "conversation_id": "1523329259825156097", "id": "1523329259825156097", "text": "Day 20 of my #DailyUI challenge is all about bringing some steeze to #FBI's daily stalking experience :D\nhttps://t.co/cBW2OOWkBR https://t.co/Dh0pYkMRA5", "edit_history_tweet_ids": ["1523329259825156097"]}, {"created_at": "2022-05-08T01:06:13.000Z", "public_metrics": {"retweet_count": 0, "reply_count": 0, "like_count": 0, "quote_count": 0, "bookmark_count": 0, "impression_count": 0}, "conversation_id": "1523106966884691969", "id": "1523106966884691969", "text": "Day 19 of my #dailyui challenge\n\nhttps://t.co/ehnyoAYfUd https://t.co/mTjgDRnj1U", "edit_history_tweet_ids": ["1523106966884691969"]}, {"created_at": "2022-05-07T00:21:16.000Z", "public_metrics": {"retweet_count": 0, "reply_count": 0, "like_count": 0, "quote_count": 0, "bookmark_count": 0, "impression_count": 0}, "conversation_id": "1522733267023183873", "id": "1522733267023183873", "text": "Day 17 of my own #dailyui challenge (still some days late to recoup though).\n\nhttps://t.co/btgYpFRIFI https://t.co/GD3pjNTpnF", "edit_history_tweet_ids": ["1522733267023183873"]}, {"created_at": "2021-12-01T16:48:46.000Z", "public_metrics": {"retweet_count": 0, "reply_count": 0, "like_count": 0, "quote_count": 0, "bookmark_count": 0, "impression_count": 0}, "conversation_id": "1466086884875161613", "id": "1466086884875161613", "text": "Thanks for the emotions @porterrobinson. Can\u2019t wait to see you live :) https://t.co/018b7K8h84", "edit_history_tweet_ids": ["1466086884875161613"]}, {"created_at": "2021-10-04T19:01:03.000Z", "public_metrics": {"retweet_count": 0, "reply_count": 0, "like_count": 1, "quote_count": 0, "bookmark_count": 0, "impression_count": 0}, "conversation_id": "1445101678383058950", "id": "1445101678383058950", "text": "Seems like an age ago when I first installed this for the first time. Looking forward to playing with v5 as soon as it finishes installing.\n\nCongratulations and kudos to all of the @MaterialUI team and contributors, you guys are the GOATs. https://t.co/veMorBe5Zr", "edit_history_tweet_ids": ["1445101678383058950"]}, {"created_at": "2021-01-07T11:07:05.000Z", "public_metrics": {"retweet_count": 0, "reply_count": 0, "like_count": 0, "quote_count": 0, "bookmark_count": 0, "impression_count": 0}, "conversation_id": "1347137676768665601", "id": "1347137676768665601", "text": "So many people are pissed at tech influencers who tweet about their usual topics during these dark days.\nBut holy crap do I long for that kinda stuff to make this a little less bleak and to snap me out of the #DoomScrolling", "edit_history_tweet_ids": ["1347137676768665601"]}, {"created_at": "2021-01-02T08:27:10.000Z", "public_metrics": {"retweet_count": 0, "reply_count": 1, "like_count": 0, "quote_count": 0, "bookmark_count": 0, "impression_count": 0}, "conversation_id": "1345285495123832832", "id": "1345285495123832832", "text": "Hey @github! Since I'm gonna be laptopless for some time due to mine being stolen do you think I can actually make do with codespaces on my iPad?", "edit_history_tweet_ids": ["1345285495123832832"]}, {"created_at": "2020-12-08T19:25:14.000Z", "public_metrics": {"retweet_count": 0, "reply_count": 0, "like_count": 0, "quote_count": 0, "bookmark_count": 0, "impression_count": 0}, "conversation_id": "1336391405325848576", "id": "1336391405325848576", "text": "This has to be one of the best website redesigns recent times. Whoever's behind this needs all of the kudos in the world. https://t.co/Se9c9jtacz", "edit_history_tweet_ids": ["1336391405325848576"]}, {"created_at": "2020-12-08T17:38:15.000Z", "public_metrics": {"retweet_count": 0, "reply_count": 0, "like_count": 1, "quote_count": 0, "bookmark_count": 0, "impression_count": 0}, "conversation_id": "1336364480213753860", "id": "1336364480213753860", "text": "Attending #githubuniverse2020 in the Covid Age be like: https://t.co/7crCuNBdQl", "edit_history_tweet_ids": ["1336364480213753860"]}, {"created_at": "2020-11-13T00:34:54.000Z", "public_metrics": {"retweet_count": 0, "reply_count": 0, "like_count": 0, "quote_count": 0, "bookmark_count": 0, "impression_count": 0}, "conversation_id": "1327047250787389446", "id": "1327047250787389446", "text": "Getting all of my backpack stolen with most of my equipment in it today just made me realize how fragile a #developer's work life can actually be, with all of the related consequences for the rest of his/her life.", "edit_history_tweet_ids": ["1327047250787389446"]}, {"created_at": "2020-10-21T09:27:02.000Z", "public_metrics": {"retweet_count": 0, "reply_count": 0, "like_count": 1, "quote_count": 0, "bookmark_count": 0, "impression_count": 0}, "conversation_id": "1318846245000065024", "id": "1318846245000065024", "text": "GitHub Universe 2020: 54 sessions across 3 days, customizable tracks, all virtual. December 8-10. https://t.co/EDmd0yMHzE", "edit_history_tweet_ids": ["1318846245000065024"]}, {"created_at": "2020-10-09T22:05:57.000Z", "public_metrics": {"retweet_count": 0, "reply_count": 0, "like_count": 1, "quote_count": 0, "bookmark_count": 0, "impression_count": 0}, "conversation_id": "1314688579164164096", "id": "1314688579164164096", "text": "#developers, in your opinion who has the nicest landing page in the #opensource #library field? I personally really love @vercel's Next and @framer-motion's but I'd like to see some other examples", "edit_history_tweet_ids": ["1314688579164164096"]}, {"created_at": "2020-07-17T08:56:07.000Z", "public_metrics": {"retweet_count": 0, "reply_count": 1, "like_count": 1, "quote_count": 0, "bookmark_count": 0, "impression_count": 0}, "conversation_id": "1284049231523741696", "id": "1284049231523741696", "text": "Great to get 20\u20ac taken away just for the privilege of trying to call @airarabiagroup to get my voucher reimbursement to then get no actual answer at all.\nYou guys are reprehensible", "edit_history_tweet_ids": ["1284049231523741696"]}, {"created_at": "2020-06-28T09:17:33.000Z", "public_metrics": {"retweet_count": 0, "reply_count": 0, "like_count": 0, "quote_count": 0, "bookmark_count": 0, "impression_count": 0}, "conversation_id": "1277169252592766976", "id": "1277169252592766976", "text": "Now I'm very confused.\n#GooglePhotos #slack https://t.co/CMzhxZg5A3", "edit_history_tweet_ids": ["1277169252592766976"]}, {"created_at": "2020-06-24T12:58:02.000Z", "public_metrics": {"retweet_count": 0, "reply_count": 0, "like_count": 1, "quote_count": 0, "bookmark_count": 0, "impression_count": 0}, "conversation_id": "1275775189427593217", "id": "1275775189427593217", "text": "Summer is here.\nTime to forgo mi 16\" #macbookpro.\nAlso, I need some burn heals", "edit_history_tweet_ids": ["1275775189427593217"]}, {"created_at": "2020-06-19T18:00:45.000Z", "public_metrics": {"retweet_count": 0, "reply_count": 0, "like_count": 0, "quote_count": 0, "bookmark_count": 0, "impression_count": 0}, "conversation_id": "1274039431088033800", "id": "1274039431088033800", "text": "It's time to cut my #phoneusage", "edit_history_tweet_ids": ["1274039431088033800"]}, {"created_at": "2020-06-18T07:36:25.000Z", "public_metrics": {"retweet_count": 0, "reply_count": 0, "like_count": 0, "quote_count": 0, "bookmark_count": 0, "impression_count": 0}, "conversation_id": "1273519673804492800", "id": "1273519924942712833", "text": "@github's new design is such a beautiful thing \ud83e\udd29\nThanks @broccolini and everyone else who worked on it!!!", "edit_history_tweet_ids": ["1273519924942712833"]}, {"created_at": "2020-06-18T07:35:25.000Z", "public_metrics": {"retweet_count": 0, "reply_count": 1, "like_count": 0, "quote_count": 0, "bookmark_count": 0, "impression_count": 0}, "conversation_id": "1273519673804492800", "id": "1273519673804492800", "text": "OMG YES! https://t.co/o4X215A33S", "edit_history_tweet_ids": ["1273519673804492800"]}, {"created_at": "2020-06-15T19:28:01.000Z", "public_metrics": {"retweet_count": 0, "reply_count": 0, "like_count": 0, "quote_count": 0, "bookmark_count": 0, "impression_count": 0}, "conversation_id": "1272611840531595270", "id": "1272611840531595270", "text": "Piggybacking you on this effort. If you need some help with bootrapping your developer career my DMs are open https://t.co/PzLmrwN31m", "edit_history_tweet_ids": ["1272611840531595270"]}, {"created_at": "2020-06-14T22:02:59.000Z", "public_metrics": {"retweet_count": 1, "reply_count": 2, "like_count": 18, "quote_count": 0, "bookmark_count": 0, "impression_count": 0}, "conversation_id": "1272288451459678208", "id": "1272288451459678208", "text": "So I just realized that @telegram's giant heart animated emoji vibrates with every heartbeat which could be the best use of mobile engineering time I've seen across the last 5 years. https://t.co/rjanNA9uRo", "edit_history_tweet_ids": ["1272288451459678208"]}, {"created_at": "2020-06-13T16:22:42.000Z", "public_metrics": {"retweet_count": 0, "reply_count": 0, "like_count": 0, "quote_count": 0, "bookmark_count": 0, "impression_count": 0}, "conversation_id": "1271840430443937792", "id": "1271840430443937792", "text": "Hey @cgpgrey! Where is the family genetics video!", "edit_history_tweet_ids": ["1271840430443937792"]}, {"created_at": "2020-06-12T07:25:32.000Z", "public_metrics": {"retweet_count": 0, "reply_count": 0, "like_count": 0, "quote_count": 0, "bookmark_count": 0, "impression_count": 0}, "conversation_id": "1271342856893075457", "id": "1271342856893075457", "text": "Scroll is a concept that's still so weird to me in 2020", "edit_history_tweet_ids": ["1271342856893075457"]}, {"created_at": "2020-06-05T10:48:49.000Z", "public_metrics": {"retweet_count": 0, "reply_count": 0, "like_count": 0, "quote_count": 0, "bookmark_count": 0, "impression_count": 0}, "conversation_id": "1268857301231960064", "id": "1268857301231960064", "text": "Jesus Christ https://t.co/BCQLh2dtSm", "edit_history_tweet_ids": ["1268857301231960064"]}, {"created_at": "2020-06-03T15:11:49.000Z", "public_metrics": {"retweet_count": 0, "reply_count": 0, "like_count": 1, "quote_count": 0, "bookmark_count": 0, "impression_count": 0}, "conversation_id": "1268198711588519937", "id": "1268198711588519937", "text": "So proud to be a part of this incredible community. Got the idea after seeing @reactjs's take on their docs and was delighted to see @mxstbr already kicking off the work on the website.\nKeep on fighting, however you can \u270a\ud83c\udfff\n\n#BlackLivesMattter https://t.co/zDVXU6TJJB", "edit_history_tweet_ids": ["1268198711588519937"]}, {"created_at": "2020-06-03T07:06:04.000Z", "public_metrics": {"retweet_count": 0, "reply_count": 0, "like_count": 0, "quote_count": 0, "bookmark_count": 0, "impression_count": 0}, "conversation_id": "1268076470519451648", "id": "1268076470519451648", "text": "This deeply confuses me. I'm in the process of sharpening a pitchfork while snickering profusely https://t.co/PT2QO1bMrJ", "edit_history_tweet_ids": ["1268076470519451648"]}, {"created_at": "2020-06-03T07:02:17.000Z", "public_metrics": {"retweet_count": 0, "reply_count": 0, "like_count": 0, "quote_count": 0, "bookmark_count": 0, "impression_count": 0}, "conversation_id": "1268075517636423683", "id": "1268075517636423683", "text": "Well... https://t.co/bKACoFJg9t", "edit_history_tweet_ids": ["1268075517636423683"]}, {"created_at": "2020-06-02T11:56:06.000Z", "public_metrics": {"retweet_count": 0, "reply_count": 0, "like_count": 0, "quote_count": 0, "bookmark_count": 0, "impression_count": 0}, "conversation_id": "1267787069218316289", "id": "1267787069218316289", "text": "Jesus would be proud @POTUS...\nWhat a joke https://t.co/ovu1fST8bY", "edit_history_tweet_ids": ["1267787069218316289"]}, {"created_at": "2020-06-01T23:51:25.000Z", "public_metrics": {"retweet_count": 0, "reply_count": 0, "like_count": 0, "quote_count": 0, "bookmark_count": 0, "impression_count": 0}, "conversation_id": "1267604699286515713", "id": "1267604699286515713", "text": "Is there any browser extension that tries to embed #FactCheck banners onto social media posts? That would definitely not be the end-all solution to the spread of false information on SM but I wonder whether it could provide a case study for the actual corps.", "edit_history_tweet_ids": ["1267604699286515713"]}, {"created_at": "2020-06-01T17:13:25.000Z", "public_metrics": {"retweet_count": 0, "reply_count": 0, "like_count": 0, "quote_count": 0, "bookmark_count": 0, "impression_count": 0}, "conversation_id": "1267504536744271874", "id": "1267504536744271874", "text": "Is this a coup? https://t.co/sLgoOvQsXZ", "edit_history_tweet_ids": ["1267504536744271874"]}, {"created_at": "2020-06-01T11:20:33.000Z", "public_metrics": {"retweet_count": 0, "reply_count": 0, "like_count": 0, "quote_count": 0, "bookmark_count": 0, "impression_count": 0}, "conversation_id": "1267415737641119752", "id": "1267415737641119752", "text": "\"you won't get pepper sprayed if you're not doing anything wrong\"\n\n#protests2020 https://t.co/uLz3w4j7Vc", "edit_history_tweet_ids": ["1267415737641119752"]}, {"created_at": "2020-06-01T01:08:45.000Z", "public_metrics": {"retweet_count": 0, "reply_count": 0, "like_count": 0, "quote_count": 0, "bookmark_count": 0, "impression_count": 0}, "conversation_id": "1267261770126831617", "id": "1267261770126831617", "text": "I just can't...\nUninstalling Twitter and formatting my phone to prevent me from scrolling here and on Reddit until tomorrow morning or something.\n\nI just hope things are going to get better at some point... https://t.co/FGuetnQpqh", "edit_history_tweet_ids": ["1267261770126831617"]}, {"created_at": "2020-06-01T00:34:27.000Z", "public_metrics": {"retweet_count": 0, "reply_count": 0, "like_count": 0, "quote_count": 0, "bookmark_count": 0, "impression_count": 0}, "conversation_id": "1267253139385847809", "id": "1267253139385847809", "text": "WHAT THE FUCK IS FUCKING GOING ON FOR FUCK'S SAKE https://t.co/wbflMGxJRd", "edit_history_tweet_ids": ["1267253139385847809"]}, {"created_at": "2020-06-01T00:32:55.000Z", "public_metrics": {"retweet_count": 0, "reply_count": 0, "like_count": 0, "quote_count": 0, "bookmark_count": 0, "impression_count": 0}, "conversation_id": "1267252754101211137", "id": "1267252754101211137", "text": "I really really need to get some sleep...", "edit_history_tweet_ids": ["1267252754101211137"]}, {"created_at": "2020-06-01T00:32:49.000Z", "public_metrics": {"retweet_count": 0, "reply_count": 0, "like_count": 0, "quote_count": 0, "bookmark_count": 0, "impression_count": 0}, "conversation_id": "1267252727849025536", "id": "1267252727849025536", "text": "It's quite absurd.\nLast month I was looking at footage from #HongKongProtests while asking myself how that could be deemed as \"acceptable\"\nGuess the #protests2020 proved that it wasn't a China issue... \nPeople are being stomped guys. By the very people that had to protect them...", "edit_history_tweet_ids": ["1267252727849025536"]}, {"created_at": "2020-05-29T11:44:06.000Z", "public_metrics": {"retweet_count": 0, "reply_count": 0, "like_count": 0, "quote_count": 0, "bookmark_count": 0, "impression_count": 0}, "conversation_id": "1266334499010482178", "id": "1266334499010482178", "text": "Any good tools to play around with the #typography of your #website/#webapp to optimize its look and feel while maintaining consistency across the board?", "edit_history_tweet_ids": ["1266334499010482178"]}, {"created_at": "2020-05-28T07:22:12.000Z", "public_metrics": {"retweet_count": 0, "reply_count": 0, "like_count": 0, "quote_count": 0, "bookmark_count": 0, "impression_count": 0}, "conversation_id": "1265906202850013189", "id": "1265906202850013189", "text": "Can #JustShapesAndBeats X @BeatSaber be a thing please?", "edit_history_tweet_ids": ["1265906202850013189"]}, {"created_at": "2020-05-10T02:00:42.000Z", "public_metrics": {"retweet_count": 0, "reply_count": 0, "like_count": 0, "quote_count": 0, "bookmark_count": 0, "impression_count": 0}, "conversation_id": "1259302311840624642", "id": "1259302311840624642", "text": "Honestly. All of what's currently happening is just so gosh darn confusing...", "edit_history_tweet_ids": ["1259302311840624642"]}, {"created_at": "2020-05-10T01:50:28.000Z", "public_metrics": {"retweet_count": 1, "reply_count": 1, "like_count": 1, "quote_count": 0, "bookmark_count": 0, "impression_count": 0}, "conversation_id": "1259299736642822145", "id": "1259299736642822145", "text": "Damn. Building and certifiying skills that don't involve #STEM is so complicated...", "edit_history_tweet_ids": ["1259299736642822145"]}, {"created_at": "2020-05-09T22:47:48.000Z", "public_metrics": {"retweet_count": 0, "reply_count": 0, "like_count": 0, "quote_count": 0, "bookmark_count": 0, "impression_count": 0}, "conversation_id": "1259253767414910976", "id": "1259253767414910976", "text": "Time to graduate to the hard club! #fitbeat on @BeatSaber https://t.co/HBpHSj5IdN", "edit_history_tweet_ids": ["1259253767414910976"]}, {"created_at": "2020-05-06T20:10:03.000Z", "public_metrics": {"retweet_count": 1, "reply_count": 0, "like_count": 3, "quote_count": 0, "bookmark_count": 0, "impression_count": 0}, "conversation_id": "1258126903740960768", "id": "1258126903740960768", "text": "Seriously, what's going on at @github??? You've deployed more features and products in the last 6 months than during the last 6 years!\n\nThanks, I don't hate it.", "edit_history_tweet_ids": ["1258126903740960768"]}], "meta": {"next_token": "7140dibdnow9c7btw3t3c4g9yvsnxjsy58su4polt9id4", "result_count": 50, "newest_id": "1996643561857757676", "oldest_id": "1258126903740960768"}}