{"data": [{"edit_history_tweet_ids": ["805935872038359040"], "text": "Listen%20to%20this%20recording%20of%20All%20I%20Want%20For%20Christmas%20Is%20You via @starmaker", "public_metrics": {"retweet_count": 0, "reply_count": 1, "like_count": 2, "quote_count": 0, "bookmark_count": 0, "impression_count": 0}, "conversation_id": "805935872038359040", "created_at": "2016-12-06T00:44:20.000Z", "id": "805935872038359040"}], "meta": {"result_count": 1, "newest_id": "805935872038359040", "oldest_id": "805935872038359040"}}