{"data": [{"conversation_id": "1996971110454210935", "edit_history_tweet_ids": ["1996971110454210935"], "text": "Keepin\u2019 it cookin\u2019! Takes more than a few GPUs. Lots of people, lots of power, lots of materials, lots of coordination. \n\nWe just don\u2019t do things the way people *usually* do it - We do it our way!\n\n@xai / @xAIMemphis making it all happen. The future unfolds! https://t.co/eHQMbN6J0D", "created_at": "2025-12-05T15:53:09.000Z", "public_metrics": {"retweet_count": 9, "reply_count": 3, "like_count": 112, "quote_count": 0, "bookmark_count": 3, "impression_count": 7175}, "id": "1996971110454210935"}, {"conversation_id": "1995017790755922338", "edit_history_tweet_ids": ["1995017790755922338"], "text": "Macroharder! https://t.co/JNQRqHgQt8", "created_at": "2025-11-30T06:31:21.000Z", "public_metrics": {"retweet_count": 26, "reply_count": 20, "like_count": 566, "quote_count": 2, "bookmark_count": 13, "impression_count": 25577}, "id": "1995017790755922338"}, {"conversation_id": "1993848747714125967", "edit_history_tweet_ids": ["1993848747714125967"], "text": "Thank you Memphis! https://t.co/8Sao2v9BL2", "created_at": "2025-11-27T01:06:00.000Z", "public_metrics": {"retweet_count": 9, "reply_count": 2, "like_count": 229, "quote_count": 0, "bookmark_count": 3, "impression_count": 10126}, "id": "1993848747714125967"}, {"conversation_id": "1992974620647944459", "edit_history_tweet_ids": ["1992974620647944459"], "text": "Come join the @xai team! \ud83d\ude80 No place in the world with more motivation and drive to GSD on agentic AI. @xAIMemphis is continously building more compute at record-breaking speeds in to support Grok and Macrohard. Hiring across the board: https://t.co/GGjWTHkjL5 https://t.co/SDhBtpxEjJ", "created_at": "2025-11-24T15:12:31.000Z", "public_metrics": {"retweet_count": 531, "reply_count": 280, "like_count": 2674, "quote_count": 17, "bookmark_count": 138, "impression_count": 1170676}, "id": "1992974620647944459"}, {"conversation_id": "1992237141255139694", "edit_history_tweet_ids": ["1992237141255139694"], "text": "Get your xAI merch on for the holidays! https://t.co/jJRSveEx4f", "created_at": "2025-11-22T14:22:03.000Z", "public_metrics": {"retweet_count": 5, "reply_count": 4, "like_count": 85, "quote_count": 0, "bookmark_count": 2, "impression_count": 7350}, "id": "1992237141255139694"}, {"conversation_id": "1989381593987694846", "edit_history_tweet_ids": ["1989381593987694846"], "text": "Hiring for kick-ass Storage SREs - If you've got what it takes - make sure to apply, reach out, etc. You can't be afraid of low-level hardware or Linux and should have an innate interest in solving problems and go deep. This position is at our @xAIMemphis facilities primarily,", "created_at": "2025-11-14T17:15:07.000Z", "public_metrics": {"retweet_count": 504, "reply_count": 169, "like_count": 2155, "quote_count": 14, "bookmark_count": 139, "impression_count": 958763}, "id": "1989381593987694846"}, {"conversation_id": "1986985000370159803", "edit_history_tweet_ids": ["1986985000370159803"], "text": "That\u2019s our expertise! LFG!!! https://t.co/CvVmIIdxzi", "created_at": "2025-11-08T02:31:55.000Z", "public_metrics": {"retweet_count": 31, "reply_count": 29, "like_count": 1257, "quote_count": 1, "bookmark_count": 23, "impression_count": 176409}, "id": "1986985000370159803"}, {"conversation_id": "1984097659796492553", "edit_history_tweet_ids": ["1984097659796492553"], "text": "He\u2019s got a point https://t.co/MGeowYCL1s", "created_at": "2025-10-31T03:18:39.000Z", "public_metrics": {"retweet_count": 1, "reply_count": 1, "like_count": 33, "quote_count": 0, "bookmark_count": 3, "impression_count": 3289}, "id": "1984097659796492553"}, {"conversation_id": "1981437456835891365", "edit_history_tweet_ids": ["1981437456835891365"], "text": "Indeed https://t.co/0UGpsl2qjY", "created_at": "2025-10-23T19:07:57.000Z", "public_metrics": {"retweet_count": 18, "reply_count": 11, "like_count": 448, "quote_count": 4, "bookmark_count": 11, "impression_count": 73601}, "id": "1981437456835891365"}, {"conversation_id": "1977198279378321713", "edit_history_tweet_ids": ["1977198279378321713"], "text": "Agree w Mr. Stanley here. It\u2019s just plain fun to use, and it\u2019s not hard either. Just show it to fam and friends. Adds a layer of imagination to any thought or picture https://t.co/zj8wEIpIJx", "created_at": "2025-10-12T02:22:59.000Z", "public_metrics": {"retweet_count": 575, "reply_count": 187, "like_count": 2271, "quote_count": 8, "bookmark_count": 61, "impression_count": 1929820}, "id": "1977198279378321713"}, {"conversation_id": "1976296125083632057", "edit_history_tweet_ids": ["1976296125083632057"], "text": "In it to win it! Few hundred k done, just a couple of million to go! https://t.co/rv3FU7k7jE", "created_at": "2025-10-09T14:38:08.000Z", "public_metrics": {"retweet_count": 21, "reply_count": 12, "like_count": 302, "quote_count": 0, "bookmark_count": 14, "impression_count": 18754}, "id": "1976296125083632057"}, {"conversation_id": "1975684934745432560", "edit_history_tweet_ids": ["1975684934745432560"], "text": "This is nice! Testament to the hard work of @nikitabier and the entire team that's working tirelessly to make a difference. \ud83d\udd25 https://t.co/TYpF2cpDS8", "created_at": "2025-10-07T22:09:29.000Z", "public_metrics": {"retweet_count": 6, "reply_count": 7, "like_count": 155, "quote_count": 0, "bookmark_count": 2, "impression_count": 11309}, "id": "1975684934745432560"}, {"conversation_id": "1971579467383570539", "edit_history_tweet_ids": ["1971579467383570539"], "text": "\ud83d\ude80\ud83d\ude80\ud83d\ude80 https://t.co/oDpwOGmeBJ", "created_at": "2025-09-26T14:15:49.000Z", "public_metrics": {"retweet_count": 16, "reply_count": 8, "like_count": 479, "quote_count": 1, "bookmark_count": 12, "impression_count": 126562}, "id": "1971579467383570539"}, {"conversation_id": "1970506010893918657", "edit_history_tweet_ids": ["1970506010893918657"], "text": "We also need hardware / infra folks to build and run the systems that all this software is running on. If that's in your wheelhouse - get an application in! https://t.co/sRz0QXMFc7", "created_at": "2025-09-23T15:10:17.000Z", "public_metrics": {"retweet_count": 30, "reply_count": 16, "like_count": 401, "quote_count": 0, "bookmark_count": 20, "impression_count": 14572}, "id": "1970506010893918657"}, {"conversation_id": "1970505408554115456", "edit_history_tweet_ids": ["1970505408554115456"], "text": "Those numbers kinda do speak for themselves... https://t.co/bXBOPir1rd", "created_at": "2025-09-23T15:07:54.000Z", "public_metrics": {"retweet_count": 2, "reply_count": 2, "like_count": 19, "quote_count": 1, "bookmark_count": 0, "impression_count": 1956}, "id": "1970505408554115456"}, {"conversation_id": "1970487753839120549", "edit_history_tweet_ids": ["1970487753839120549"], "text": "LFG!! https://t.co/ALnQZAIXlz", "created_at": "2025-09-23T13:57:45.000Z", "public_metrics": {"retweet_count": 24, "reply_count": 11, "like_count": 574, "quote_count": 0, "bookmark_count": 10, "impression_count": 140753}, "id": "1970487753839120549"}, {"conversation_id": "1969184446453592519", "edit_history_tweet_ids": ["1969184446453592519"], "text": "Go use it! Whatcha waiting for? New model from @xai! https://t.co/RYVMKCLVOa", "created_at": "2025-09-19T23:38:52.000Z", "public_metrics": {"retweet_count": 1, "reply_count": 9, "like_count": 48, "quote_count": 0, "bookmark_count": 1, "impression_count": 2168}, "id": "1969184446453592519"}, {"conversation_id": "1967749382163349844", "edit_history_tweet_ids": ["1967749382163349844"], "text": "It's quite amazing what industry has accomplished in the last 10 years on the compute frontier... Went from datacenters of a few megawatts, to gigawatts today. GPUs were starting to get a bit better, CPUs had 4 - 16 cores. Today, we're at what 192-ish cores on the high end.\n\nWhat", "created_at": "2025-09-16T00:36:26.000Z", "public_metrics": {"retweet_count": 9, "reply_count": 9, "like_count": 117, "quote_count": 1, "bookmark_count": 7, "impression_count": 5927}, "id": "1967749382163349844"}, {"conversation_id": "1966905628305354934", "edit_history_tweet_ids": ["1966905628305354934"], "text": "Optimizing server infrastructure to fit the requirements of applications, network, power, cooling, available rack space and current core / storage density is incredibly important for the @xai infra. \n\nIf you\u2019re into this stuff - send me a DM and tell me why we should chat. https://t.co/2uEDX513Za", "created_at": "2025-09-13T16:43:39.000Z", "public_metrics": {"retweet_count": 21, "reply_count": 18, "like_count": 254, "quote_count": 4, "bookmark_count": 17, "impression_count": 15588}, "id": "1966905628305354934"}, {"conversation_id": "1966678077779464302", "edit_history_tweet_ids": ["1966678077779464302"], "text": "Go go go! https://t.co/tnzGHE9Ncy", "created_at": "2025-09-13T01:39:27.000Z", "public_metrics": {"retweet_count": 8, "reply_count": 6, "like_count": 169, "quote_count": 1, "bookmark_count": 3, "impression_count": 6395}, "id": "1966678077779464302"}, {"conversation_id": "1966497616994140327", "edit_history_tweet_ids": ["1966497616994140327"], "text": "Had the great pleasure of chatting with the excellent  @_CodeCrew people at @xAIMemphis yesterday.\n\nThis team and recent grads from the program helps bringing coding and engineering to underrepresented groups locally. Truly inspiring to answer questions from this crew! https://t.co/PZObNuYaMJ", "created_at": "2025-09-12T13:42:22.000Z", "public_metrics": {"retweet_count": 9, "reply_count": 5, "like_count": 130, "quote_count": 0, "bookmark_count": 9, "impression_count": 6707}, "id": "1966497616994140327"}, {"conversation_id": "1965483719004946910", "edit_history_tweet_ids": ["1965483719004946910"], "text": "Lots brewing at @xAIMemphis - @elonmusk stopped by for a visit at our Colossus 2 DC. @xai - It\u2019s happening! https://t.co/XoQz3gPQAX", "created_at": "2025-09-09T18:33:30.000Z", "public_metrics": {"retweet_count": 47, "reply_count": 48, "like_count": 813, "quote_count": 4, "bookmark_count": 29, "impression_count": 28926}, "id": "1965483719004946910"}, {"conversation_id": "1964193685672694024", "edit_history_tweet_ids": ["1964193685672694024"], "text": "When you can\u2019t sleep - you can always count servers instead of sheep\u2026\n\nTry Grok Imagine, by @xai \n\nAlso our real datacenters are way cooler than this one\u2026 Check out https://t.co/GGjWTHkjL5 if you want to count servers with us! https://t.co/0JbECZaOEk", "created_at": "2025-09-06T05:07:22.000Z", "public_metrics": {"retweet_count": 18, "reply_count": 17, "like_count": 138, "quote_count": 2, "bookmark_count": 8, "impression_count": 13935}, "id": "1964193685672694024"}, {"conversation_id": "1964074139020316771", "edit_history_tweet_ids": ["1964074139020316771"], "text": "This is pretty cool, of course doesn't just work on research papers, but also on presentations, and anything in PDF format. \ud83d\udd25 https://t.co/6JPlpvdOuG", "created_at": "2025-09-05T21:12:20.000Z", "public_metrics": {"retweet_count": 6, "reply_count": 4, "like_count": 58, "quote_count": 0, "bookmark_count": 2, "impression_count": 2554}, "id": "1964074139020316771"}, {"conversation_id": "1963847614039835059", "edit_history_tweet_ids": ["1963847614039835059"], "text": "Seattle, here we come! https://t.co/vYEs5iWCHO", "created_at": "2025-09-05T06:12:12.000Z", "public_metrics": {"retweet_count": 9, "reply_count": 9, "like_count": 160, "quote_count": 0, "bookmark_count": 8, "impression_count": 35847}, "id": "1963847614039835059"}, {"conversation_id": "1963617403998265634", "edit_history_tweet_ids": ["1963617403998265634"], "text": "Datacenter GPUs - They are like pets\u2026\n\nWe feed them to keep them from starving, give them water to keep them cool, give them constant care and attention to keep them healthy, take them to the doctor when they get sick\u2026\n\nGrok Imagines! https://t.co/gjaoR0ztz7", "created_at": "2025-09-04T14:57:26.000Z", "public_metrics": {"retweet_count": 31, "reply_count": 20, "like_count": 170, "quote_count": 2, "bookmark_count": 10, "impression_count": 18775}, "id": "1963617403998265634"}, {"conversation_id": "1963597461978595615", "edit_history_tweet_ids": ["1963597461978595615"], "text": "Let the numbers speak for themselves! https://t.co/ZNWgtS1xda", "created_at": "2025-09-04T13:38:11.000Z", "public_metrics": {"retweet_count": 537, "reply_count": 186, "like_count": 2911, "quote_count": 13, "bookmark_count": 121, "impression_count": 1648088}, "id": "1963597461978595615"}, {"conversation_id": "1962210412822167984", "edit_history_tweet_ids": ["1962210412822167984"], "text": "Something like GrokShop-mode! I\u2019d love it.\n\n\u201cFind the best priced GPU for my gaming rig for under $1000 bucks and ship it to me as fast as possible.\u201d\n\nOr\u2026 \u201cFind the best priced and optimal seating for a concert for bands that I like based on my playlist in areas I\u2019ll be visiting https://t.co/SR6aigmQ4y", "created_at": "2025-08-31T17:46:33.000Z", "public_metrics": {"retweet_count": 9, "reply_count": 6, "like_count": 78, "quote_count": 0, "bookmark_count": 5, "impression_count": 3971}, "id": "1962210412822167984"}, {"conversation_id": "1962207869928890634", "edit_history_tweet_ids": ["1962207869928890634"], "text": "That\u2019s what we\u2019ve been saying this entire time\u2026 Thanks @BrentM_SpaceX for everything you do for @xAIMemphis and the whole team! Rock. Star. \u2b50\ufe0f https://t.co/NS1XWkfizx", "created_at": "2025-08-31T17:36:26.000Z", "public_metrics": {"retweet_count": 4, "reply_count": 2, "like_count": 117, "quote_count": 0, "bookmark_count": 4, "impression_count": 4455}, "id": "1962207869928890634"}, {"conversation_id": "1961835131112399137", "edit_history_tweet_ids": ["1961835131112399137"], "text": "I\u2019ll state it, just for posterity - NO - I cannot help unblock or monetize your @X account. \ud83e\udd28", "created_at": "2025-08-30T16:55:19.000Z", "public_metrics": {"retweet_count": 1, "reply_count": 4, "like_count": 46, "quote_count": 1, "bookmark_count": 0, "impression_count": 2339}, "id": "1961835131112399137"}, {"conversation_id": "1961830441448571072", "edit_history_tweet_ids": ["1961830441448571072"], "text": "Incredibly inspiring to work with the teams at @xai / @xAIMemphis that have enabled our models to get to this point!\n\nWe\u2019re hiring across the board - https://t.co/iWluU1hKjr. If you\u2019re a hardware infra wizard you should definitely apply, but also ping me in DMs. https://t.co/G1893X0FmS", "created_at": "2025-08-30T16:36:40.000Z", "public_metrics": {"retweet_count": 25, "reply_count": 14, "like_count": 237, "quote_count": 1, "bookmark_count": 19, "impression_count": 19421}, "id": "1961830441448571072"}, {"conversation_id": "1960487094637486119", "edit_history_tweet_ids": ["1960487094637486119"], "text": "Thanks @MichaelDell / @DellTech for making it available expeditiously https://t.co/k6pyMadfRZ", "created_at": "2025-08-26T23:38:42.000Z", "public_metrics": {"retweet_count": 5, "reply_count": 2, "like_count": 113, "quote_count": 0, "bookmark_count": 1, "impression_count": 4576}, "id": "1960487094637486119"}, {"conversation_id": "1959441322311352678", "edit_history_tweet_ids": ["1959441322311352678"], "text": "Grok-2 open sourced! https://t.co/glRaQVsCk0", "created_at": "2025-08-24T02:23:10.000Z", "public_metrics": {"retweet_count": 11, "reply_count": 6, "like_count": 153, "quote_count": 1, "bookmark_count": 3, "impression_count": 12127}, "id": "1959441322311352678"}, {"conversation_id": "1959284545745744270", "edit_history_tweet_ids": ["1959284545745744270"], "text": "Older post but for those that are wondering about what @xai will be up to over the next few years, let\u2019s just say that we\u2019ll be busy\u2026 https://t.co/rWkhaz57u5", "created_at": "2025-08-23T16:00:12.000Z", "public_metrics": {"retweet_count": 108, "reply_count": 124, "like_count": 1873, "quote_count": 20, "bookmark_count": 175, "impression_count": 11297061}, "id": "1959284545745744270"}, {"conversation_id": "1958699835978362936", "edit_history_tweet_ids": ["1958699835978362936"], "text": "Looking for some storage people... SRE / SWE to help keep our storage systems online, well monitored, and our vendors in check. If this sounds like you - pick one of the links and apply! Guaranteed there's no place like @xai if you're into fast-paced environment and mission", "created_at": "2025-08-22T01:16:46.000Z", "public_metrics": {"retweet_count": 17, "reply_count": 6, "like_count": 137, "quote_count": 1, "bookmark_count": 9, "impression_count": 12724}, "id": "1958699835978362936"}, {"conversation_id": "1958691123896910008", "edit_history_tweet_ids": ["1958691123896910008"], "text": "Thanks @MichaelDell for coming to visit Colossus 2 today - Appreciate your engagement and the whole @Dell team. https://t.co/qGnsI83WAT", "created_at": "2025-08-22T00:42:09.000Z", "public_metrics": {"retweet_count": 28, "reply_count": 13, "like_count": 469, "quote_count": 1, "bookmark_count": 14, "impression_count": 18235}, "id": "1958691123896910008"}, {"conversation_id": "1948752396403822622", "edit_history_tweet_ids": ["1948752396403822622"], "text": "Join the best team @xai is hiring! Here\u2019s yet another few roles. If you\u2019re into AI safety and would like to help push Grok on the frontier - This is for you. https://t.co/rBNDPqdfks", "created_at": "2025-07-25T14:29:12.000Z", "public_metrics": {"retweet_count": 78, "reply_count": 13, "like_count": 363, "quote_count": 1, "bookmark_count": 20, "impression_count": 24510}, "id": "1948752396403822622"}, {"conversation_id": "1947719339240501515", "edit_history_tweet_ids": ["1947719339240501515"], "text": "Just a cable or two... \ud83e\udd2a https://t.co/VA0OiABlXS", "created_at": "2025-07-22T18:04:12.000Z", "public_metrics": {"retweet_count": 15, "reply_count": 21, "like_count": 457, "quote_count": 0, "bookmark_count": 7, "impression_count": 46074}, "id": "1947719339240501515"}, {"conversation_id": "1947711315184677240", "edit_history_tweet_ids": ["1947711315184677240"], "text": "We're just getting started... https://t.co/rWkhaz57u5", "created_at": "2025-07-22T17:32:18.000Z", "public_metrics": {"retweet_count": 50, "reply_count": 36, "like_count": 1133, "quote_count": 3, "bookmark_count": 26, "impression_count": 97009}, "id": "1947711315184677240"}, {"conversation_id": "1946584552253591599", "edit_history_tweet_ids": ["1946584552253591599"], "text": "This is the secret sauce that everyone is asking about, when they ask -- how did y'all do that? Without people  with conviction and passion, it'd be extremely hard.\n\nThis whole @xai and @xAIMemphis team is all \ud83d\udd25and get-\ud83d\udca9-done attitude! https://t.co/3nXYIem0zS", "created_at": "2025-07-19T14:54:57.000Z", "public_metrics": {"retweet_count": 7, "reply_count": 1, "like_count": 147, "quote_count": 0, "bookmark_count": 5, "impression_count": 6866}, "id": "1946584552253591599"}, {"conversation_id": "1945868425022075222", "edit_history_tweet_ids": ["1945868425022075222"], "text": "That's right! We take errmm... less than clean water, clean it, then use it to keep Grok cool-headed! Not a new concept by the way - but a great way for datacenters needing water to not use precious natural resources. https://t.co/YHBE9SOgvD", "created_at": "2025-07-17T15:29:19.000Z", "public_metrics": {"retweet_count": 52, "reply_count": 26, "like_count": 873, "quote_count": 3, "bookmark_count": 43, "impression_count": 123469}, "id": "1945868425022075222"}, {"conversation_id": "1945141629628920269", "edit_history_tweet_ids": ["1945141379597775257", "1945141629628920269"], "text": "This team is fire! @dbatura is awesome to work with. If you have financial inclings, this is one to apply for! Help drive @xai and @x into the future with \ud835\udd4f Money! https://t.co/j8mrACV3rX", "created_at": "2025-07-15T15:21:18.000Z", "public_metrics": {"retweet_count": 1, "reply_count": 1, "like_count": 26, "quote_count": 0, "bookmark_count": 1, "impression_count": 2839}, "id": "1945141629628920269"}, {"conversation_id": "1944799451127648680", "edit_history_tweet_ids": ["1944799451127648680"], "text": "Neat! https://t.co/qgptatMV7A", "created_at": "2025-07-14T16:41:36.000Z", "public_metrics": {"retweet_count": 0, "reply_count": 0, "like_count": 26, "quote_count": 0, "bookmark_count": 1, "impression_count": 2051}, "id": "1944799451127648680"}, {"conversation_id": "1944521074135474371", "edit_history_tweet_ids": ["1944521074135474371"], "text": "Never a dull moment here! https://t.co/fchlMdRg0n", "created_at": "2025-07-13T22:15:26.000Z", "public_metrics": {"retweet_count": 13, "reply_count": 6, "like_count": 189, "quote_count": 0, "bookmark_count": 3, "impression_count": 30591}, "id": "1944521074135474371"}, {"conversation_id": "1944468045134712915", "edit_history_tweet_ids": ["1944468045134712915"], "text": "100% - Across the board! https://t.co/w9CSPYN66u", "created_at": "2025-07-13T18:44:43.000Z", "public_metrics": {"retweet_count": 5, "reply_count": 1, "like_count": 85, "quote_count": 0, "bookmark_count": 2, "impression_count": 30358}, "id": "1944468045134712915"}, {"conversation_id": "1943692438083674189", "edit_history_tweet_ids": ["1943692438083674189"], "text": "Our @xai Memphis team never ceases to amaze. Holy crap - setting records and establishing new baselines every day. LFG!!!", "created_at": "2025-07-11T15:22:43.000Z", "public_metrics": {"retweet_count": 27, "reply_count": 16, "like_count": 563, "quote_count": 2, "bookmark_count": 10, "impression_count": 35186}, "id": "1943692438083674189"}, {"conversation_id": "1943159058028204077", "edit_history_tweet_ids": ["1943159058028204077"], "text": "It's happening...\n\nhttps://t.co/jQNpfYehq3", "created_at": "2025-07-10T04:03:16.000Z", "public_metrics": {"retweet_count": 1, "reply_count": 6, "like_count": 25, "quote_count": 0, "bookmark_count": 2, "impression_count": 1550}, "id": "1943159058028204077"}, {"conversation_id": "1936054884014735912", "edit_history_tweet_ids": ["1936054884014735912"], "text": "It's pretty cool what can be done with a GSD attitude and lots of dedication from all the people involved! Can't happen if you try to do things the same way it's usually done. We had to brake the mold, and make a new one! https://t.co/Yh6oAw6KjI", "created_at": "2025-06-20T13:33:49.000Z", "public_metrics": {"retweet_count": 2, "reply_count": 2, "like_count": 65, "quote_count": 0, "bookmark_count": 0, "impression_count": 3611}, "id": "1936054884014735912"}, {"conversation_id": "1932482750981767405", "edit_history_tweet_ids": ["1932482750981767405"], "text": "Sweet addition to our Grok family! https://t.co/jQCydIQ2Pn", "created_at": "2025-06-10T16:59:26.000Z", "public_metrics": {"retweet_count": 0, "reply_count": 2, "like_count": 35, "quote_count": 0, "bookmark_count": 1, "impression_count": 1999}, "id": "1932482750981767405"}], "meta": {"next_token": "7140dibdnow9c7btw4e0wopbanvfx7jsxlg80zqn1g305", "result_count": 49, "newest_id": "1996971110454210935", "oldest_id": "1932482750981767405"}}