{"data": {"created_at": "2012-03-05T05:58:57.000Z", "location": "Los Gatos, CA", "id": "515145898", "verified": false, "name": "Arno Candel", "profile_image_url": "https://pbs.twimg.com/profile_images/1986945034005221376/B0a7UHMm_normal.jpg", "public_metrics": {"followers_count": 5161, "following_count": 676, "tweet_count": 3498, "listed_count": 358, "like_count": 2687, "media_count": 570}, "description": "Macrohard @xAI\n\nPreviously CTO https://t.co/97EL97U7Zq GenAI/AutoML/DS Kaggle Master\nMaker of H2O-3, H2O Driverless AI, h2oGPTe\nPhD Physics, ETH, SLAC", "username": "ArnoCandel"}}