{"data": {"name": "Jonny Langefeld", "public_metrics": {"followers_count": 1199, "following_count": 1274, "tweet_count": 943, "listed_count": 26, "like_count": 1055, "media_count": 59}, "username": "jonnylangefeld", "verified": false, "description": "@kenzielangefeld \ud83d\udc8d Software Engineer \ud83d\udc68\ud83c\udffc\u200d\ud83d\udcbb @xAI \ud83e\udde0 interested in all things digital", "profile_image_url": "https://pbs.twimg.com/profile_images/1103296396747304960/cXWN3_mz_normal.png", "created_at": "2012-03-11T15:48:46.000Z", "id": "521427555", "location": "San Francisco, CA"}}