{"data": {"profile_image_url": "https://pbs.twimg.com/profile_images/1553103157328318464/yMl-EUCs_normal.jpg", "verified": false, "name": "Haotian Liu", "description": "building intelligence @xAI. @grok omni/imagine/vision. creator of #LLaVA, prev. @MSFTResearch @UWMadison", "id": "2267475408", "username": "imhaotian", "public_metrics": {"followers_count": 11362, "following_count": 521, "tweet_count": 228, "listed_count": 163, "like_count": 152, "media_count": 21}, "location": "Cupertino, CA", "created_at": "2013-12-29T14:33:07.000Z"}}