{"data": [{"description": "I use to believe in Conspiracy Theories, then they all came true.  Now I share Strange things and Prank Calls for good measure. Dial M for Madness.", "id": "539754845", "username": "TEMPLERTV", "created_at": "2012-03-29T07:24:10.000Z", "verified": false, "profile_image_url": "https://pbs.twimg.com/profile_images/1995606606910820352/IhoNbdFW_normal.jpg", "public_metrics": {"followers_count": 14748, "following_count": 511, "tweet_count": 36426, "listed_count": 14, "like_count": 95077, "media_count": 2059}, "name": "TEMPLER"}, {"description": "", "id": "1996030210173796356", "username": "amiiramiraa15", "created_at": "2025-12-03T01:35:31.000Z", "verified": false, "profile_image_url": "https://pbs.twimg.com/profile_images/1996030507285708807/W7k4omNk_normal.png", "public_metrics": {"followers_count": 0, "following_count": 19, "tweet_count": 34, "listed_count": 0, "like_count": 0, "media_count": 0}, "name": "Amira Amira"}, {"description": "", "id": "1691977223518232576", "username": "Pha7308Cue", "created_at": "2023-08-17T00:56:40.000Z", "verified": false, "profile_image_url": "https://pbs.twimg.com/profile_images/1706468599114739712/lPseJQ8g_normal.jpg", "public_metrics": {"followers_count": 403, "following_count": 292, "tweet_count": 27485, "listed_count": 1, "like_count": 15140, "media_count": 1764}, "location": "Rancho Cucamonga, CA", "name": "Pha cue"}, {"description": "You know the business, I know the chemistry.", "id": "1661436022918377478", "username": "K3Kec1", "created_at": "2023-05-24T18:16:43.000Z", "verified": false, "profile_image_url": "https://pbs.twimg.com/profile_images/1915018954025717760/7UXEOd9N_normal.jpg", "public_metrics": {"followers_count": 88, "following_count": 39, "tweet_count": 5736, "listed_count": 1, "like_count": 1375, "media_count": 363}, "name": "Kecho"}, {"description": "Wer zu SICH SELBST FINDEN will, darf ANDERE NICHT nach dem Weg FRAGEN! \n\nLebe \u00fcber 12 Jahre in Thailand! \n\nPARTEILOS, DENN DIE AfD WIRD WOHL AUCH NIE ERWACHSEN!", "id": "1458071600805281801", "username": "Invermectin1", "created_at": "2021-11-09T14:00:23.000Z", "verified": false, "profile_image_url": "https://pbs.twimg.com/profile_images/1827572981586862080/eBXG7Ehr_normal.jpg", "public_metrics": {"followers_count": 23092, "following_count": 17264, "tweet_count": 44345, "listed_count": 0, "like_count": 224251, "media_count": 13456}, "name": "Matze G. FILIUS \ud83c\uddf9\ud83c\udded \ud83c\udde9\ud83c\uddea \ud83e\udd5d"}, {"description": "Markets - Investment - Venture Capital - Banking & Capital Market Systems - Management Consulting - Right of centre", "id": "21658034", "username": "sanvai", "created_at": "2009-02-23T14:58:19.000Z", "verified": false, "profile_image_url": "https://pbs.twimg.com/profile_images/1561206152469577728/LH86pJuK_normal.jpg", "public_metrics": {"followers_count": 4642, "following_count": 495, "tweet_count": 159356, "listed_count": 675, "like_count": 140226, "media_count": 15294}, "location": "India", "name": "SanthanamVaidya"}, {"description": "", "id": "1481037684944613377", "username": "simple_aller", "created_at": "2022-01-11T22:58:13.000Z", "verified": false, "profile_image_url": "https://pbs.twimg.com/profile_images/1481037762124029954/GVxCxr4v_normal.png", "public_metrics": {"followers_count": 889, "following_count": 589, "tweet_count": 46380, "listed_count": 0, "like_count": 115535, "media_count": 199}, "name": "Aller Simple"}, {"description": "If something is wrong, criminal, backwards, immoral, etc - It is likely funded, owned or operated by a jew.", "id": "1482468496491560966", "username": "NTJ_EST", "created_at": "2022-01-15T21:43:43.000Z", "verified": false, "profile_image_url": "https://pbs.twimg.com/profile_images/1984520943050387456/HY4ec3hL_normal.jpg", "public_metrics": {"followers_count": 244, "following_count": 975, "tweet_count": 15143, "listed_count": 2, "like_count": 13298, "media_count": 5900}, "location": "Betwn Appalachian and Rocky", "name": "Appreciate"}, {"description": "\u5168\u7403\u841d\u8389\n\u98ce\u9761\u4e00\u65f6\u7684\u841d\u8389\u5c9b\u5b98\u65b9APP\u6b63\u5f0f\u4e0a\u7ebf\n\u2764\u65e0\u6bdb\u7c89\u8272\u5ae9B\n\u2764\u5168\u7f51\u6700\u7a00\u7f3a\u7247\u6e90\n\u2764\u5168\u7f51\u5c01\u7981\u89c6\u9891\u96c6\u5408\u5730\n\n\u4e0b\u8f7d\u5730\u5740:\ud83d\udc49https://t.co/hWkuWTaqfQ", "id": "1900311379577294848", "username": "MichaelWil95336", "created_at": "2025-03-13T22:22:02.000Z", "verified": false, "profile_image_url": "https://pbs.twimg.com/profile_images/1932140024470106112/lYpoPg2x_normal.jpg", "public_metrics": {"followers_count": 49968, "following_count": 10, "tweet_count": 15198, "listed_count": 105, "like_count": 310, "media_count": 22}, "name": "\u5927\u53d4\u7684\u841d\u8389\u5c9b"}, {"description": "I\u2019m a little bit fancy \ud83c\udf08", "id": "16938336", "username": "jasondesouza", "created_at": "2008-10-23T23:09:39.000Z", "verified": false, "profile_image_url": "https://pbs.twimg.com/profile_images/1183198479864258561/f6sNWFb__normal.jpg", "public_metrics": {"followers_count": 1360, "following_count": 1368, "tweet_count": 20694, "listed_count": 14, "like_count": 1111, "media_count": 1145}, "location": "London, England", "name": "Jason Desouza"}, {"description": "Interests: space, tech, foreign policy, national security, science, puns\nAvoid politics and divisiveness.", "id": "1512587351519862789", "username": "spantoni20", "created_at": "2022-04-09T00:26:07.000Z", "verified": false, "profile_image_url": "https://pbs.twimg.com/profile_images/1953699663493668864/mePPsQo9_normal.jpg", "public_metrics": {"followers_count": 61, "following_count": 1069, "tweet_count": 2313, "listed_count": 0, "like_count": 8614, "media_count": 185}, "name": "Nik"}, {"description": "", "id": "1955767555563679744", "username": "JensenVero64278", "created_at": "2025-08-13T23:08:02.000Z", "verified": false, "profile_image_url": "https://pbs.twimg.com/profile_images/1955768337302216706/43Xkidpe_normal.png", "public_metrics": {"followers_count": 64, "following_count": 50, "tweet_count": 4791, "listed_count": 0, "like_count": 682, "media_count": 263}, "location": "Copenhagen, Denmark", "name": "VeronicaAJ"}, {"description": "TRUTH SEEKER/ Writer Wife Mother and Grandmother Proud American Patriot /Awakening the Great currency reset!! NFA(DYOR) #MAGA @realdonaldtrump \ud83c\uddfa\ud83c\uddf2", "id": "1850408725288308736", "username": "QQQQSSP", "created_at": "2024-10-27T05:27:19.000Z", "verified": false, "profile_image_url": "https://pbs.twimg.com/profile_images/1941600785885773824/eDkOWasv_normal.jpg", "public_metrics": {"followers_count": 2855, "following_count": 2416, "tweet_count": 46341, "listed_count": 4, "like_count": 41009, "media_count": 3215}, "location": "United States", "name": "ONE LOVE VEGAN\ud83d\udc99\ud83d\udc9a\ud83d\udc9b\ud83d\udc9c"}, {"description": "", "id": "1585897323800010753", "username": "710Greece", "created_at": "2022-10-28T07:32:58.000Z", "verified": false, "profile_image_url": "https://pbs.twimg.com/profile_images/1735962372748054528/wT11YfAz_normal.jpg", "public_metrics": {"followers_count": 26, "following_count": 71, "tweet_count": 365, "listed_count": 0, "like_count": 10322, "media_count": 27}, "name": "MMA maniac\ud83c\uddec\ud83c\uddf7"}, {"description": "Prisoner of conscience", "id": "1320049171668340740", "username": "ConsciousObjec2", "created_at": "2020-10-24T17:07:21.000Z", "verified": false, "profile_image_url": "https://pbs.twimg.com/profile_images/1320049578129895426/oolODOf5_normal.jpg", "public_metrics": {"followers_count": 63, "following_count": 108, "tweet_count": 2425, "listed_count": 0, "like_count": 11695, "media_count": 14}, "location": "Trapped in Canada ", "name": "Conscious Objector"}, {"description": "\ud83d\ude14 \ud83d\ude14 \ud83d\ude1f", "id": "1727269598523760641", "username": "KamaSutra129", "created_at": "2023-11-22T10:16:02.000Z", "verified": false, "profile_image_url": "https://pbs.twimg.com/profile_images/1750434569013100544/lYnax6-n_normal.jpg", "public_metrics": {"followers_count": 132, "following_count": 1211, "tweet_count": 19490, "listed_count": 1, "like_count": 38211, "media_count": 2247}, "name": "Art of living \u2728\ufe0f \ud83d\udc95 as well as art \ud83c\udfa8 of \u2764\ufe0f love."}, {"description": "Wading through the obvious bullshit on twitter, one tweet at a time.", "id": "1390603511247867904", "username": "BillOddy3", "created_at": "2021-05-07T09:44:59.000Z", "verified": false, "profile_image_url": "https://pbs.twimg.com/profile_images/1390603646094675969/57923961_normal.jpg", "public_metrics": {"followers_count": 272, "following_count": 382, "tweet_count": 5444, "listed_count": 7, "like_count": 2046, "media_count": 24}, "name": "Bill Oddy"}, {"description": "", "id": "1519515512761425923", "username": "JohnHuppe", "created_at": "2022-04-28T03:15:45.000Z", "verified": false, "profile_image_url": "https://abs.twimg.com/sticky/default_profile_images/default_profile_normal.png", "public_metrics": {"followers_count": 107, "following_count": 18, "tweet_count": 6716, "listed_count": 0, "like_count": 5341, "media_count": 91}, "name": "John Huppe"}, {"description": "Trynabe Indie Game Developer\n'Whence after one hath fucketh around, mayest one findeth out.' Vaporlations 2:28\nEmpathy deficient, unless I know you personally.", "id": "581515982", "username": "StpVapor", "created_at": "2012-05-16T04:32:05.000Z", "verified": false, "profile_image_url": "https://pbs.twimg.com/profile_images/1665433892793327616/8nHLYhB1_normal.jpg", "public_metrics": {"followers_count": 1020, "following_count": 1744, "tweet_count": 25549, "listed_count": 1, "like_count": 59376, "media_count": 3478}, "location": "United States", "name": "Vapor"}, {"description": "Anything done well enough is done fast enough.", "id": "1712693721068601344", "username": "divergente1984", "created_at": "2023-10-13T04:56:41.000Z", "verified": false, "profile_image_url": "https://pbs.twimg.com/profile_images/1926634150880014336/6120nw4m_normal.jpg", "public_metrics": {"followers_count": 131, "following_count": 0, "tweet_count": 6476, "listed_count": 0, "like_count": 17, "media_count": 981}, "name": "Ottaviano"}, {"description": "", "id": "1883272371424923648", "username": "therealdealonX", "created_at": "2025-01-25T21:55:08.000Z", "verified": false, "profile_image_url": "https://pbs.twimg.com/profile_images/1987838855425257472/Lwht3w2r_normal.jpg", "public_metrics": {"followers_count": 2, "following_count": 12, "tweet_count": 103, "listed_count": 0, "like_count": 234, "media_count": 3}, "name": "Bow"}, {"description": "Gen X-er. \nHobbies:  Old movies, evolutionary psychology, womanizing and gardening.", "id": "51748665", "username": "groucho78", "created_at": "2009-06-28T14:59:24.000Z", "verified": false, "profile_image_url": "https://pbs.twimg.com/profile_images/1134053427/grouchosleepcorrectedjpg_normal.jpg", "public_metrics": {"followers_count": 56, "following_count": 322, "tweet_count": 1587, "listed_count": 0, "like_count": 14498, "media_count": 39}, "location": "Bruges,  Belgium", "name": "J.D."}, {"description": "Retired university professor who loves democracy and loathes hypocrisy", "id": "843515247671611397", "username": "jdocdubya", "created_at": "2017-03-19T17:31:21.000Z", "verified": false, "profile_image_url": "https://pbs.twimg.com/profile_images/1480325797726588928/kWnVFrvI_normal.jpg", "public_metrics": {"followers_count": 438, "following_count": 729, "tweet_count": 13377, "listed_count": 3, "like_count": 13337, "media_count": 1500}, "location": "Maryland", "name": "docwilliams \ud83d\udc99"}, {"description": "Entities should not be multiplied unnecessarily...", "id": "118318194", "username": "mtktauseef", "created_at": "2010-02-28T08:25:57.000Z", "verified": false, "profile_image_url": "https://pbs.twimg.com/profile_images/1399615765482033153/oESl68uB_normal.jpg", "public_metrics": {"followers_count": 93, "following_count": 61, "tweet_count": 1825, "listed_count": 4, "like_count": 921, "media_count": 74}, "location": "Ireland", "name": "Tauseef\ud83c\uddee\ud83c\uddf3"}, {"description": "", "id": "1993129820566474752", "username": "dignan72646", "created_at": "2025-11-25T01:29:15.000Z", "verified": false, "profile_image_url": "https://pbs.twimg.com/profile_images/1993129839801602048/w8sIGRH-_normal.jpg", "public_metrics": {"followers_count": 0, "following_count": 0, "tweet_count": 10, "listed_count": 0, "like_count": 0, "media_count": 0}, "name": "Winford Dignan"}, {"description": "", "id": "1725613278515404800", "username": "Jonatanrd97115", "created_at": "2023-11-17T20:34:16.000Z", "verified": false, "profile_image_url": "https://pbs.twimg.com/profile_images/1725613495314784257/c7fKKyq-_normal.jpg", "public_metrics": {"followers_count": 89, "following_count": 89, "tweet_count": 326, "listed_count": 0, "like_count": 260, "media_count": 5}, "name": "Jhonatan"}, {"description": "", "id": "1895549379253071872", "username": "Tripple_JC", "created_at": "2025-02-28T19:04:47.000Z", "verified": false, "profile_image_url": "https://pbs.twimg.com/profile_images/1895550736890810368/wJp__nHu_normal.png", "public_metrics": {"followers_count": 49, "following_count": 10, "tweet_count": 141, "listed_count": 0, "like_count": 2, "media_count": 18}, "name": "TrippleJC"}, {"description": "", "id": "4646868382", "username": "hicrantnrkt", "created_at": "2015-12-29T20:59:51.000Z", "verified": false, "profile_image_url": "https://pbs.twimg.com/profile_images/1995622684403654656/o06MIGV__normal.jpg", "public_metrics": {"followers_count": 1652, "following_count": 363, "tweet_count": 32760, "listed_count": 1, "like_count": 30498, "media_count": 123}, "name": "Hicran"}, {"description": "I use dictation, sometimes AutoCorrect gets the best of me. I\u2019m Muslim, deal with it. website has free Quran #MuslimsMAGA", "id": "1701723298739159040", "username": "ForsyteExchange", "created_at": "2023-09-12T22:24:34.000Z", "verified": false, "profile_image_url": "https://pbs.twimg.com/profile_images/1703910434078879744/priwZIFb_normal.jpg", "public_metrics": {"followers_count": 1100, "following_count": 1102, "tweet_count": 64722, "listed_count": 2, "like_count": 61368, "media_count": 1927}, "location": "Untouchable Elon Caste system ", "name": "Jean Fredricks"}, {"description": "When it moves me... I click.", "id": "309427368", "username": "StevenHoagland", "created_at": "2011-06-02T02:25:44.000Z", "verified": false, "profile_image_url": "https://pbs.twimg.com/profile_images/1378302791/20100208_steven_002a_normal.jpg", "public_metrics": {"followers_count": 1236, "following_count": 371, "tweet_count": 11132, "listed_count": 5, "like_count": 12496, "media_count": 173}, "location": "Smithfield, VA", "name": "Steven Hoagland"}, {"description": "CEO / Founder en EZ Digital Systems\nTe instalo un sistema completo que filtra leads basura, califica autom\u00e1ticamente, punt\u00faa, etiqueta, segmenta y agenda solo", "id": "1976676320269516800", "username": "danclachar", "created_at": "2025-10-10T15:49:06.000Z", "verified": false, "profile_image_url": "https://pbs.twimg.com/profile_images/1991236515251302401/ECOlq7n5_normal.jpg", "public_metrics": {"followers_count": 187, "following_count": 415, "tweet_count": 898, "listed_count": 0, "like_count": 586, "media_count": 43}, "name": "Daniel Clachar"}, {"description": "", "id": "944953760220176385", "username": "jalapeno80", "created_at": "2017-12-24T15:31:47.000Z", "verified": false, "profile_image_url": "https://pbs.twimg.com/profile_images/1504515138090582026/PC_3p6c6_normal.jpg", "public_metrics": {"followers_count": 0, "following_count": 31, "tweet_count": 4708, "listed_count": 3, "like_count": 4321, "media_count": 1130}, "name": "Trombocyt\ud83c\uddf5\ud83c\uddf1"}, {"description": "Align. Bliss. Trade.", "id": "808178170901970944", "username": "slayytradr", "created_at": "2016-12-12T05:14:26.000Z", "verified": false, "profile_image_url": "https://pbs.twimg.com/profile_images/1490531235982200833/J2Zx1HKy_normal.jpg", "public_metrics": {"followers_count": 222, "following_count": 666, "tweet_count": 218, "listed_count": 4, "like_count": 25782, "media_count": 7}, "name": "Slayy Trader"}, {"description": "", "id": "15791060", "username": "anniecalif", "created_at": "2008-08-09T18:18:09.000Z", "verified": false, "profile_image_url": "https://pbs.twimg.com/profile_images/1251294181089132544/ZJX2O35H_normal.jpg", "public_metrics": {"followers_count": 1367, "following_count": 578, "tweet_count": 78278, "listed_count": 16, "like_count": 65659, "media_count": 439}, "name": "DR. Anniecalif-Esq."}, {"description": "Commentary/opinion on the Montecito turds that just won\u2019t flush", "id": "1770617844100698112", "username": "MegsVisionBoard", "created_at": "2024-03-21T01:06:15.000Z", "verified": false, "profile_image_url": "https://pbs.twimg.com/profile_images/1986453923184463872/xztsjNEZ_normal.jpg", "public_metrics": {"followers_count": 212, "following_count": 1184, "tweet_count": 1172, "listed_count": 0, "like_count": 10455, "media_count": 170}, "name": "GrannyMarkle"}, {"description": "7+ year professional experience in Trading \u2026", "id": "1399288152422973441", "username": "Hunterisback14", "created_at": "2021-05-31T08:54:53.000Z", "verified": false, "profile_image_url": "https://pbs.twimg.com/profile_images/1399302781991669760/PAnbyjEQ_normal.jpg", "public_metrics": {"followers_count": 65, "following_count": 433, "tweet_count": 1061, "listed_count": 7, "like_count": 470, "media_count": 69}, "name": "Hunter is back\ud83d\udd36\ud83d\udd38"}, {"description": "", "id": "1876668271107391488", "username": "RoyceTalki85839", "created_at": "2025-01-07T16:34:11.000Z", "verified": false, "profile_image_url": "https://pbs.twimg.com/profile_images/1876668666445754368/kUYbnENe_normal.png", "public_metrics": {"followers_count": 541, "following_count": 48, "tweet_count": 2374, "listed_count": 0, "like_count": 135, "media_count": 14}, "name": "Royce Talkington"}, {"description": "", "id": "1993129664014090240", "username": "AiCastrey42242", "created_at": "2025-11-25T01:28:38.000Z", "verified": false, "profile_image_url": "https://pbs.twimg.com/profile_images/1993129682452332547/9r1aWTS4_normal.jpg", "public_metrics": {"followers_count": 0, "following_count": 1, "tweet_count": 10, "listed_count": 0, "like_count": 0, "media_count": 0}, "name": "Ai Castrey"}, {"description": "", "id": "36776139", "username": "Shelle111", "created_at": "2009-04-30T21:20:23.000Z", "verified": false, "profile_image_url": "https://pbs.twimg.com/profile_images/1899797414438895616/tVHiECgo_normal.jpg", "public_metrics": {"followers_count": 1354, "following_count": 2615, "tweet_count": 120251, "listed_count": 2, "like_count": 202860, "media_count": 3695}, "name": "AMH"}, {"description": "", "id": "1728312496564662273", "username": "dagon_duke", "created_at": "2023-11-25T07:20:07.000Z", "verified": false, "profile_image_url": "https://pbs.twimg.com/profile_images/1902561762710581249/H5Z3qnyL_normal.jpg", "public_metrics": {"followers_count": 4799, "following_count": 499, "tweet_count": 197910, "listed_count": 9, "like_count": 196727, "media_count": 9598}, "name": "Dagon Duke"}, {"description": "", "id": "1992757709788078081", "username": "SarahM33170", "created_at": "2025-11-24T00:54:43.000Z", "verified": false, "profile_image_url": "https://pbs.twimg.com/profile_images/1992758887619928064/V_SQvDBE_normal.jpg", "public_metrics": {"followers_count": 2, "following_count": 1, "tweet_count": 9, "listed_count": 0, "like_count": 5, "media_count": 0}, "name": "Sarah M"}, {"description": "", "id": "247168205", "username": "Sufyan120", "created_at": "2011-02-04T06:48:35.000Z", "verified": false, "profile_image_url": "https://pbs.twimg.com/profile_images/1922132649386086401/DUEhKIew_normal.jpg", "public_metrics": {"followers_count": 32, "following_count": 1145, "tweet_count": 1349, "listed_count": 1, "like_count": 52516, "media_count": 61}, "location": " US", "name": "RR"}, {"description": "", "id": "1960036317246443520", "username": "donna_s56590", "created_at": "2025-08-25T17:47:52.000Z", "verified": false, "profile_image_url": "https://abs.twimg.com/sticky/default_profile_images/default_profile_normal.png", "public_metrics": {"followers_count": 18, "following_count": 38, "tweet_count": 83, "listed_count": 0, "like_count": 4672, "media_count": 0}, "name": "Donna s"}, {"description": "\ud835\udd4f-Rhodes Auto Parts & Performance.\nAutomotive Service Solutions Western Australia.\nWorkshop Equipment & Vehicle Hoist Specialists.\n#HPOS10i till death.", "id": "1358594423236431873", "username": "dustyXrhodes", "created_at": "2021-02-08T01:52:13.000Z", "verified": false, "profile_image_url": "https://pbs.twimg.com/profile_images/1982707249698004992/Egf-PRtJ_normal.jpg", "public_metrics": {"followers_count": 1057, "following_count": 3777, "tweet_count": 22187, "listed_count": 13, "like_count": 52065, "media_count": 4318}, "location": "Australia", "name": "Dusty Rhodes"}, {"description": "Looking forward to an awesome world", "id": "45818415", "username": "sergew1", "created_at": "2009-06-09T11:41:38.000Z", "verified": false, "profile_image_url": "https://pbs.twimg.com/profile_images/1589239718880886786/0uHYAOgN_normal.jpg", "public_metrics": {"followers_count": 4213, "following_count": 318, "tweet_count": 1176, "listed_count": 101, "like_count": 177, "media_count": 29}, "location": "Earth", "name": "Serge Faguet"}, {"description": "", "id": "1995117243265683456", "username": "shanmukhayuga", "created_at": "2025-11-30T13:06:55.000Z", "verified": false, "profile_image_url": "https://pbs.twimg.com/profile_images/1995122570665095168/1XFG336C_normal.jpg", "public_metrics": {"followers_count": 0, "following_count": 0, "tweet_count": 13, "listed_count": 0, "like_count": 0, "media_count": 5}, "name": "shanmukha"}, {"description": "I love America and dogs and horses x", "id": "929587945232769024", "username": "GillMor865", "created_at": "2017-11-12T05:53:31.000Z", "verified": false, "profile_image_url": "https://pbs.twimg.com/profile_images/1445861818547650562/c8jmQaVI_normal.jpg", "public_metrics": {"followers_count": 2236, "following_count": 2379, "tweet_count": 116951, "listed_count": 1, "like_count": 153533, "media_count": 3906}, "location": "Knoxville TN", "name": "Gill Morris"}, {"description": "", "id": "1323984271967768580", "username": "Vrince1023", "created_at": "2020-11-04T13:43:55.000Z", "verified": false, "profile_image_url": "https://pbs.twimg.com/profile_images/1934655739882008576/QsF4zV1r_normal.jpg", "public_metrics": {"followers_count": 62, "following_count": 302, "tweet_count": 235, "listed_count": 0, "like_count": 4214, "media_count": 12}, "location": "Mangrol, Gujrat", "name": "johnny_indian"}, {"description": "\u2764\ufe0f\ud83c\udf0e", "id": "1621106103172976640", "username": "CheyanneFederi2", "created_at": "2023-02-02T11:20:17.000Z", "verified": false, "profile_image_url": "https://pbs.twimg.com/profile_images/1928631551698333696/iHNBg5IV_normal.jpg", "public_metrics": {"followers_count": 49, "following_count": 92, "tweet_count": 93, "listed_count": 0, "like_count": 2073, "media_count": 2}, "name": "Green Bean"}, {"description": "Servos Amplius", "id": "1602735493", "username": "Brownstreak_", "created_at": "2013-07-18T06:20:57.000Z", "verified": false, "profile_image_url": "https://pbs.twimg.com/profile_images/1889947076596998147/fdrMNJkH_normal.jpg", "public_metrics": {"followers_count": 243, "following_count": 319, "tweet_count": 4654, "listed_count": 2, "like_count": 13728, "media_count": 17}, "location": "Earthly Realm", "name": "KJCTMBrownstreak"}, {"description": "The Last Text Messenger and Last voicemail  The Texas Magnet God of All Man of Sin Cash app me $SpadedFirebird", "id": "1589905066697400320", "username": "ReyGonzales1313", "created_at": "2022-11-08T09:01:01.000Z", "verified": false, "profile_image_url": "https://pbs.twimg.com/profile_images/1946817032101449729/2KqzTU5P_normal.jpg", "public_metrics": {"followers_count": 157, "following_count": 228, "tweet_count": 3542, "listed_count": 1, "like_count": 13, "media_count": 1349}, "location": "San Antonio, TX", "name": "Rey Gonzales"}, {"description": "NFT Destruction of Nazi Monument, law entrepreneurship, professor of law", "id": "164659648", "username": "eurolitigation", "created_at": "2010-07-09T12:29:35.000Z", "verified": false, "profile_image_url": "https://pbs.twimg.com/profile_images/1380983379970101249/4tgNNer5_normal.jpg", "public_metrics": {"followers_count": 241, "following_count": 584, "tweet_count": 2119, "listed_count": 4, "like_count": 22574, "media_count": 10}, "location": "Paris", "name": "Stanislovas Tomas, PhD"}, {"description": "\u0f3c\u3064\u0ca0\u76ca\u0ca0\u0f3d\u3064 \u2500=\u2261\u03a3O))\n\nProfessional gamer, CEO of gaming department... also Norse pagan \u26a1", "id": "1530076714898018315", "username": "Drottunn", "created_at": "2022-05-27T06:42:03.000Z", "verified": false, "profile_image_url": "https://pbs.twimg.com/profile_images/1663118685890920452/zhlgWEuB_normal.jpg", "public_metrics": {"followers_count": 149, "following_count": 63, "tweet_count": 969, "listed_count": 0, "like_count": 1363, "media_count": 119}, "location": "G\u00e1lgvi\u00f0r", "name": "Drottunn \u16c9 \u16a6"}, {"description": "", "id": "1964165453221076992", "username": "anne_guiler", "created_at": "2025-09-06T03:18:23.000Z", "verified": false, "profile_image_url": "https://abs.twimg.com/sticky/default_profile_images/default_profile_normal.png", "public_metrics": {"followers_count": 215, "following_count": 69, "tweet_count": 5469, "listed_count": 0, "like_count": 2743, "media_count": 71}, "name": "Anne Guiler"}, {"description": "i pretend to like running but it\u2019s really just walking fast.", "id": "2878971338", "username": "kittyserenaa", "created_at": "2014-10-27T03:02:28.000Z", "verified": false, "profile_image_url": "https://pbs.twimg.com/profile_images/1961832357452816384/uAFjm6LA_normal.jpg", "public_metrics": {"followers_count": 6, "following_count": 29, "tweet_count": 40, "listed_count": 0, "like_count": 38, "media_count": 12}, "name": "Serena"}, {"description": "", "id": "1848755274502348800", "username": "metalman366", "created_at": "2024-10-22T15:57:35.000Z", "verified": false, "profile_image_url": "https://pbs.twimg.com/profile_images/1848755769283354624/WTfWtxuC_normal.jpg", "public_metrics": {"followers_count": 804, "following_count": 25, "tweet_count": 20376, "listed_count": 0, "like_count": 5, "media_count": 0}, "name": "metalman"}, {"description": "", "id": "1805828726288003073", "username": "CMle135", "created_at": "2024-06-26T05:02:08.000Z", "verified": false, "profile_image_url": "https://pbs.twimg.com/profile_images/1805828871377338368/skiRHTsd_normal.png", "public_metrics": {"followers_count": 68, "following_count": 2, "tweet_count": 3322, "listed_count": 0, "like_count": 251, "media_count": 32}, "name": "Chris Mottau"}, {"description": "", "id": "1725172113407881216", "username": "gmoraiszz", "created_at": "2023-11-16T15:21:06.000Z", "verified": false, "profile_image_url": "https://pbs.twimg.com/profile_images/1898350698342809600/1qDzmqHq_normal.jpg", "public_metrics": {"followers_count": 128, "following_count": 211, "tweet_count": 339, "listed_count": 0, "like_count": 1857, "media_count": 14}, "name": "Morais"}, {"description": "U.S. Army vet \u201cRed Leg\u201d, Grandfather, Dad, husband, Humanitarian, entrepreneur, Retired. \u201cMay the past be your compass, but never your anchor.\u201d", "id": "1979176470682513409", "username": "RicVail60802", "created_at": "2025-10-17T13:24:03.000Z", "verified": false, "profile_image_url": "https://pbs.twimg.com/profile_images/1996319866198839297/eyq4or9X_normal.jpg", "public_metrics": {"followers_count": 1064, "following_count": 1451, "tweet_count": 3400, "listed_count": 8, "like_count": 3020, "media_count": 1573}, "location": "Oklahoma, USA", "name": "Joe Sixpack"}, {"description": "Certified meme lord.", "id": "1969211340385632256", "username": "DavidGate863520", "created_at": "2025-09-20T01:25:57.000Z", "verified": false, "profile_image_url": "https://pbs.twimg.com/profile_images/1969211528391114752/l8F5tFUl_normal.jpg", "public_metrics": {"followers_count": 9, "following_count": 18, "tweet_count": 24, "listed_count": 0, "like_count": 34, "media_count": 1}, "location": "UAE", "name": "David Gate"}, {"description": "Th\u00edch n\u1eef Nh\u01b0 Nh\u01b0", "id": "1914666504932540417", "username": "DiemPham51214", "created_at": "2025-04-22T13:08:09.000Z", "verified": false, "profile_image_url": "https://pbs.twimg.com/profile_images/1944615808124047360/ZQ7St7b8_normal.jpg", "public_metrics": {"followers_count": 0, "following_count": 0, "tweet_count": 16, "listed_count": 0, "like_count": 22, "media_count": 4}, "location": "Frankfurt am Main, Deutschland", "name": "Diem Pham"}, {"description": "MLB Sports", "id": "128391848", "username": "cmtaylor777", "created_at": "2010-04-01T00:30:08.000Z", "verified": false, "profile_image_url": "https://pbs.twimg.com/profile_images/898000176937398277/qLe1wN0S_normal.jpg", "public_metrics": {"followers_count": 21, "following_count": 222, "tweet_count": 232, "listed_count": 0, "like_count": 151, "media_count": 43}, "location": "United States", "name": "Chad Taylor"}, {"description": "CEng | \u03a6 | \u03a3 | Arsenal", "id": "1279380146521341957", "username": "Engr_Ayotunde", "created_at": "2020-07-04T11:43:05.000Z", "verified": false, "profile_image_url": "https://pbs.twimg.com/profile_images/1996096562326319104/OJOJ818b_normal.jpg", "public_metrics": {"followers_count": 447, "following_count": 417, "tweet_count": 12978, "listed_count": 2, "like_count": 74280, "media_count": 40}, "location": " \ud83d\udef0\ufe0f", "name": "Ay\u1ecd"}, {"description": "X marks the spot. Welcome. use my ref for fastest trading bot around and 35% kickback. https://t.co/usfIBfW1bz", "id": "732698731682893824", "username": "Younghogey", "created_at": "2016-05-17T22:26:05.000Z", "verified": false, "profile_image_url": "https://pbs.twimg.com/profile_images/1994914155090808832/-dw-Wo4B_normal.jpg", "public_metrics": {"followers_count": 1584, "following_count": 1233, "tweet_count": 28839, "listed_count": 23, "like_count": 40979, "media_count": 4619}, "location": "Multiverse", "name": "younghogey"}, {"description": "Investigator,, reporter,, litigator,   ...   Demand Justice  find me at  https://t.co/KkPPnJ1KXZ", "id": "245673988", "username": "johnmattes", "created_at": "2011-02-01T06:27:57.000Z", "verified": false, "profile_image_url": "https://pbs.twimg.com/profile_images/606145434243862528/FvN2-CUe_normal.png", "public_metrics": {"followers_count": 2320, "following_count": 3242, "tweet_count": 3353, "listed_count": 12, "like_count": 1368, "media_count": 174}, "location": "San Diego", "name": "John Mattes"}, {"description": "", "id": "1586116491048427520", "username": "mccaw_rick", "created_at": "2022-10-28T22:05:40.000Z", "verified": false, "profile_image_url": "https://pbs.twimg.com/profile_images/1586117019891400704/jt_Ne9ZS_normal.png", "public_metrics": {"followers_count": 571, "following_count": 80, "tweet_count": 64020, "listed_count": 1, "like_count": 41820, "media_count": 22}, "name": "Qwikdraw"}, {"description": "20\ud83e\udef6\nliving my best life \u2728\ufe0f\n\ud83c\udf0e", "id": "1872650765564526592", "username": "Brooklyngotfans", "created_at": "2024-12-27T14:28:52.000Z", "verified": false, "profile_image_url": "https://pbs.twimg.com/profile_images/1988853113554432000/2cJwUtRe_normal.jpg", "public_metrics": {"followers_count": 891, "following_count": 38, "tweet_count": 6486, "listed_count": 0, "like_count": 817, "media_count": 704}, "location": "50% off \ud83d\udc49", "name": "missBrooklyn"}, {"description": "ULOVLIG STALKING!\n\ud83d\udebc\u2640\ufe0fNEI ER NEI\ud83c\udf19\ud83d\udd17#MOONIELINKS\u00a9\ufe0f\nPARENTAL ADVISORY EXPLICIT LANGUAGE18+\n\ud83d\udde3\ufe0f#YTRINGSFRIHET #pedohunter\n\ud83e\ude78\ud83c\udd8e#RhNegative\n\ud83d\udc7d#RadioXV\n\u260e\ufe0f 94447415", "id": "935954754173308929", "username": "Moonielinks", "created_at": "2017-11-29T19:32:57.000Z", "verified": false, "profile_image_url": "https://pbs.twimg.com/profile_images/1985907737838989313/qSNrh-HN_normal.jpg", "public_metrics": {"followers_count": 242, "following_count": 1871, "tweet_count": 123925, "listed_count": 1, "like_count": 5208, "media_count": 5195}, "location": "Drammen", "name": "Jane Borgersen"}, {"description": "Krieg ist Frieden, Freiheit ist Sklaverei, Unwissenheit ist St\u00e4rke. Kann Spuren von Satire enthalten. Deutschland ist eine Demokratur \ud83d\udc99AfD\ud83d\udc99\u043c\u0438\u0440 \u0441 \u0420\u043e\u0441\u0441\u0438\u0435\u0439", "id": "1778726077520576514", "username": "Echoplex1967", "created_at": "2024-04-12T10:06:07.000Z", "verified": false, "profile_image_url": "https://pbs.twimg.com/profile_images/1934364460493205504/n2LwtK3j_normal.jpg", "public_metrics": {"followers_count": 2953, "following_count": 4672, "tweet_count": 48839, "listed_count": 0, "like_count": 82680, "media_count": 2848}, "name": "Wahrheitsministerium"}, {"description": "nothing interesting", "id": "1272630008813621248", "username": "DongPak6", "created_at": "2020-06-15T20:40:26.000Z", "verified": false, "profile_image_url": "https://pbs.twimg.com/profile_images/1272630214846230528/2A0QaovL_normal.jpg", "public_metrics": {"followers_count": 91, "following_count": 139, "tweet_count": 5918, "listed_count": 0, "like_count": 10702, "media_count": 763}, "name": "Dong Pak"}, {"description": "think, design, prototype, produce!", "id": "217362226", "username": "teknopunk_com", "created_at": "2010-11-19T09:34:09.000Z", "verified": false, "profile_image_url": "https://pbs.twimg.com/profile_images/488556855568789504/SHWTUX1H_normal.jpeg", "public_metrics": {"followers_count": 229, "following_count": 865, "tweet_count": 3786, "listed_count": 5, "like_count": 7036, "media_count": 293}, "location": "Germany", "name": "Dirk Steffen"}, {"description": "\u0110\u1ed7 C\u00f4ng H\u1ea3i", "id": "1907394454299840512", "username": "JacobKanda94507", "created_at": "2025-04-02T11:27:37.000Z", "verified": false, "profile_image_url": "https://pbs.twimg.com/profile_images/1907395006010109952/zNkE6wRi_normal.jpg", "public_metrics": {"followers_count": 4, "following_count": 22, "tweet_count": 61, "listed_count": 0, "like_count": 207, "media_count": 0}, "name": "Jacob Kanda"}, {"description": "\u7a7a\u9593\u8a8d\u8b58\ud83c\udded\ud83c\uddf0\u5bff\u5be7\u9752\u6885\u5dde\ud83c\uddf9\ud83c\uddfc\ud83c\udf90\u7409\u7403\u738b\u56fd\u4e45\u4e16\u3055\u3093\n\u250f\u2501\u2501\u2501\u2533\u2501\u2501\u2501\u2513\u4e45\u702c\u4e45\u9060\u9577\u9aea\n\u2503\u2606\u3002\u309c\u2503\u3002 \ud83e\udd50  \u2503\ud83e\udda2\ud83e\udebd\ud83e\udebd\u301csince\u5916\u4ea4\u56fd\ud83c\udf10\n\u2503\u3000\uff0a\u3000\u2503\u2606\u3000\u309c\u2503\n\u2517\u2501\u2501\u2501\u253b\u2501\u2501\u2501\u251b\n\u9234\u97f3\ud83c\udf51\ud83d\udca4\ud83d\udeaa\ud83c\udf90\u5c71\u85e4\u4e3b\u6cbb\u533b\u5909\u3048\u3089\u308c\u3059\u304e\u305f\u5bff\u547d\ud83c\udf33\u2601\ud83d\udcda\u672c\u56fd\u7c4d\u266c\u2601\u7d14\u7c8b\u306a\u900f\u660e\u6027\u3078\u306e\u4e0d\u6cd5\u884c\u70ba\u4fb5\u5bb3\ud83c\udf0d\u6ec5\u4ea1\u5f8c\ud83d\uddfa\u4ed5\u4e8b\u3055\u305b\u3088\u3046\u306d\ud83d\udd6f\ud83e\udead", "id": "1946536184240644096", "username": "D4X13816", "created_at": "2025-07-19T11:43:02.000Z", "verified": false, "profile_image_url": "https://pbs.twimg.com/profile_images/1995896532709801986/BMVEFc0q_normal.jpg", "public_metrics": {"followers_count": 1, "following_count": 286, "tweet_count": 22311, "listed_count": 0, "like_count": 1417, "media_count": 18127}, "location": "\u4e5d\u6761\ud83c\udfe1\u571f\u5730\u3068\u6d6e\u6c17\u3057\u306a\u3044\u3067\u3044\u3088\u3046\u306d\u56ee\u635c\u67fb\ud83d\udcf1\u261a\ud83c\udf44\u975e\u6838\u4e09\u539f\u5247", "name": "\ud83c\udf10\u56fd\u969b\u6cd5\ud83d\udcda\u9996\u76f8\ud83d\udc3f\u2640\ufe0f\ud83d\udddd\ud83d\udda4\ud83e\udd8b\ud83e\ude9e\u884c\u65b9\u4e0d\u660e\u8005\u63a2\u3059\u7528\u30a4\u30b9\u30e9\u30e0\u6559\ud83c\uddee\ud83c\uddf1\ud83e\ude91\ud83d\udd2e\ud83c\udfe7\u8a18\u61b6\ud83e\udec0\ud83e\ude9f"}, {"description": "", "id": "1898942805344444416", "username": "0387Al", "created_at": "2025-03-10T03:43:55.000Z", "verified": false, "profile_image_url": "https://pbs.twimg.com/profile_images/1898942871530831872/F-hsS7Dy_normal.png", "public_metrics": {"followers_count": 57, "following_count": 41, "tweet_count": 726, "listed_count": 0, "like_count": 28, "media_count": 18}, "name": "Alejandro"}, {"description": "Naturalist, Conservationist, Environmentalist and Nature Photographer (especially macro). Born at 314ppm. Woke (awake).\nhttps://t.co/B7XkkKho07", "id": "901352038344294400", "username": "SteB777", "created_at": "2017-08-26T07:54:07.000Z", "verified": false, "profile_image_url": "https://pbs.twimg.com/profile_images/1987191348642877440/4aFKKMK__normal.jpg", "public_metrics": {"followers_count": 26414, "following_count": 5369, "tweet_count": 93008, "listed_count": 296, "like_count": 299479, "media_count": 3366}, "location": "Shropshire, England", "name": "Stephen Barlow"}, {"description": "", "id": "34972046", "username": "Broem37", "created_at": "2009-04-24T16:41:18.000Z", "verified": false, "profile_image_url": "https://pbs.twimg.com/profile_images/1927633858696302592/TKCeeGtE_normal.jpg", "public_metrics": {"followers_count": 441, "following_count": 533, "tweet_count": 17870, "listed_count": 2, "like_count": 27419, "media_count": 1400}, "name": "Luke"}, {"description": "Indian \ud83c\uddee\ud83c\uddf3", "id": "3316474355", "username": "Slalasi227S", "created_at": "2015-06-10T01:54:26.000Z", "verified": false, "profile_image_url": "https://pbs.twimg.com/profile_images/1820050852297461760/7YAuCpE7_normal.jpg", "public_metrics": {"followers_count": 75, "following_count": 255, "tweet_count": 370, "listed_count": 0, "like_count": 1371, "media_count": 112}, "name": "Sandeep \ud83d\ude0a"}, {"description": "", "id": "1996460008767422464", "username": "KatieBassa84366", "created_at": "2025-12-04T06:02:14.000Z", "verified": false, "profile_image_url": "https://pbs.twimg.com/profile_images/1996460025422794752/_4kVaLOj_normal.jpg", "public_metrics": {"followers_count": 0, "following_count": 2, "tweet_count": 34, "listed_count": 0, "like_count": 0, "media_count": 0}, "name": "Katie Bassani"}, {"description": "Web3 Researcher \u2b29 \ud835\udc0a\ud835\udc0e\ud835\udc0b \u2b29  Ambassador @velvet_capital | @SmartGolfSGi | @HCOW_Official \u2b29 Project Manager \u2b29 DEFAI Master", "id": "1892601698369122304", "username": "VegaSnipes", "created_at": "2025-02-20T15:46:37.000Z", "verified": false, "profile_image_url": "https://pbs.twimg.com/profile_images/1936795661644468224/I0WZ1kDo_normal.jpg", "public_metrics": {"followers_count": 3878, "following_count": 1951, "tweet_count": 15069, "listed_count": 10, "like_count": 52962, "media_count": 899}, "location": "Multiverse ", "name": "VEGA"}, {"description": "street smart and a lot of common sense", "id": "1511149149890048000", "username": "JoeJohn64952295", "created_at": "2022-04-05T01:11:41.000Z", "verified": false, "profile_image_url": "https://pbs.twimg.com/profile_images/1525578904014143489/Rpt0YQ_2_normal.jpg", "public_metrics": {"followers_count": 762, "following_count": 284, "tweet_count": 14245, "listed_count": 0, "like_count": 24198, "media_count": 2}, "location": "Canada", "name": "Joe Johnston"}, {"description": "Laughing like a baby, living like a queen.\n\nInterior Design \ud83c\udfa8 Fashion \u2728", "id": "1389878628108836870", "username": "PatraSalinee", "created_at": "2021-05-05T09:44:35.000Z", "verified": false, "profile_image_url": "https://pbs.twimg.com/profile_images/1986641304143732737/bccL5u5t_normal.jpg", "public_metrics": {"followers_count": 107, "following_count": 52, "tweet_count": 865, "listed_count": 0, "like_count": 927, "media_count": 213}, "name": "Salinee (Sal)"}, {"description": "The Pursuit of Happiness", "id": "1069944787841703937", "username": "MichaelPByrne1", "created_at": "2018-12-04T13:21:30.000Z", "verified": false, "profile_image_url": "https://pbs.twimg.com/profile_images/1873864250890084354/yG5TbYXv_normal.jpg", "public_metrics": {"followers_count": 1824, "following_count": 2646, "tweet_count": 126819, "listed_count": 25, "like_count": 209071, "media_count": 1712}, "location": "America", "name": "Yeah I\u2019m Awake\ud83d\udcaa\ud83c\uddfa\ud83c\uddf8"}, {"description": "", "id": "1588690380626722817", "username": "Michele75375446", "created_at": "2022-11-05T00:32:37.000Z", "verified": false, "profile_image_url": "https://abs.twimg.com/sticky/default_profile_images/default_profile_normal.png", "public_metrics": {"followers_count": 1526, "following_count": 299, "tweet_count": 14277, "listed_count": 2, "like_count": 27250, "media_count": 4}, "name": "Michele"}, {"description": "Human future", "id": "1904134787276943360", "username": "CYoung29081", "created_at": "2025-03-24T11:35:03.000Z", "verified": false, "profile_image_url": "https://pbs.twimg.com/profile_images/1924361592474320897/dB6QTuYM_normal.jpg", "public_metrics": {"followers_count": 7, "following_count": 21, "tweet_count": 1910, "listed_count": 0, "like_count": 11427, "media_count": 0}, "name": "Hufu"}, {"description": "", "id": "1985065428717297664", "username": "theKhanwise", "created_at": "2025-11-02T19:24:28.000Z", "verified": false, "profile_image_url": "https://pbs.twimg.com/profile_images/1985065577174515712/WsRGyUGq_normal.jpg", "public_metrics": {"followers_count": 0, "following_count": 24, "tweet_count": 1019, "listed_count": 0, "like_count": 0, "media_count": 29}, "name": "theKhanwise"}, {"description": "", "id": "1926083409270452240", "username": "m_m85xd", "created_at": "2025-05-24T01:10:56.000Z", "verified": false, "profile_image_url": "https://pbs.twimg.com/profile_images/1993212519125553152/IhWS8cS-_normal.jpg", "public_metrics": {"followers_count": 4, "following_count": 23, "tweet_count": 900, "listed_count": 0, "like_count": 432, "media_count": 51}, "name": "m_m almalkey"}, {"description": "", "id": "1910620628668792832", "username": "ValainisIl48252", "created_at": "2025-04-11T09:07:35.000Z", "verified": false, "profile_image_url": "https://abs.twimg.com/sticky/default_profile_images/default_profile_normal.png", "public_metrics": {"followers_count": 11, "following_count": 11, "tweet_count": 65, "listed_count": 0, "like_count": 22, "media_count": 1}, "name": "Ilmars Valainis"}, {"description": "", "id": "1524372884944207872", "username": "Tanyamyprecious", "created_at": "2022-05-11T12:56:44.000Z", "verified": false, "profile_image_url": "https://pbs.twimg.com/profile_images/1525225509155749890/-udfYSrd_normal.jpg", "public_metrics": {"followers_count": 1093, "following_count": 339, "tweet_count": 15405, "listed_count": 5, "like_count": 9321, "media_count": 83}, "location": "Brooklyn", "name": "Tanya"}, {"description": "Staying active, Random tweets. Sharing simple ideas along the way.", "id": "1766672310398791680", "username": "Civic_Compass", "created_at": "2024-03-10T03:48:05.000Z", "verified": false, "profile_image_url": "https://pbs.twimg.com/profile_images/1991914572689907712/0wMB18NN_normal.jpg", "public_metrics": {"followers_count": 895, "following_count": 870, "tweet_count": 3447, "listed_count": 1, "like_count": 30, "media_count": 289}, "location": "India", "name": "Civic Compass"}, {"description": "#GreatLakesLover \nNo DM'S \n\n\u271d\ufe0f\ud83c\uddfa\ud83c\uddf2\ud83c\udf0e\ud83c\udf1a\ud83c\udf1d", "id": "299460939", "username": "quietlyitsme", "created_at": "2011-05-16T03:52:27.000Z", "verified": false, "profile_image_url": "https://pbs.twimg.com/profile_images/1640860352140197891/XJKrTA15_normal.jpg", "public_metrics": {"followers_count": 1772, "following_count": 2188, "tweet_count": 38810, "listed_count": 1, "like_count": 54935, "media_count": 1388}, "location": "\ud83c\udf0e", "name": "P.A.Dawson"}, {"description": "", "id": "1865071160758800387", "username": "JimmyThe2x4", "created_at": "2024-12-06T16:30:15.000Z", "verified": false, "profile_image_url": "https://pbs.twimg.com/profile_images/1865071500304486400/BRXY8Jsf_normal.jpg", "public_metrics": {"followers_count": 343, "following_count": 353, "tweet_count": 11937, "listed_count": 16, "like_count": 7946, "media_count": 333}, "name": "Jimmy"}, {"description": "Ret military, banker, golfer ( not yet retired) non vaccinated, therefore healthy! nur tote Fische schwimmen mit dem Strom! Europe is done!", "id": "1603703029056016386", "username": "clandestine46", "created_at": "2022-12-16T10:46:31.000Z", "verified": false, "profile_image_url": "https://pbs.twimg.com/profile_images/1603716416641073152/Nfpsd-VD_normal.jpg", "public_metrics": {"followers_count": 1603, "following_count": 3391, "tweet_count": 12734, "listed_count": 15, "like_count": 24571, "media_count": 521}, "location": "Asia", "name": "clandestine46"}, {"description": "", "id": "1993129631487070208", "username": "SharanSurr93202", "created_at": "2025-11-25T01:28:30.000Z", "verified": false, "profile_image_url": "https://pbs.twimg.com/profile_images/1993129648608161792/OPMDyoq2_normal.jpg", "public_metrics": {"followers_count": 0, "following_count": 3, "tweet_count": 10, "listed_count": 0, "like_count": 0, "media_count": 0}, "name": "Sharan Surran"}, {"description": "Family/friends dinner table discussions are the intrigues of life - thoughts about breaking things, and more importantly, thoughts about fixing them. \ud83d\udcab\ud83d\udcaf", "id": "1941703529187401728", "username": "SBugs07734", "created_at": "2025-07-06T03:48:59.000Z", "verified": false, "profile_image_url": "https://pbs.twimg.com/profile_images/1941851851420205056/LircQDsr_normal.jpg", "public_metrics": {"followers_count": 3032, "following_count": 675, "tweet_count": 4348, "listed_count": 1, "like_count": 3693, "media_count": 1336}, "location": "Texas, USA", "name": "Sheri S (bugs07734)"}, {"description": "hustler#  bet investor #I rep Chelsea fc \ud83d\udc99\ud83d\udc99 ..  active", "id": "1608411559033802755", "username": "ceck_10", "created_at": "2022-12-29T10:36:45.000Z", "verified": false, "profile_image_url": "https://pbs.twimg.com/profile_images/1986431629829521408/B-998f_g_normal.jpg", "public_metrics": {"followers_count": 2451, "following_count": 4285, "tweet_count": 5572, "listed_count": 1, "like_count": 18345, "media_count": 116}, "location": "Nigeria", "name": "Mie"}, {"description": "Truthsayer", "id": "1787967036355756032", "username": "DrToddM8633", "created_at": "2024-05-07T22:05:59.000Z", "verified": false, "profile_image_url": "https://pbs.twimg.com/profile_images/1965149459139993600/6-0Fz-K9_normal.jpg", "public_metrics": {"followers_count": 123, "following_count": 61, "tweet_count": 2323, "listed_count": 1, "like_count": 178, "media_count": 592}, "location": "3rd from the sun", "name": "Cyber Snake Oil"}, {"description": "Matthew 12:42 NKJV \u2014 \u201cThe queen of the South will rise up in the judgment with this generation and condemn it, for she came from the ends of the earth to hear", "id": "1979146134158258176", "username": "QueenTxTonya", "created_at": "2025-10-17T11:23:28.000Z", "verified": false, "profile_image_url": "https://pbs.twimg.com/profile_images/1979151673214849024/cftlaFuB_normal.jpg", "public_metrics": {"followers_count": 63, "following_count": 49, "tweet_count": 2587, "listed_count": 0, "like_count": 5234, "media_count": 143}, "location": "Heaven", "name": "TxTonya"}, {"description": "", "id": "1775104311284117504", "username": "Marxscene", "created_at": "2024-04-02T10:14:15.000Z", "verified": false, "profile_image_url": "https://pbs.twimg.com/profile_images/1775104892010688512/Ur_4zHz8_normal.jpg", "public_metrics": {"followers_count": 165, "following_count": 203, "tweet_count": 4261, "listed_count": 1, "like_count": 15261, "media_count": 1}, "name": "Marx"}, {"description": "Mr. Musk, I have a business plan that I hope you can take a look at. I believe you will like it. Please everyone, help me by liking, sharing, commenting", "id": "1825844099922145280", "username": "IANOk1JDUL47475", "created_at": "2024-08-20T10:35:51.000Z", "verified": false, "profile_image_url": "https://pbs.twimg.com/profile_images/1934115779844468736/zeUTBEER_normal.jpg", "public_metrics": {"followers_count": 1, "following_count": 17, "tweet_count": 1053, "listed_count": 0, "like_count": 8, "media_count": 0}, "name": "Help me"}, {"description": "Trump is my President! Thank God!\nHe is Making America Great Again!\nSAFE, STRONG, HEALTHY!", "id": "1598861161293914113", "username": "mmogenhan13", "created_at": "2022-12-03T02:06:45.000Z", "verified": false, "profile_image_url": "https://pbs.twimg.com/profile_images/1600164016730537984/-IqtLedQ_normal.jpg", "public_metrics": {"followers_count": 2982, "following_count": 1455, "tweet_count": 187740, "listed_count": 16, "like_count": 445341, "media_count": 204}, "name": "Claire1923"}]}