{"data": [{"public_metrics": {"followers_count": 20, "following_count": 44, "tweet_count": 4281, "listed_count": 0, "like_count": 1215, "media_count": 18}, "username": "dunreel1950", "description": "", "created_at": "2022-05-11T03:14:45.000Z", "name": "deborah dunkerton", "id": "1524226143913664512", "verified": false, "profile_image_url": "https://pbs.twimg.com/profile_images/1995246692732407808/WWNhLB0D_normal.jpg"}, {"public_metrics": {"followers_count": 32, "following_count": 23, "tweet_count": 221, "listed_count": 0, "like_count": 178, "media_count": 0}, "username": "kilovars", "description": "", "created_at": "2025-06-22T11:42:13.000Z", "name": "Bob Sheppard", "id": "1936751494922915840", "verified": false, "profile_image_url": "https://pbs.twimg.com/profile_images/1936751577202917376/bTLHxuu3_normal.jpg"}, {"public_metrics": {"followers_count": 16, "following_count": 31, "tweet_count": 141, "listed_count": 0, "like_count": 217, "media_count": 75}, "username": "CryptoLeraino", "description": "News, Memes, Charts, Hopium, Market analysis and Letest crypto updates.", "created_at": "2025-11-26T06:47:56.000Z", "name": "Crypto Lera \ud83c\udf38", "id": "1993572355692699648", "verified": false, "profile_image_url": "https://pbs.twimg.com/profile_images/1997498488549236736/r2Zvq8td_normal.jpg"}, {"public_metrics": {"followers_count": 432, "following_count": 176, "tweet_count": 9778, "listed_count": 6, "like_count": 4878, "media_count": 160}, "username": "parthebar", "description": "", "created_at": "2022-10-04T00:53:24.000Z", "location": "New York, USA", "name": "parthebar", "id": "1577099493677404160", "verified": false, "profile_image_url": "https://pbs.twimg.com/profile_images/1710419523193430016/aq0MESh4_normal.jpg"}, {"public_metrics": {"followers_count": 2, "following_count": 20, "tweet_count": 11, "listed_count": 0, "like_count": 7, "media_count": 0}, "username": "AngelaGayh2i", "description": "", "created_at": "2025-12-02T04:11:22.000Z", "name": "Angela Gayheart", "id": "1995706046917259264", "verified": false, "profile_image_url": "https://abs.twimg.com/sticky/default_profile_images/default_profile_normal.png"}, {"public_metrics": {"followers_count": 797, "following_count": 138, "tweet_count": 13807, "listed_count": 6, "like_count": 26438, "media_count": 263}, "username": "BrianPh58852949", "description": "", "created_at": "2023-07-24T16:29:44.000Z", "location": "Florida ", "name": "God Help America", "id": "1683514062410334208", "verified": false, "profile_image_url": "https://pbs.twimg.com/profile_images/1683514813060718598/zOqrkLLa_normal.png"}, {"public_metrics": {"followers_count": 3493, "following_count": 6050, "tweet_count": 18033, "listed_count": 283, "like_count": 22941, "media_count": 1848}, "username": "Whatsyourcause", "description": "Family Nurse Practitioner, FNP-BC, MSN, APN, Founder MY VIRTUAL NP \u2665\ufe0f Wifey4Kids5\ud83d\udc363\ud83d\udc31 \ud83c\udf1fhttps://t.co/UOxEwYorOp \ud83d\udc40on @DrOz", "created_at": "2010-02-22T05:36:24.000Z", "location": "Greater New York Area, USA", "name": "npnicolereina \u2665\ufe0f", "id": "116363792", "verified": false, "profile_image_url": "https://pbs.twimg.com/profile_images/750826861450522624/vOjcnHkD_normal.jpg"}, {"public_metrics": {"followers_count": 254, "following_count": 362, "tweet_count": 7757, "listed_count": 0, "like_count": 21160, "media_count": 143}, "username": "JasperDover", "description": "", "created_at": "2018-01-14T04:47:46.000Z", "location": "Canada", "name": "Jasper Dover", "id": "952401833443540992", "verified": false, "profile_image_url": "https://pbs.twimg.com/profile_images/1103005143472197633/Ml8Vn0Ce_normal.jpg"}, {"public_metrics": {"followers_count": 9564, "following_count": 658, "tweet_count": 62805, "listed_count": 129, "like_count": 67601, "media_count": 23745}, "username": "Eva_Ben3", "description": "\ud83c\uddee\ud83c\uddf1 \u05e2\u05dd \u05d9\u05e9\u05e8\u05d0\u05dc \u05d7\u05d9 \u2014 President D.J Trump \ud83c\uddfa\ud83c\uddf8 DOGE \ud83c\uddfa\ud83c\uddf8. Elon Musk \u2764\ufe0f Freedom of Speech \u2014 Charlie Kirk Legacy \u2014 NEVER AGAIN IS NOW", "created_at": "2022-10-08T11:27:08.000Z", "name": "Eva \ud83c\udf40", "id": "1578708455682195456", "verified": false, "profile_image_url": "https://pbs.twimg.com/profile_images/1877711766047670272/S-fSWHcu_normal.jpg"}, {"public_metrics": {"followers_count": 1, "following_count": 27, "tweet_count": 127, "listed_count": 0, "like_count": 188, "media_count": 3}, "username": "mudani_narib", "description": "", "created_at": "2025-10-27T19:08:08.000Z", "name": "M\u00fbdani Narib", "id": "1982886898143223808", "verified": false, "profile_image_url": "https://pbs.twimg.com/profile_images/1982887056948031488/yPYV_ppG_normal.png"}, {"public_metrics": {"followers_count": 10, "following_count": 13, "tweet_count": 870, "listed_count": 7, "like_count": 1405, "media_count": 133}, "username": "SztiQ", "description": "", "created_at": "2024-11-10T09:23:16.000Z", "name": "SztiQ", "id": "1855541663126425600", "verified": false, "profile_image_url": "https://pbs.twimg.com/profile_images/1855542066278805504/rEgo-3Ja_normal.jpg"}, {"public_metrics": {"followers_count": 1107, "following_count": 1963, "tweet_count": 12559, "listed_count": 1, "like_count": 10577, "media_count": 1284}, "username": "Cobra30299", "description": "US Navy Veteran, Maga Trump! MS  University of Southern California, IT professional and gear head. antiwoke anti DEI", "created_at": "2022-10-29T23:32:46.000Z", "name": "Steve Patriot", "id": "1586501167160463360", "verified": false, "profile_image_url": "https://pbs.twimg.com/profile_images/1918060414543224832/MfcvqNsw_normal.jpg"}, {"public_metrics": {"followers_count": 34002, "following_count": 17100, "tweet_count": 28213, "listed_count": 77, "like_count": 60853, "media_count": 1590}, "username": "Badboy1B", "description": "\ud83c\udf0a Dm for advert and Promot\ud83c\udf6a\n\nI'm not the king, but my body is full of blood that refuses to admit defeat\n\nCheck My YouTube  https://t.co/SOPi5CgMkC", "created_at": "2021-11-26T21:11:48.000Z", "name": "LUCKY", "id": "1464341055105556483", "verified": false, "profile_image_url": "https://pbs.twimg.com/profile_images/1945786011868413952/Ya13qjK-_normal.jpg"}, {"public_metrics": {"followers_count": 336, "following_count": 121, "tweet_count": 3894, "listed_count": 1, "like_count": 319, "media_count": 30}, "username": "Daiweilee19", "description": "\u559c\u6b22\u4f20\u7edf\u6587\u5316\uff0c\u56de\u5f52\u539f\u59cb\u672c\u6027\u3002\u51e0\u79cd\u7ffb\u5899\u5de5\u5177\uff08\u6c38\u4e45\u514d\u8d39\uff09\u89c1\u4e0b\u9762\u94fe\u63a5\u3002", "created_at": "2025-01-18T02:45:22.000Z", "name": "Daiweilee", "id": "1880445881364705280", "verified": false, "profile_image_url": "https://pbs.twimg.com/profile_images/1995056665679249408/DqUwt4b8_normal.jpg"}, {"public_metrics": {"followers_count": 2248, "following_count": 2483, "tweet_count": 39841, "listed_count": 33, "like_count": 211794, "media_count": 3952}, "username": "LindyTango", "description": "Christian. Conservative. MAGA & MAHA. \u201cIt ain\u2019t what you don\u2019t know that gets you into trouble. It\u2019s what you know for sure that just ain\u2019t so.\u201d", "created_at": "2020-06-21T04:48:35.000Z", "location": "San Diego, CA", "name": "Johnny Jeff", "id": "1274564780028641281", "verified": false, "profile_image_url": "https://pbs.twimg.com/profile_images/1635418764790628353/zq1dlCyv_normal.jpg"}, {"public_metrics": {"followers_count": 13374, "following_count": 10935, "tweet_count": 47350, "listed_count": 22, "like_count": 71274, "media_count": 8606}, "username": "expressions77", "description": "#\ud835\udc64\ud835\udc5f\ud835\udc56\ud835\udc61\ud835\udc52\ud835\udc5f\ud83c\udfac  #\ud835\udc5b\ud835\udc4e\ud835\udc61\ud835\udc62\ud835\udc5f\ud835\udc52\ud835\udc59\ud835\udc5c\ud835\udc63\ud835\udc52\ud835\udc5f\u2618\ufe0f  #\ud835\udc50\ud835\udc4e\ud835\udc5f\ud835\udc52\ud835\udc53\ud835\udc5c\ud835\udc5f\u210e\ud835\udc62\ud835\udc5a\ud835\udc4e\ud835\udc5b\ud835\udc56\ud835\udc61\ud835\udc66\ud83c\udf0e\ud83c\uddfa\ud83c\uddf8 \ud83c\uddfa\ud83c\udde6\n*\ud835\ude34\ud835\ude29\ud835\udc4e\ud835\udc5f\ud835\udc56\ud835\udc5b\ud835\udc54 \ud835\udc5c\ud835\udc5b\ud835\udc59\ud835\udc56\ud835\udc5b\ud835\udc52 \ud835\udc5d\ud835\udc56\ud835\udc65 - \ud835\udc51\ud835\udc5a \ud835\udc53\ud835\udc5c\ud835\udc5f \ud835\udc50\ud835\udc5f\ud835\udc52\ud835\udc51\ud835\udc56\ud835\udc61\n\ud83d\udeabNo Porn", "created_at": "2015-04-24T21:03:50.000Z", "location": "New York City", "name": "\ud835\udc5c'\ud835\udc5f\ud835\udc66\ud835\udc4e\ud835\udc5b \u10e6\u203f\u274a", "id": "3202270943", "verified": false, "profile_image_url": "https://pbs.twimg.com/profile_images/1912686685260849153/xFYJIAft_normal.jpg"}, {"public_metrics": {"followers_count": 47, "following_count": 505, "tweet_count": 168, "listed_count": 0, "like_count": 25, "media_count": 36}, "username": "critiquedeux", "description": "", "created_at": "2024-07-24T01:38:39.000Z", "location": "United States", "name": "Reviewer Two", "id": "1815924488883617792", "verified": false, "profile_image_url": "https://pbs.twimg.com/profile_images/1855954221473882112/r5_YzsRJ_normal.jpg"}, {"public_metrics": {"followers_count": 1084, "following_count": 1835, "tweet_count": 25197, "listed_count": 9, "like_count": 16718, "media_count": 1626}, "username": "niceweax", "description": "AGCM(ret), American born & bred, daughter of actual cotton pickers, loves retired Army tanker, embracer of fun, sarcasm, & laughter hates MSM, communism, pedos", "created_at": "2019-01-24T23:15:49.000Z", "name": "BevR", "id": "1088576130695737345", "verified": false, "profile_image_url": "https://pbs.twimg.com/profile_images/1322966253112274957/Odn72hv6_normal.jpg"}, {"public_metrics": {"followers_count": 102, "following_count": 251, "tweet_count": 1687, "listed_count": 1, "like_count": 192599, "media_count": 47}, "username": "NiccoRex", "description": "Physical Strength Incarnate | Philosopher King | Chief Warlock |\n Winner of the 2020 J. Albert Bean Young Libertarian Thinker's Award", "created_at": "2014-08-05T10:28:40.000Z", "location": "Australia", "name": "Hengist the Horst Devourer", "id": "2708969120", "verified": false, "profile_image_url": "https://pbs.twimg.com/profile_images/1839910322603470848/4h_SiGoF_normal.jpg"}, {"public_metrics": {"followers_count": 229, "following_count": 129, "tweet_count": 15568, "listed_count": 3, "like_count": 37224, "media_count": 441}, "username": "White101914", "description": "", "created_at": "2023-08-30T16:31:12.000Z", "name": "Yo-risch", "id": "1696922853109604352", "verified": false, "profile_image_url": "https://pbs.twimg.com/profile_images/1995356634198036480/G58TB68n_normal.jpg"}, {"public_metrics": {"followers_count": 83, "following_count": 6, "tweet_count": 3033, "listed_count": 1, "like_count": 2210, "media_count": 794}, "username": "lackofanoun", "description": "\u263c         Mind words that define you         \u263c       Honest     \u00aeFair Play\nWhen there's a job you are told to do that you disagree with, walk away.", "created_at": "2016-07-08T23:19:58.000Z", "location": "Florida", "name": "LackofaNoun", "id": "751556462036430849", "verified": false, "profile_image_url": "https://pbs.twimg.com/profile_images/1983302362576891904/WQH7lCuK_normal.jpg"}, {"public_metrics": {"followers_count": 766, "following_count": 1669, "tweet_count": 2611, "listed_count": 5, "like_count": 4188, "media_count": 108}, "username": "HafsatMSS", "description": "Web3 Developer | Building on Ethereum | DeFi & NFT enthusiast | Citizen @Onboard3___ | Learning in public \ud83d\ude80| Researcher", "created_at": "2025-10-23T18:35:51.000Z", "location": "Nigeria", "name": "Hafsee", "id": "1981429273551654917", "verified": false, "profile_image_url": "https://pbs.twimg.com/profile_images/1996007658143232000/BaxWhWSZ_normal.jpg"}, {"public_metrics": {"followers_count": 490, "following_count": 190, "tweet_count": 68075, "listed_count": 9, "like_count": 15229, "media_count": 541}, "username": "IraqiJewishAOnt", "description": "Jews, from Israel (where all Jews come from), exiled in Babylon for 2.5 millenia, expelled from modern Iraq, we are the Iraqi Jewish Association of Ontario, CAN", "created_at": "2017-07-21T22:58:56.000Z", "location": "Ontario, Canada", "name": "IJAO", "id": "888533783540105217", "verified": false, "profile_image_url": "https://pbs.twimg.com/profile_images/888535943040323584/cScwiwor_normal.jpg"}, {"public_metrics": {"followers_count": 440, "following_count": 443, "tweet_count": 3228, "listed_count": 7, "like_count": 38711, "media_count": 178}, "username": "creeeeeeeeeeg", "description": "Perfect is the enemy of good.", "created_at": "2014-06-07T09:11:45.000Z", "location": "Houston, TX", "name": "craig", "id": "2552129780", "verified": false, "profile_image_url": "https://pbs.twimg.com/profile_images/642502070449209344/ri0_g3LI_normal.jpg"}, {"public_metrics": {"followers_count": 598, "following_count": 635, "tweet_count": 6291, "listed_count": 1, "like_count": 11734, "media_count": 1230}, "username": "JimmyMcSqueezle", "description": "Everything Under the Sun! Movie Best Bit's, Music, News, Quotes of the Day, Jokes and banter to keep you entertained and informed on the daily.", "created_at": "2024-06-14T11:40:45.000Z", "location": "Northern Ireland", "name": "RPG The Random Post Generator", "id": "1801579345921650688", "verified": false, "profile_image_url": "https://pbs.twimg.com/profile_images/1801584130242580480/-j7anIFA_normal.jpg"}, {"public_metrics": {"followers_count": 1373, "following_count": 466, "tweet_count": 10158, "listed_count": 1, "like_count": 16, "media_count": 0}, "username": "BowmanEvel51049", "description": "", "created_at": "2025-02-17T22:34:08.000Z", "name": "Evelyn Bowman", "id": "1891616925521936386", "verified": false, "profile_image_url": "https://pbs.twimg.com/profile_images/1891617152534446082/Bdh5e0Cc_normal.png"}, {"public_metrics": {"followers_count": 442, "following_count": 1078, "tweet_count": 7875, "listed_count": 4, "like_count": 20419, "media_count": 0}, "username": "GeorgeAwad13", "description": "Christian - Orthodox - Patriotic", "created_at": "2013-04-25T04:43:29.000Z", "name": "George Awad", "id": "1378665080", "verified": false, "profile_image_url": "https://pbs.twimg.com/profile_images/3571734895/d8935f21514adce587822ac84920386c_normal.jpeg"}, {"public_metrics": {"followers_count": 2558, "following_count": 2902, "tweet_count": 86067, "listed_count": 162, "like_count": 252626, "media_count": 2741}, "username": "TXingh", "description": "Views personal! \ud83e\udeb6| RTs are recommendations \ud83d\ude02 | Risk is yours so is the reward", "created_at": "2009-12-07T17:04:30.000Z", "location": "In Transit BOM | DEL", "name": "Tajinder Singh", "id": "95237896", "verified": false, "profile_image_url": "https://pbs.twimg.com/profile_images/1925608229368631296/zgcNSbxv_normal.jpg"}, {"public_metrics": {"followers_count": 101, "following_count": 356, "tweet_count": 721, "listed_count": 2, "like_count": 1680, "media_count": 32}, "username": "pm_orbs", "description": "Been wavvvy since morning \ud83c\udf65", "created_at": "2020-05-15T21:33:42.000Z", "location": "Trenches", "name": "P.M _ Orbs", "id": "1261409356156985345", "verified": false, "profile_image_url": "https://pbs.twimg.com/profile_images/1945583840648376320/Cih0TFUc_normal.jpg"}, {"public_metrics": {"followers_count": 126, "following_count": 5, "tweet_count": 1025, "listed_count": 0, "like_count": 22908, "media_count": 1}, "username": "bobfan9981", "description": "", "created_at": "2023-08-28T09:06:56.000Z", "name": "BlueMARs", "id": "1696086861134098432", "verified": false, "profile_image_url": "https://pbs.twimg.com/profile_images/1924634081427681280/B8Ggah8f_normal.jpg"}, {"public_metrics": {"followers_count": 341, "following_count": 133, "tweet_count": 2029, "listed_count": 0, "like_count": 672, "media_count": 652}, "username": "Vicky_Helms39", "description": "Consultant, Coach, Writer \u2022 @39STORYZ | \u2600\ufe0f Collect moments, the essence of life \ud83d\udddd\ufe0f Learn how to see \ud83d\udc41\ufe0f with eyes wide open & the mind as open \ud83c\udf4f\ud83d\udc0d\u23f3#", "created_at": "2021-10-15T10:52:23.000Z", "name": "Vicky Helms", "id": "1448964714298548236", "verified": false, "profile_image_url": "https://pbs.twimg.com/profile_images/1448965085263765506/L30Mxcqi_normal.jpg"}, {"public_metrics": {"followers_count": 31, "following_count": 153, "tweet_count": 317, "listed_count": 0, "like_count": 686, "media_count": 35}, "username": "kani_dyan", "description": "the 02\ntotal opposite\nDaily west\ud83d\udc80", "created_at": "2022-10-29T17:49:00.000Z", "location": "Westonaria, South Africa", "name": "Bumkani", "id": "1586405027274539010", "verified": false, "profile_image_url": "https://pbs.twimg.com/profile_images/1675649583081312256/wBi3Rh7x_normal.jpg"}, {"public_metrics": {"followers_count": 2766, "following_count": 1389, "tweet_count": 7750, "listed_count": 1, "like_count": 8411, "media_count": 955}, "username": "drmdkhalidiqbal", "description": "SURGERY RESIDENT || Health Activist || Poet ||\nWriter \u270d\ufe0f || Public Health Expert ||\nM.B.B.S. (GOLD MEDALIST)\ud83e\udd47\nM.S. (General Surgery) MLNMC Prayagraj", "created_at": "2023-04-23T13:34:13.000Z", "location": "Allahabad  India", "name": "Dr Khalid Iqbal", "id": "1650130862271528962", "verified": false, "profile_image_url": "https://pbs.twimg.com/profile_images/1973666298656931840/QXtFYUdq_normal.jpg"}, {"public_metrics": {"followers_count": 153, "following_count": 86, "tweet_count": 2669, "listed_count": 1, "like_count": 698, "media_count": 87}, "username": "rksal01", "description": "Isaiah 40:3: \"A voice of one calling: 'In the wilderness prepare the way for the LORD; make straight in the desert a highway for our God'\".", "created_at": "2021-09-29T04:45:11.000Z", "location": "United States", "name": "RKSal", "id": "1443074305731014656", "verified": false, "profile_image_url": "https://pbs.twimg.com/profile_images/1732855178926145537/ie3QeckF_normal.jpg"}, {"public_metrics": {"followers_count": 216, "following_count": 157, "tweet_count": 36981, "listed_count": 5, "like_count": 30952, "media_count": 7751}, "username": "angry_blue_dot", "description": "", "created_at": "2009-11-10T01:33:55.000Z", "name": "Sean", "id": "88819417", "verified": false, "profile_image_url": "https://pbs.twimg.com/profile_images/2287716023/image_normal.jpg"}, {"public_metrics": {"followers_count": 505, "following_count": 337, "tweet_count": 29812, "listed_count": 7, "like_count": 1446, "media_count": 25}, "username": "JoeMC1966", "description": "", "created_at": "2021-07-31T21:34:49.000Z", "name": "CTS Blues", "id": "1421585026026774535", "verified": false, "profile_image_url": "https://pbs.twimg.com/profile_images/1745626576262189056/kaCCD49V_normal.jpg"}, {"public_metrics": {"followers_count": 0, "following_count": 1, "tweet_count": 13, "listed_count": 0, "like_count": 49, "media_count": 7}, "username": "BhandareDatta", "description": "", "created_at": "2014-06-01T00:03:45.000Z", "name": "Datta Bhandare", "id": "2538387356", "verified": false, "profile_image_url": "https://abs.twimg.com/sticky/default_profile_images/default_profile_normal.png"}, {"public_metrics": {"followers_count": 2, "following_count": 55, "tweet_count": 37, "listed_count": 0, "like_count": 22, "media_count": 1}, "username": "alzaraina976", "description": "dimulai lagi", "created_at": "2025-11-17T15:46:28.000Z", "location": "Jambangan, Indonesia", "name": "alzaraina", "id": "1990446419195658240", "verified": false, "profile_image_url": "https://pbs.twimg.com/profile_images/1990446553648263168/_woMsfQU_normal.jpg"}, {"public_metrics": {"followers_count": 90, "following_count": 893, "tweet_count": 2796, "listed_count": 3, "like_count": 16758, "media_count": 117}, "username": "zzzpls", "description": "25 +5. Movies/games/books/snowboarding/anime art/paleontology/ I say stupid things/ be nice to me Pls", "created_at": "2019-09-22T11:52:02.000Z", "name": "zyl", "id": "1175739448488841221", "verified": false, "profile_image_url": "https://pbs.twimg.com/profile_images/1918785421556793344/ZHqnO_IF_normal.jpg"}, {"public_metrics": {"followers_count": 3861, "following_count": 1287, "tweet_count": 101652, "listed_count": 17, "like_count": 84728, "media_count": 36422}, "username": "emcverse", "description": "#Tesla news, Content Reviews, Video Games and everything in between. Long $TSLA, Trade sometimes. HIGHLIGHTS for Movies/TV shows/VideoGames \ud83e\uddcb", "created_at": "2020-05-08T14:04:38.000Z", "name": "Emcverse", "id": "1258759685261471750", "verified": false, "profile_image_url": "https://pbs.twimg.com/profile_images/1995172940069941248/4IB1BHJQ_normal.jpg"}, {"public_metrics": {"followers_count": 62, "following_count": 29, "tweet_count": 5859, "listed_count": 4, "like_count": 18272, "media_count": 373}, "username": "ChassotFred74", "description": "", "created_at": "2023-09-19T19:30:10.000Z", "name": "ChassotFred", "id": "1704216250040090625", "verified": false, "profile_image_url": "https://pbs.twimg.com/profile_images/1704216581172060160/kTKAEvvu_normal.jpg"}, {"public_metrics": {"followers_count": 90, "following_count": 136, "tweet_count": 1778, "listed_count": 1, "like_count": 164, "media_count": 10}, "username": "gundogbilionair", "description": "Husband, Father, American \ud83c\uddfa\ud83c\uddf8 \ud83d\udca5\ud83c\uddfa\ud83c\uddf8. Trout enthusiast, nature lover, slab hunter. Post pics of wild trout (catch and release only) and gun dogs.", "created_at": "2024-03-31T15:23:17.000Z", "name": "Gundogbilionair", "id": "1774457374561976320", "verified": false, "profile_image_url": "https://pbs.twimg.com/profile_images/1967185877995487232/u_VAzgYy_normal.jpg"}, {"public_metrics": {"followers_count": 692, "following_count": 3243, "tweet_count": 3958, "listed_count": 6, "like_count": 2433, "media_count": 326}, "username": "PerditaLost", "description": "Faulty human. Saved by Grace. Living by faith. Born of The Spirit. On my way to Glory.   https://t.co/AWUPMSbJcL\n\nhttps://t.co/ca5kbv4p8M", "created_at": "2014-07-27T16:25:12.000Z", "location": "United States", "name": "TSteele", "id": "2685443971", "verified": false, "profile_image_url": "https://pbs.twimg.com/profile_images/1969791334249566209/pcuDrC5N_normal.jpg"}, {"public_metrics": {"followers_count": 364, "following_count": 339, "tweet_count": 9737, "listed_count": 4, "like_count": 28001, "media_count": 1431}, "username": "Freomental", "description": "I block bots, retards and fake Elon, Tesla, etc. no DMs fuck eKaren & your feelings. spot the double entendres", "created_at": "2012-03-05T12:07:51.000Z", "location": "Magrathea", "name": "Wedgism", "id": "515403374", "verified": false, "profile_image_url": "https://pbs.twimg.com/profile_images/1958123651657875456/16whXHso_normal.jpg"}, {"public_metrics": {"followers_count": 296, "following_count": 154, "tweet_count": 4731, "listed_count": 0, "like_count": 10369, "media_count": 113}, "username": "SteeveTruong", "description": "Buying a new Tesla? Use my referral link: https://t.co/kFL0OZ8Rt1", "created_at": "2009-05-16T21:41:46.000Z", "location": "U.S.", "name": "Steve Tee", "id": "40547898", "verified": false, "profile_image_url": "https://pbs.twimg.com/profile_images/1591228735717404672/_aaffejd_normal.jpg"}, {"public_metrics": {"followers_count": 299, "following_count": 171, "tweet_count": 6999, "listed_count": 1, "like_count": 31103, "media_count": 33}, "username": "ekztok", "description": "", "created_at": "2017-10-07T03:07:15.000Z", "name": "Angula", "id": "916500137836298240", "verified": false, "profile_image_url": "https://pbs.twimg.com/profile_images/1387399595789983750/0eyp6vPH_normal.jpg"}, {"public_metrics": {"followers_count": 1385, "following_count": 2204, "tweet_count": 91090, "listed_count": 15, "like_count": 105495, "media_count": 3807}, "username": "Tmore7182", "description": "Independent American Citizen creator of More'sDivineComedyMDC}commenter on bias. WARNING \"All hope abandoned. \u201cYe who enter here\" \"LET'S GO METS\u201d", "created_at": "2015-10-29T12:07:57.000Z", "name": "Tmore718", "id": "4067629349", "verified": false, "profile_image_url": "https://pbs.twimg.com/profile_images/1602995081346162688/vw8QsdcH_normal.jpg"}, {"public_metrics": {"followers_count": 1378, "following_count": 269, "tweet_count": 26977, "listed_count": 15, "like_count": 17654, "media_count": 1146}, "username": "ProfXAbdul", "description": "Website/Vid/Aud dev '95 | ASIC Miner & Meme dev '12 | Cypherpunk | Alien Frens r Kool | Blockchain Digital Identity Management System\u2122", "created_at": "2009-05-01T04:06:51.000Z", "location": "City of Fallen Angels", "name": "Prof X", "id": "36878594", "verified": false, "profile_image_url": "https://pbs.twimg.com/profile_images/1987462321544056832/fC_Ml7ln_normal.jpg"}, {"public_metrics": {"followers_count": 595, "following_count": 27, "tweet_count": 5620, "listed_count": 5, "like_count": 1292, "media_count": 163}, "username": "DOGEmployee_121", "description": "Corrupt Judiciary is currently the biggest issue with DOGE fixing our spending problems.", "created_at": "2024-11-22T03:45:11.000Z", "name": "DOGE Employee 121", "id": "1859805259893207040", "verified": false, "profile_image_url": "https://pbs.twimg.com/profile_images/1969770435081654273/R988EObw_normal.jpg"}, {"public_metrics": {"followers_count": 944, "following_count": 1802, "tweet_count": 18971, "listed_count": 0, "like_count": 108484, "media_count": 2023}, "username": "ceoantony", "description": "\ud83e\udec5\ud83c\udffe\ud83c\udff3\ufe0f\u200d\ud83c\udf08\ud83c\uddfa\ud83c\uddf8", "created_at": "2022-05-29T14:40:41.000Z", "location": "Florida, USA", "name": "KrippyKush", "id": "1530922028613648385", "verified": false, "profile_image_url": "https://pbs.twimg.com/profile_images/1982139683397087232/nI7GNFY9_normal.jpg"}, {"public_metrics": {"followers_count": 3392, "following_count": 1865, "tweet_count": 56086, "listed_count": 19, "like_count": 101018, "media_count": 4822}, "username": "artbyjackied", "description": "Tezos/Objkt.com NFT Artist/Collector.  https://t.co/38hzhkJ9nF. Visual Color Abstracts, Photography, AI. NEWS.  Rants.", "created_at": "2022-02-07T18:54:16.000Z", "location": "United States", "name": "Jackied.tez", "id": "1490760740315275277", "verified": false, "profile_image_url": "https://pbs.twimg.com/profile_images/1997017802742300672/Uo6s10Rf_normal.jpg"}, {"public_metrics": {"followers_count": 50, "following_count": 17, "tweet_count": 1874, "listed_count": 0, "like_count": 39, "media_count": 30}, "username": "TrumpDidthat1", "description": "Nothing pisses off trump more than being called out on his BullS&^T\nSo let\u2019s call him out as often as possible. Empty store shelves? Slap a sticker on them.", "created_at": "2025-05-06T16:49:24.000Z", "name": "Trump Did That", "id": "1919796623464660997", "verified": false, "profile_image_url": "https://pbs.twimg.com/profile_images/1919801934636318720/8b_Wo5JQ_normal.jpg"}, {"public_metrics": {"followers_count": 4515, "following_count": 1228, "tweet_count": 49153, "listed_count": 5, "like_count": 66991, "media_count": 5}, "username": "LindaWa12973469", "description": "", "created_at": "2021-10-29T23:47:01.000Z", "name": "Linda Walsh", "id": "1454233256891756544", "verified": false, "profile_image_url": "https://abs.twimg.com/sticky/default_profile_images/default_profile_normal.png"}, {"public_metrics": {"followers_count": 10, "following_count": 73, "tweet_count": 164, "listed_count": 0, "like_count": 338, "media_count": 0}, "username": "JohnG1776", "description": "", "created_at": "2025-11-20T19:18:55.000Z", "name": "John G", "id": "1991586933181689856", "verified": false, "profile_image_url": "https://pbs.twimg.com/profile_images/1991587154569355264/Soo1GxLz_normal.jpg"}, {"public_metrics": {"followers_count": 22, "following_count": 186, "tweet_count": 204, "listed_count": 0, "like_count": 473, "media_count": 6}, "username": "Pubby01", "description": "", "created_at": "2024-06-10T04:10:11.000Z", "name": "Eric", "id": "1800017503864889344", "verified": false, "profile_image_url": "https://abs.twimg.com/sticky/default_profile_images/default_profile_normal.png"}, {"public_metrics": {"followers_count": 5, "following_count": 226, "tweet_count": 3136, "listed_count": 0, "like_count": 3609, "media_count": 8}, "username": "nicuung6", "description": "", "created_at": "2023-04-19T16:06:04.000Z", "name": "@nicuung6", "id": "1648719399996489728", "verified": false, "profile_image_url": "https://pbs.twimg.com/profile_images/1717037479704788992/rH5cpEbz_normal.jpg"}]}