{"data": [{"verified": false, "public_metrics": {"followers_count": 123, "following_count": 55, "tweet_count": 8492, "listed_count": 1, "like_count": 20, "media_count": 33}, "username": "antoniopty2954", "name": "Antonio Torres", "profile_image_url": "https://pbs.twimg.com/profile_images/1970300892831248384/pcqnJOdv_normal.jpg", "created_at": "2022-10-23T00:14:05.000Z", "id": "1583974549686812674", "description": "Curiosity"}, {"verified": false, "public_metrics": {"followers_count": 0, "following_count": 83, "tweet_count": 1411, "listed_count": 0, "like_count": 2426, "media_count": 19}, "username": "MARYJUA87352535", "name": "Mj", "profile_image_url": "https://abs.twimg.com/sticky/default_profile_images/default_profile_normal.png", "created_at": "2018-05-28T18:05:54.000Z", "id": "1001162663135621120", "description": ""}, {"verified": false, "location": "United States", "public_metrics": {"followers_count": 963, "following_count": 711, "tweet_count": 18683, "listed_count": 3, "like_count": 34478, "media_count": 490}, "username": "AmericanJerron", "name": "Jerron Carlson", "profile_image_url": "https://pbs.twimg.com/profile_images/1837946352099381250/21RKYnYz_normal.jpg", "created_at": "2023-03-01T05:27:31.000Z", "id": "1630801853272436738", "description": "J 1:5 Before I formed thee in the belly I knew thee and before thou camestforth out of the womb I sanctified thee and I ordained thee a prophet unto the nations"}, {"verified": false, "location": "Worldwide", "public_metrics": {"followers_count": 49142, "following_count": 42274, "tweet_count": 6433, "listed_count": 11, "like_count": 44831, "media_count": 3299}, "username": "diamtrader", "name": "Diamtrader", "profile_image_url": "https://pbs.twimg.com/profile_images/1868023086102044672/iCagnTcp_normal.jpg", "created_at": "2023-02-25T17:41:40.000Z", "id": "1629537054987001857", "description": "Where brilliance meets investment and cryptocurrency. Become a Partner: https://t.co/GjqGy5d5cP"}, {"verified": false, "public_metrics": {"followers_count": 34, "following_count": 12, "tweet_count": 958, "listed_count": 0, "like_count": 4, "media_count": 3}, "username": "eliza61665", "name": "Elizabeth Sykes", "profile_image_url": "https://abs.twimg.com/sticky/default_profile_images/default_profile_normal.png", "created_at": "2025-11-02T07:38:13.000Z", "id": "1984887689079111680", "description": ""}, {"verified": false, "location": "Ohio, USA", "public_metrics": {"followers_count": 392, "following_count": 347, "tweet_count": 14936, "listed_count": 2, "like_count": 27875, "media_count": 1601}, "username": "cdschenker00", "name": "Me217", "profile_image_url": "https://pbs.twimg.com/profile_images/1966568420796776448/0narHRw-_normal.jpg", "created_at": "2018-02-23T04:20:54.000Z", "id": "966890587780608000", "description": "sick of hypocrites"}, {"verified": false, "public_metrics": {"followers_count": 32, "following_count": 169, "tweet_count": 2097, "listed_count": 0, "like_count": 2297, "media_count": 197}, "username": "ARAWN_YAGAMI", "name": "ARAWN YAGAMI", "profile_image_url": "https://abs.twimg.com/sticky/default_profile_images/default_profile_normal.png", "created_at": "2013-08-29T21:56:16.000Z", "id": "1711088486", "description": "Cuenta Para follar al gobierno y sus perras arrastradas."}, {"verified": false, "location": "California, USA", "public_metrics": {"followers_count": 1385, "following_count": 2257, "tweet_count": 20625, "listed_count": 41, "like_count": 80097, "media_count": 530}, "username": "FuturePurfect", "name": "Golden Dawn", "profile_image_url": "https://pbs.twimg.com/profile_images/1861457642830602246/Oh3rqstW_normal.jpg", "created_at": "2016-04-20T19:17:57.000Z", "id": "722866914465161219", "description": "Marketing savant leveling up and enriching the lives of all I touch. If you come in here I would appreciate a follow. Thank you my frens"}, {"verified": false, "public_metrics": {"followers_count": 218, "following_count": 353, "tweet_count": 14341, "listed_count": 1, "like_count": 10150, "media_count": 1199}, "username": "ZpntY83017", "name": "\u05d9\u05d0\u05e9\u05d9 \u05e6\u05e4\u05e0\u05ea \u05e4\u05e2\u05e0\u05d7", "profile_image_url": "https://pbs.twimg.com/profile_images/1776970398585729024/75jH4vx7_normal.png", "created_at": "2024-04-07T13:48:51.000Z", "id": "1776970167152504832", "description": "\u05e9\u05d9\u05e8 \u05d4\u05e9\u05d9\u05e8\u05d9\u05dd \u05d6, \u05d9\u05d3\n\u05d4\u05b7\u05bd\u05d3\u05bc\u05d5\u05bc\u05d3\u05b8\u05d0\u05b4\u05a3\u05d9\u05dd \u05e0\u05b8\u05bd\u05ea\u05b0\u05e0\u05d5\u05bc\u05be\u05e8\u05b5\u0597\u05d9\u05d7\u05b7 \u05d5\u05b0\u05e2\u05b7\u05dc\u05be\u05e4\u05b0\u05bc\u05ea\u05b8\u05d7\u05b5\u05a8\u05d9\u05e0\u05d5\u05bc\u0599 \u05db\u05c7\u05bc\u05dc\u05be\u05de\u05b0\u05d2\u05b8\u05d3\u05b4\u0594\u05d9\u05dd \u05d7\u05b2\u05d3\u05b8\u05e9\u05b4\u05c1\u0596\u05d9\u05dd \u05d2\u05b7\u05bc\u05dd\u05be\u05d9\u05b0\u05e9\u05b8\u05c1\u05e0\u05b4\u0591\u05d9\u05dd \u05d3\u05bc\u05d5\u05b9\u05d3\u05b4\u0596\u05d9 \u05e6\u05b8\u05e4\u05b7\u05a5\u05e0\u05b0\u05ea\u05b4\u05bc\u05d9 \u05dc\u05b8\u05bd\u05da\u05b0\u05c3"}, {"verified": false, "public_metrics": {"followers_count": 480, "following_count": 52, "tweet_count": 4020, "listed_count": 0, "like_count": 11403, "media_count": 535}, "username": "Chiaaraa_2020", "name": "nova khalif", "profile_image_url": "https://pbs.twimg.com/profile_images/1959309562395123712/ObrNUox__normal.jpg", "created_at": "2025-08-23T15:09:29.000Z", "id": "1959271438302769152", "description": ""}, {"verified": false, "location": "USA", "public_metrics": {"followers_count": 172, "following_count": 383, "tweet_count": 1723, "listed_count": 0, "like_count": 3575, "media_count": 33}, "username": "Rose17522281", "name": "Rose\ud83d\udc84", "profile_image_url": "https://pbs.twimg.com/profile_images/1980320387972866048/7yPXBIY8_normal.jpg", "created_at": "2022-05-02T20:44:24.000Z", "id": "1521229066199871488", "description": "Abraham Lincoln. I walk slowly, but I never walk backwards\ud83c\uddfa\ud83c\uddf8\ud83c\uddfa\ud83c\uddf8"}, {"verified": false, "location": "\u0baa\u0bbf\u0bb1\u0baa\u0bcd\u0baa\u0bc1 \u0b9a\u0bcb\u0bb4\u0ba8\u0bbe\u0b9f\u0bc1 \u0bb5\u0bbe\u0bb4\u0bcd\u0b95\u0bc8 \u0baa\u0bb2\u0bcd\u0bb2\u0bb5 ", "public_metrics": {"followers_count": 82, "following_count": 329, "tweet_count": 8824, "listed_count": 2, "like_count": 4846, "media_count": 31}, "username": "pbaalaajee", "name": "Balaji", "profile_image_url": "https://pbs.twimg.com/profile_images/1862709507568144384/u8PYK3OV_normal.jpg", "created_at": "2010-03-03T08:21:32.000Z", "id": "119317759", "description": "Reposts are not endorsement, but only meant for an interesting, possibly alternative point of view"}, {"verified": false, "location": "New Jersey, USA", "public_metrics": {"followers_count": 337, "following_count": 239, "tweet_count": 10036, "listed_count": 0, "like_count": 277609, "media_count": 271}, "username": "fefedillenburg", "name": "Maria Dillenburg \ud83c\udde7\ud83c\uddf7\ud83c\uddfa\ud83c\uddf8", "profile_image_url": "https://pbs.twimg.com/profile_images/1979616071343538176/0WlAZXcz_normal.jpg", "created_at": "2015-07-14T13:37:48.000Z", "id": "3375695439", "description": ""}, {"verified": false, "location": "G\u00f6teborg, Sverige", "public_metrics": {"followers_count": 684, "following_count": 944, "tweet_count": 51504, "listed_count": 12, "like_count": 11630, "media_count": 6125}, "username": "Joistein", "name": "J\u00f3i\ud83c\udde9\ud83c\uddf0 \ud83c\uddee\ud83c\uddf8\ud83c\uddf8\ud83c\uddea", "profile_image_url": "https://pbs.twimg.com/profile_images/973673079414165505/UcbQeezf_normal.jpg", "created_at": "2010-01-17T18:57:35.000Z", "id": "105861463", "description": "Elskar demokrati men tyv\u00e4rr kommer den att f\u00f6rsvinna om vi inte stoppar den massiva invandringen fr\u00e5n islamiska l\u00e4nder."}, {"verified": false, "location": "PENNSYLVANIA", "public_metrics": {"followers_count": 0, "following_count": 85, "tweet_count": 1158, "listed_count": 0, "like_count": 696, "media_count": 0}, "username": "JohnKarel226749", "name": "Jacqueline Bliss", "profile_image_url": "https://pbs.twimg.com/profile_images/1995209489344020480/ZGQfRfjU_normal.jpg", "created_at": "2025-11-30T18:52:57.000Z", "id": "1995203968461688833", "description": "DM ME.........."}, {"verified": false, "public_metrics": {"followers_count": 5, "following_count": 4, "tweet_count": 20, "listed_count": 0, "like_count": 14, "media_count": 0}, "username": "MarkAntolovic", "name": "Mark Antolovic", "profile_image_url": "https://abs.twimg.com/sticky/default_profile_images/default_profile_normal.png", "created_at": "2025-09-10T21:35:20.000Z", "id": "1965891646962208769", "description": ""}, {"verified": false, "public_metrics": {"followers_count": 1371, "following_count": 1680, "tweet_count": 24147, "listed_count": 1, "like_count": 31159, "media_count": 922}, "username": "vutomi15", "name": "Wilson Manganyi", "profile_image_url": "https://pbs.twimg.com/profile_images/1878767136694292480/S0D5rkdh_normal.jpg", "created_at": "2011-12-21T07:29:56.000Z", "id": "442569550", "description": ""}, {"verified": false, "public_metrics": {"followers_count": 0, "following_count": 49, "tweet_count": 143, "listed_count": 0, "like_count": 143, "media_count": 0}, "username": "Kosisochuk17697", "name": "Kosisochukwu001", "profile_image_url": "https://pbs.twimg.com/profile_images/1997243845420146688/EsMEsAGC_normal.png", "created_at": "2025-12-06T09:56:54.000Z", "id": "1997243569585987584", "description": ""}, {"verified": false, "location": "dixie", "public_metrics": {"followers_count": 441, "following_count": 458, "tweet_count": 14575, "listed_count": 3, "like_count": 40718, "media_count": 3996}, "username": "cyrusnutley", "name": "cyrusnutley", "profile_image_url": "https://pbs.twimg.com/profile_images/1997362361385000960/50fhnuGU_normal.jpg", "created_at": "2021-01-08T20:57:30.000Z", "id": "1347648603431587840", "description": "Nationalist, descendant of 1620 pilgrims.\nI have a dog in this fight."}, {"verified": false, "location": "Los Angeles", "public_metrics": {"followers_count": 87, "following_count": 520, "tweet_count": 1038, "listed_count": 0, "like_count": 825, "media_count": 1}, "username": "Maria53202901", "name": "Maria Jenny Tseng", "profile_image_url": "https://pbs.twimg.com/profile_images/1990843818032463872/er-0T6NX_normal.jpg", "created_at": "2018-05-20T20:45:58.000Z", "id": "998303844005183493", "description": "Never give up on your dreams"}, {"verified": false, "location": "ISLAMABAD", "public_metrics": {"followers_count": 259, "following_count": 125, "tweet_count": 25937, "listed_count": 2, "like_count": 3129, "media_count": 243}, "username": "Anwar16Habib", "name": "habib anwar", "profile_image_url": "https://pbs.twimg.com/profile_images/464767173076869120/fCFravtq_normal.jpeg", "created_at": "2013-10-27T15:13:45.000Z", "id": "2155934423", "description": "Male retired educational administrator/psy behaviours profound reader"}, {"verified": false, "location": "Dallas, TX", "public_metrics": {"followers_count": 297, "following_count": 383, "tweet_count": 3121, "listed_count": 11, "like_count": 6947, "media_count": 245}, "username": "DenisGritsienko", "name": "Denis Gritsiyenko", "profile_image_url": "https://pbs.twimg.com/profile_images/1592215885648986113/jqJ8nBNf_normal.jpg", "created_at": "2010-12-07T12:57:37.000Z", "id": "223830147", "description": "I like science, philosophy, classical books and music."}, {"verified": false, "public_metrics": {"followers_count": 740, "following_count": 191, "tweet_count": 13839, "listed_count": 1, "like_count": 23057, "media_count": 1}, "username": "JasonHo89168798", "name": "Jason Hoffman", "profile_image_url": "https://abs.twimg.com/sticky/default_profile_images/default_profile_normal.png", "created_at": "2022-04-29T10:31:38.000Z", "id": "1519987633694388224", "description": ""}, {"verified": false, "public_metrics": {"followers_count": 5042, "following_count": 2173, "tweet_count": 42766, "listed_count": 43, "like_count": 93856, "media_count": 5199}, "username": "kinggablim", "name": "Gablim", "profile_image_url": "https://pbs.twimg.com/profile_images/1989402402223521792/9O2F0hMV_normal.jpg", "created_at": "2021-06-26T13:40:10.000Z", "id": "1408782101739098115", "description": "opportunity maxi. adventurer \u2014 \ud83c\uddfa\ud83c\uddf8 | trading since 2013 | RBN _ wagondriver by night."}, {"verified": false, "location": "Really? ", "public_metrics": {"followers_count": 447, "following_count": 1585, "tweet_count": 13502, "listed_count": 1, "like_count": 2808, "media_count": 573}, "username": "ThirtyTwoToo", "name": "32 Too \ud83e\udd37\u200d\u2642\ufe0f", "profile_image_url": "https://pbs.twimg.com/profile_images/1678845787806089217/tF_6sHCv_normal.jpg", "created_at": "2023-07-10T20:06:57.000Z", "id": "1678495868498898955", "description": "Today's Tom Sawyer with mean, mean pride"}, {"verified": false, "public_metrics": {"followers_count": 0, "following_count": 2, "tweet_count": 41, "listed_count": 0, "like_count": 0, "media_count": 12}, "username": "X_Clusive_Vibes", "name": "X-Clusive Vibes", "profile_image_url": "https://pbs.twimg.com/profile_images/1997417908314554368/A3L-h1T5_normal.jpg", "created_at": "2025-12-06T18:04:38.000Z", "id": "1997366476467245056", "description": ""}, {"verified": false, "public_metrics": {"followers_count": 81, "following_count": 123, "tweet_count": 5847, "listed_count": 1, "like_count": 10182, "media_count": 747}, "username": "KaiRinoA1", "name": "KaiRinoA", "profile_image_url": "https://pbs.twimg.com/profile_images/1959642268224131073/mjyAN9Vc_normal.jpg", "created_at": "2018-02-27T20:59:55.000Z", "id": "968591546399559681", "description": "\u306f\u3058\u3081\u307e\u3057\u3066\uff01\u30c9\u30a4\u30c4\u51fa\u8eab\u3067\u3059\ud83c\udde9\ud83c\uddea  \n\u65e5\u672c\u8a9e\u306f\u307e\u3060\u52c9\u5f37\u4e2d\u3067\u3059\u304c\u3001\u307f\u3093\u306a\u3068\u4ef2\u826f\u304f\u3057\u305f\u3044\u3067\u3059\u2728  \n\u3088\u308d\u3057\u304f\u304a\u9858\u3044\u3057\u307e\u3059\uff01\ud83c\udf38"}, {"verified": false, "location": "Iceland", "public_metrics": {"followers_count": 690, "following_count": 1910, "tweet_count": 6142, "listed_count": 4, "like_count": 5263, "media_count": 3692}, "username": "eljagrimur", "name": "\u00c9ljagr\u00edmur", "profile_image_url": "https://pbs.twimg.com/profile_images/1561150109773172739/opUYQxHL_normal.jpg", "created_at": "2022-08-21T00:32:48.000Z", "id": "1561149217715920896", "description": "Animal lover, just a normal ogre spreading love.\ud83e\udef6 It\u2019s really simple, just be a good person. okay bye \u270c\ud83c\udffc"}, {"verified": false, "public_metrics": {"followers_count": 55, "following_count": 4, "tweet_count": 307, "listed_count": 0, "like_count": 49, "media_count": 0}, "username": "RafaelSime4380", "name": "Rafael Simeon", "profile_image_url": "https://pbs.twimg.com/profile_images/1991976375612551168/n2YudB37_normal.png", "created_at": "2025-11-21T21:05:51.000Z", "id": "1991976079247159296", "description": ""}, {"verified": false, "public_metrics": {"followers_count": 121, "following_count": 112, "tweet_count": 3628, "listed_count": 0, "like_count": 1870, "media_count": 35}, "username": "Maximus762399", "name": "Maximus \ud83c\uddfa\ud83c\uddf8\ud83c\udde9\ud83c\uddf0", "profile_image_url": "https://pbs.twimg.com/profile_images/1891144531879383041/V_XkMEkm_normal.jpg", "created_at": "2025-01-08T12:43:53.000Z", "id": "1876973038618742784", "description": "I\u2019m sorry if I offended you \ud83e\udef6"}, {"verified": false, "location": "Sweden", "public_metrics": {"followers_count": 12, "following_count": 40, "tweet_count": 54, "listed_count": 0, "like_count": 54, "media_count": 3}, "username": "NOAH41928144", "name": "NOAH", "profile_image_url": "https://pbs.twimg.com/profile_images/1968934677353545728/fN4ak1Jl_normal.jpg", "created_at": "2022-03-08T23:23:23.000Z", "id": "1501337702003658759", "description": "Building on Ethereum."}, {"verified": false, "public_metrics": {"followers_count": 1173, "following_count": 256, "tweet_count": 21930, "listed_count": 0, "like_count": 13422, "media_count": 0}, "username": "MoondogFor59544", "name": "Forever Moondog", "profile_image_url": "https://abs.twimg.com/sticky/default_profile_images/default_profile_normal.png", "created_at": "2025-01-30T12:25:19.000Z", "id": "1884940779434672128", "description": ""}, {"verified": false, "location": "Warszawa, Poland", "public_metrics": {"followers_count": 345, "following_count": 1446, "tweet_count": 8494, "listed_count": 17, "like_count": 15364, "media_count": 467}, "username": "marsjaninzmarsa", "name": "Kuba Niewiarowski", "profile_image_url": "https://pbs.twimg.com/profile_images/702360651520462850/ZIX4ORZh_normal.png", "created_at": "2009-07-13T00:33:28.000Z", "id": "56236544", "description": "WordPress Developer. Mostly. \ud83d\ude09"}, {"verified": false, "location": "\u092d\u093e\u0930\u0924 \ud83c\uddee\ud83c\uddf3", "public_metrics": {"followers_count": 5532, "following_count": 1994, "tweet_count": 253293, "listed_count": 1, "like_count": 327921, "media_count": 3991}, "username": "poddar_rajendra", "name": "Rajendra Poddar \ud83c\uddee\ud83c\uddf3", "profile_image_url": "https://pbs.twimg.com/profile_images/1460528314884362246/GtVTxlqN_normal.jpg", "created_at": "2014-01-12T07:41:10.000Z", "id": "2287795490", "description": "\u091c\u092f \u0936\u094d\u0930\u0940 \u0915\u0943\u0937\u094d\u0923 \ud83d\ude4f"}, {"verified": false, "public_metrics": {"followers_count": 7708, "following_count": 1036, "tweet_count": 461997, "listed_count": 39, "like_count": 625199, "media_count": 30641}, "username": "blusewillis2", "name": "ANTONIO", "profile_image_url": "https://pbs.twimg.com/profile_images/1598320602066128897/FnW70OyC_normal.jpg", "created_at": "2022-12-01T14:09:42.000Z", "id": "1598318364992102400", "description": "No DM . Impegnato con @bellalilli161"}, {"verified": false, "location": "Hyderabad, Telangana, India ", "public_metrics": {"followers_count": 130, "following_count": 116, "tweet_count": 8200, "listed_count": 0, "like_count": 15280, "media_count": 23}, "username": "rvsramesh", "name": "R.V.S.Ramesh", "profile_image_url": "https://pbs.twimg.com/profile_images/919138443363364864/MU9u-hbG_normal.jpg", "created_at": "2011-09-23T10:50:09.000Z", "id": "378525168", "description": "Educated at Nagpur, working experience of over 30 years in two major PSU Banks in India including a stint as Manager of branch in Paris."}, {"verified": false, "location": "United States ", "public_metrics": {"followers_count": 2786, "following_count": 2505, "tweet_count": 40062, "listed_count": 2, "like_count": 59623, "media_count": 1508}, "username": "saundersm3901", "name": "Michael Saunders PhD", "profile_image_url": "https://pbs.twimg.com/profile_images/1683900852581306369/f_b2-19I_normal.jpg", "created_at": "2011-10-09T00:44:54.000Z", "id": "387405276", "description": "Stop Enabling \u201cThem\u201d #DefundCongress Why pay so they can play. Cut the puppet strings!!! #ChinaVirus Survivor! We must Endeavor to Persevere! Forward is Us!!!"}, {"verified": false, "location": "M\u00e9xico", "public_metrics": {"followers_count": 169, "following_count": 285, "tweet_count": 4261, "listed_count": 0, "like_count": 3455, "media_count": 285}, "username": "c0nde", "name": "BySCM", "profile_image_url": "https://pbs.twimg.com/profile_images/1947713003685662720/K4jijeGa_normal.jpg", "created_at": "2009-11-23T22:10:52.000Z", "id": "92127497", "description": "I love tools and tools love me, AI is a tool and more than that :)\n\n100% AI videos created in my tiktok\n\nhttps://t.co/oOs6oj84ms"}, {"verified": false, "public_metrics": {"followers_count": 1, "following_count": 5, "tweet_count": 40, "listed_count": 0, "like_count": 23, "media_count": 1}, "username": "soggy_tot", "name": "Soggy", "profile_image_url": "https://pbs.twimg.com/profile_images/1990668573896015872/9JB4jLSm_normal.jpg", "created_at": "2012-01-09T02:05:30.000Z", "id": "458889788", "description": ""}, {"verified": false, "public_metrics": {"followers_count": 1541, "following_count": 886, "tweet_count": 52648, "listed_count": 67, "like_count": 46711, "media_count": 246}, "username": "HelenaIsRight05", "name": "Helena", "profile_image_url": "https://pbs.twimg.com/profile_images/1823099763186647040/SHiTZhWq_normal.jpg", "created_at": "2024-08-12T20:16:17.000Z", "id": "1823090878468239362", "description": ""}, {"verified": false, "location": "Portland, OR", "public_metrics": {"followers_count": 289, "following_count": 1142, "tweet_count": 3932, "listed_count": 0, "like_count": 4606, "media_count": 117}, "username": "BrianBrunscheon", "name": "Brian Brunscheon", "profile_image_url": "https://pbs.twimg.com/profile_images/1983075804486742019/SBsJ9F8V_normal.jpg", "created_at": "2025-10-28T04:30:25.000Z", "id": "1983028439289593856", "description": "Just another robotic leprechaun angry at the world.\nI can only offer feet pics as compensation for art at this time. I'm a terrible flirt. Maybe I'm an uncle."}, {"verified": false, "public_metrics": {"followers_count": 210, "following_count": 669, "tweet_count": 4680, "listed_count": 1, "like_count": 16240, "media_count": 61}, "username": "ebenjam1", "name": "Benjamin", "profile_image_url": "https://pbs.twimg.com/profile_images/819397487974875136/F5b07Jwy_normal.jpg", "created_at": "2012-06-08T10:16:59.000Z", "id": "602721435", "description": "#Frexit La libert\u00e9 ne passe pas par les urnes. \u00c9tudiez l\u2019Histoire si vous pensez le contraire. Pour que meure la Raie publique et que vive la France \u269c\ufe0f"}, {"verified": false, "public_metrics": {"followers_count": 450, "following_count": 14, "tweet_count": 1304, "listed_count": 0, "like_count": 3, "media_count": 1}, "username": "krwessel", "name": "Kurt Wessel", "profile_image_url": "https://pbs.twimg.com/profile_images/1858981177656233984/ZLDeEU56_normal.png", "created_at": "2024-11-19T21:10:25.000Z", "id": "1858980903688523776", "description": ""}, {"verified": false, "location": "United States ", "public_metrics": {"followers_count": 2661, "following_count": 537, "tweet_count": 478, "listed_count": 0, "like_count": 88294, "media_count": 9}, "username": "PaGrammy110", "name": "Luvs Tigers", "profile_image_url": "https://pbs.twimg.com/profile_images/1994571548175286272/zFe_Pmo7_normal.jpg", "created_at": "2025-02-08T22:45:42.000Z", "id": "1888358461206884353", "description": ""}, {"verified": false, "public_metrics": {"followers_count": 0, "following_count": 0, "tweet_count": 8, "listed_count": 0, "like_count": 0, "media_count": 0}, "username": "ArlyneT81090", "name": "Arlyne Tejedor", "profile_image_url": "https://pbs.twimg.com/profile_images/1993130060778553348/v1ZSpfrc_normal.jpg", "created_at": "2025-11-25T01:30:08.000Z", "id": "1993130043737096192", "description": ""}, {"verified": false, "public_metrics": {"followers_count": 149, "following_count": 1523, "tweet_count": 4033, "listed_count": 0, "like_count": 8734, "media_count": 159}, "username": "MeganNMusk_2026", "name": "M\u0113gan Nicole DeMarco age 40 \ud83c\uddfa\ud83c\uddf8", "profile_image_url": "https://pbs.twimg.com/profile_images/1995775014680096768/89m4kKvj_normal.jpg", "created_at": "2025-10-31T13:02:43.000Z", "id": "1984244058181791745", "description": "GOD works through the smallest of actions watch what you do because one act can change a life both positively and negatively"}, {"verified": false, "location": "http://www.HomeAndHavoc.com", "public_metrics": {"followers_count": 336, "following_count": 44, "tweet_count": 2399, "listed_count": 0, "like_count": 2455, "media_count": 24}, "username": "BoriquaKiss1969", "name": "Reimagining original art pieces.", "profile_image_url": "https://pbs.twimg.com/profile_images/1989048858949697536/gegcvIOj_normal.jpg", "created_at": "2022-01-22T20:25:47.000Z", "id": "1484985526566498314", "description": "https://t.co/LArTMdaLUX"}, {"verified": false, "location": "Bluffton, SC", "public_metrics": {"followers_count": 3515, "following_count": 2156, "tweet_count": 26097, "listed_count": 27, "like_count": 19805, "media_count": 620}, "username": "DocBorelli", "name": "Dr. Joe Borelli", "profile_image_url": "https://pbs.twimg.com/profile_images/1822806568007516160/x5Pp-ZLs_normal.jpg", "created_at": "2013-05-15T15:37:39.000Z", "id": "1430774100", "description": "\ud83e\ude7b M.D. radiologist & MRI clinic owner | Chaired committee writing U.S. MRI accreditation standards | Filmmaker | All tweets IMO | No investment/medical advice"}, {"verified": false, "location": "Ontario, Canada", "public_metrics": {"followers_count": 275, "following_count": 782, "tweet_count": 18791, "listed_count": 16, "like_count": 18052, "media_count": 226}, "username": "FaLCoNsKyMaStEr", "name": "Timothy Jr", "profile_image_url": "https://pbs.twimg.com/profile_images/1584822795900538880/h2goBufN_normal.jpg", "created_at": "2011-09-21T23:47:51.000Z", "id": "377692004", "description": "38 Years Old, Enjoys Sports/Hobbies and tinkering, Electronic and Mechanical Enthusiast. Love playing around with telescopes and other small hobbies. Pro-NATO"}, {"verified": false, "location": "Slightly out of tune", "public_metrics": {"followers_count": 1591, "following_count": 1233, "tweet_count": 57670, "listed_count": 4, "like_count": 110570, "media_count": 2592}, "username": "Fisho___", "name": "Tarot Michaels", "profile_image_url": "https://pbs.twimg.com/profile_images/1887798766100742144/LeWRKo2P_normal.jpg", "created_at": "2022-04-26T01:08:52.000Z", "id": "1518758938602516480", "description": "Tarot is a flyfisher....\n\nnon accidit quod praedictum est"}, {"verified": false, "public_metrics": {"followers_count": 98, "following_count": 115, "tweet_count": 1692, "listed_count": 1, "like_count": 3244, "media_count": 12}, "username": "DubMick1775", "name": "Mick1776", "profile_image_url": "https://pbs.twimg.com/profile_images/1975631648726175744/bQphsLYS_normal.jpg", "created_at": "2025-10-07T18:36:01.000Z", "id": "1975631140351365120", "description": ""}, {"verified": false, "public_metrics": {"followers_count": 82, "following_count": 349, "tweet_count": 5939, "listed_count": 1, "like_count": 2520, "media_count": 10}, "username": "jp_2204", "name": "JPtruth", "profile_image_url": "https://pbs.twimg.com/profile_images/1980828938138968064/yr4TtDLn_normal.jpg", "created_at": "2009-08-20T15:48:24.000Z", "id": "67347414", "description": ""}, {"verified": false, "public_metrics": {"followers_count": 1040, "following_count": 1520, "tweet_count": 68735, "listed_count": 2, "like_count": 78226, "media_count": 6557}, "username": "fractalchelou", "name": "Albert P\u00e9tulance", "profile_image_url": "https://pbs.twimg.com/profile_images/1926446054246842368/FP4C78_4_normal.jpg", "created_at": "2022-01-14T11:43:28.000Z", "id": "1481955084980346881", "description": "Si t'es pas gentil tu seras bouilli.\nSi t'es gentil tu seras r\u00f4ti.\n\nLes poissons savent-ils qu'ils vivent dans l'eau ?"}, {"verified": false, "location": "\u2600\ufe0f Florida, USA", "public_metrics": {"followers_count": 837, "following_count": 148, "tweet_count": 109155, "listed_count": 0, "like_count": 155328, "media_count": 95486}, "username": "John_ONeill1213", "name": "John Francis", "profile_image_url": "https://pbs.twimg.com/profile_images/1739377490664009728/rKiKorbq_normal.jpg", "created_at": "2023-12-25T20:08:04.000Z", "id": "1739377367443791872", "description": "Christian & Amateur Boxer. Independent Baptist KJV 1611. JESUS CHRIST IS MY SAVIOUR. College Graduate. U.S. Army. Run 16 miles per week. MAGA."}, {"verified": false, "location": "\u4e2d\u56fd\u65b0\u7586", "public_metrics": {"followers_count": 3607, "following_count": 6279, "tweet_count": 1379, "listed_count": 1, "like_count": 5764, "media_count": 828}, "username": "skaii120794", "name": "\u4f0a\u7281\u522b\u514b\uff08\u4e92fo100\uff05\u4e92\u8d5e\uff0c\ud83d\ude84\u51b210000\uff09", "profile_image_url": "https://pbs.twimg.com/profile_images/1915422376960860160/WX6eMnNO_normal.jpg", "created_at": "2024-08-14T09:46:40.000Z", "id": "1823657222196617219", "description": "\u4e00\u540d\u5bfc\u6e38\uff0c\u7528\u76f8\u673a\u8bb0\u5f55\u751f\u6d3b\uff0c\u7528\u955c\u5934\u6355\u6349\u6bcf\u4e00\u4e2a\u7f8e\u597d\u77ac\u95f4\uff01\nI am a tour guide, recording life with a camera, capturing every beautiful moment with a lens."}, {"verified": false, "public_metrics": {"followers_count": 1349, "following_count": 1089, "tweet_count": 144761, "listed_count": 6, "like_count": 95076, "media_count": 11523}, "username": "emurderhornet", "name": "E-Murder hornet the most MAGA murder hornet", "profile_image_url": "https://pbs.twimg.com/profile_images/1352629398449614850/AWxbNEW5_normal.jpg", "created_at": "2021-01-22T14:48:39.000Z", "id": "1352629122707632130", "description": ""}, {"verified": false, "location": "Canada", "public_metrics": {"followers_count": 2519, "following_count": 1017, "tweet_count": 144140, "listed_count": 0, "like_count": 180709, "media_count": 708}, "username": "KiersteadLinda", "name": "Linda Kierstead", "profile_image_url": "https://pbs.twimg.com/profile_images/1817683481234685952/PC1XfVkk_normal.jpg", "created_at": "2022-02-21T15:20:55.000Z", "id": "1495780409870848007", "description": "I'm a cranky old lady. I don\u2019t reply to dms, so don\u2019t waste your time"}, {"verified": false, "location": "Georgia", "public_metrics": {"followers_count": 140, "following_count": 83, "tweet_count": 504, "listed_count": 0, "like_count": 1319, "media_count": 124}, "username": "ezmai87", "name": "Ia_Iamze Kiknadze", "profile_image_url": "https://pbs.twimg.com/profile_images/1984079365332701184/blZKqFY-_normal.jpg", "created_at": "2021-12-02T23:05:06.000Z", "id": "1466543785702219780", "description": "Independent Journalist."}, {"verified": false, "public_metrics": {"followers_count": 81, "following_count": 297, "tweet_count": 1167, "listed_count": 0, "like_count": 799, "media_count": 528}, "username": "chungbk14", "name": "Chungbk14", "profile_image_url": "https://pbs.twimg.com/profile_images/1973295764375023617/PMwznW9J_normal.jpg", "created_at": "2025-10-01T07:55:40.000Z", "id": "1973295684800618498", "description": ""}, {"verified": false, "public_metrics": {"followers_count": 77, "following_count": 81, "tweet_count": 290, "listed_count": 0, "like_count": 145, "media_count": 136}, "username": "OgmiosG", "name": "Larry G Corbett", "profile_image_url": "https://pbs.twimg.com/profile_images/1760401129962192896/pVoTIMp7_normal.jpg", "created_at": "2024-01-16T19:58:48.000Z", "id": "1747347609943986176", "description": ""}, {"verified": false, "public_metrics": {"followers_count": 10143, "following_count": 10625, "tweet_count": 80790, "listed_count": 10, "like_count": 165469, "media_count": 998}, "username": "HenriLeJeune1", "name": "Henri LeJeune", "profile_image_url": "https://pbs.twimg.com/profile_images/1928444369813569537/0SviPvY-_normal.jpg", "created_at": "2013-01-20T03:30:30.000Z", "id": "1105278212", "description": "Writer, editor and analyst from south Louisiana. Human space exploration/settlement enthusiast. Mars Society member. Free speech and smaller government!"}, {"verified": false, "location": "United States", "public_metrics": {"followers_count": 127, "following_count": 112, "tweet_count": 2532, "listed_count": 1, "like_count": 5254, "media_count": 81}, "username": "mikewoodCL", "name": "Mike Wood", "profile_image_url": "https://pbs.twimg.com/profile_images/1996373372532338688/pR5thVnX_normal.jpg", "created_at": "2025-11-16T04:36:39.000Z", "id": "1989915341187682304", "description": "Conservative (the classical liberal type). Deeply concerned about the MAGA-inspired moral rot seeping into the Republican Party and the country."}, {"verified": false, "public_metrics": {"followers_count": 1451, "following_count": 47, "tweet_count": 2892, "listed_count": 0, "like_count": 324, "media_count": 4}, "username": "StutRich226677", "name": "Rich stut", "profile_image_url": "https://pbs.twimg.com/profile_images/1936243365768482816/1rQy5EQW_normal.jpg", "created_at": "2025-06-21T02:02:10.000Z", "id": "1936243081424388099", "description": ""}, {"verified": false, "location": "IOWA", "public_metrics": {"followers_count": 12404, "following_count": 5696, "tweet_count": 47762, "listed_count": 32, "like_count": 99731, "media_count": 26867}, "username": "FreakySquid69", "name": "FreakySquid3", "profile_image_url": "https://pbs.twimg.com/profile_images/1989475705516638209/xELDOS1r_normal.jpg", "created_at": "2023-07-21T18:25:35.000Z", "id": "1682456752065859588", "description": "MAGA-America First Navy Vet \nGod is Great  ...  Democrats are Evil ... Elon saved free speech\nI repost funny shit, if you don't like it. I find that funny too."}, {"verified": false, "location": "Lyon, France", "public_metrics": {"followers_count": 568, "following_count": 254, "tweet_count": 10460, "listed_count": 0, "like_count": 36554, "media_count": 423}, "username": "JeanLucGUINOT1", "name": "Jean-Luc Guinot", "profile_image_url": "https://pbs.twimg.com/profile_images/1937567242218082304/ommsM6Wh_normal.jpg", "created_at": "2023-01-22T18:04:15.000Z", "id": "1617221546719707136", "description": "Le fascisme peut revenir sur la sc\u00e8ne \u00e0 condition qu'il s'appelle anti-fascisme"}, {"verified": false, "location": "Mooresville, IN", "public_metrics": {"followers_count": 371, "following_count": 1000, "tweet_count": 7205, "listed_count": 1, "like_count": 34648, "media_count": 147}, "username": "KelliBl18211751", "name": "CurlyKel", "profile_image_url": "https://pbs.twimg.com/profile_images/1718449607632396288/Zdu3MQiH_normal.jpg", "created_at": "2022-10-29T01:32:20.000Z", "id": "1586168960172572674", "description": ""}, {"verified": false, "public_metrics": {"followers_count": 60, "following_count": 45, "tweet_count": 3516, "listed_count": 0, "like_count": 1601, "media_count": 20}, "username": "frank7429", "name": "Frank Monk", "profile_image_url": "https://abs.twimg.com/sticky/default_profile_images/default_profile_normal.png", "created_at": "2016-10-05T07:44:10.000Z", "id": "783573477831745541", "description": ""}, {"verified": false, "location": "San Juan, Puerto Rico", "public_metrics": {"followers_count": 129, "following_count": 197, "tweet_count": 2067, "listed_count": 0, "like_count": 14114, "media_count": 174}, "username": "jelkayjoaco", "name": "JDS", "profile_image_url": "https://pbs.twimg.com/profile_images/1842283954646200320/8TWZbdip_normal.jpg", "created_at": "2014-10-27T17:17:56.000Z", "id": "2846985977", "description": "From the Caribbean. Mother, wife, attorney. Love my Island. Supporter of freedom, democracy, hope, change, and fairness."}, {"verified": false, "public_metrics": {"followers_count": 678, "following_count": 1018, "tweet_count": 6436, "listed_count": 1, "like_count": 12830, "media_count": 195}, "username": "OracleX82002", "name": "Oracle X", "profile_image_url": "https://pbs.twimg.com/profile_images/1799912696541765632/_uEfPDoK_normal.jpg", "created_at": "2023-11-27T14:52:50.000Z", "id": "1729151180238901248", "description": "HELP ME BOOST MY ACCOUNT TO 10M\nFOLLOWERS \ud83c\udf1f I BELIEVE IN U GUYS \ud83d\ude4f\ud83c\udfff\ud83c\udf88"}, {"verified": false, "public_metrics": {"followers_count": 9, "following_count": 26, "tweet_count": 43, "listed_count": 0, "like_count": 33, "media_count": 12}, "username": "ssjserenaa", "name": "Serena", "profile_image_url": "https://pbs.twimg.com/profile_images/1961832055458648064/ZeNq6LSS_normal.jpg", "created_at": "2012-09-27T22:13:54.000Z", "id": "850048129", "description": "panic orders food then immediately regrets it."}, {"verified": false, "public_metrics": {"followers_count": 1770, "following_count": 648, "tweet_count": 13633, "listed_count": 2, "like_count": 9733, "media_count": 1260}, "username": "Sarah243224", "name": "Sarah", "profile_image_url": "https://abs.twimg.com/sticky/default_profile_images/default_profile_normal.png", "created_at": "2024-05-19T16:29:33.000Z", "id": "1792231043149234176", "description": "No DM's. Imposters... JUST STOP: You are boring."}, {"verified": false, "location": "Turn Notifications ON\ud83c\udf36\ufe0f", "public_metrics": {"followers_count": 1322, "following_count": 48, "tweet_count": 54954, "listed_count": 0, "like_count": 48700, "media_count": 4960}, "username": "AakurrVladimir", "name": "\u2620\ufe0fAloe.\ud83e\udd23\ud83c\udde8\ud83c\uddfe", "profile_image_url": "https://pbs.twimg.com/profile_images/1636090064915537920/Ben4HKos_normal.jpg", "created_at": "2022-09-14T12:57:05.000Z", "id": "1570033813513768962", "description": "HUMANIST\ud83e\udd1dWhen Corrupt Politicians Start Going To Prison,We Can Start Trusting The Government Again\ud83e\udd98Amalanga Awafani | Fuck The Extremist!!"}, {"verified": false, "location": "In YOUR mind #rentfree", "public_metrics": {"followers_count": 79, "following_count": 30, "tweet_count": 51317, "listed_count": 2, "like_count": 5703, "media_count": 15515}, "username": "NYGiants0308", "name": "NYFAN\u2764\ufe0f", "profile_image_url": "https://pbs.twimg.com/profile_images/1889523593991639040/sdR9Cyfq_normal.jpg", "created_at": "2022-10-30T20:15:20.000Z", "id": "1586813859960180736", "description": "NO DMS, \ud83d\udeab\u26d4\ufe0f\ud83d\udcf5 Pronouns: told/you/so; USN \u2693\ufe0f"}, {"verified": false, "location": "Ohio, USA", "public_metrics": {"followers_count": 10310, "following_count": 1063, "tweet_count": 91932, "listed_count": 3, "like_count": 397317, "media_count": 4223}, "username": "Perich_Suzanne", "name": "Suzanne Perich", "profile_image_url": "https://pbs.twimg.com/profile_images/1995943062950813696/LxQc89Xb_normal.jpg", "created_at": "2022-10-30T13:37:44.000Z", "id": "1586713648038289408", "description": "Just do stuff and learn things. You can get better at most things that you keep at.\u2698\ufe0f\ud83e\udef6\ud83c\uddfa\ud83c\uddf2\ud83c\udf84\u2728\ufe0f\ud83c\udf81\u2603\ufe0f"}, {"verified": false, "location": "Mzansi\ud83c\uddff\ud83c\udde6\ud83c\uddff\ud83c\udde6\ud83c\uddff\ud83c\udde6\ud83c\uddff\ud83c\udde6\ud83c\uddff\ud83c\udde6\ud83c\uddff\ud83c\udde6", "public_metrics": {"followers_count": 630, "following_count": 801, "tweet_count": 15136, "listed_count": 2, "like_count": 62432, "media_count": 12}, "username": "Thasoles1", "name": "Thasoles", "profile_image_url": "https://pbs.twimg.com/profile_images/1563468477637136384/9OU3xttW_normal.jpg", "created_at": "2022-04-03T16:31:01.000Z", "id": "1510656078043824130", "description": "Mzansi my beloved beautiful country \ud83d\ude0d\ud83d\ude0d\ud83d\ude0d\ud83c\uddff\ud83c\udde6\ud83c\uddff\ud83c\udde6\ud83c\uddff\ud83c\udde6\ud83c\uddff\ud83c\udde6\ud83c\uddff\ud83c\udde6"}, {"verified": false, "location": "Southwest USA, Arizona ", "public_metrics": {"followers_count": 1339, "following_count": 126, "tweet_count": 6457, "listed_count": 0, "like_count": 3048, "media_count": 4}, "username": "Brenda940887479", "name": "BrendaGrok", "profile_image_url": "https://pbs.twimg.com/profile_images/1953964698447310848/uIg8Ow80_normal.png", "created_at": "2025-08-08T23:41:01.000Z", "id": "1953964409413636096", "description": "Master Teacher| 25+ I am here to nurture minds and souls through words,faith and service.  |Grok ignite independent thinkers!"}, {"verified": false, "location": "England, United Kingdom", "public_metrics": {"followers_count": 225, "following_count": 30, "tweet_count": 1346, "listed_count": 0, "like_count": 67, "media_count": 17}, "username": "247BusinessPro", "name": "Leslie R Robinson", "profile_image_url": "https://pbs.twimg.com/profile_images/1968725259898544128/-00vudof_normal.jpg", "created_at": "2025-09-18T17:07:40.000Z", "id": "1968723565001207814", "description": "UK based author (The 24/7 Business Guides) and Business owner. Here for conversation and maybe more (but NO 'please buy' 'subscribe' requests\u2026 it won't happen)"}, {"verified": false, "public_metrics": {"followers_count": 110, "following_count": 40, "tweet_count": 20257, "listed_count": 0, "like_count": 21596, "media_count": 11}, "username": "HTC1676594", "name": "HT", "profile_image_url": "https://pbs.twimg.com/profile_images/1942265210678501376/HZpzOj5z_normal.jpg", "created_at": "2025-06-14T06:08:51.000Z", "id": "1933768488616644608", "description": ""}, {"verified": false, "public_metrics": {"followers_count": 4, "following_count": 161, "tweet_count": 32, "listed_count": 0, "like_count": 3671, "media_count": 0}, "username": "Em1692721046819", "name": "Em", "profile_image_url": "https://abs.twimg.com/sticky/default_profile_images/default_profile_normal.png", "created_at": "2024-09-23T15:52:18.000Z", "id": "1838244885104902144", "description": ""}, {"verified": false, "location": "Australia", "public_metrics": {"followers_count": 26, "following_count": 18, "tweet_count": 1424, "listed_count": 5, "like_count": 2, "media_count": 9}, "username": "beamriders", "name": "KD-35 Dualfeed Autogun system", "profile_image_url": "https://pbs.twimg.com/profile_images/1080261492623081472/UFMlVW3a_normal.jpg", "created_at": "2011-04-28T12:27:36.000Z", "id": "289312089", "description": "spaceships! and other random things.\nI do acknowledge i dont have a photo, and my username is jibberish. I type what i feel, I accept and give rebuffs!"}, {"verified": false, "public_metrics": {"followers_count": 6, "following_count": 6, "tweet_count": 75, "listed_count": 0, "like_count": 251, "media_count": 0}, "username": "IkbalNori45683", "name": "Ikbal Nori", "profile_image_url": "https://pbs.twimg.com/profile_images/1907374867847995392/w36yTMTF_normal.jpg", "created_at": "2025-04-02T10:07:28.000Z", "id": "1907374274987339776", "description": "Nitrograph"}, {"verified": false, "public_metrics": {"followers_count": 1936, "following_count": 2, "tweet_count": 45436, "listed_count": 1, "like_count": 4, "media_count": 3667}, "username": "gt41135476", "name": "gt", "profile_image_url": "https://pbs.twimg.com/profile_images/1544584033748656128/Not5RDup_normal.jpg", "created_at": "2022-07-06T07:27:41.000Z", "id": "1544583767305555969", "description": "\u30b7\u30e3\u30c9\u30a6\u30d0\u30f3\u4e2d\u3002Shadowbanned as spam. Under attack by scammers. This is open account."}, {"verified": false, "public_metrics": {"followers_count": 66, "following_count": 39, "tweet_count": 72, "listed_count": 0, "like_count": 30, "media_count": 2}, "username": "QZNM_Coin_Sol", "name": "Quarter-Zips N' Matcha Coin", "profile_image_url": "https://pbs.twimg.com/profile_images/1997033387987734529/6wXi_-SE_normal.png", "created_at": "2025-12-05T20:00:37.000Z", "id": "1997033326478323712", "description": "Performs better than most males."}, {"verified": false, "location": "Utah, USA", "public_metrics": {"followers_count": 114, "following_count": 111, "tweet_count": 594, "listed_count": 0, "like_count": 1110, "media_count": 25}, "username": "MichaelRJo10417", "name": "Blackbox Jonesy", "profile_image_url": "https://pbs.twimg.com/profile_images/1983038991156031492/BFsKxZ4l_normal.jpg", "created_at": "2024-08-16T16:29:01.000Z", "id": "1824483457285980160", "description": "Your Uncontrolled Variable | Navy Vet turned Reliability Engineer \u2693 | Brace for Shock"}, {"verified": false, "public_metrics": {"followers_count": 740, "following_count": 361, "tweet_count": 32934, "listed_count": 23, "like_count": 8807, "media_count": 8258}, "username": "deOuweMeester", "name": "Calvin J. Nielsie", "profile_image_url": "https://pbs.twimg.com/profile_images/1979659273299759104/8fZtYyFW_normal.jpg", "created_at": "2021-05-28T21:41:56.000Z", "id": "1398394059849441283", "description": "This is the fast lane, folks...and some of us like it here."}, {"verified": false, "location": "Planet Earth", "public_metrics": {"followers_count": 752, "following_count": 4825, "tweet_count": 20631, "listed_count": 13, "like_count": 43, "media_count": 1408}, "username": "StarRider8008", "name": "Hans-Petter Bekeng", "profile_image_url": "https://pbs.twimg.com/profile_images/378800000802987751/2786441399a38f720b2c66b05cf43c1e_normal.jpeg", "created_at": "2009-07-19T17:25:47.000Z", "id": "58244415", "description": "Owns 1.1% of TESLA. The boss of Elon Musk. Richest man alive.\n\nOwner of 1.28% of ALL US stock listed equities, and 1.5% of ALL the WORLDS TOTAL EQUITIES !!"}, {"verified": false, "public_metrics": {"followers_count": 3, "following_count": 11, "tweet_count": 27, "listed_count": 0, "like_count": 203, "media_count": 0}, "username": "thectoguyhere", "name": "CTO guy", "profile_image_url": "https://pbs.twimg.com/profile_images/1993856339085283328/T9vG61Hd_normal.jpg", "created_at": "2025-11-27T01:36:01.000Z", "id": "1993856236358651907", "description": ""}, {"verified": false, "public_metrics": {"followers_count": 4583, "following_count": 3340, "tweet_count": 20893, "listed_count": 71, "like_count": 161452, "media_count": 13777}, "username": "rtxvet", "name": "\ud83c\uddfa\ud83c\uddf8 Pale Patriot \ud83c\uddfa\ud83c\uddf8", "profile_image_url": "https://pbs.twimg.com/profile_images/1742507376559665153/fJHl5xeY_normal.jpg", "created_at": "2023-01-21T01:55:42.000Z", "id": "1616615438204473344", "description": "Texas born and raised, Combat Veteran 101st Airborne \ud83e\udd85, Trump won #MAGA! \ud83e\udee1\ud83c\uddfa\ud83c\uddf8\ud83c\udff4\u200d\u2620\ufe0f\ud83e\udeb6\u2764\ufe0f\ud83d\udc80 #LandManagement #ratedR Meme Recycler \u267b\ufe0f Do your part"}, {"verified": false, "public_metrics": {"followers_count": 152, "following_count": 54, "tweet_count": 7294, "listed_count": 2, "like_count": 41218, "media_count": 324}, "username": "jackerboys43", "name": "Burton", "profile_image_url": "https://pbs.twimg.com/profile_images/1723868664552890368/zMj8zAf-_normal.jpg", "created_at": "2023-07-17T00:31:22.000Z", "id": "1680736839228092416", "description": ""}, {"verified": false, "location": "Floriduh", "public_metrics": {"followers_count": 117, "following_count": 331, "tweet_count": 2561, "listed_count": 0, "like_count": 10500, "media_count": 450}, "username": "fatfaizonliar", "name": "Charles Ferguson \ud83c\uddf5\ud83c\uddf8", "profile_image_url": "https://pbs.twimg.com/profile_images/1707438464419979264/5EBQ0VWe_normal.jpg", "created_at": "2022-08-20T03:41:55.000Z", "id": "1560834442834415621", "description": "here to discuss literature, music, comedy..."}, {"verified": false, "public_metrics": {"followers_count": 0, "following_count": 9, "tweet_count": 19, "listed_count": 0, "like_count": 13, "media_count": 0}, "username": "ShelbyToma49249", "name": "Y-A", "profile_image_url": "https://pbs.twimg.com/profile_images/1993785392605130752/dIUh86DR_normal.jpg", "created_at": "2025-04-09T20:30:29.000Z", "id": "1910067734853120000", "description": ""}, {"verified": false, "public_metrics": {"followers_count": 1555, "following_count": 291, "tweet_count": 9223, "listed_count": 1, "like_count": 10110, "media_count": 323}, "username": "MichaelLesko9", "name": "Michael Lesko", "profile_image_url": "https://pbs.twimg.com/profile_images/1559271688377868289/qOySYXHY_normal.jpg", "created_at": "2022-08-15T20:11:54.000Z", "id": "1559271606786179072", "description": "90% of my followers are fake Elon Musk accounts or scammers posing as hot women. I really feel like I\u2019m making a difference."}, {"verified": false, "public_metrics": {"followers_count": 1263, "following_count": 1576, "tweet_count": 9100, "listed_count": 1, "like_count": 71763, "media_count": 951}, "username": "MakeItBettert22", "name": "Make It Better Together \ud83c\uddfa\ud83c\uddf2\ud83c\uddfa\ud83c\udde6", "profile_image_url": "https://pbs.twimg.com/profile_images/1477480244718227457/SOg6R6FV_normal.jpg", "created_at": "2022-01-02T03:20:01.000Z", "id": "1477479699941101572", "description": "MN gal who wants people to think and be kind when we disagree.\nWife, mom, Nama and 30 year USAF Vet.\nIntegrity matters!\nVote BLUE!"}, {"verified": false, "public_metrics": {"followers_count": 160859, "following_count": 39, "tweet_count": 14829, "listed_count": 351, "like_count": 372, "media_count": 0}, "username": "sweethrery", "name": "\u767d\u6c34\u52a0VC", "profile_image_url": "https://pbs.twimg.com/profile_images/1910699136103682048/5Jub4PlG_normal.jpg", "created_at": "2020-01-24T20:41:23.000Z", "id": "1220808801445728257", "description": "\u539f\u521b\u535a\u4e3b\uff5c\u4e0d\u6b62\u4e8e\u8db3\uff5c\u7ebf\u4e0b\u7d20\u4eba\u6a21\u7279\u63a8\u8350\uff5c\u63a5\u89c6\u9891\u5b9a\u5236\uff5c\u4e0d\u5b9a\u65f6\u5220\u5e16\uff5c\u53ea\u8fdb\u5165\u8eab\u4f53\uff0c\u4e0d\u8fdb\u5165\u751f\u6d3b"}, {"verified": false, "location": "bucuresti", "public_metrics": {"followers_count": 10, "following_count": 95, "tweet_count": 42, "listed_count": 2, "like_count": 30, "media_count": 1}, "username": "dani3l19", "name": "cosma daniel", "profile_image_url": "https://pbs.twimg.com/profile_images/1242014514910048256/vEdVw4-Z_normal.jpg", "created_at": "2009-11-07T19:35:24.000Z", "id": "88253808", "description": ""}, {"verified": false, "location": "Jamaica", "public_metrics": {"followers_count": 0, "following_count": 5, "tweet_count": 4, "listed_count": 0, "like_count": 1, "media_count": 0}, "username": "Jason9046534161", "name": "Jason", "profile_image_url": "https://pbs.twimg.com/profile_images/1734651354050887680/w0QL3Bln_normal.jpg", "created_at": "2023-12-12T19:07:56.000Z", "id": "1734651279476142080", "description": "I only follow those who love coffee."}, {"verified": false, "location": "Thornton, CO", "public_metrics": {"followers_count": 3810, "following_count": 2908, "tweet_count": 17260, "listed_count": 4, "like_count": 78951, "media_count": 1858}, "username": "TJAllisonGolf", "name": "Terry Allison", "profile_image_url": "https://pbs.twimg.com/profile_images/1966733360442863618/ReJOTPu5_normal.jpg", "created_at": "2021-08-14T07:13:19.000Z", "id": "1426441604550647812", "description": "Watch Designer & Manufacturer"}, {"verified": false, "location": "Vancouver, British Columbia", "public_metrics": {"followers_count": 58, "following_count": 74, "tweet_count": 2521, "listed_count": 0, "like_count": 1020, "media_count": 24}, "username": "julie_hockettt", "name": "Julie Hockett\ud83c\udde8\ud83c\udde6", "profile_image_url": "https://pbs.twimg.com/profile_images/1929587561002909696/7mwr9tmY_normal.jpg", "created_at": "2024-04-27T18:13:32.000Z", "id": "1784284712363757568", "description": "Tumbleweed is my nickname, descriptive because it took many years to decide on my profession. Crypto. Trader"}, {"verified": false, "location": "Gembrook, Victoria ", "public_metrics": {"followers_count": 900, "following_count": 129, "tweet_count": 11119, "listed_count": 0, "like_count": 33535, "media_count": 6}, "username": "Anthony03912840", "name": "Anthony", "profile_image_url": "https://pbs.twimg.com/profile_images/1570897748593094657/FCWlhOSf_normal.jpg", "created_at": "2021-01-25T02:18:41.000Z", "id": "1353527556352339968", "description": "supreme optimist!"}, {"verified": false, "public_metrics": {"followers_count": 0, "following_count": 117, "tweet_count": 37376, "listed_count": 1, "like_count": 4063, "media_count": 3659}, "username": "arizatheone", "name": "1...", "profile_image_url": "https://pbs.twimg.com/profile_images/1215135405059837952/brEMBM0O_normal.jpg", "created_at": "2012-01-13T01:53:12.000Z", "id": "462531653", "description": ""}]}